case_label,intensity_w_cm2,mean_peak_field_amplitude_au,harmonic_order,mean_intensity,std_intensity,normalized_intensity,display_intensity,mean_cutoff_order,cutoff_order_p95,cutoff_order_p99,intensity_g2,spectrum_model,frequency_grid,tdse_amplitude_bin_count,tdse_library_field_amplitude_min_au,tdse_library_field_amplitude_max_au,driver_sampling,normalization_scope,claim_level,mechanism
BSV - 1e13 W/cm^2,10000000000000.0,0.016880323915389028,0.0,9.615672422744727e-11,1.1155050897317295e-08,2.914740927312502e-11,0.01,15.126023203404115,18.613676776582036,22.00238858521466,2.9907608109560786,tdse_dipole_acceleration,raw_fft_harmonic_order_grid,13,1.6079090899617815e-08,0.11079987270298704,single_mode_bsv_random_phase_gamma_intensity,shared_fig_iv2_intensity_cases,hhg_intensity_prediction,quantum_light_hhg_bsv_threshold_tdse_dipole_acceleration
BSV - 1e13 W/cm^2,10000000000000.0,0.016880323915389028,0.03999902795093681,2.3228773470176687e-09,2.508334522275813e-08,7.041198342473139e-10,0.01,15.126023203404115,18.613676776582036,22.00238858521466,2.9907608109560786,tdse_dipole_acceleration,raw_fft_harmonic_order_grid,13,1.6079090899617815e-08,0.11079987270298704,single_mode_bsv_random_phase_gamma_intensity,shared_fig_iv2_intensity_cases,hhg_intensity_prediction,quantum_light_hhg_bsv_threshold_tdse_dipole_acceleration
BSV - 1e13 W/cm^2,10000000000000.0,0.016880323915389028,0.07999805590187362,8.203742169788278e-10,1.6122011606868955e-08,2.4867510048325784e-10,0.01,15.126023203404115,18.613676776582036,22.00238858521466,2.9907608109560786,tdse_dipole_acceleration,raw_fft_harmonic_order_grid,13,1.6079090899617815e-08,0.11079987270298704,single_mode_bsv_random_phase_gamma_intensity,shared_fig_iv2_intensity_cases,hhg_intensity_prediction,quantum_light_hhg_bsv_threshold_tdse_dipole_acceleration
BSV - 1e13 W/cm^2,10000000000000.0,0.016880323915389028,0.11999708385281044,8.820776081635454e-09,5.1444772321693493e-08,2.673788782049965e-09,0.01,15.126023203404115,18.613676776582036,22.00238858521466,2.9907608109560786,tdse_dipole_acceleration,raw_fft_harmonic_order_grid,13,1.6079090899617815e-08,0.11079987270298704,single_mode_bsv_random_phase_gamma_intensity,shared_fig_iv2_intensity_cases,hhg_intensity_prediction,quantum_light_hhg_bsv_threshold_tdse_dipole_acceleration
BSV - 1e13 W/cm^2,10000000000000.0,0.016880323915389028,0.15999611180374723,8.92554651800331e-11,9.014306942138588e-09,2.7055472140584688e-11,0.01,15.126023203404115,18.613676776582036,22.00238858521466,2.9907608109560786,tdse_dipole_acceleration,raw_fft_harmonic_order_grid,13,1.6079090899617815e-08,0.11079987270298704,single_mode_bsv_random_phase_gamma_intensity,shared_fig_iv2_intensity_cases,hhg_intensity_prediction,quantum_light_hhg_bsv_threshold_tdse_dipole_acceleration
BSV - 1e13 W/cm^2,10000000000000.0,0.016880323915389028,0.19999513975468405,1.7165905104239212e-08,7.09708522785553e-08,5.20339753290043e-09,0.01,15.126023203404115,18.613676776582036,22.00238858521466,2.9907608109560786,tdse_dipole_acceleration,raw_fft_harmonic_order_grid,13,1.6079090899617815e-08,0.11079987270298704,single_mode_bsv_random_phase_gamma_intensity,shared_fig_iv2_intensity_cases,hhg_intensity_prediction,quantum_light_hhg_bsv_threshold_tdse_dipole_acceleration
BSV - 1e13 W/cm^2,10000000000000.0,0.016880323915389028,0.23999416770562088,3.84639549092205e-09,9.60359805798972e-09,1.1659347227243198e-09,0.01,15.126023203404115,18.613676776582036,22.00238858521466,2.9907608109560786,tdse_dipole_acceleration,raw_fft_harmonic_order_grid,13,1.6079090899617815e-08,0.11079987270298704,single_mode_bsv_random_phase_gamma_intensity,shared_fig_iv2_intensity_cases,hhg_intensity_prediction,quantum_light_hhg_bsv_threshold_tdse_dipole_acceleration
BSV - 1e13 W/cm^2,10000000000000.0,0.016880323915389028,0.2799931956565577,1.747366773057505e-08,4.4321738000518325e-08,5.29668776611973e-09,0.01,15.126023203404115,18.613676776582036,22.00238858521466,2.9907608109560786,tdse_dipole_acceleration,raw_fft_harmonic_order_grid,13,1.6079090899617815e-08,0.11079987270298704,single_mode_bsv_random_phase_gamma_intensity,shared_fig_iv2_intensity_cases,hhg_intensity_prediction,quantum_light_hhg_bsv_threshold_tdse_dipole_acceleration
BSV - 1e13 W/cm^2,10000000000000.0,0.016880323915389028,0.31999222360749446,2.090775191461806e-08,8.214937221270749e-08,6.3376410431251456e-09,0.01,15.126023203404115,18.613676776582036,22.00238858521466,2.9907608109560786,tdse_dipole_acceleration,raw_fft_harmonic_order_grid,13,1.6079090899617815e-08,0.11079987270298704,single_mode_bsv_random_phase_gamma_intensity,shared_fig_iv2_intensity_cases,hhg_intensity_prediction,quantum_light_hhg_bsv_threshold_tdse_dipole_acceleration
BSV - 1e13 W/cm^2,10000000000000.0,0.016880323915389028,0.3599912515584313,4.212113053598175e-09,4.92480190827319e-08,1.2767924871015304e-09,0.01,15.126023203404115,18.613676776582036,22.00238858521466,2.9907608109560786,tdse_dipole_acceleration,raw_fft_harmonic_order_grid,13,1.6079090899617815e-08,0.11079987270298704,single_mode_bsv_random_phase_gamma_intensity,shared_fig_iv2_intensity_cases,hhg_intensity_prediction,quantum_light_hhg_bsv_threshold_tdse_dipole_acceleration
BSV - 1e13 W/cm^2,10000000000000.0,0.016880323915389028,0.3999902795093681,2.036840449226229e-08,7.077407180241292e-08,6.174151904054398e-09,0.01,15.126023203404115,18.613676776582036,22.00238858521466,2.9907608109560786,tdse_dipole_acceleration,raw_fft_harmonic_order_grid,13,1.6079090899617815e-08,0.11079987270298704,single_mode_bsv_random_phase_gamma_intensity,shared_fig_iv2_intensity_cases,hhg_intensity_prediction,quantum_light_hhg_bsv_threshold_tdse_dipole_acceleration
BSV - 1e13 W/cm^2,10000000000000.0,0.016880323915389028,0.43998930746030496,1.642236793350328e-08,2.2736757584623583e-07,4.978013583942698e-09,0.01,15.126023203404115,18.613676776582036,22.00238858521466,2.9907608109560786,tdse_dipole_acceleration,raw_fft_harmonic_order_grid,13,1.6079090899617815e-08,0.11079987270298704,single_mode_bsv_random_phase_gamma_intensity,shared_fig_iv2_intensity_cases,hhg_intensity_prediction,quantum_light_hhg_bsv_threshold_tdse_dipole_acceleration
BSV - 1e13 W/cm^2,10000000000000.0,0.016880323915389028,0.47998833541124175,2.040850564859248e-08,5.885504097378473e-08,6.186307526297901e-09,0.01,15.126023203404115,18.613676776582036,22.00238858521466,2.9907608109560786,tdse_dipole_acceleration,raw_fft_harmonic_order_grid,13,1.6079090899617815e-08,0.11079987270298704,single_mode_bsv_random_phase_gamma_intensity,shared_fig_iv2_intensity_cases,hhg_intensity_prediction,quantum_light_hhg_bsv_threshold_tdse_dipole_acceleration
BSV - 1e13 W/cm^2,10000000000000.0,0.016880323915389028,0.5199873633621785,7.070603932199664e-08,3.1705444838604414e-07,2.1432696285754277e-08,0.01,15.126023203404115,18.613676776582036,22.00238858521466,2.9907608109560786,tdse_dipole_acceleration,raw_fft_harmonic_order_grid,13,1.6079090899617815e-08,0.11079987270298704,single_mode_bsv_random_phase_gamma_intensity,shared_fig_iv2_intensity_cases,hhg_intensity_prediction,quantum_light_hhg_bsv_threshold_tdse_dipole_acceleration
BSV - 1e13 W/cm^2,10000000000000.0,0.016880323915389028,0.5599863913131155,2.9060592439339645e-08,1.1333206653746112e-07,8.80896253854635e-09,0.01,15.126023203404115,18.613676776582036,22.00238858521466,2.9907608109560786,tdse_dipole_acceleration,raw_fft_harmonic_order_grid,13,1.6079090899617815e-08,0.11079987270298704,single_mode_bsv_random_phase_gamma_intensity,shared_fig_iv2_intensity_cases,hhg_intensity_prediction,quantum_light_hhg_bsv_threshold_tdse_dipole_acceleration
BSV - 1e13 W/cm^2,10000000000000.0,0.016880323915389028,0.5999854192640521,6.165882296391965e-07,1.4259294570911685e-06,1.8690268025119857e-07,0.018690268025119857,15.126023203404115,18.613676776582036,22.00238858521466,2.9907608109560786,tdse_dipole_acceleration,raw_fft_harmonic_order_grid,13,1.6079090899617815e-08,0.11079987270298704,single_mode_bsv_random_phase_gamma_intensity,shared_fig_iv2_intensity_cases,hhg_intensity_prediction,quantum_light_hhg_bsv_threshold_tdse_dipole_acceleration
BSV - 1e13 W/cm^2,10000000000000.0,0.016880323915389028,0.6399844472149889,1.7423486489123516e-06,2.933582981200404e-06,5.281476628321799e-07,0.05281476628321799,15.126023203404115,18.613676776582036,22.00238858521466,2.9907608109560786,tdse_dipole_acceleration,raw_fft_harmonic_order_grid,13,1.6079090899617815e-08,0.11079987270298704,single_mode_bsv_random_phase_gamma_intensity,shared_fig_iv2_intensity_cases,hhg_intensity_prediction,quantum_light_hhg_bsv_threshold_tdse_dipole_acceleration
BSV - 1e13 W/cm^2,10000000000000.0,0.016880323915389028,0.6799834751659258,1.6031734995124562e-07,8.526390076262345e-07,4.859603371636008e-08,0.01,15.126023203404115,18.613676776582036,22.00238858521466,2.9907608109560786,tdse_dipole_acceleration,raw_fft_harmonic_order_grid,13,1.6079090899617815e-08,0.11079987270298704,single_mode_bsv_random_phase_gamma_intensity,shared_fig_iv2_intensity_cases,hhg_intensity_prediction,quantum_light_hhg_bsv_threshold_tdse_dipole_acceleration
BSV - 1e13 W/cm^2,10000000000000.0,0.016880323915389028,0.7199825031168626,9.500636299439215e-06,3.3659062449970905e-05,2.879870719387695e-06,0.2879870719387695,15.126023203404115,18.613676776582036,22.00238858521466,2.9907608109560786,tdse_dipole_acceleration,raw_fft_harmonic_order_grid,13,1.6079090899617815e-08,0.11079987270298704,single_mode_bsv_random_phase_gamma_intensity,shared_fig_iv2_intensity_cases,hhg_intensity_prediction,quantum_light_hhg_bsv_threshold_tdse_dipole_acceleration
BSV - 1e13 W/cm^2,10000000000000.0,0.016880323915389028,0.7599815310677994,1.5141171879867242e-06,2.0567296242117847e-05,4.589652332720053e-07,0.04589652332720053,15.126023203404115,18.613676776582036,22.00238858521466,2.9907608109560786,tdse_dipole_acceleration,raw_fft_harmonic_order_grid,13,1.6079090899617815e-08,0.11079987270298704,single_mode_bsv_random_phase_gamma_intensity,shared_fig_iv2_intensity_cases,hhg_intensity_prediction,quantum_light_hhg_bsv_threshold_tdse_dipole_acceleration
BSV - 1e13 W/cm^2,10000000000000.0,0.016880323915389028,0.7999805590187362,9.889064441612587e-05,0.00021209107853822475,2.9976126050861595e-05,2.9976126050861596,15.126023203404115,18.613676776582036,22.00238858521466,2.9907608109560786,tdse_dipole_acceleration,raw_fft_harmonic_order_grid,13,1.6079090899617815e-08,0.11079987270298704,single_mode_bsv_random_phase_gamma_intensity,shared_fig_iv2_intensity_cases,hhg_intensity_prediction,quantum_light_hhg_bsv_threshold_tdse_dipole_acceleration
BSV - 1e13 W/cm^2,10000000000000.0,0.016880323915389028,0.839979586969673,0.0006390089196255358,0.0011239081873471552,0.0001936989291091765,19.36989291091765,15.126023203404115,18.613676776582036,22.00238858521466,2.9907608109560786,tdse_dipole_acceleration,raw_fft_harmonic_order_grid,13,1.6079090899617815e-08,0.11079987270298704,single_mode_bsv_random_phase_gamma_intensity,shared_fig_iv2_intensity_cases,hhg_intensity_prediction,quantum_light_hhg_bsv_threshold_tdse_dipole_acceleration
BSV - 1e13 W/cm^2,10000000000000.0,0.016880323915389028,0.8799786149206099,0.0008927767999273034,0.001577952667063035,0.0002706220598309871,27.06220598309871,15.126023203404115,18.613676776582036,22.00238858521466,2.9907608109560786,tdse_dipole_acceleration,raw_fft_harmonic_order_grid,13,1.6079090899617815e-08,0.11079987270298704,single_mode_bsv_random_phase_gamma_intensity,shared_fig_iv2_intensity_cases,hhg_intensity_prediction,quantum_light_hhg_bsv_threshold_tdse_dipole_acceleration
BSV - 1e13 W/cm^2,10000000000000.0,0.016880323915389028,0.9199776428715466,0.00012053689453297912,0.00039205259025667247,3.653762361074058e-05,3.653762361074058,15.126023203404115,18.613676776582036,22.00238858521466,2.9907608109560786,tdse_dipole_acceleration,raw_fft_harmonic_order_grid,13,1.6079090899617815e-08,0.11079987270298704,single_mode_bsv_random_phase_gamma_intensity,shared_fig_iv2_intensity_cases,hhg_intensity_prediction,quantum_light_hhg_bsv_threshold_tdse_dipole_acceleration
BSV - 1e13 W/cm^2,10000000000000.0,0.016880323915389028,0.9599766708224835,1.2792803298822006,1.9638423181550515,0.3877805494073952,38778.05494073952,15.126023203404115,18.613676776582036,22.00238858521466,2.9907608109560786,tdse_dipole_acceleration,raw_fft_harmonic_order_grid,13,1.6079090899617815e-08,0.11079987270298704,single_mode_bsv_random_phase_gamma_intensity,shared_fig_iv2_intensity_cases,hhg_intensity_prediction,quantum_light_hhg_bsv_threshold_tdse_dipole_acceleration
BSV - 1e13 W/cm^2,10000000000000.0,0.016880323915389028,0.9999756987734202,4.651865827842435,7.035537492763822,1.4100920997169828,141009.2099716983,15.126023203404115,18.613676776582036,22.00238858521466,2.9907608109560786,tdse_dipole_acceleration,raw_fft_harmonic_order_grid,13,1.6079090899617815e-08,0.11079987270298704,single_mode_bsv_random_phase_gamma_intensity,shared_fig_iv2_intensity_cases,hhg_intensity_prediction,quantum_light_hhg_bsv_threshold_tdse_dipole_acceleration
BSV - 1e13 W/cm^2,10000000000000.0,0.016880323915389028,1.039974726724357,1.3479489337968706,2.0653745102006456,0.4085956501566747,40859.56501566747,15.126023203404115,18.613676776582036,22.00238858521466,2.9907608109560786,tdse_dipole_acceleration,raw_fft_harmonic_order_grid,13,1.6079090899617815e-08,0.11079987270298704,single_mode_bsv_random_phase_gamma_intensity,shared_fig_iv2_intensity_cases,hhg_intensity_prediction,quantum_light_hhg_bsv_threshold_tdse_dipole_acceleration
BSV - 1e13 W/cm^2,10000000000000.0,0.016880323915389028,1.0799737546752939,0.00036408684733092657,0.0013453191146359654,0.00011036345544607402,11.036345544607402,15.126023203404115,18.613676776582036,22.00238858521466,2.9907608109560786,tdse_dipole_acceleration,raw_fft_harmonic_order_grid,13,1.6079090899617815e-08,0.11079987270298704,single_mode_bsv_random_phase_gamma_intensity,shared_fig_iv2_intensity_cases,hhg_intensity_prediction,quantum_light_hhg_bsv_threshold_tdse_dipole_acceleration
BSV - 1e13 W/cm^2,10000000000000.0,0.016880323915389028,1.119972782626231,0.0005171175538646486,0.0009662098164903379,0.0001567507327845077,15.675073278450771,15.126023203404115,18.613676776582036,22.00238858521466,2.9907608109560786,tdse_dipole_acceleration,raw_fft_harmonic_order_grid,13,1.6079090899617815e-08,0.11079987270298704,single_mode_bsv_random_phase_gamma_intensity,shared_fig_iv2_intensity_cases,hhg_intensity_prediction,quantum_light_hhg_bsv_threshold_tdse_dipole_acceleration
BSV - 1e13 W/cm^2,10000000000000.0,0.016880323915389028,1.1599718105771675,0.0016534848743192199,0.0027254790565021322,0.0005012109215025351,50.12109215025351,15.126023203404115,18.613676776582036,22.00238858521466,2.9907608109560786,tdse_dipole_acceleration,raw_fft_harmonic_order_grid,13,1.6079090899617815e-08,0.11079987270298704,single_mode_bsv_random_phase_gamma_intensity,shared_fig_iv2_intensity_cases,hhg_intensity_prediction,quantum_light_hhg_bsv_threshold_tdse_dipole_acceleration
BSV - 1e13 W/cm^2,10000000000000.0,0.016880323915389028,1.1999708385281043,0.0007188944045615739,0.0012306055887738665,0.00021791413551434772,21.791413551434772,15.126023203404115,18.613676776582036,22.00238858521466,2.9907608109560786,tdse_dipole_acceleration,raw_fft_harmonic_order_grid,13,1.6079090899617815e-08,0.11079987270298704,single_mode_bsv_random_phase_gamma_intensity,shared_fig_iv2_intensity_cases,hhg_intensity_prediction,quantum_light_hhg_bsv_threshold_tdse_dipole_acceleration
BSV - 1e13 W/cm^2,10000000000000.0,0.016880323915389028,1.239969866479041,1.9538847049004897e-07,7.456682834383614e-06,5.9226931474416324e-08,0.01,15.126023203404115,18.613676776582036,22.00238858521466,2.9907608109560786,tdse_dipole_acceleration,raw_fft_harmonic_order_grid,13,1.6079090899617815e-08,0.11079987270298704,single_mode_bsv_random_phase_gamma_intensity,shared_fig_iv2_intensity_cases,hhg_intensity_prediction,quantum_light_hhg_bsv_threshold_tdse_dipole_acceleration
BSV - 1e13 W/cm^2,10000000000000.0,0.016880323915389028,1.2799688944299779,0.00018226286472778784,0.00036001829394772335,5.524824557195804e-05,5.524824557195804,15.126023203404115,18.613676776582036,22.00238858521466,2.9907608109560786,tdse_dipole_acceleration,raw_fft_harmonic_order_grid,13,1.6079090899617815e-08,0.11079987270298704,single_mode_bsv_random_phase_gamma_intensity,shared_fig_iv2_intensity_cases,hhg_intensity_prediction,quantum_light_hhg_bsv_threshold_tdse_dipole_acceleration
BSV - 1e13 W/cm^2,10000000000000.0,0.016880323915389028,1.3199679223809149,5.0932354522860924e-05,9.046623087721528e-05,1.5438818184053467e-05,1.5438818184053467,15.126023203404115,18.613676776582036,22.00238858521466,2.9907608109560786,tdse_dipole_acceleration,raw_fft_harmonic_order_grid,13,1.6079090899617815e-08,0.11079987270298704,single_mode_bsv_random_phase_gamma_intensity,shared_fig_iv2_intensity_cases,hhg_intensity_prediction,quantum_light_hhg_bsv_threshold_tdse_dipole_acceleration
BSV - 1e13 W/cm^2,10000000000000.0,0.016880323915389028,1.3599669503318517,3.2159807116725154e-05,5.166751942472859e-05,9.748408836793335e-06,0.9748408836793335,15.126023203404115,18.613676776582036,22.00238858521466,2.9907608109560786,tdse_dipole_acceleration,raw_fft_harmonic_order_grid,13,1.6079090899617815e-08,0.11079987270298704,single_mode_bsv_random_phase_gamma_intensity,shared_fig_iv2_intensity_cases,hhg_intensity_prediction,quantum_light_hhg_bsv_threshold_tdse_dipole_acceleration
BSV - 1e13 W/cm^2,10000000000000.0,0.016880323915389028,1.3999659782827885,7.878640024781119e-05,0.00012233661602105336,2.388204747644361e-05,2.388204747644361,15.126023203404115,18.613676776582036,22.00238858521466,2.9907608109560786,tdse_dipole_acceleration,raw_fft_harmonic_order_grid,13,1.6079090899617815e-08,0.11079987270298704,single_mode_bsv_random_phase_gamma_intensity,shared_fig_iv2_intensity_cases,hhg_intensity_prediction,quantum_light_hhg_bsv_threshold_tdse_dipole_acceleration
BSV - 1e13 W/cm^2,10000000000000.0,0.016880323915389028,1.4399650062337253,1.4235759056651699e-06,1.9851398386425496e-06,4.315199991176309e-07,0.04315199991176309,15.126023203404115,18.613676776582036,22.00238858521466,2.9907608109560786,tdse_dipole_acceleration,raw_fft_harmonic_order_grid,13,1.6079090899617815e-08,0.11079987270298704,single_mode_bsv_random_phase_gamma_intensity,shared_fig_iv2_intensity_cases,hhg_intensity_prediction,quantum_light_hhg_bsv_threshold_tdse_dipole_acceleration
BSV - 1e13 W/cm^2,10000000000000.0,0.016880323915389028,1.4799640341846618,3.627094813985051e-05,5.827544578732565e-05,1.0994594279811623e-05,1.0994594279811623,15.126023203404115,18.613676776582036,22.00238858521466,2.9907608109560786,tdse_dipole_acceleration,raw_fft_harmonic_order_grid,13,1.6079090899617815e-08,0.11079987270298704,single_mode_bsv_random_phase_gamma_intensity,shared_fig_iv2_intensity_cases,hhg_intensity_prediction,quantum_light_hhg_bsv_threshold_tdse_dipole_acceleration
BSV - 1e13 W/cm^2,10000000000000.0,0.016880323915389028,1.5199630621355988,1.8783720937659434e-05,2.9352037469278534e-05,5.693796312643604e-06,0.5693796312643604,15.126023203404115,18.613676776582036,22.00238858521466,2.9907608109560786,tdse_dipole_acceleration,raw_fft_harmonic_order_grid,13,1.6079090899617815e-08,0.11079987270298704,single_mode_bsv_random_phase_gamma_intensity,shared_fig_iv2_intensity_cases,hhg_intensity_prediction,quantum_light_hhg_bsv_threshold_tdse_dipole_acceleration
BSV - 1e13 W/cm^2,10000000000000.0,0.016880323915389028,1.5599620900865356,6.235670816804124e-06,1.1016919761971747e-05,1.8901813768109967e-06,0.18901813768109968,15.126023203404115,18.613676776582036,22.00238858521466,2.9907608109560786,tdse_dipole_acceleration,raw_fft_harmonic_order_grid,13,1.6079090899617815e-08,0.11079987270298704,single_mode_bsv_random_phase_gamma_intensity,shared_fig_iv2_intensity_cases,hhg_intensity_prediction,quantum_light_hhg_bsv_threshold_tdse_dipole_acceleration
BSV - 1e13 W/cm^2,10000000000000.0,0.016880323915389028,1.5999611180374724,2.6601472134384348e-05,4.2463746399239795e-05,8.063544196186426e-06,0.8063544196186426,15.126023203404115,18.613676776582036,22.00238858521466,2.9907608109560786,tdse_dipole_acceleration,raw_fft_harmonic_order_grid,13,1.6079090899617815e-08,0.11079987270298704,single_mode_bsv_random_phase_gamma_intensity,shared_fig_iv2_intensity_cases,hhg_intensity_prediction,quantum_light_hhg_bsv_threshold_tdse_dipole_acceleration
BSV - 1e13 W/cm^2,10000000000000.0,0.016880323915389028,1.6399601459884094,9.869182121611692e-07,1.7690826675071684e-06,2.99158579704937e-07,0.0299158579704937,15.126023203404115,18.613676776582036,22.00238858521466,2.9907608109560786,tdse_dipole_acceleration,raw_fft_harmonic_order_grid,13,1.6079090899617815e-08,0.11079987270298704,single_mode_bsv_random_phase_gamma_intensity,shared_fig_iv2_intensity_cases,hhg_intensity_prediction,quantum_light_hhg_bsv_threshold_tdse_dipole_acceleration
BSV - 1e13 W/cm^2,10000000000000.0,0.016880323915389028,1.679959173939346,1.4344640009333211e-05,2.3011597817272536e-05,4.348204419263408e-06,0.4348204419263408,15.126023203404115,18.613676776582036,22.00238858521466,2.9907608109560786,tdse_dipole_acceleration,raw_fft_harmonic_order_grid,13,1.6079090899617815e-08,0.11079987270298704,single_mode_bsv_random_phase_gamma_intensity,shared_fig_iv2_intensity_cases,hhg_intensity_prediction,quantum_light_hhg_bsv_threshold_tdse_dipole_acceleration
BSV - 1e13 W/cm^2,10000000000000.0,0.016880323915389028,1.719958201890283,9.30654371815507e-06,1.4084726058024336e-05,2.821036603011345e-06,0.2821036603011345,15.126023203404115,18.613676776582036,22.00238858521466,2.9907608109560786,tdse_dipole_acceleration,raw_fft_harmonic_order_grid,13,1.6079090899617815e-08,0.11079987270298704,single_mode_bsv_random_phase_gamma_intensity,shared_fig_iv2_intensity_cases,hhg_intensity_prediction,quantum_light_hhg_bsv_threshold_tdse_dipole_acceleration
BSV - 1e13 W/cm^2,10000000000000.0,0.016880323915389028,1.7599572298412198,2.3883400331113488e-06,3.917630819582867e-06,7.239631444164217e-07,0.07239631444164217,15.126023203404115,18.613676776582036,22.00238858521466,2.9907608109560786,tdse_dipole_acceleration,raw_fft_harmonic_order_grid,13,1.6079090899617815e-08,0.11079987270298704,single_mode_bsv_random_phase_gamma_intensity,shared_fig_iv2_intensity_cases,hhg_intensity_prediction,quantum_light_hhg_bsv_threshold_tdse_dipole_acceleration
BSV - 1e13 W/cm^2,10000000000000.0,0.016880323915389028,1.7999562577921564,1.3265911444423491e-05,2.0843384956247272e-05,4.021215919721121e-06,0.4021215919721121,15.126023203404115,18.613676776582036,22.00238858521466,2.9907608109560786,tdse_dipole_acceleration,raw_fft_harmonic_order_grid,13,1.6079090899617815e-08,0.11079987270298704,single_mode_bsv_random_phase_gamma_intensity,shared_fig_iv2_intensity_cases,hhg_intensity_prediction,quantum_light_hhg_bsv_threshold_tdse_dipole_acceleration
BSV - 1e13 W/cm^2,10000000000000.0,0.016880323915389028,1.8399552857430932,6.581234366736653e-07,1.1419401648934697e-06,1.9949299765650044e-07,0.019949299765650044,15.126023203404115,18.613676776582036,22.00238858521466,2.9907608109560786,tdse_dipole_acceleration,raw_fft_harmonic_order_grid,13,1.6079090899617815e-08,0.11079987270298704,single_mode_bsv_random_phase_gamma_intensity,shared_fig_iv2_intensity_cases,hhg_intensity_prediction,quantum_light_hhg_bsv_threshold_tdse_dipole_acceleration
BSV - 1e13 W/cm^2,10000000000000.0,0.016880323915389028,1.87995431369403,7.653219120790058e-06,1.21275527802383e-05,2.319874265297607e-06,0.23198742652976068,15.126023203404115,18.613676776582036,22.00238858521466,2.9907608109560786,tdse_dipole_acceleration,raw_fft_harmonic_order_grid,13,1.6079090899617815e-08,0.11079987270298704,single_mode_bsv_random_phase_gamma_intensity,shared_fig_iv2_intensity_cases,hhg_intensity_prediction,quantum_light_hhg_bsv_threshold_tdse_dipole_acceleration
BSV - 1e13 W/cm^2,10000000000000.0,0.016880323915389028,1.919953341644967,5.549111392493063e-06,8.281180316816475e-06,1.6820687493115307e-06,0.16820687493115308,15.126023203404115,18.613676776582036,22.00238858521466,2.9907608109560786,tdse_dipole_acceleration,raw_fft_harmonic_order_grid,13,1.6079090899617815e-08,0.11079987270298704,single_mode_bsv_random_phase_gamma_intensity,shared_fig_iv2_intensity_cases,hhg_intensity_prediction,quantum_light_hhg_bsv_threshold_tdse_dipole_acceleration
BSV - 1e13 W/cm^2,10000000000000.0,0.016880323915389028,1.9599523695959038,1.2532121491304944e-06,2.18037752474479e-06,3.7987865861940913e-07,0.03798786586194091,15.126023203404115,18.613676776582036,22.00238858521466,2.9907608109560786,tdse_dipole_acceleration,raw_fft_harmonic_order_grid,13,1.6079090899617815e-08,0.11079987270298704,single_mode_bsv_random_phase_gamma_intensity,shared_fig_iv2_intensity_cases,hhg_intensity_prediction,quantum_light_hhg_bsv_threshold_tdse_dipole_acceleration
BSV - 1e13 W/cm^2,10000000000000.0,0.016880323915389028,1.9999513975468404,7.97921082527843e-06,1.1965412679564076e-05,2.4186901692991907e-06,0.24186901692991908,15.126023203404115,18.613676776582036,22.00238858521466,2.9907608109560786,tdse_dipole_acceleration,raw_fft_harmonic_order_grid,13,1.6079090899617815e-08,0.11079987270298704,single_mode_bsv_random_phase_gamma_intensity,shared_fig_iv2_intensity_cases,hhg_intensity_prediction,quantum_light_hhg_bsv_threshold_tdse_dipole_acceleration
BSV - 1e13 W/cm^2,10000000000000.0,0.016880323915389028,2.0399504254977776,4.607950135887823e-07,7.363107449174399e-07,1.396780200240397e-07,0.01396780200240397,15.126023203404115,18.613676776582036,22.00238858521466,2.9907608109560786,tdse_dipole_acceleration,raw_fft_harmonic_order_grid,13,1.6079090899617815e-08,0.11079987270298704,single_mode_bsv_random_phase_gamma_intensity,shared_fig_iv2_intensity_cases,hhg_intensity_prediction,quantum_light_hhg_bsv_threshold_tdse_dipole_acceleration
BSV - 1e13 W/cm^2,10000000000000.0,0.016880323915389028,2.079949453448714,4.790005871015032e-06,7.430298857134071e-06,1.451965659862759e-06,0.1451965659862759,15.126023203404115,18.613676776582036,22.00238858521466,2.9907608109560786,tdse_dipole_acceleration,raw_fft_harmonic_order_grid,13,1.6079090899617815e-08,0.11079987270298704,single_mode_bsv_random_phase_gamma_intensity,shared_fig_iv2_intensity_cases,hhg_intensity_prediction,quantum_light_hhg_bsv_threshold_tdse_dipole_acceleration
BSV - 1e13 W/cm^2,10000000000000.0,0.016880323915389028,2.1199484813996508,3.676935198235515e-06,5.466494937285565e-06,1.1145672437865537e-06,0.11145672437865536,15.126023203404115,18.613676776582036,22.00238858521466,2.9907608109560786,tdse_dipole_acceleration,raw_fft_harmonic_order_grid,13,1.6079090899617815e-08,0.11079987270298704,single_mode_bsv_random_phase_gamma_intensity,shared_fig_iv2_intensity_cases,hhg_intensity_prediction,quantum_light_hhg_bsv_threshold_tdse_dipole_acceleration
BSV - 1e13 W/cm^2,10000000000000.0,0.016880323915389028,2.1599475093505878,7.898286181062504e-07,1.4754891375224327e-06,2.3941599687937716e-07,0.023941599687937715,15.126023203404115,18.613676776582036,22.00238858521466,2.9907608109560786,tdse_dipole_acceleration,raw_fft_harmonic_order_grid,13,1.6079090899617815e-08,0.11079987270298704,single_mode_bsv_random_phase_gamma_intensity,shared_fig_iv2_intensity_cases,hhg_intensity_prediction,quantum_light_hhg_bsv_threshold_tdse_dipole_acceleration
BSV - 1e13 W/cm^2,10000000000000.0,0.016880323915389028,2.199946537301525,5.313765417388342e-06,7.892767586188592e-06,1.6107297398738325e-06,0.16107297398738324,15.126023203404115,18.613676776582036,22.00238858521466,2.9907608109560786,tdse_dipole_acceleration,raw_fft_harmonic_order_grid,13,1.6079090899617815e-08,0.11079987270298704,single_mode_bsv_random_phase_gamma_intensity,shared_fig_iv2_intensity_cases,hhg_intensity_prediction,quantum_light_hhg_bsv_threshold_tdse_dipole_acceleration
BSV - 1e13 W/cm^2,10000000000000.0,0.016880323915389028,2.239945565252462,3.101178121504713e-07,4.0036132917661825e-07,9.400414652494717e-08,0.01,15.126023203404115,18.613676776582036,22.00238858521466,2.9907608109560786,tdse_dipole_acceleration,raw_fft_harmonic_order_grid,13,1.6079090899617815e-08,0.11079987270298704,single_mode_bsv_random_phase_gamma_intensity,shared_fig_iv2_intensity_cases,hhg_intensity_prediction,quantum_light_hhg_bsv_threshold_tdse_dipole_acceleration
BSV - 1e13 W/cm^2,10000000000000.0,0.016880323915389028,2.2799445932033984,3.2381001103193002e-06,4.755014111494656e-06,9.815458039063188e-07,0.09815458039063188,15.126023203404115,18.613676776582036,22.00238858521466,2.9907608109560786,tdse_dipole_acceleration,raw_fft_harmonic_order_grid,13,1.6079090899617815e-08,0.11079987270298704,single_mode_bsv_random_phase_gamma_intensity,shared_fig_iv2_intensity_cases,hhg_intensity_prediction,quantum_light_hhg_bsv_threshold_tdse_dipole_acceleration
BSV - 1e13 W/cm^2,10000000000000.0,0.016880323915389028,2.319943621154335,2.4883173234335214e-06,3.4116472204530375e-06,7.542686589028085e-07,0.07542686589028086,15.126023203404115,18.613676776582036,22.00238858521466,2.9907608109560786,tdse_dipole_acceleration,raw_fft_harmonic_order_grid,13,1.6079090899617815e-08,0.11079987270298704,single_mode_bsv_random_phase_gamma_intensity,shared_fig_iv2_intensity_cases,hhg_intensity_prediction,quantum_light_hhg_bsv_threshold_tdse_dipole_acceleration
BSV - 1e13 W/cm^2,10000000000000.0,0.016880323915389028,2.359942649105272,5.619326319771239e-07,1.2485883797274443e-06,1.703352577758294e-07,0.01703352577758294,15.126023203404115,18.613676776582036,22.00238858521466,2.9907608109560786,tdse_dipole_acceleration,raw_fft_harmonic_order_grid,13,1.6079090899617815e-08,0.11079987270298704,single_mode_bsv_random_phase_gamma_intensity,shared_fig_iv2_intensity_cases,hhg_intensity_prediction,quantum_light_hhg_bsv_threshold_tdse_dipole_acceleration
BSV - 1e13 W/cm^2,10000000000000.0,0.016880323915389028,2.3999416770562085,3.5980377801410703e-06,4.831221441242271e-06,1.0906515441382163e-06,0.10906515441382163,15.126023203404115,18.613676776582036,22.00238858521466,2.9907608109560786,tdse_dipole_acceleration,raw_fft_harmonic_order_grid,13,1.6079090899617815e-08,0.11079987270298704,single_mode_bsv_random_phase_gamma_intensity,shared_fig_iv2_intensity_cases,hhg_intensity_prediction,quantum_light_hhg_bsv_threshold_tdse_dipole_acceleration
BSV - 1e13 W/cm^2,10000000000000.0,0.016880323915389028,2.439940705007145,1.873123141662558e-07,3.080004813706608e-07,5.6778854799440087e-08,0.01,15.126023203404115,18.613676776582036,22.00238858521466,2.9907608109560786,tdse_dipole_acceleration,raw_fft_harmonic_order_grid,13,1.6079090899617815e-08,0.11079987270298704,single_mode_bsv_random_phase_gamma_intensity,shared_fig_iv2_intensity_cases,hhg_intensity_prediction,quantum_light_hhg_bsv_threshold_tdse_dipole_acceleration
BSV - 1e13 W/cm^2,10000000000000.0,0.016880323915389028,2.479939732958082,2.2388287588916504e-06,3.060959009216594e-06,6.786426914201241e-07,0.0678642691420124,15.126023203404115,18.613676776582036,22.00238858521466,2.9907608109560786,tdse_dipole_acceleration,raw_fft_harmonic_order_grid,13,1.6079090899617815e-08,0.11079987270298704,single_mode_bsv_random_phase_gamma_intensity,shared_fig_iv2_intensity_cases,hhg_intensity_prediction,quantum_light_hhg_bsv_threshold_tdse_dipole_acceleration
BSV - 1e13 W/cm^2,10000000000000.0,0.016880323915389028,2.519938760909019,1.4924834730258324e-06,1.584875722012513e-06,4.5240753541853324e-07,0.04524075354185332,15.126023203404115,18.613676776582036,22.00238858521466,2.9907608109560786,tdse_dipole_acceleration,raw_fft_harmonic_order_grid,13,1.6079090899617815e-08,0.11079987270298704,single_mode_bsv_random_phase_gamma_intensity,shared_fig_iv2_intensity_cases,hhg_intensity_prediction,quantum_light_hhg_bsv_threshold_tdse_dipole_acceleration
BSV - 1e13 W/cm^2,10000000000000.0,0.016880323915389028,2.5599377888599557,5.129893654112488e-07,1.5250795251171082e-06,1.5549937985651885e-07,0.015549937985651885,15.126023203404115,18.613676776582036,22.00238858521466,2.9907608109560786,tdse_dipole_acceleration,raw_fft_harmonic_order_grid,13,1.6079090899617815e-08,0.11079987270298704,single_mode_bsv_random_phase_gamma_intensity,shared_fig_iv2_intensity_cases,hhg_intensity_prediction,quantum_light_hhg_bsv_threshold_tdse_dipole_acceleration
BSV - 1e13 W/cm^2,10000000000000.0,0.016880323915389028,2.5999368168108927,2.10418057412113e-06,2.171039295320808e-06,6.378275973024581e-07,0.06378275973024582,15.126023203404115,18.613676776582036,22.00238858521466,2.9907608109560786,tdse_dipole_acceleration,raw_fft_harmonic_order_grid,13,1.6079090899617815e-08,0.11079987270298704,single_mode_bsv_random_phase_gamma_intensity,shared_fig_iv2_intensity_cases,hhg_intensity_prediction,quantum_light_hhg_bsv_threshold_tdse_dipole_acceleration
BSV - 1e13 W/cm^2,10000000000000.0,0.016880323915389028,2.6399358447618297,1.8869424704829753e-07,2.9413088695162945e-06,5.7197751799358496e-08,0.01,15.126023203404115,18.613676776582036,22.00238858521466,2.9907608109560786,tdse_dipole_acceleration,raw_fft_harmonic_order_grid,13,1.6079090899617815e-08,0.11079987270298704,single_mode_bsv_random_phase_gamma_intensity,shared_fig_iv2_intensity_cases,hhg_intensity_prediction,quantum_light_hhg_bsv_threshold_tdse_dipole_acceleration
BSV - 1e13 W/cm^2,10000000000000.0,0.016880323915389028,2.6799348727127663,1.5155449391016384e-06,2.333478689680711e-06,4.593980188771818e-07,0.04593980188771818,15.126023203404115,18.613676776582036,22.00238858521466,2.9907608109560786,tdse_dipole_acceleration,raw_fft_harmonic_order_grid,13,1.6079090899617815e-08,0.11079987270298704,single_mode_bsv_random_phase_gamma_intensity,shared_fig_iv2_intensity_cases,hhg_intensity_prediction,quantum_light_hhg_bsv_threshold_tdse_dipole_acceleration
BSV - 1e13 W/cm^2,10000000000000.0,0.016880323915389028,2.7199339006637033,1.0038849810647447e-06,1.7459358155416186e-05,3.0430161427946425e-07,0.030430161427946426,15.126023203404115,18.613676776582036,22.00238858521466,2.9907608109560786,tdse_dipole_acceleration,raw_fft_harmonic_order_grid,13,1.6079090899617815e-08,0.11079987270298704,single_mode_bsv_random_phase_gamma_intensity,shared_fig_iv2_intensity_cases,hhg_intensity_prediction,quantum_light_hhg_bsv_threshold_tdse_dipole_acceleration
BSV - 1e13 W/cm^2,10000000000000.0,0.016880323915389028,2.7599329286146403,2.476963557142122e-06,2.452262228867115e-05,7.508270600386038e-07,0.07508270600386038,15.126023203404115,18.613676776582036,22.00238858521466,2.9907608109560786,tdse_dipole_acceleration,raw_fft_harmonic_order_grid,13,1.6079090899617815e-08,0.11079987270298704,single_mode_bsv_random_phase_gamma_intensity,shared_fig_iv2_intensity_cases,hhg_intensity_prediction,quantum_light_hhg_bsv_threshold_tdse_dipole_acceleration
BSV - 1e13 W/cm^2,10000000000000.0,0.016880323915389028,2.799931956565577,1.0735030296474619e-06,8.942931374084024e-06,3.2540451447848685e-07,0.03254045144784869,15.126023203404115,18.613676776582036,22.00238858521466,2.9907608109560786,tdse_dipole_acceleration,raw_fft_harmonic_order_grid,13,1.6079090899617815e-08,0.11079987270298704,single_mode_bsv_random_phase_gamma_intensity,shared_fig_iv2_intensity_cases,hhg_intensity_prediction,quantum_light_hhg_bsv_threshold_tdse_dipole_acceleration
BSV - 1e13 W/cm^2,10000000000000.0,0.016880323915389028,2.8399309845165135,1.5344663640814527e-05,0.00013107495739072785,4.65133556587606e-06,0.46513355658760597,15.126023203404115,18.613676776582036,22.00238858521466,2.9907608109560786,tdse_dipole_acceleration,raw_fft_harmonic_order_grid,13,1.6079090899617815e-08,0.11079987270298704,single_mode_bsv_random_phase_gamma_intensity,shared_fig_iv2_intensity_cases,hhg_intensity_prediction,quantum_light_hhg_bsv_threshold_tdse_dipole_acceleration
BSV - 1e13 W/cm^2,10000000000000.0,0.016880323915389028,2.8799300124674505,3.1904123506692935e-05,0.000213329289047586,9.67090500244462e-06,0.967090500244462,15.126023203404115,18.613676776582036,22.00238858521466,2.9907608109560786,tdse_dipole_acceleration,raw_fft_harmonic_order_grid,13,1.6079090899617815e-08,0.11079987270298704,single_mode_bsv_random_phase_gamma_intensity,shared_fig_iv2_intensity_cases,hhg_intensity_prediction,quantum_light_hhg_bsv_threshold_tdse_dipole_acceleration
BSV - 1e13 W/cm^2,10000000000000.0,0.016880323915389028,2.919929040418387,3.874105135893349e-06,2.4706397892319855e-05,1.1743341806850655e-06,0.11743341806850655,15.126023203404115,18.613676776582036,22.00238858521466,2.9907608109560786,tdse_dipole_acceleration,raw_fft_harmonic_order_grid,13,1.6079090899617815e-08,0.11079987270298704,single_mode_bsv_random_phase_gamma_intensity,shared_fig_iv2_intensity_cases,hhg_intensity_prediction,quantum_light_hhg_bsv_threshold_tdse_dipole_acceleration
BSV - 1e13 W/cm^2,10000000000000.0,0.016880323915389028,2.9599280683693237,0.006465282467678062,0.05037134867592398,0.001959782175046074,195.97821750460741,15.126023203404115,18.613676776582036,22.00238858521466,2.9907608109560786,tdse_dipole_acceleration,raw_fft_harmonic_order_grid,13,1.6079090899617815e-08,0.11079987270298704,single_mode_bsv_random_phase_gamma_intensity,shared_fig_iv2_intensity_cases,hhg_intensity_prediction,quantum_light_hhg_bsv_threshold_tdse_dipole_acceleration
BSV - 1e13 W/cm^2,10000000000000.0,0.016880323915389028,2.9999270963202607,0.020208929672663013,0.16021816330029154,0.006125811261494414,612.5811261494414,15.126023203404115,18.613676776582036,22.00238858521466,2.9907608109560786,tdse_dipole_acceleration,raw_fft_harmonic_order_grid,13,1.6079090899617815e-08,0.11079987270298704,single_mode_bsv_random_phase_gamma_intensity,shared_fig_iv2_intensity_cases,hhg_intensity_prediction,quantum_light_hhg_bsv_threshold_tdse_dipole_acceleration
BSV - 1e13 W/cm^2,10000000000000.0,0.016880323915389028,3.0399261242711977,0.006740269933473385,0.05460026497131209,0.0020431374710475976,204.31374710475976,15.126023203404115,18.613676776582036,22.00238858521466,2.9907608109560786,tdse_dipole_acceleration,raw_fft_harmonic_order_grid,13,1.6079090899617815e-08,0.11079987270298704,single_mode_bsv_random_phase_gamma_intensity,shared_fig_iv2_intensity_cases,hhg_intensity_prediction,quantum_light_hhg_bsv_threshold_tdse_dipole_acceleration
BSV - 1e13 W/cm^2,10000000000000.0,0.016880323915389028,3.0799251522221343,1.660565068995346e-06,2.905906166428477e-05,5.033570983156128e-07,0.05033570983156128,15.126023203404115,18.613676776582036,22.00238858521466,2.9907608109560786,tdse_dipole_acceleration,raw_fft_harmonic_order_grid,13,1.6079090899617815e-08,0.11079987270298704,single_mode_bsv_random_phase_gamma_intensity,shared_fig_iv2_intensity_cases,hhg_intensity_prediction,quantum_light_hhg_bsv_threshold_tdse_dipole_acceleration
BSV - 1e13 W/cm^2,10000000000000.0,0.016880323915389028,3.1199241801730713,3.030190656151051e-05,0.00021762340240332256,9.185234619839823e-06,0.9185234619839823,15.126023203404115,18.613676776582036,22.00238858521466,2.9907608109560786,tdse_dipole_acceleration,raw_fft_harmonic_order_grid,13,1.6079090899617815e-08,0.11079987270298704,single_mode_bsv_random_phase_gamma_intensity,shared_fig_iv2_intensity_cases,hhg_intensity_prediction,quantum_light_hhg_bsv_threshold_tdse_dipole_acceleration
BSV - 1e13 W/cm^2,10000000000000.0,0.016880323915389028,3.1599232081240083,2.4580781209386705e-05,0.000217152931888323,7.451024313894264e-06,0.7451024313894264,15.126023203404115,18.613676776582036,22.00238858521466,2.9907608109560786,tdse_dipole_acceleration,raw_fft_harmonic_order_grid,13,1.6079090899617815e-08,0.11079987270298704,single_mode_bsv_random_phase_gamma_intensity,shared_fig_iv2_intensity_cases,hhg_intensity_prediction,quantum_light_hhg_bsv_threshold_tdse_dipole_acceleration
BSV - 1e13 W/cm^2,10000000000000.0,0.016880323915389028,3.199922236074945,2.1492663075038675e-06,2.9545375255514758e-05,6.514941643974147e-07,0.06514941643974147,15.126023203404115,18.613676776582036,22.00238858521466,2.9907608109560786,tdse_dipole_acceleration,raw_fft_harmonic_order_grid,13,1.6079090899617815e-08,0.11079987270298704,single_mode_bsv_random_phase_gamma_intensity,shared_fig_iv2_intensity_cases,hhg_intensity_prediction,quantum_light_hhg_bsv_threshold_tdse_dipole_acceleration
BSV - 1e13 W/cm^2,10000000000000.0,0.016880323915389028,3.239921264025882,2.589800420267522e-06,2.107764120621373e-05,7.850306194572058e-07,0.07850306194572058,15.126023203404115,18.613676776582036,22.00238858521466,2.9907608109560786,tdse_dipole_acceleration,raw_fft_harmonic_order_grid,13,1.6079090899617815e-08,0.11079987270298704,single_mode_bsv_random_phase_gamma_intensity,shared_fig_iv2_intensity_cases,hhg_intensity_prediction,quantum_light_hhg_bsv_threshold_tdse_dipole_acceleration
BSV - 1e13 W/cm^2,10000000000000.0,0.016880323915389028,3.279920291976819,2.5666925350651183e-06,3.199427704320614e-05,7.780260652479996e-07,0.07780260652479996,15.126023203404115,18.613676776582036,22.00238858521466,2.9907608109560786,tdse_dipole_acceleration,raw_fft_harmonic_order_grid,13,1.6079090899617815e-08,0.11079987270298704,single_mode_bsv_random_phase_gamma_intensity,shared_fig_iv2_intensity_cases,hhg_intensity_prediction,quantum_light_hhg_bsv_threshold_tdse_dipole_acceleration
BSV - 1e13 W/cm^2,10000000000000.0,0.016880323915389028,3.3199193199277555,5.165307608274243e-07,1.7700736105398638e-06,1.5657286174166581e-07,0.01565728617416658,15.126023203404115,18.613676776582036,22.00238858521466,2.9907608109560786,tdse_dipole_acceleration,raw_fft_harmonic_order_grid,13,1.6079090899617815e-08,0.11079987270298704,single_mode_bsv_random_phase_gamma_intensity,shared_fig_iv2_intensity_cases,hhg_intensity_prediction,quantum_light_hhg_bsv_threshold_tdse_dipole_acceleration
BSV - 1e13 W/cm^2,10000000000000.0,0.016880323915389028,3.359918347878692,5.821673491094037e-07,7.524641181949554e-06,1.7646888583480316e-07,0.017646888583480316,15.126023203404115,18.613676776582036,22.00238858521466,2.9907608109560786,tdse_dipole_acceleration,raw_fft_harmonic_order_grid,13,1.6079090899617815e-08,0.11079987270298704,single_mode_bsv_random_phase_gamma_intensity,shared_fig_iv2_intensity_cases,hhg_intensity_prediction,quantum_light_hhg_bsv_threshold_tdse_dipole_acceleration
BSV - 1e13 W/cm^2,10000000000000.0,0.016880323915389028,3.399917375829629,7.866826505638954e-07,6.19527084537872e-06,2.3846237866646784e-07,0.023846237866646785,15.126023203404115,18.613676776582036,22.00238858521466,2.9907608109560786,tdse_dipole_acceleration,raw_fft_harmonic_order_grid,13,1.6079090899617815e-08,0.11079987270298704,single_mode_bsv_random_phase_gamma_intensity,shared_fig_iv2_intensity_cases,hhg_intensity_prediction,quantum_light_hhg_bsv_threshold_tdse_dipole_acceleration
BSV - 1e13 W/cm^2,10000000000000.0,0.016880323915389028,3.439916403780566,2.0292272916024367e-07,8.739207201324357e-07,6.151074597406908e-08,0.01,15.126023203404115,18.613676776582036,22.00238858521466,2.9907608109560786,tdse_dipole_acceleration,raw_fft_harmonic_order_grid,13,1.6079090899617815e-08,0.11079987270298704,single_mode_bsv_random_phase_gamma_intensity,shared_fig_iv2_intensity_cases,hhg_intensity_prediction,quantum_light_hhg_bsv_threshold_tdse_dipole_acceleration
BSV - 1e13 W/cm^2,10000000000000.0,0.016880323915389028,3.4799154317315026,5.118090841750005e-07,3.932334643537001e-06,1.5514160830672123e-07,0.015514160830672122,15.126023203404115,18.613676776582036,22.00238858521466,2.9907608109560786,tdse_dipole_acceleration,raw_fft_harmonic_order_grid,13,1.6079090899617815e-08,0.11079987270298704,single_mode_bsv_random_phase_gamma_intensity,shared_fig_iv2_intensity_cases,hhg_intensity_prediction,quantum_light_hhg_bsv_threshold_tdse_dipole_acceleration
BSV - 1e13 W/cm^2,10000000000000.0,0.016880323915389028,3.5199144596824397,5.544047944766303e-07,9.07997802685826e-07,1.6805338968671416e-07,0.016805338968671417,15.126023203404115,18.613676776582036,22.00238858521466,2.9907608109560786,tdse_dipole_acceleration,raw_fft_harmonic_order_grid,13,1.6079090899617815e-08,0.11079987270298704,single_mode_bsv_random_phase_gamma_intensity,shared_fig_iv2_intensity_cases,hhg_intensity_prediction,quantum_light_hhg_bsv_threshold_tdse_dipole_acceleration
BSV - 1e13 W/cm^2,10000000000000.0,0.016880323915389028,3.5599134876333767,8.651952884378866e-08,1.010422166254771e-06,2.6226144220166947e-08,0.01,15.126023203404115,18.613676776582036,22.00238858521466,2.9907608109560786,tdse_dipole_acceleration,raw_fft_harmonic_order_grid,13,1.6079090899617815e-08,0.11079987270298704,single_mode_bsv_random_phase_gamma_intensity,shared_fig_iv2_intensity_cases,hhg_intensity_prediction,quantum_light_hhg_bsv_threshold_tdse_dipole_acceleration
BSV - 1e13 W/cm^2,10000000000000.0,0.016880323915389028,3.599912515584313,7.982971911529876e-07,1.5130715378336148e-06,2.419830244745429e-07,0.02419830244745429,15.126023203404115,18.613676776582036,22.00238858521466,2.9907608109560786,tdse_dipole_acceleration,raw_fft_harmonic_order_grid,13,1.6079090899617815e-08,0.11079987270298704,single_mode_bsv_random_phase_gamma_intensity,shared_fig_iv2_intensity_cases,hhg_intensity_prediction,quantum_light_hhg_bsv_threshold_tdse_dipole_acceleration
BSV - 1e13 W/cm^2,10000000000000.0,0.016880323915389028,3.6399115435352494,1.1710796945468264e-07,2.0831983110548713e-07,3.549823418241954e-08,0.01,15.126023203404115,18.613676776582036,22.00238858521466,2.9907608109560786,tdse_dipole_acceleration,raw_fft_harmonic_order_grid,13,1.6079090899617815e-08,0.11079987270298704,single_mode_bsv_random_phase_gamma_intensity,shared_fig_iv2_intensity_cases,hhg_intensity_prediction,quantum_light_hhg_bsv_threshold_tdse_dipole_acceleration
BSV - 1e13 W/cm^2,10000000000000.0,0.016880323915389028,3.6799105714861864,5.186137014461831e-07,1.114241130192687e-06,1.572042509990928e-07,0.01572042509990928,15.126023203404115,18.613676776582036,22.00238858521466,2.9907608109560786,tdse_dipole_acceleration,raw_fft_harmonic_order_grid,13,1.6079090899617815e-08,0.11079987270298704,single_mode_bsv_random_phase_gamma_intensity,shared_fig_iv2_intensity_cases,hhg_intensity_prediction,quantum_light_hhg_bsv_threshold_tdse_dipole_acceleration
BSV - 1e13 W/cm^2,10000000000000.0,0.016880323915389028,3.7199095994371234,5.871431741299649e-07,7.060935090636004e-07,1.7797717773545794e-07,0.017797717773545794,15.126023203404115,18.613676776582036,22.00238858521466,2.9907608109560786,tdse_dipole_acceleration,raw_fft_harmonic_order_grid,13,1.6079090899617815e-08,0.11079987270298704,single_mode_bsv_random_phase_gamma_intensity,shared_fig_iv2_intensity_cases,hhg_intensity_prediction,quantum_light_hhg_bsv_threshold_tdse_dipole_acceleration
BSV - 1e13 W/cm^2,10000000000000.0,0.016880323915389028,3.75990862738806,7.39754465170973e-08,1.7897353689089738e-07,2.2423732017906402e-08,0.01,15.126023203404115,18.613676776582036,22.00238858521466,2.9907608109560786,tdse_dipole_acceleration,raw_fft_harmonic_order_grid,13,1.6079090899617815e-08,0.11079987270298704,single_mode_bsv_random_phase_gamma_intensity,shared_fig_iv2_intensity_cases,hhg_intensity_prediction,quantum_light_hhg_bsv_threshold_tdse_dipole_acceleration
BSV - 1e13 W/cm^2,10000000000000.0,0.016880323915389028,3.799907655338997,8.736659677150158e-07,9.240206353152102e-07,2.648291082457815e-07,0.02648291082457815,15.126023203404115,18.613676776582036,22.00238858521466,2.9907608109560786,tdse_dipole_acceleration,raw_fft_harmonic_order_grid,13,1.6079090899617815e-08,0.11079987270298704,single_mode_bsv_random_phase_gamma_intensity,shared_fig_iv2_intensity_cases,hhg_intensity_prediction,quantum_light_hhg_bsv_threshold_tdse_dipole_acceleration
BSV - 1e13 W/cm^2,10000000000000.0,0.016880323915389028,3.839906683289934,9.96842282987922e-08,1.778999002679841e-07,3.021668035849293e-08,0.01,15.126023203404115,18.613676776582036,22.00238858521466,2.9907608109560786,tdse_dipole_acceleration,raw_fft_harmonic_order_grid,13,1.6079090899617815e-08,0.11079987270298704,single_mode_bsv_random_phase_gamma_intensity,shared_fig_iv2_intensity_cases,hhg_intensity_prediction,quantum_light_hhg_bsv_threshold_tdse_dipole_acceleration
BSV - 1e13 W/cm^2,10000000000000.0,0.016880323915389028,3.8799057112408706,5.652686373286409e-07,5.92906089997786e-07,1.713464810064378e-07,0.01713464810064378,15.126023203404115,18.613676776582036,22.00238858521466,2.9907608109560786,tdse_dipole_acceleration,raw_fft_harmonic_order_grid,13,1.6079090899617815e-08,0.11079987270298704,single_mode_bsv_random_phase_gamma_intensity,shared_fig_iv2_intensity_cases,hhg_intensity_prediction,quantum_light_hhg_bsv_threshold_tdse_dipole_acceleration
BSV - 1e13 W/cm^2,10000000000000.0,0.016880323915389028,3.9199047391918076,6.036358711188104e-07,7.640954460324141e-07,1.8297650974280078e-07,0.01829765097428008,15.126023203404115,18.613676776582036,22.00238858521466,2.9907608109560786,tdse_dipole_acceleration,raw_fft_harmonic_order_grid,13,1.6079090899617815e-08,0.11079987270298704,single_mode_bsv_random_phase_gamma_intensity,shared_fig_iv2_intensity_cases,hhg_intensity_prediction,quantum_light_hhg_bsv_threshold_tdse_dipole_acceleration
BSV - 1e13 W/cm^2,10000000000000.0,0.016880323915389028,3.9599037671427446,8.61096317348037e-08,3.5358900982489186e-07,2.6101894575730273e-08,0.01,15.126023203404115,18.613676776582036,22.00238858521466,2.9907608109560786,tdse_dipole_acceleration,raw_fft_harmonic_order_grid,13,1.6079090899617815e-08,0.11079987270298704,single_mode_bsv_random_phase_gamma_intensity,shared_fig_iv2_intensity_cases,hhg_intensity_prediction,quantum_light_hhg_bsv_threshold_tdse_dipole_acceleration
BSV - 1e13 W/cm^2,10000000000000.0,0.016880323915389028,3.9999027950936807,9.326989051259017e-07,2.156981108279843e-06,2.8272340738226057e-07,0.028272340738226057,15.126023203404115,18.613676776582036,22.00238858521466,2.9907608109560786,tdse_dipole_acceleration,raw_fft_harmonic_order_grid,13,1.6079090899617815e-08,0.11079987270298704,single_mode_bsv_random_phase_gamma_intensity,shared_fig_iv2_intensity_cases,hhg_intensity_prediction,quantum_light_hhg_bsv_threshold_tdse_dipole_acceleration
BSV - 1e13 W/cm^2,10000000000000.0,0.016880323915389028,4.039901823044618,1.3635229061539587e-07,3.627932847620599e-06,4.133164946940431e-08,0.01,15.126023203404115,18.613676776582036,22.00238858521466,2.9907608109560786,tdse_dipole_acceleration,raw_fft_harmonic_order_grid,13,1.6079090899617815e-08,0.11079987270298704,single_mode_bsv_random_phase_gamma_intensity,shared_fig_iv2_intensity_cases,hhg_intensity_prediction,quantum_light_hhg_bsv_threshold_tdse_dipole_acceleration
BSV - 1e13 W/cm^2,10000000000000.0,0.016880323915389028,4.079900850995555,7.035810599510307e-07,6.003152535447785e-06,2.13272293497682e-07,0.0213272293497682,15.126023203404115,18.613676776582036,22.00238858521466,2.9907608109560786,tdse_dipole_acceleration,raw_fft_harmonic_order_grid,13,1.6079090899617815e-08,0.11079987270298704,single_mode_bsv_random_phase_gamma_intensity,shared_fig_iv2_intensity_cases,hhg_intensity_prediction,quantum_light_hhg_bsv_threshold_tdse_dipole_acceleration
BSV - 1e13 W/cm^2,10000000000000.0,0.016880323915389028,4.119899878946492,6.558844538259344e-07,2.2765620559357046e-06,1.988143082570576e-07,0.01988143082570576,15.126023203404115,18.613676776582036,22.00238858521466,2.9907608109560786,tdse_dipole_acceleration,raw_fft_harmonic_order_grid,13,1.6079090899617815e-08,0.11079987270298704,single_mode_bsv_random_phase_gamma_intensity,shared_fig_iv2_intensity_cases,hhg_intensity_prediction,quantum_light_hhg_bsv_threshold_tdse_dipole_acceleration
BSV - 1e13 W/cm^2,10000000000000.0,0.016880323915389028,4.159898906897428,9.92475758754336e-08,9.400877124301249e-07,3.0084320536587705e-08,0.01,15.126023203404115,18.613676776582036,22.00238858521466,2.9907608109560786,tdse_dipole_acceleration,raw_fft_harmonic_order_grid,13,1.6079090899617815e-08,0.11079987270298704,single_mode_bsv_random_phase_gamma_intensity,shared_fig_iv2_intensity_cases,hhg_intensity_prediction,quantum_light_hhg_bsv_threshold_tdse_dipole_acceleration
BSV - 1e13 W/cm^2,10000000000000.0,0.016880323915389028,4.199897934848366,9.274048551882311e-07,1.4116491933491578e-06,2.811186538771323e-07,0.028111865387713233,15.126023203404115,18.613676776582036,22.00238858521466,2.9907608109560786,tdse_dipole_acceleration,raw_fft_harmonic_order_grid,13,1.6079090899617815e-08,0.11079987270298704,single_mode_bsv_random_phase_gamma_intensity,shared_fig_iv2_intensity_cases,hhg_intensity_prediction,quantum_light_hhg_bsv_threshold_tdse_dipole_acceleration
BSV - 1e13 W/cm^2,10000000000000.0,0.016880323915389028,4.2398969627993015,1.0776328229969513e-07,7.375805056160409e-07,3.266563538889713e-08,0.01,15.126023203404115,18.613676776582036,22.00238858521466,2.9907608109560786,tdse_dipole_acceleration,raw_fft_harmonic_order_grid,13,1.6079090899617815e-08,0.11079987270298704,single_mode_bsv_random_phase_gamma_intensity,shared_fig_iv2_intensity_cases,hhg_intensity_prediction,quantum_light_hhg_bsv_threshold_tdse_dipole_acceleration
BSV - 1e13 W/cm^2,10000000000000.0,0.016880323915389028,4.279895990750239,6.139655219121828e-07,1.2076034302881892e-06,1.8610767463783936e-07,0.018610767463783935,15.126023203404115,18.613676776582036,22.00238858521466,2.9907608109560786,tdse_dipole_acceleration,raw_fft_harmonic_order_grid,13,1.6079090899617815e-08,0.11079987270298704,single_mode_bsv_random_phase_gamma_intensity,shared_fig_iv2_intensity_cases,hhg_intensity_prediction,quantum_light_hhg_bsv_threshold_tdse_dipole_acceleration
BSV - 1e13 W/cm^2,10000000000000.0,0.016880323915389028,4.3198950187011755,6.373521485110512e-07,9.32425020489229e-07,1.931967220494648e-07,0.01931967220494648,15.126023203404115,18.613676776582036,22.00238858521466,2.9907608109560786,tdse_dipole_acceleration,raw_fft_harmonic_order_grid,13,1.6079090899617815e-08,0.11079987270298704,single_mode_bsv_random_phase_gamma_intensity,shared_fig_iv2_intensity_cases,hhg_intensity_prediction,quantum_light_hhg_bsv_threshold_tdse_dipole_acceleration
BSV - 1e13 W/cm^2,10000000000000.0,0.016880323915389028,4.359894046652112,1.749949619736881e-07,2.5755501884206977e-06,5.30451699385792e-08,0.01,15.126023203404115,18.613676776582036,22.00238858521466,2.9907608109560786,tdse_dipole_acceleration,raw_fft_harmonic_order_grid,13,1.6079090899617815e-08,0.11079987270298704,single_mode_bsv_random_phase_gamma_intensity,shared_fig_iv2_intensity_cases,hhg_intensity_prediction,quantum_light_hhg_bsv_threshold_tdse_dipole_acceleration
BSV - 1e13 W/cm^2,10000000000000.0,0.016880323915389028,4.39989307460305,9.458555201098724e-07,2.895420162229248e-06,2.8671149292352385e-07,0.028671149292352385,15.126023203404115,18.613676776582036,22.00238858521466,2.9907608109560786,tdse_dipole_acceleration,raw_fft_harmonic_order_grid,13,1.6079090899617815e-08,0.11079987270298704,single_mode_bsv_random_phase_gamma_intensity,shared_fig_iv2_intensity_cases,hhg_intensity_prediction,quantum_light_hhg_bsv_threshold_tdse_dipole_acceleration
BSV - 1e13 W/cm^2,10000000000000.0,0.016880323915389028,4.439892102553986,2.2821838273486455e-07,5.816000839980072e-06,6.91784652468956e-08,0.01,15.126023203404115,18.613676776582036,22.00238858521466,2.9907608109560786,tdse_dipole_acceleration,raw_fft_harmonic_order_grid,13,1.6079090899617815e-08,0.11079987270298704,single_mode_bsv_random_phase_gamma_intensity,shared_fig_iv2_intensity_cases,hhg_intensity_prediction,quantum_light_hhg_bsv_threshold_tdse_dipole_acceleration
BSV - 1e13 W/cm^2,10000000000000.0,0.016880323915389028,4.479891130504924,7.977927286580797e-07,1.0329273924606463e-05,2.4183010979363886e-07,0.024183010979363886,15.126023203404115,18.613676776582036,22.00238858521466,2.9907608109560786,tdse_dipole_acceleration,raw_fft_harmonic_order_grid,13,1.6079090899617815e-08,0.11079987270298704,single_mode_bsv_random_phase_gamma_intensity,shared_fig_iv2_intensity_cases,hhg_intensity_prediction,quantum_light_hhg_bsv_threshold_tdse_dipole_acceleration
BSV - 1e13 W/cm^2,10000000000000.0,0.016880323915389028,4.51989015845586,6.670589126109614e-07,1.3864292737425582e-06,2.0220155471568725e-07,0.020220155471568725,15.126023203404115,18.613676776582036,22.00238858521466,2.9907608109560786,tdse_dipole_acceleration,raw_fft_harmonic_order_grid,13,1.6079090899617815e-08,0.11079987270298704,single_mode_bsv_random_phase_gamma_intensity,shared_fig_iv2_intensity_cases,hhg_intensity_prediction,quantum_light_hhg_bsv_threshold_tdse_dipole_acceleration
BSV - 1e13 W/cm^2,10000000000000.0,0.016880323915389028,4.559889186406797,1.517247515964573e-07,4.601831141480562e-06,4.599141107578237e-08,0.01,15.126023203404115,18.613676776582036,22.00238858521466,2.9907608109560786,tdse_dipole_acceleration,raw_fft_harmonic_order_grid,13,1.6079090899617815e-08,0.11079987270298704,single_mode_bsv_random_phase_gamma_intensity,shared_fig_iv2_intensity_cases,hhg_intensity_prediction,quantum_light_hhg_bsv_threshold_tdse_dipole_acceleration
BSV - 1e13 W/cm^2,10000000000000.0,0.016880323915389028,4.599888214357733,9.613863143675597e-07,1.3521829752013824e-06,2.9141924914340863e-07,0.029141924914340863,15.126023203404115,18.613676776582036,22.00238858521466,2.9907608109560786,tdse_dipole_acceleration,raw_fft_harmonic_order_grid,13,1.6079090899617815e-08,0.11079987270298704,single_mode_bsv_random_phase_gamma_intensity,shared_fig_iv2_intensity_cases,hhg_intensity_prediction,quantum_light_hhg_bsv_threshold_tdse_dipole_acceleration
BSV - 1e13 W/cm^2,10000000000000.0,0.016880323915389028,4.63988724230867,3.333494995143369e-07,7.267646550182612e-06,1.0104622813848234e-07,0.010104622813848234,15.126023203404115,18.613676776582036,22.00238858521466,2.9907608109560786,tdse_dipole_acceleration,raw_fft_harmonic_order_grid,13,1.6079090899617815e-08,0.11079987270298704,single_mode_bsv_random_phase_gamma_intensity,shared_fig_iv2_intensity_cases,hhg_intensity_prediction,quantum_light_hhg_bsv_threshold_tdse_dipole_acceleration
BSV - 1e13 W/cm^2,10000000000000.0,0.016880323915389028,4.6798862702596065,8.732967051210428e-07,2.113031799376543e-05,2.6471717589739655e-07,0.026471717589739655,15.126023203404115,18.613676776582036,22.00238858521466,2.9907608109560786,tdse_dipole_acceleration,raw_fft_harmonic_order_grid,13,1.6079090899617815e-08,0.11079987270298704,single_mode_bsv_random_phase_gamma_intensity,shared_fig_iv2_intensity_cases,hhg_intensity_prediction,quantum_light_hhg_bsv_threshold_tdse_dipole_acceleration
BSV - 1e13 W/cm^2,10000000000000.0,0.016880323915389028,4.719885298210544,1.396411206743063e-06,3.093999728024689e-05,4.2328572737402395e-07,0.0423285727374024,15.126023203404115,18.613676776582036,22.00238858521466,2.9907608109560786,tdse_dipole_acceleration,raw_fft_harmonic_order_grid,13,1.6079090899617815e-08,0.11079987270298704,single_mode_bsv_random_phase_gamma_intensity,shared_fig_iv2_intensity_cases,hhg_intensity_prediction,quantum_light_hhg_bsv_threshold_tdse_dipole_acceleration
BSV - 1e13 W/cm^2,10000000000000.0,0.016880323915389028,4.7598843261614805,1.8029865071705916e-06,0.00011176229828793803,5.465284519688606e-07,0.05465284519688606,15.126023203404115,18.613676776582036,22.00238858521466,2.9907608109560786,tdse_dipole_acceleration,raw_fft_harmonic_order_grid,13,1.6079090899617815e-08,0.11079987270298704,single_mode_bsv_random_phase_gamma_intensity,shared_fig_iv2_intensity_cases,hhg_intensity_prediction,quantum_light_hhg_bsv_threshold_tdse_dipole_acceleration
BSV - 1e13 W/cm^2,10000000000000.0,0.016880323915389028,4.799883354112417,1.1809294599283674e-06,1.2200185596368076e-05,3.5796804194165104e-07,0.0357968041941651,15.126023203404115,18.613676776582036,22.00238858521466,2.9907608109560786,tdse_dipole_acceleration,raw_fft_harmonic_order_grid,13,1.6079090899617815e-08,0.11079987270298704,single_mode_bsv_random_phase_gamma_intensity,shared_fig_iv2_intensity_cases,hhg_intensity_prediction,quantum_light_hhg_bsv_threshold_tdse_dipole_acceleration
BSV - 1e13 W/cm^2,10000000000000.0,0.016880323915389028,4.8398823820633545,2.8823201519120134e-06,8.616132757586558e-05,8.737003657199737e-07,0.08737003657199738,15.126023203404115,18.613676776582036,22.00238858521466,2.9907608109560786,tdse_dipole_acceleration,raw_fft_harmonic_order_grid,13,1.6079090899617815e-08,0.11079987270298704,single_mode_bsv_random_phase_gamma_intensity,shared_fig_iv2_intensity_cases,hhg_intensity_prediction,quantum_light_hhg_bsv_threshold_tdse_dipole_acceleration
BSV - 1e13 W/cm^2,10000000000000.0,0.016880323915389028,4.87988141001429,7.234551425790281e-06,0.0002530327629313022,2.1929660458918643e-06,0.21929660458918643,15.126023203404115,18.613676776582036,22.00238858521466,2.9907608109560786,tdse_dipole_acceleration,raw_fft_harmonic_order_grid,13,1.6079090899617815e-08,0.11079987270298704,single_mode_bsv_random_phase_gamma_intensity,shared_fig_iv2_intensity_cases,hhg_intensity_prediction,quantum_light_hhg_bsv_threshold_tdse_dipole_acceleration
BSV - 1e13 W/cm^2,10000000000000.0,0.016880323915389028,4.919880437965228,2.6399890463149023e-06,0.00010128733479690051,8.002439957032453e-07,0.08002439957032453,15.126023203404115,18.613676776582036,22.00238858521466,2.9907608109560786,tdse_dipole_acceleration,raw_fft_harmonic_order_grid,13,1.6079090899617815e-08,0.11079987270298704,single_mode_bsv_random_phase_gamma_intensity,shared_fig_iv2_intensity_cases,hhg_intensity_prediction,quantum_light_hhg_bsv_threshold_tdse_dipole_acceleration
BSV - 1e13 W/cm^2,10000000000000.0,0.016880323915389028,4.959879465916164,0.0005438534945479585,0.009474120557842372,0.00016485503762287893,16.48550376228789,15.126023203404115,18.613676776582036,22.00238858521466,2.9907608109560786,tdse_dipole_acceleration,raw_fft_harmonic_order_grid,13,1.6079090899617815e-08,0.11079987270298704,single_mode_bsv_random_phase_gamma_intensity,shared_fig_iv2_intensity_cases,hhg_intensity_prediction,quantum_light_hhg_bsv_threshold_tdse_dipole_acceleration
BSV - 1e13 W/cm^2,10000000000000.0,0.016880323915389028,4.999878493867102,0.001665465933892778,0.031039482670695288,0.0005048426680051526,50.484266800515265,15.126023203404115,18.613676776582036,22.00238858521466,2.9907608109560786,tdse_dipole_acceleration,raw_fft_harmonic_order_grid,13,1.6079090899617815e-08,0.11079987270298704,single_mode_bsv_random_phase_gamma_intensity,shared_fig_iv2_intensity_cases,hhg_intensity_prediction,quantum_light_hhg_bsv_threshold_tdse_dipole_acceleration
BSV - 1e13 W/cm^2,10000000000000.0,0.016880323915389028,5.039877521818038,0.000740545277535554,0.016568158089664456,0.00022447703437309345,22.447703437309347,15.126023203404115,18.613676776582036,22.00238858521466,2.9907608109560786,tdse_dipole_acceleration,raw_fft_harmonic_order_grid,13,1.6079090899617815e-08,0.11079987270298704,single_mode_bsv_random_phase_gamma_intensity,shared_fig_iv2_intensity_cases,hhg_intensity_prediction,quantum_light_hhg_bsv_threshold_tdse_dipole_acceleration
BSV - 1e13 W/cm^2,10000000000000.0,0.016880323915389028,5.079876549768976,3.339552989193213e-05,0.0011923050629785575,1.0122986046722857e-05,1.0122986046722857,15.126023203404115,18.613676776582036,22.00238858521466,2.9907608109560786,tdse_dipole_acceleration,raw_fft_harmonic_order_grid,13,1.6079090899617815e-08,0.11079987270298704,single_mode_bsv_random_phase_gamma_intensity,shared_fig_iv2_intensity_cases,hhg_intensity_prediction,quantum_light_hhg_bsv_threshold_tdse_dipole_acceleration
BSV - 1e13 W/cm^2,10000000000000.0,0.016880323915389028,5.119875577719911,7.493889880711102e-06,0.0003737287145317829,2.271577751381717e-06,0.2271577751381717,15.126023203404115,18.613676776582036,22.00238858521466,2.9907608109560786,tdse_dipole_acceleration,raw_fft_harmonic_order_grid,13,1.6079090899617815e-08,0.11079987270298704,single_mode_bsv_random_phase_gamma_intensity,shared_fig_iv2_intensity_cases,hhg_intensity_prediction,quantum_light_hhg_bsv_threshold_tdse_dipole_acceleration
BSV - 1e13 W/cm^2,10000000000000.0,0.016880323915389028,5.159874605670849,3.324262973567301e-06,4.6184303151355923e-05,1.0076638342303686e-06,0.10076638342303686,15.126023203404115,18.613676776582036,22.00238858521466,2.9907608109560786,tdse_dipole_acceleration,raw_fft_harmonic_order_grid,13,1.6079090899617815e-08,0.11079987270298704,single_mode_bsv_random_phase_gamma_intensity,shared_fig_iv2_intensity_cases,hhg_intensity_prediction,quantum_light_hhg_bsv_threshold_tdse_dipole_acceleration
BSV - 1e13 W/cm^2,10000000000000.0,0.016880323915389028,5.1998736336217855,3.961629820766756e-06,0.00010690577674282561,1.2008650118048124e-06,0.12008650118048124,15.126023203404115,18.613676776582036,22.00238858521466,2.9907608109560786,tdse_dipole_acceleration,raw_fft_harmonic_order_grid,13,1.6079090899617815e-08,0.11079987270298704,single_mode_bsv_random_phase_gamma_intensity,shared_fig_iv2_intensity_cases,hhg_intensity_prediction,quantum_light_hhg_bsv_threshold_tdse_dipole_acceleration
BSV - 1e13 W/cm^2,10000000000000.0,0.016880323915389028,5.239872661572723,1.20239021617334e-06,2.6921394121826644e-05,3.644733118601997e-07,0.03644733118601997,15.126023203404115,18.613676776582036,22.00238858521466,2.9907608109560786,tdse_dipole_acceleration,raw_fft_harmonic_order_grid,13,1.6079090899617815e-08,0.11079987270298704,single_mode_bsv_random_phase_gamma_intensity,shared_fig_iv2_intensity_cases,hhg_intensity_prediction,quantum_light_hhg_bsv_threshold_tdse_dipole_acceleration
BSV - 1e13 W/cm^2,10000000000000.0,0.016880323915389028,5.2798716895236595,5.289243615675364e-06,0.0001908525591328155,1.6032965936598255e-06,0.16032965936598256,15.126023203404115,18.613676776582036,22.00238858521466,2.9907608109560786,tdse_dipole_acceleration,raw_fft_harmonic_order_grid,13,1.6079090899617815e-08,0.11079987270298704,single_mode_bsv_random_phase_gamma_intensity,shared_fig_iv2_intensity_cases,hhg_intensity_prediction,quantum_light_hhg_bsv_threshold_tdse_dipole_acceleration
BSV - 1e13 W/cm^2,10000000000000.0,0.016880323915389028,5.319870717474597,1.964111861705802e-06,4.8002561294662075e-05,5.953694112532723e-07,0.05953694112532723,15.126023203404115,18.613676776582036,22.00238858521466,2.9907608109560786,tdse_dipole_acceleration,raw_fft_harmonic_order_grid,13,1.6079090899617815e-08,0.11079987270298704,single_mode_bsv_random_phase_gamma_intensity,shared_fig_iv2_intensity_cases,hhg_intensity_prediction,quantum_light_hhg_bsv_threshold_tdse_dipole_acceleration
BSV - 1e13 W/cm^2,10000000000000.0,0.016880323915389028,5.359869745425533,3.9969146548401413e-07,6.723683032300912e-06,1.2115606912607655e-07,0.012115606912607655,15.126023203404115,18.613676776582036,22.00238858521466,2.9907608109560786,tdse_dipole_acceleration,raw_fft_harmonic_order_grid,13,1.6079090899617815e-08,0.11079987270298704,single_mode_bsv_random_phase_gamma_intensity,shared_fig_iv2_intensity_cases,hhg_intensity_prediction,quantum_light_hhg_bsv_threshold_tdse_dipole_acceleration
BSV - 1e13 W/cm^2,10000000000000.0,0.016880323915389028,5.399868773376469,2.5407785338082416e-06,3.6432364242048584e-05,7.701709099626362e-07,0.07701709099626362,15.126023203404115,18.613676776582036,22.00238858521466,2.9907608109560786,tdse_dipole_acceleration,raw_fft_harmonic_order_grid,13,1.6079090899617815e-08,0.11079987270298704,single_mode_bsv_random_phase_gamma_intensity,shared_fig_iv2_intensity_cases,hhg_intensity_prediction,quantum_light_hhg_bsv_threshold_tdse_dipole_acceleration
BSV - 1e13 W/cm^2,10000000000000.0,0.016880323915389028,5.439867801327407,7.859342624803642e-07,2.8029726842130525e-05,2.3823552428950076e-07,0.023823552428950075,15.126023203404115,18.613676776582036,22.00238858521466,2.9907608109560786,tdse_dipole_acceleration,raw_fft_harmonic_order_grid,13,1.6079090899617815e-08,0.11079987270298704,single_mode_bsv_random_phase_gamma_intensity,shared_fig_iv2_intensity_cases,hhg_intensity_prediction,quantum_light_hhg_bsv_threshold_tdse_dipole_acceleration
BSV - 1e13 W/cm^2,10000000000000.0,0.016880323915389028,5.479866829278343,1.280692893694757e-06,8.848064142752244e-06,3.8820873137698473e-07,0.03882087313769847,15.126023203404115,18.613676776582036,22.00238858521466,2.9907608109560786,tdse_dipole_acceleration,raw_fft_harmonic_order_grid,13,1.6079090899617815e-08,0.11079987270298704,single_mode_bsv_random_phase_gamma_intensity,shared_fig_iv2_intensity_cases,hhg_intensity_prediction,quantum_light_hhg_bsv_threshold_tdse_dipole_acceleration
BSV - 1e13 W/cm^2,10000000000000.0,0.016880323915389028,5.519865857229281,1.2814707501800645e-06,2.4966704209343258e-05,3.8844451833328103e-07,0.0388444518333281,15.126023203404115,18.613676776582036,22.00238858521466,2.9907608109560786,tdse_dipole_acceleration,raw_fft_harmonic_order_grid,13,1.6079090899617815e-08,0.11079987270298704,single_mode_bsv_random_phase_gamma_intensity,shared_fig_iv2_intensity_cases,hhg_intensity_prediction,quantum_light_hhg_bsv_threshold_tdse_dipole_acceleration
BSV - 1e13 W/cm^2,10000000000000.0,0.016880323915389028,5.559864885180217,3.3138289486624123e-07,5.893323415076826e-06,1.0045010310388893e-07,0.010045010310388893,15.126023203404115,18.613676776582036,22.00238858521466,2.9907608109560786,tdse_dipole_acceleration,raw_fft_harmonic_order_grid,13,1.6079090899617815e-08,0.11079987270298704,single_mode_bsv_random_phase_gamma_intensity,shared_fig_iv2_intensity_cases,hhg_intensity_prediction,quantum_light_hhg_bsv_threshold_tdse_dipole_acceleration
BSV - 1e13 W/cm^2,10000000000000.0,0.016880323915389028,5.599863913131154,2.006992499244125e-06,2.6636404234679113e-05,6.083675609122148e-07,0.06083675609122148,15.126023203404115,18.613676776582036,22.00238858521466,2.9907608109560786,tdse_dipole_acceleration,raw_fft_harmonic_order_grid,13,1.6079090899617815e-08,0.11079987270298704,single_mode_bsv_random_phase_gamma_intensity,shared_fig_iv2_intensity_cases,hhg_intensity_prediction,quantum_light_hhg_bsv_threshold_tdse_dipole_acceleration
BSV - 1e13 W/cm^2,10000000000000.0,0.016880323915389028,5.6398629410820895,5.821945587170422e-07,1.879152033408821e-05,1.7647713371945576e-07,0.017647713371945577,15.126023203404115,18.613676776582036,22.00238858521466,2.9907608109560786,tdse_dipole_acceleration,raw_fft_harmonic_order_grid,13,1.6079090899617815e-08,0.11079987270298704,single_mode_bsv_random_phase_gamma_intensity,shared_fig_iv2_intensity_cases,hhg_intensity_prediction,quantum_light_hhg_bsv_threshold_tdse_dipole_acceleration
BSV - 1e13 W/cm^2,10000000000000.0,0.016880323915389028,5.679861969033027,1.22245732862226e-06,1.8132269404933693e-05,3.7055613491992634e-07,0.037055613491992635,15.126023203404115,18.613676776582036,22.00238858521466,2.9907608109560786,tdse_dipole_acceleration,raw_fft_harmonic_order_grid,13,1.6079090899617815e-08,0.11079987270298704,single_mode_bsv_random_phase_gamma_intensity,shared_fig_iv2_intensity_cases,hhg_intensity_prediction,quantum_light_hhg_bsv_threshold_tdse_dipole_acceleration
BSV - 1e13 W/cm^2,10000000000000.0,0.016880323915389028,5.7198609969839636,1.333247077089569e-06,2.097176383064346e-05,4.0413916478900616e-07,0.040413916478900615,15.126023203404115,18.613676776582036,22.00238858521466,2.9907608109560786,tdse_dipole_acceleration,raw_fft_harmonic_order_grid,13,1.6079090899617815e-08,0.11079987270298704,single_mode_bsv_random_phase_gamma_intensity,shared_fig_iv2_intensity_cases,hhg_intensity_prediction,quantum_light_hhg_bsv_threshold_tdse_dipole_acceleration
BSV - 1e13 W/cm^2,10000000000000.0,0.016880323915389028,5.759860024934901,7.065632811138074e-07,1.542070828934387e-05,2.1417627625575535e-07,0.021417627625575534,15.126023203404115,18.613676776582036,22.00238858521466,2.9907608109560786,tdse_dipole_acceleration,raw_fft_harmonic_order_grid,13,1.6079090899617815e-08,0.11079987270298704,single_mode_bsv_random_phase_gamma_intensity,shared_fig_iv2_intensity_cases,hhg_intensity_prediction,quantum_light_hhg_bsv_threshold_tdse_dipole_acceleration
BSV - 1e13 W/cm^2,10000000000000.0,0.016880323915389028,5.799859052885838,1.416970094080658e-06,1.1826185661421843e-05,4.2951761919691434e-07,0.04295176191969143,15.126023203404115,18.613676776582036,22.00238858521466,2.9907608109560786,tdse_dipole_acceleration,raw_fft_harmonic_order_grid,13,1.6079090899617815e-08,0.11079987270298704,single_mode_bsv_random_phase_gamma_intensity,shared_fig_iv2_intensity_cases,hhg_intensity_prediction,quantum_light_hhg_bsv_threshold_tdse_dipole_acceleration
BSV - 1e13 W/cm^2,10000000000000.0,0.016880323915389028,5.839858080836774,7.006279196695452e-07,1.293410593796692e-05,2.1237712585218476e-07,0.021237712585218477,15.126023203404115,18.613676776582036,22.00238858521466,2.9907608109560786,tdse_dipole_acceleration,raw_fft_harmonic_order_grid,13,1.6079090899617815e-08,0.11079987270298704,single_mode_bsv_random_phase_gamma_intensity,shared_fig_iv2_intensity_cases,hhg_intensity_prediction,quantum_light_hhg_bsv_threshold_tdse_dipole_acceleration
BSV - 1e13 W/cm^2,10000000000000.0,0.016880323915389028,5.879857108787712,1.0877352834772279e-06,8.656484784735682e-06,3.2971865195132705e-07,0.032971865195132705,15.126023203404115,18.613676776582036,22.00238858521466,2.9907608109560786,tdse_dipole_acceleration,raw_fft_harmonic_order_grid,13,1.6079090899617815e-08,0.11079987270298704,single_mode_bsv_random_phase_gamma_intensity,shared_fig_iv2_intensity_cases,hhg_intensity_prediction,quantum_light_hhg_bsv_threshold_tdse_dipole_acceleration
BSV - 1e13 W/cm^2,10000000000000.0,0.016880323915389028,5.919856136738647,1.212131131009557e-06,1.2040826647317521e-05,3.674260167667675e-07,0.03674260167667675,15.126023203404115,18.613676776582036,22.00238858521466,2.9907608109560786,tdse_dipole_acceleration,raw_fft_harmonic_order_grid,13,1.6079090899617815e-08,0.11079987270298704,single_mode_bsv_random_phase_gamma_intensity,shared_fig_iv2_intensity_cases,hhg_intensity_prediction,quantum_light_hhg_bsv_threshold_tdse_dipole_acceleration
BSV - 1e13 W/cm^2,10000000000000.0,0.016880323915389028,5.959855164689585,4.480341928419492e-07,8.465008064165354e-06,1.3580990920852213e-07,0.013580990920852213,15.126023203404115,18.613676776582036,22.00238858521466,2.9907608109560786,tdse_dipole_acceleration,raw_fft_harmonic_order_grid,13,1.6079090899617815e-08,0.11079987270298704,single_mode_bsv_random_phase_gamma_intensity,shared_fig_iv2_intensity_cases,hhg_intensity_prediction,quantum_light_hhg_bsv_threshold_tdse_dipole_acceleration
BSV - 1e13 W/cm^2,10000000000000.0,0.016880323915389028,5.999854192640521,2.0313716450601826e-06,4.971884810795049e-05,6.157574647025001e-07,0.061575746470250006,15.126023203404115,18.613676776582036,22.00238858521466,2.9907608109560786,tdse_dipole_acceleration,raw_fft_harmonic_order_grid,13,1.6079090899617815e-08,0.11079987270298704,single_mode_bsv_random_phase_gamma_intensity,shared_fig_iv2_intensity_cases,hhg_intensity_prediction,quantum_light_hhg_bsv_threshold_tdse_dipole_acceleration
BSV - 1e13 W/cm^2,10000000000000.0,0.016880323915389028,6.039853220591459,1.1196399688715899e-06,3.3699764135200316e-05,3.393897272754001e-07,0.03393897272754001,15.126023203404115,18.613676776582036,22.00238858521466,2.9907608109560786,tdse_dipole_acceleration,raw_fft_harmonic_order_grid,13,1.6079090899617815e-08,0.11079987270298704,single_mode_bsv_random_phase_gamma_intensity,shared_fig_iv2_intensity_cases,hhg_intensity_prediction,quantum_light_hhg_bsv_threshold_tdse_dipole_acceleration
BSV - 1e13 W/cm^2,10000000000000.0,0.016880323915389028,6.079852248542395,2.6497213453995116e-06,0.0001125326813233033,8.031940889688664e-07,0.08031940889688664,15.126023203404115,18.613676776582036,22.00238858521466,2.9907608109560786,tdse_dipole_acceleration,raw_fft_harmonic_order_grid,13,1.6079090899617815e-08,0.11079987270298704,single_mode_bsv_random_phase_gamma_intensity,shared_fig_iv2_intensity_cases,hhg_intensity_prediction,quantum_light_hhg_bsv_threshold_tdse_dipole_acceleration
BSV - 1e13 W/cm^2,10000000000000.0,0.016880323915389028,6.119851276493333,1.5578285582284524e-06,2.055443138983225e-05,4.7221519793709814e-07,0.04722151979370982,15.126023203404115,18.613676776582036,22.00238858521466,2.9907608109560786,tdse_dipole_acceleration,raw_fft_harmonic_order_grid,13,1.6079090899617815e-08,0.11079987270298704,single_mode_bsv_random_phase_gamma_intensity,shared_fig_iv2_intensity_cases,hhg_intensity_prediction,quantum_light_hhg_bsv_threshold_tdse_dipole_acceleration
BSV - 1e13 W/cm^2,10000000000000.0,0.016880323915389028,6.1598503044442685,6.056285472481718e-07,1.6453779381028495e-05,1.8358053766864714e-07,0.018358053766864713,15.126023203404115,18.613676776582036,22.00238858521466,2.9907608109560786,tdse_dipole_acceleration,raw_fft_harmonic_order_grid,13,1.6079090899617815e-08,0.11079987270298704,single_mode_bsv_random_phase_gamma_intensity,shared_fig_iv2_intensity_cases,hhg_intensity_prediction,quantum_light_hhg_bsv_threshold_tdse_dipole_acceleration
BSV - 1e13 W/cm^2,10000000000000.0,0.016880323915389028,6.199849332395206,1.1871678635204321e-06,3.953467167038673e-06,3.598590516881846e-07,0.035985905168818465,15.126023203404115,18.613676776582036,22.00238858521466,2.9907608109560786,tdse_dipole_acceleration,raw_fft_harmonic_order_grid,13,1.6079090899617815e-08,0.11079987270298704,single_mode_bsv_random_phase_gamma_intensity,shared_fig_iv2_intensity_cases,hhg_intensity_prediction,quantum_light_hhg_bsv_threshold_tdse_dipole_acceleration
BSV - 1e13 W/cm^2,10000000000000.0,0.016880323915389028,6.2398483603461425,2.855002945591215e-07,4.423853022530168e-06,8.65419865326186e-08,0.01,15.126023203404115,18.613676776582036,22.00238858521466,2.9907608109560786,tdse_dipole_acceleration,raw_fft_harmonic_order_grid,13,1.6079090899617815e-08,0.11079987270298704,single_mode_bsv_random_phase_gamma_intensity,shared_fig_iv2_intensity_cases,hhg_intensity_prediction,quantum_light_hhg_bsv_threshold_tdse_dipole_acceleration
BSV - 1e13 W/cm^2,10000000000000.0,0.016880323915389028,6.27984738829708,1.1068331087994045e-06,6.962886628206482e-06,3.355076608361913e-07,0.03355076608361913,15.126023203404115,18.613676776582036,22.00238858521466,2.9907608109560786,tdse_dipole_acceleration,raw_fft_harmonic_order_grid,13,1.6079090899617815e-08,0.11079987270298704,single_mode_bsv_random_phase_gamma_intensity,shared_fig_iv2_intensity_cases,hhg_intensity_prediction,quantum_light_hhg_bsv_threshold_tdse_dipole_acceleration
BSV - 1e13 W/cm^2,10000000000000.0,0.016880323915389028,6.319846416248017,1.751135898065698e-06,1.1655170530782491e-05,5.308112887981776e-07,0.05308112887981776,15.126023203404115,18.613676776582036,22.00238858521466,2.9907608109560786,tdse_dipole_acceleration,raw_fft_harmonic_order_grid,13,1.6079090899617815e-08,0.11079987270298704,single_mode_bsv_random_phase_gamma_intensity,shared_fig_iv2_intensity_cases,hhg_intensity_prediction,quantum_light_hhg_bsv_threshold_tdse_dipole_acceleration
BSV - 1e13 W/cm^2,10000000000000.0,0.016880323915389028,6.359845444198954,1.502535242588678e-06,3.781124847846701e-05,4.5545446784807794e-07,0.04554544678480779,15.126023203404115,18.613676776582036,22.00238858521466,2.9907608109560786,tdse_dipole_acceleration,raw_fft_harmonic_order_grid,13,1.6079090899617815e-08,0.11079987270298704,single_mode_bsv_random_phase_gamma_intensity,shared_fig_iv2_intensity_cases,hhg_intensity_prediction,quantum_light_hhg_bsv_threshold_tdse_dipole_acceleration
BSV - 1e13 W/cm^2,10000000000000.0,0.016880323915389028,6.39984447214989,1.8099096467638533e-06,5.03202690169715e-06,5.48627021619616e-07,0.0548627021619616,15.126023203404115,18.613676776582036,22.00238858521466,2.9907608109560786,tdse_dipole_acceleration,raw_fft_harmonic_order_grid,13,1.6079090899617815e-08,0.11079987270298704,single_mode_bsv_random_phase_gamma_intensity,shared_fig_iv2_intensity_cases,hhg_intensity_prediction,quantum_light_hhg_bsv_threshold_tdse_dipole_acceleration
BSV - 1e13 W/cm^2,10000000000000.0,0.016880323915389028,6.439843500100826,1.6432642412263194e-06,7.525178385430093e-05,4.981128024871186e-07,0.049811280248711856,15.126023203404115,18.613676776582036,22.00238858521466,2.9907608109560786,tdse_dipole_acceleration,raw_fft_harmonic_order_grid,13,1.6079090899617815e-08,0.11079987270298704,single_mode_bsv_random_phase_gamma_intensity,shared_fig_iv2_intensity_cases,hhg_intensity_prediction,quantum_light_hhg_bsv_threshold_tdse_dipole_acceleration
BSV - 1e13 W/cm^2,10000000000000.0,0.016880323915389028,6.479842528051764,4.240276705816108e-06,0.00016814290916211205,1.2853295655473427e-06,0.12853295655473426,15.126023203404115,18.613676776582036,22.00238858521466,2.9907608109560786,tdse_dipole_acceleration,raw_fft_harmonic_order_grid,13,1.6079090899617815e-08,0.11079987270298704,single_mode_bsv_random_phase_gamma_intensity,shared_fig_iv2_intensity_cases,hhg_intensity_prediction,quantum_light_hhg_bsv_threshold_tdse_dipole_acceleration
BSV - 1e13 W/cm^2,10000000000000.0,0.016880323915389028,6.5198415560027,1.750314210614983e-06,4.327978303515435e-05,5.305622156250532e-07,0.05305622156250532,15.126023203404115,18.613676776582036,22.00238858521466,2.9907608109560786,tdse_dipole_acceleration,raw_fft_harmonic_order_grid,13,1.6079090899617815e-08,0.11079987270298704,single_mode_bsv_random_phase_gamma_intensity,shared_fig_iv2_intensity_cases,hhg_intensity_prediction,quantum_light_hhg_bsv_threshold_tdse_dipole_acceleration
BSV - 1e13 W/cm^2,10000000000000.0,0.016880323915389028,6.559840583953638,1.5537750668725365e-06,8.03972730660598e-05,4.7098648749084286e-07,0.04709864874908429,15.126023203404115,18.613676776582036,22.00238858521466,2.9907608109560786,tdse_dipole_acceleration,raw_fft_harmonic_order_grid,13,1.6079090899617815e-08,0.11079987270298704,single_mode_bsv_random_phase_gamma_intensity,shared_fig_iv2_intensity_cases,hhg_intensity_prediction,quantum_light_hhg_bsv_threshold_tdse_dipole_acceleration
BSV - 1e13 W/cm^2,10000000000000.0,0.016880323915389028,6.599839611904574,3.6562998272871035e-06,8.413390340821276e-05,1.108312167946892e-06,0.1108312167946892,15.126023203404115,18.613676776582036,22.00238858521466,2.9907608109560786,tdse_dipole_acceleration,raw_fft_harmonic_order_grid,13,1.6079090899617815e-08,0.11079987270298704,single_mode_bsv_random_phase_gamma_intensity,shared_fig_iv2_intensity_cases,hhg_intensity_prediction,quantum_light_hhg_bsv_threshold_tdse_dipole_acceleration
BSV - 1e13 W/cm^2,10000000000000.0,0.016880323915389028,6.639838639855511,6.787760301260723e-07,3.253672329376267e-05,2.0575329405017628e-07,0.020575329405017627,15.126023203404115,18.613676776582036,22.00238858521466,2.9907608109560786,tdse_dipole_acceleration,raw_fft_harmonic_order_grid,13,1.6079090899617815e-08,0.11079987270298704,single_mode_bsv_random_phase_gamma_intensity,shared_fig_iv2_intensity_cases,hhg_intensity_prediction,quantum_light_hhg_bsv_threshold_tdse_dipole_acceleration
BSV - 1e13 W/cm^2,10000000000000.0,0.016880323915389028,6.679837667806447,8.898134935735454e-06,0.00041432734294284413,2.6972381060516768e-06,0.2697238106051677,15.126023203404115,18.613676776582036,22.00238858521466,2.9907608109560786,tdse_dipole_acceleration,raw_fft_harmonic_order_grid,13,1.6079090899617815e-08,0.11079987270298704,single_mode_bsv_random_phase_gamma_intensity,shared_fig_iv2_intensity_cases,hhg_intensity_prediction,quantum_light_hhg_bsv_threshold_tdse_dipole_acceleration
BSV - 1e13 W/cm^2,10000000000000.0,0.016880323915389028,6.719836695757384,1.5969067082820792e-06,3.309828709397907e-05,4.840607224430643e-07,0.04840607224430643,15.126023203404115,18.613676776582036,22.00238858521466,2.9907608109560786,tdse_dipole_acceleration,raw_fft_harmonic_order_grid,13,1.6079090899617815e-08,0.11079987270298704,single_mode_bsv_random_phase_gamma_intensity,shared_fig_iv2_intensity_cases,hhg_intensity_prediction,quantum_light_hhg_bsv_threshold_tdse_dipole_acceleration
BSV - 1e13 W/cm^2,10000000000000.0,0.016880323915389028,6.759835723708321,2.2297595294968552e-05,0.0011741969867441527,6.758935904801142e-06,0.6758935904801142,15.126023203404115,18.613676776582036,22.00238858521466,2.9907608109560786,tdse_dipole_acceleration,raw_fft_harmonic_order_grid,13,1.6079090899617815e-08,0.11079987270298704,single_mode_bsv_random_phase_gamma_intensity,shared_fig_iv2_intensity_cases,hhg_intensity_prediction,quantum_light_hhg_bsv_threshold_tdse_dipole_acceleration
BSV - 1e13 W/cm^2,10000000000000.0,0.016880323915389028,6.799834751659258,5.3421163920029056e-06,0.00015619030331849172,1.6193236002306811e-06,0.1619323600230681,15.126023203404115,18.613676776582036,22.00238858521466,2.9907608109560786,tdse_dipole_acceleration,raw_fft_harmonic_order_grid,13,1.6079090899617815e-08,0.11079987270298704,single_mode_bsv_random_phase_gamma_intensity,shared_fig_iv2_intensity_cases,hhg_intensity_prediction,quantum_light_hhg_bsv_threshold_tdse_dipole_acceleration
BSV - 1e13 W/cm^2,10000000000000.0,0.016880323915389028,6.839833779610195,1.618745639001247e-05,0.0006415325168504127,4.906806261146299e-06,0.49068062611462987,15.126023203404115,18.613676776582036,22.00238858521466,2.9907608109560786,tdse_dipole_acceleration,raw_fft_harmonic_order_grid,13,1.6079090899617815e-08,0.11079987270298704,single_mode_bsv_random_phase_gamma_intensity,shared_fig_iv2_intensity_cases,hhg_intensity_prediction,quantum_light_hhg_bsv_threshold_tdse_dipole_acceleration
BSV - 1e13 W/cm^2,10000000000000.0,0.016880323915389028,6.879832807561132,0.0001095612813083104,0.0036658384586200853,3.3210652010436976e-05,3.3210652010436976,15.126023203404115,18.613676776582036,22.00238858521466,2.9907608109560786,tdse_dipole_acceleration,raw_fft_harmonic_order_grid,13,1.6079090899617815e-08,0.11079987270298704,single_mode_bsv_random_phase_gamma_intensity,shared_fig_iv2_intensity_cases,hhg_intensity_prediction,quantum_light_hhg_bsv_threshold_tdse_dipole_acceleration
BSV - 1e13 W/cm^2,10000000000000.0,0.016880323915389028,6.919831835512069,6.495748365655585e-05,0.002054670494542461,1.96901711939717e-05,1.9690171193971702,15.126023203404115,18.613676776582036,22.00238858521466,2.9907608109560786,tdse_dipole_acceleration,raw_fft_harmonic_order_grid,13,1.6079090899617815e-08,0.11079987270298704,single_mode_bsv_random_phase_gamma_intensity,shared_fig_iv2_intensity_cases,hhg_intensity_prediction,quantum_light_hhg_bsv_threshold_tdse_dipole_acceleration
BSV - 1e13 W/cm^2,10000000000000.0,0.016880323915389028,6.959830863463005,0.008207576644753918,0.23508785200055335,0.0024879133261581955,248.79133261581956,15.126023203404115,18.613676776582036,22.00238858521466,2.9907608109560786,tdse_dipole_acceleration,raw_fft_harmonic_order_grid,13,1.6079090899617815e-08,0.11079987270298704,single_mode_bsv_random_phase_gamma_intensity,shared_fig_iv2_intensity_cases,hhg_intensity_prediction,quantum_light_hhg_bsv_threshold_tdse_dipole_acceleration
BSV - 1e13 W/cm^2,10000000000000.0,0.016880323915389028,6.999829891413942,0.025012102942660045,0.6590624302897953,0.007581768275786876,758.1768275786876,15.126023203404115,18.613676776582036,22.00238858521466,2.9907608109560786,tdse_dipole_acceleration,raw_fft_harmonic_order_grid,13,1.6079090899617815e-08,0.11079987270298704,single_mode_bsv_random_phase_gamma_intensity,shared_fig_iv2_intensity_cases,hhg_intensity_prediction,quantum_light_hhg_bsv_threshold_tdse_dipole_acceleration
BSV - 1e13 W/cm^2,10000000000000.0,0.016880323915389028,7.039828919364879,0.013890115753858831,0.32312070126698095,0.004210427216417591,421.04272164175916,15.126023203404115,18.613676776582036,22.00238858521466,2.9907608109560786,tdse_dipole_acceleration,raw_fft_harmonic_order_grid,13,1.6079090899617815e-08,0.11079987270298704,single_mode_bsv_random_phase_gamma_intensity,shared_fig_iv2_intensity_cases,hhg_intensity_prediction,quantum_light_hhg_bsv_threshold_tdse_dipole_acceleration
BSV - 1e13 W/cm^2,10000000000000.0,0.016880323915389028,7.079827947315816,0.0008560735043663144,0.016486123276476052,0.00025949641067869153,25.949641067869152,15.126023203404115,18.613676776582036,22.00238858521466,2.9907608109560786,tdse_dipole_acceleration,raw_fft_harmonic_order_grid,13,1.6079090899617815e-08,0.11079987270298704,single_mode_bsv_random_phase_gamma_intensity,shared_fig_iv2_intensity_cases,hhg_intensity_prediction,quantum_light_hhg_bsv_threshold_tdse_dipole_acceleration
BSV - 1e13 W/cm^2,10000000000000.0,0.016880323915389028,7.119826975266753,0.0002259946282615282,0.008572096119644948,6.850439193295908e-05,6.850439193295908,15.126023203404115,18.613676776582036,22.00238858521466,2.9907608109560786,tdse_dipole_acceleration,raw_fft_harmonic_order_grid,13,1.6079090899617815e-08,0.11079987270298704,single_mode_bsv_random_phase_gamma_intensity,shared_fig_iv2_intensity_cases,hhg_intensity_prediction,quantum_light_hhg_bsv_threshold_tdse_dipole_acceleration
BSV - 1e13 W/cm^2,10000000000000.0,0.016880323915389028,7.15982600321769,1.0373125457817982e-05,0.0001634758286561222,3.144343108499836e-06,0.3144343108499836,15.126023203404115,18.613676776582036,22.00238858521466,2.9907608109560786,tdse_dipole_acceleration,raw_fft_harmonic_order_grid,13,1.6079090899617815e-08,0.11079987270298704,single_mode_bsv_random_phase_gamma_intensity,shared_fig_iv2_intensity_cases,hhg_intensity_prediction,quantum_light_hhg_bsv_threshold_tdse_dipole_acceleration
BSV - 1e13 W/cm^2,10000000000000.0,0.016880323915389028,7.199825031168626,3.622604367198283e-05,0.0016100331275678476,1.0980982658641633e-05,1.0980982658641634,15.126023203404115,18.613676776582036,22.00238858521466,2.9907608109560786,tdse_dipole_acceleration,raw_fft_harmonic_order_grid,13,1.6079090899617815e-08,0.11079987270298704,single_mode_bsv_random_phase_gamma_intensity,shared_fig_iv2_intensity_cases,hhg_intensity_prediction,quantum_light_hhg_bsv_threshold_tdse_dipole_acceleration
BSV - 1e13 W/cm^2,10000000000000.0,0.016880323915389028,7.239824059119563,5.634857970090285e-05,0.0008772106038805834,1.7080605934709078e-05,1.7080605934709077,15.126023203404115,18.613676776582036,22.00238858521466,2.9907608109560786,tdse_dipole_acceleration,raw_fft_harmonic_order_grid,13,1.6079090899617815e-08,0.11079987270298704,single_mode_bsv_random_phase_gamma_intensity,shared_fig_iv2_intensity_cases,hhg_intensity_prediction,quantum_light_hhg_bsv_threshold_tdse_dipole_acceleration
BSV - 1e13 W/cm^2,10000000000000.0,0.016880323915389028,7.279823087070499,5.2290386946866214e-05,0.0018162162398118365,1.5850470381928126e-05,1.5850470381928126,15.126023203404115,18.613676776582036,22.00238858521466,2.9907608109560786,tdse_dipole_acceleration,raw_fft_harmonic_order_grid,13,1.6079090899617815e-08,0.11079987270298704,single_mode_bsv_random_phase_gamma_intensity,shared_fig_iv2_intensity_cases,hhg_intensity_prediction,quantum_light_hhg_bsv_threshold_tdse_dipole_acceleration
BSV - 1e13 W/cm^2,10000000000000.0,0.016880323915389028,7.319822115021437,4.22697904474387e-05,0.001027392425572407,1.2812987255539688e-05,1.2812987255539687,15.126023203404115,18.613676776582036,22.00238858521466,2.9907608109560786,tdse_dipole_acceleration,raw_fft_harmonic_order_grid,13,1.6079090899617815e-08,0.11079987270298704,single_mode_bsv_random_phase_gamma_intensity,shared_fig_iv2_intensity_cases,hhg_intensity_prediction,quantum_light_hhg_bsv_threshold_tdse_dipole_acceleration
BSV - 1e13 W/cm^2,10000000000000.0,0.016880323915389028,7.359821142972373,2.5305152555288236e-06,3.091769719357027e-05,7.670598641684121e-07,0.0767059864168412,15.126023203404115,18.613676776582036,22.00238858521466,2.9907608109560786,tdse_dipole_acceleration,raw_fft_harmonic_order_grid,13,1.6079090899617815e-08,0.11079987270298704,single_mode_bsv_random_phase_gamma_intensity,shared_fig_iv2_intensity_cases,hhg_intensity_prediction,quantum_light_hhg_bsv_threshold_tdse_dipole_acceleration
BSV - 1e13 W/cm^2,10000000000000.0,0.016880323915389028,7.399820170923311,3.456996285087845e-05,0.0011414617663085165,1.047898484340903e-05,1.0478984843409032,15.126023203404115,18.613676776582036,22.00238858521466,2.9907608109560786,tdse_dipole_acceleration,raw_fft_harmonic_order_grid,13,1.6079090899617815e-08,0.11079987270298704,single_mode_bsv_random_phase_gamma_intensity,shared_fig_iv2_intensity_cases,hhg_intensity_prediction,quantum_light_hhg_bsv_threshold_tdse_dipole_acceleration
BSV - 1e13 W/cm^2,10000000000000.0,0.016880323915389028,7.439819198874247,3.9752128213008225e-05,0.0012461466431408507,1.204982345032461e-05,1.204982345032461,15.126023203404115,18.613676776582036,22.00238858521466,2.9907608109560786,tdse_dipole_acceleration,raw_fft_harmonic_order_grid,13,1.6079090899617815e-08,0.11079987270298704,single_mode_bsv_random_phase_gamma_intensity,shared_fig_iv2_intensity_cases,hhg_intensity_prediction,quantum_light_hhg_bsv_threshold_tdse_dipole_acceleration
BSV - 1e13 W/cm^2,10000000000000.0,0.016880323915389028,7.479818226825183,1.4691516724220927e-05,0.00032781150442236223,4.45335107080942e-06,0.445335107080942,15.126023203404115,18.613676776582036,22.00238858521466,2.9907608109560786,tdse_dipole_acceleration,raw_fft_harmonic_order_grid,13,1.6079090899617815e-08,0.11079987270298704,single_mode_bsv_random_phase_gamma_intensity,shared_fig_iv2_intensity_cases,hhg_intensity_prediction,quantum_light_hhg_bsv_threshold_tdse_dipole_acceleration
BSV - 1e13 W/cm^2,10000000000000.0,0.016880323915389028,7.51981725477612,2.5467804767486753e-05,0.0007516838778607143,7.719902428145433e-06,0.7719902428145433,15.126023203404115,18.613676776582036,22.00238858521466,2.9907608109560786,tdse_dipole_acceleration,raw_fft_harmonic_order_grid,13,1.6079090899617815e-08,0.11079987270298704,single_mode_bsv_random_phase_gamma_intensity,shared_fig_iv2_intensity_cases,hhg_intensity_prediction,quantum_light_hhg_bsv_threshold_tdse_dipole_acceleration
BSV - 1e13 W/cm^2,10000000000000.0,0.016880323915389028,7.559816282727057,1.8594555518422626e-05,0.0005862221246189426,5.636455737253624e-06,0.5636455737253624,15.126023203404115,18.613676776582036,22.00238858521466,2.9907608109560786,tdse_dipole_acceleration,raw_fft_harmonic_order_grid,13,1.6079090899617815e-08,0.11079987270298704,single_mode_bsv_random_phase_gamma_intensity,shared_fig_iv2_intensity_cases,hhg_intensity_prediction,quantum_light_hhg_bsv_threshold_tdse_dipole_acceleration
BSV - 1e13 W/cm^2,10000000000000.0,0.016880323915389028,7.599815310677994,3.699900930790102e-05,0.0012182673618701483,1.1215287081189108e-05,1.1215287081189107,15.126023203404115,18.613676776582036,22.00238858521466,2.9907608109560786,tdse_dipole_acceleration,raw_fft_harmonic_order_grid,13,1.6079090899617815e-08,0.11079987270298704,single_mode_bsv_random_phase_gamma_intensity,shared_fig_iv2_intensity_cases,hhg_intensity_prediction,quantum_light_hhg_bsv_threshold_tdse_dipole_acceleration
BSV - 1e13 W/cm^2,10000000000000.0,0.016880323915389028,7.6398143386289314,4.0103556942867115e-05,0.0009540295060946923,1.2156349926780925e-05,1.2156349926780925,15.126023203404115,18.613676776582036,22.00238858521466,2.9907608109560786,tdse_dipole_acceleration,raw_fft_harmonic_order_grid,13,1.6079090899617815e-08,0.11079987270298704,single_mode_bsv_random_phase_gamma_intensity,shared_fig_iv2_intensity_cases,hhg_intensity_prediction,quantum_light_hhg_bsv_threshold_tdse_dipole_acceleration
BSV - 1e13 W/cm^2,10000000000000.0,0.016880323915389028,7.679813366579868,4.6567882719459834e-05,0.0013141774759959021,1.4115842105814381e-05,1.411584210581438,15.126023203404115,18.613676776582036,22.00238858521466,2.9907608109560786,tdse_dipole_acceleration,raw_fft_harmonic_order_grid,13,1.6079090899617815e-08,0.11079987270298704,single_mode_bsv_random_phase_gamma_intensity,shared_fig_iv2_intensity_cases,hhg_intensity_prediction,quantum_light_hhg_bsv_threshold_tdse_dipole_acceleration
BSV - 1e13 W/cm^2,10000000000000.0,0.016880323915389028,7.719812394530805,4.6568079348450884e-05,0.0013013832699029834,1.4115901708777388e-05,1.4115901708777387,15.126023203404115,18.613676776582036,22.00238858521466,2.9907608109560786,tdse_dipole_acceleration,raw_fft_harmonic_order_grid,13,1.6079090899617815e-08,0.11079987270298704,single_mode_bsv_random_phase_gamma_intensity,shared_fig_iv2_intensity_cases,hhg_intensity_prediction,quantum_light_hhg_bsv_threshold_tdse_dipole_acceleration
BSV - 1e13 W/cm^2,10000000000000.0,0.016880323915389028,7.759811422481741,6.398615656314951e-05,0.0011990285118990906,1.9395738656288516e-05,1.9395738656288515,15.126023203404115,18.613676776582036,22.00238858521466,2.9907608109560786,tdse_dipole_acceleration,raw_fft_harmonic_order_grid,13,1.6079090899617815e-08,0.11079987270298704,single_mode_bsv_random_phase_gamma_intensity,shared_fig_iv2_intensity_cases,hhg_intensity_prediction,quantum_light_hhg_bsv_threshold_tdse_dipole_acceleration
BSV - 1e13 W/cm^2,10000000000000.0,0.016880323915389028,7.799810450432679,6.361368028738766e-05,0.001376332005996365,1.9282832163878482e-05,1.9282832163878483,15.126023203404115,18.613676776582036,22.00238858521466,2.9907608109560786,tdse_dipole_acceleration,raw_fft_harmonic_order_grid,13,1.6079090899617815e-08,0.11079987270298704,single_mode_bsv_random_phase_gamma_intensity,shared_fig_iv2_intensity_cases,hhg_intensity_prediction,quantum_light_hhg_bsv_threshold_tdse_dipole_acceleration
BSV - 1e13 W/cm^2,10000000000000.0,0.016880323915389028,7.839809478383615,8.250671819324978e-05,0.001461025084706927,2.5009765071370762e-05,2.5009765071370764,15.126023203404115,18.613676776582036,22.00238858521466,2.9907608109560786,tdse_dipole_acceleration,raw_fft_harmonic_order_grid,13,1.6079090899617815e-08,0.11079987270298704,single_mode_bsv_random_phase_gamma_intensity,shared_fig_iv2_intensity_cases,hhg_intensity_prediction,quantum_light_hhg_bsv_threshold_tdse_dipole_acceleration
BSV - 1e13 W/cm^2,10000000000000.0,0.016880323915389028,7.879808506334553,7.927671778411642e-05,0.001272743747008508,2.4030674481151823e-05,2.4030674481151824,15.126023203404115,18.613676776582036,22.00238858521466,2.9907608109560786,tdse_dipole_acceleration,raw_fft_harmonic_order_grid,13,1.6079090899617815e-08,0.11079987270298704,single_mode_bsv_random_phase_gamma_intensity,shared_fig_iv2_intensity_cases,hhg_intensity_prediction,quantum_light_hhg_bsv_threshold_tdse_dipole_acceleration
BSV - 1e13 W/cm^2,10000000000000.0,0.016880323915389028,7.919807534285489,9.979895272513789e-05,0.0013280721718942597,3.025145608359368e-05,3.025145608359368,15.126023203404115,18.613676776582036,22.00238858521466,2.9907608109560786,tdse_dipole_acceleration,raw_fft_harmonic_order_grid,13,1.6079090899617815e-08,0.11079987270298704,single_mode_bsv_random_phase_gamma_intensity,shared_fig_iv2_intensity_cases,hhg_intensity_prediction,quantum_light_hhg_bsv_threshold_tdse_dipole_acceleration
BSV - 1e13 W/cm^2,10000000000000.0,0.016880323915389028,7.959806562236426,0.00010781735418132484,0.0015571024266993285,3.2682025873043626e-05,3.2682025873043625,15.126023203404115,18.613676776582036,22.00238858521466,2.9907608109560786,tdse_dipole_acceleration,raw_fft_harmonic_order_grid,13,1.6079090899617815e-08,0.11079987270298704,single_mode_bsv_random_phase_gamma_intensity,shared_fig_iv2_intensity_cases,hhg_intensity_prediction,quantum_light_hhg_bsv_threshold_tdse_dipole_acceleration
BSV - 1e13 W/cm^2,10000000000000.0,0.016880323915389028,7.9998055901873615,0.00014504466650901114,0.002543992181483424,4.396651707499949e-05,4.396651707499949,15.126023203404115,18.613676776582036,22.00238858521466,2.9907608109560786,tdse_dipole_acceleration,raw_fft_harmonic_order_grid,13,1.6079090899617815e-08,0.11079987270298704,single_mode_bsv_random_phase_gamma_intensity,shared_fig_iv2_intensity_cases,hhg_intensity_prediction,quantum_light_hhg_bsv_threshold_tdse_dipole_acceleration
BSV - 1e13 W/cm^2,10000000000000.0,0.016880323915389028,8.0398046181383,0.000152393581643599,0.0017074270280667298,4.619414950385205e-05,4.619414950385205,15.126023203404115,18.613676776582036,22.00238858521466,2.9907608109560786,tdse_dipole_acceleration,raw_fft_harmonic_order_grid,13,1.6079090899617815e-08,0.11079987270298704,single_mode_bsv_random_phase_gamma_intensity,shared_fig_iv2_intensity_cases,hhg_intensity_prediction,quantum_light_hhg_bsv_threshold_tdse_dipole_acceleration
BSV - 1e13 W/cm^2,10000000000000.0,0.016880323915389028,8.079803646089236,0.00024271926667963475,0.005126688330707737,7.3574030950242e-05,7.3574030950242,15.126023203404115,18.613676776582036,22.00238858521466,2.9907608109560786,tdse_dipole_acceleration,raw_fft_harmonic_order_grid,13,1.6079090899617815e-08,0.11079987270298704,single_mode_bsv_random_phase_gamma_intensity,shared_fig_iv2_intensity_cases,hhg_intensity_prediction,quantum_light_hhg_bsv_threshold_tdse_dipole_acceleration
BSV - 1e13 W/cm^2,10000000000000.0,0.016880323915389028,8.119802674040173,0.00031486637318737463,0.0034822912257425807,9.544354926160496e-05,9.544354926160496,15.126023203404115,18.613676776582036,22.00238858521466,2.9907608109560786,tdse_dipole_acceleration,raw_fft_harmonic_order_grid,13,1.6079090899617815e-08,0.11079987270298704,single_mode_bsv_random_phase_gamma_intensity,shared_fig_iv2_intensity_cases,hhg_intensity_prediction,quantum_light_hhg_bsv_threshold_tdse_dipole_acceleration
BSV - 1e13 W/cm^2,10000000000000.0,0.016880323915389028,8.15980170199111,0.00015732780838236538,0.0011473799250544849,4.768983196762892e-05,4.768983196762892,15.126023203404115,18.613676776582036,22.00238858521466,2.9907608109560786,tdse_dipole_acceleration,raw_fft_harmonic_order_grid,13,1.6079090899617815e-08,0.11079987270298704,single_mode_bsv_random_phase_gamma_intensity,shared_fig_iv2_intensity_cases,hhg_intensity_prediction,quantum_light_hhg_bsv_threshold_tdse_dipole_acceleration
BSV - 1e13 W/cm^2,10000000000000.0,0.016880323915389028,8.199800729942046,0.0001462220641320458,0.0010432769817852023,4.43234145324734e-05,4.43234145324734,15.126023203404115,18.613676776582036,22.00238858521466,2.9907608109560786,tdse_dipole_acceleration,raw_fft_harmonic_order_grid,13,1.6079090899617815e-08,0.11079987270298704,single_mode_bsv_random_phase_gamma_intensity,shared_fig_iv2_intensity_cases,hhg_intensity_prediction,quantum_light_hhg_bsv_threshold_tdse_dipole_acceleration
BSV - 1e13 W/cm^2,10000000000000.0,0.016880323915389028,8.239799757892984,9.150888113638714e-05,0.0008301882278343347,2.7738536561405432e-05,2.773853656140543,15.126023203404115,18.613676776582036,22.00238858521466,2.9907608109560786,tdse_dipole_acceleration,raw_fft_harmonic_order_grid,13,1.6079090899617815e-08,0.11079987270298704,single_mode_bsv_random_phase_gamma_intensity,shared_fig_iv2_intensity_cases,hhg_intensity_prediction,quantum_light_hhg_bsv_threshold_tdse_dipole_acceleration
BSV - 1e13 W/cm^2,10000000000000.0,0.016880323915389028,8.27979878584392,0.0002995333564829346,0.0010212381814753452,9.079574416147649e-05,9.079574416147649,15.126023203404115,18.613676776582036,22.00238858521466,2.9907608109560786,tdse_dipole_acceleration,raw_fft_harmonic_order_grid,13,1.6079090899617815e-08,0.11079987270298704,single_mode_bsv_random_phase_gamma_intensity,shared_fig_iv2_intensity_cases,hhg_intensity_prediction,quantum_light_hhg_bsv_threshold_tdse_dipole_acceleration
BSV - 1e13 W/cm^2,10000000000000.0,0.016880323915389028,8.319797813794857,0.000903633359289519,0.0024980326688719837,0.00027391294335027145,27.391294335027144,15.126023203404115,18.613676776582036,22.00238858521466,2.9907608109560786,tdse_dipole_acceleration,raw_fft_harmonic_order_grid,13,1.6079090899617815e-08,0.11079987270298704,single_mode_bsv_random_phase_gamma_intensity,shared_fig_iv2_intensity_cases,hhg_intensity_prediction,quantum_light_hhg_bsv_threshold_tdse_dipole_acceleration
BSV - 1e13 W/cm^2,10000000000000.0,0.016880323915389028,8.359796841745792,0.00047090141370996236,0.001760113511312979,0.0001427415122860391,14.27415122860391,15.126023203404115,18.613676776582036,22.00238858521466,2.9907608109560786,tdse_dipole_acceleration,raw_fft_harmonic_order_grid,13,1.6079090899617815e-08,0.11079987270298704,single_mode_bsv_random_phase_gamma_intensity,shared_fig_iv2_intensity_cases,hhg_intensity_prediction,quantum_light_hhg_bsv_threshold_tdse_dipole_acceleration
BSV - 1e13 W/cm^2,10000000000000.0,0.016880323915389028,8.399795869696732,0.0005581903594135326,0.001955062056870001,0.00016920088520959502,16.920088520959503,15.126023203404115,18.613676776582036,22.00238858521466,2.9907608109560786,tdse_dipole_acceleration,raw_fft_harmonic_order_grid,13,1.6079090899617815e-08,0.11079987270298704,single_mode_bsv_random_phase_gamma_intensity,shared_fig_iv2_intensity_cases,hhg_intensity_prediction,quantum_light_hhg_bsv_threshold_tdse_dipole_acceleration
BSV - 1e13 W/cm^2,10000000000000.0,0.016880323915389028,8.439794897647667,0.0003254868017275668,0.00111980121446208,9.866285586552729e-05,9.86628558655273,15.126023203404115,18.613676776582036,22.00238858521466,2.9907608109560786,tdse_dipole_acceleration,raw_fft_harmonic_order_grid,13,1.6079090899617815e-08,0.11079987270298704,single_mode_bsv_random_phase_gamma_intensity,shared_fig_iv2_intensity_cases,hhg_intensity_prediction,quantum_light_hhg_bsv_threshold_tdse_dipole_acceleration
BSV - 1e13 W/cm^2,10000000000000.0,0.016880323915389028,8.479793925598603,0.0003792883961925991,0.004688516174990637,0.00011497140949002118,11.497140949002118,15.126023203404115,18.613676776582036,22.00238858521466,2.9907608109560786,tdse_dipole_acceleration,raw_fft_harmonic_order_grid,13,1.6079090899617815e-08,0.11079987270298704,single_mode_bsv_random_phase_gamma_intensity,shared_fig_iv2_intensity_cases,hhg_intensity_prediction,quantum_light_hhg_bsv_threshold_tdse_dipole_acceleration
BSV - 1e13 W/cm^2,10000000000000.0,0.016880323915389028,8.51979295354954,0.00020669008206106182,0.0008084460372123889,6.26527209920273e-05,6.265272099202729,15.126023203404115,18.613676776582036,22.00238858521466,2.9907608109560786,tdse_dipole_acceleration,raw_fft_harmonic_order_grid,13,1.6079090899617815e-08,0.11079987270298704,single_mode_bsv_random_phase_gamma_intensity,shared_fig_iv2_intensity_cases,hhg_intensity_prediction,quantum_light_hhg_bsv_threshold_tdse_dipole_acceleration
BSV - 1e13 W/cm^2,10000000000000.0,0.016880323915389028,8.559791981500478,0.0007826508838265616,0.0030231935247781727,0.00023724025347313378,23.72402534731338,15.126023203404115,18.613676776582036,22.00238858521466,2.9907608109560786,tdse_dipole_acceleration,raw_fft_harmonic_order_grid,13,1.6079090899617815e-08,0.11079987270298704,single_mode_bsv_random_phase_gamma_intensity,shared_fig_iv2_intensity_cases,hhg_intensity_prediction,quantum_light_hhg_bsv_threshold_tdse_dipole_acceleration
BSV - 1e13 W/cm^2,10000000000000.0,0.016880323915389028,8.599791009451414,0.0015794694407805252,0.002464892816343621,0.00047877506845936,47.877506845936,15.126023203404115,18.613676776582036,22.00238858521466,2.9907608109560786,tdse_dipole_acceleration,raw_fft_harmonic_order_grid,13,1.6079090899617815e-08,0.11079987270298704,single_mode_bsv_random_phase_gamma_intensity,shared_fig_iv2_intensity_cases,hhg_intensity_prediction,quantum_light_hhg_bsv_threshold_tdse_dipole_acceleration
BSV - 1e13 W/cm^2,10000000000000.0,0.016880323915389028,8.639790037402351,0.001194718929233813,0.001932431525857443,0.0003621479608057162,36.21479608057162,15.126023203404115,18.613676776582036,22.00238858521466,2.9907608109560786,tdse_dipole_acceleration,raw_fft_harmonic_order_grid,13,1.6079090899617815e-08,0.11079987270298704,single_mode_bsv_random_phase_gamma_intensity,shared_fig_iv2_intensity_cases,hhg_intensity_prediction,quantum_light_hhg_bsv_threshold_tdse_dipole_acceleration
BSV - 1e13 W/cm^2,10000000000000.0,0.016880323915389028,8.679789065353289,0.00030263624220670446,0.004562009904946055,9.173630324192654e-05,9.173630324192654,15.126023203404115,18.613676776582036,22.00238858521466,2.9907608109560786,tdse_dipole_acceleration,raw_fft_harmonic_order_grid,13,1.6079090899617815e-08,0.11079987270298704,single_mode_bsv_random_phase_gamma_intensity,shared_fig_iv2_intensity_cases,hhg_intensity_prediction,quantum_light_hhg_bsv_threshold_tdse_dipole_acceleration
BSV - 1e13 W/cm^2,10000000000000.0,0.016880323915389028,8.719788093304224,8.372591209171162e-05,0.0013722635874256852,2.5379331982341098e-05,2.53793319823411,15.126023203404115,18.613676776582036,22.00238858521466,2.9907608109560786,tdse_dipole_acceleration,raw_fft_harmonic_order_grid,13,1.6079090899617815e-08,0.11079987270298704,single_mode_bsv_random_phase_gamma_intensity,shared_fig_iv2_intensity_cases,hhg_intensity_prediction,quantum_light_hhg_bsv_threshold_tdse_dipole_acceleration
BSV - 1e13 W/cm^2,10000000000000.0,0.016880323915389028,8.759787121255162,0.00028998486008521444,0.009955009339865756,8.790136589845464e-05,8.790136589845464,15.126023203404115,18.613676776582036,22.00238858521466,2.9907608109560786,tdse_dipole_acceleration,raw_fft_harmonic_order_grid,13,1.6079090899617815e-08,0.11079987270298704,single_mode_bsv_random_phase_gamma_intensity,shared_fig_iv2_intensity_cases,hhg_intensity_prediction,quantum_light_hhg_bsv_threshold_tdse_dipole_acceleration
BSV - 1e13 W/cm^2,10000000000000.0,0.016880323915389028,8.7997861492061,0.0001804518307555496,0.004432373353231522,5.469927774032205e-05,5.469927774032206,15.126023203404115,18.613676776582036,22.00238858521466,2.9907608109560786,tdse_dipole_acceleration,raw_fft_harmonic_order_grid,13,1.6079090899617815e-08,0.11079987270298704,single_mode_bsv_random_phase_gamma_intensity,shared_fig_iv2_intensity_cases,hhg_intensity_prediction,quantum_light_hhg_bsv_threshold_tdse_dipole_acceleration
BSV - 1e13 W/cm^2,10000000000000.0,0.016880323915389028,8.839785177157035,0.00024116719958937249,0.004675419755274165,7.310356219142473e-05,7.310356219142473,15.126023203404115,18.613676776582036,22.00238858521466,2.9907608109560786,tdse_dipole_acceleration,raw_fft_harmonic_order_grid,13,1.6079090899617815e-08,0.11079987270298704,single_mode_bsv_random_phase_gamma_intensity,shared_fig_iv2_intensity_cases,hhg_intensity_prediction,quantum_light_hhg_bsv_threshold_tdse_dipole_acceleration
BSV - 1e13 W/cm^2,10000000000000.0,0.016880323915389028,8.879784205107972,0.0007851153110183011,0.01844042606797168,0.0002379872804601549,23.79872804601549,15.126023203404115,18.613676776582036,22.00238858521466,2.9907608109560786,tdse_dipole_acceleration,raw_fft_harmonic_order_grid,13,1.6079090899617815e-08,0.11079987270298704,single_mode_bsv_random_phase_gamma_intensity,shared_fig_iv2_intensity_cases,hhg_intensity_prediction,quantum_light_hhg_bsv_threshold_tdse_dipole_acceleration
BSV - 1e13 W/cm^2,10000000000000.0,0.016880323915389028,8.91978323305891,0.0006060602849940625,0.005446770466655749,0.00018371140773394142,18.371140773394142,15.126023203404115,18.613676776582036,22.00238858521466,2.9907608109560786,tdse_dipole_acceleration,raw_fft_harmonic_order_grid,13,1.6079090899617815e-08,0.11079987270298704,single_mode_bsv_random_phase_gamma_intensity,shared_fig_iv2_intensity_cases,hhg_intensity_prediction,quantum_light_hhg_bsv_threshold_tdse_dipole_acceleration
BSV - 1e13 W/cm^2,10000000000000.0,0.016880323915389028,8.959782261009847,0.04226119287777422,0.58969384096862,0.012810381125975913,1281.0381125975912,15.126023203404115,18.613676776582036,22.00238858521466,2.9907608109560786,tdse_dipole_acceleration,raw_fft_harmonic_order_grid,13,1.6079090899617815e-08,0.11079987270298704,single_mode_bsv_random_phase_gamma_intensity,shared_fig_iv2_intensity_cases,hhg_intensity_prediction,quantum_light_hhg_bsv_threshold_tdse_dipole_acceleration
BSV - 1e13 W/cm^2,10000000000000.0,0.016880323915389028,8.999781288960783,0.12522191538115124,1.728294324277141,0.03795776579228775,3795.7765792287746,15.126023203404115,18.613676776582036,22.00238858521466,2.9907608109560786,tdse_dipole_acceleration,raw_fft_harmonic_order_grid,13,1.6079090899617815e-08,0.11079987270298704,single_mode_bsv_random_phase_gamma_intensity,shared_fig_iv2_intensity_cases,hhg_intensity_prediction,quantum_light_hhg_bsv_threshold_tdse_dipole_acceleration
BSV - 1e13 W/cm^2,10000000000000.0,0.016880323915389028,9.03978031691172,0.07893245038604527,1.072595386715701,0.02392631877611305,2392.6318776113053,15.126023203404115,18.613676776582036,22.00238858521466,2.9907608109560786,tdse_dipole_acceleration,raw_fft_harmonic_order_grid,13,1.6079090899617815e-08,0.11079987270298704,single_mode_bsv_random_phase_gamma_intensity,shared_fig_iv2_intensity_cases,hhg_intensity_prediction,quantum_light_hhg_bsv_threshold_tdse_dipole_acceleration
BSV - 1e13 W/cm^2,10000000000000.0,0.016880323915389028,9.079779344862658,0.007198988663067447,0.09315116650127514,0.0021821861195966048,218.21861195966048,15.126023203404115,18.613676776582036,22.00238858521466,2.9907608109560786,tdse_dipole_acceleration,raw_fft_harmonic_order_grid,13,1.6079090899617815e-08,0.11079987270298704,single_mode_bsv_random_phase_gamma_intensity,shared_fig_iv2_intensity_cases,hhg_intensity_prediction,quantum_light_hhg_bsv_threshold_tdse_dipole_acceleration
BSV - 1e13 W/cm^2,10000000000000.0,0.016880323915389028,9.119778372813593,0.0006810999272786778,0.025494088503786375,0.0002064577230119556,20.64577230119556,15.126023203404115,18.613676776582036,22.00238858521466,2.9907608109560786,tdse_dipole_acceleration,raw_fft_harmonic_order_grid,13,1.6079090899617815e-08,0.11079987270298704,single_mode_bsv_random_phase_gamma_intensity,shared_fig_iv2_intensity_cases,hhg_intensity_prediction,quantum_light_hhg_bsv_threshold_tdse_dipole_acceleration
BSV - 1e13 W/cm^2,10000000000000.0,0.016880323915389028,9.15977740076453,5.540210443123545e-05,0.0004884398679149683,1.6793706580831e-05,1.6793706580831003,15.126023203404115,18.613676776582036,22.00238858521466,2.9907608109560786,tdse_dipole_acceleration,raw_fft_harmonic_order_grid,13,1.6079090899617815e-08,0.11079987270298704,single_mode_bsv_random_phase_gamma_intensity,shared_fig_iv2_intensity_cases,hhg_intensity_prediction,quantum_light_hhg_bsv_threshold_tdse_dipole_acceleration
BSV - 1e13 W/cm^2,10000000000000.0,0.016880323915389028,9.199776428715467,0.00012663405476132816,0.00467629685299257,3.838581910624376e-05,3.8385819106243764,15.126023203404115,18.613676776582036,22.00238858521466,2.9907608109560786,tdse_dipole_acceleration,raw_fft_harmonic_order_grid,13,1.6079090899617815e-08,0.11079987270298704,single_mode_bsv_random_phase_gamma_intensity,shared_fig_iv2_intensity_cases,hhg_intensity_prediction,quantum_light_hhg_bsv_threshold_tdse_dipole_acceleration
BSV - 1e13 W/cm^2,10000000000000.0,0.016880323915389028,9.239775456666402,0.0001939693700598614,0.0028392852873820322,5.879676809925282e-05,5.879676809925282,15.126023203404115,18.613676776582036,22.00238858521466,2.9907608109560786,tdse_dipole_acceleration,raw_fft_harmonic_order_grid,13,1.6079090899617815e-08,0.11079987270298704,single_mode_bsv_random_phase_gamma_intensity,shared_fig_iv2_intensity_cases,hhg_intensity_prediction,quantum_light_hhg_bsv_threshold_tdse_dipole_acceleration
BSV - 1e13 W/cm^2,10000000000000.0,0.016880323915389028,9.27977448461734,4.08010540453908e-05,0.0007805646663354094,1.2367778026868736e-05,1.2367778026868737,15.126023203404115,18.613676776582036,22.00238858521466,2.9907608109560786,tdse_dipole_acceleration,raw_fft_harmonic_order_grid,13,1.6079090899617815e-08,0.11079987270298704,single_mode_bsv_random_phase_gamma_intensity,shared_fig_iv2_intensity_cases,hhg_intensity_prediction,quantum_light_hhg_bsv_threshold_tdse_dipole_acceleration
BSV - 1e13 W/cm^2,10000000000000.0,0.016880323915389028,9.319773512568277,9.453731283126635e-05,0.0022234018148373134,2.8656526840042147e-05,2.865652684004215,15.126023203404115,18.613676776582036,22.00238858521466,2.9907608109560786,tdse_dipole_acceleration,raw_fft_harmonic_order_grid,13,1.6079090899617815e-08,0.11079987270298704,single_mode_bsv_random_phase_gamma_intensity,shared_fig_iv2_intensity_cases,hhg_intensity_prediction,quantum_light_hhg_bsv_threshold_tdse_dipole_acceleration
BSV - 1e13 W/cm^2,10000000000000.0,0.016880323915389028,9.359772540519213,2.521019650810461e-05,0.0006344427605663946,7.641815186419229e-06,0.7641815186419229,15.126023203404115,18.613676776582036,22.00238858521466,2.9907608109560786,tdse_dipole_acceleration,raw_fft_harmonic_order_grid,13,1.6079090899617815e-08,0.11079987270298704,single_mode_bsv_random_phase_gamma_intensity,shared_fig_iv2_intensity_cases,hhg_intensity_prediction,quantum_light_hhg_bsv_threshold_tdse_dipole_acceleration
BSV - 1e13 W/cm^2,10000000000000.0,0.016880323915389028,9.39977156847015,5.277230813771619e-05,0.0013595804133498977,1.599655225295641e-05,1.5996552252956409,15.126023203404115,18.613676776582036,22.00238858521466,2.9907608109560786,tdse_dipole_acceleration,raw_fft_harmonic_order_grid,13,1.6079090899617815e-08,0.11079987270298704,single_mode_bsv_random_phase_gamma_intensity,shared_fig_iv2_intensity_cases,hhg_intensity_prediction,quantum_light_hhg_bsv_threshold_tdse_dipole_acceleration
BSV - 1e13 W/cm^2,10000000000000.0,0.016880323915389028,9.439770596421088,5.217206104878032e-05,0.0017191329752190231,1.5814602964367585e-05,1.5814602964367586,15.126023203404115,18.613676776582036,22.00238858521466,2.9907608109560786,tdse_dipole_acceleration,raw_fft_harmonic_order_grid,13,1.6079090899617815e-08,0.11079987270298704,single_mode_bsv_random_phase_gamma_intensity,shared_fig_iv2_intensity_cases,hhg_intensity_prediction,quantum_light_hhg_bsv_threshold_tdse_dipole_acceleration
BSV - 1e13 W/cm^2,10000000000000.0,0.016880323915389028,9.479769624372025,6.311704407605675e-05,0.0006594096320251943,1.9132289817227033e-05,1.9132289817227033,15.126023203404115,18.613676776582036,22.00238858521466,2.9907608109560786,tdse_dipole_acceleration,raw_fft_harmonic_order_grid,13,1.6079090899617815e-08,0.11079987270298704,single_mode_bsv_random_phase_gamma_intensity,shared_fig_iv2_intensity_cases,hhg_intensity_prediction,quantum_light_hhg_bsv_threshold_tdse_dipole_acceleration
BSV - 1e13 W/cm^2,10000000000000.0,0.016880323915389028,9.519768652322961,6.440141281622755e-05,0.0012911658344189946,1.9521612785829995e-05,1.9521612785829994,15.126023203404115,18.613676776582036,22.00238858521466,2.9907608109560786,tdse_dipole_acceleration,raw_fft_harmonic_order_grid,13,1.6079090899617815e-08,0.11079987270298704,single_mode_bsv_random_phase_gamma_intensity,shared_fig_iv2_intensity_cases,hhg_intensity_prediction,quantum_light_hhg_bsv_threshold_tdse_dipole_acceleration
BSV - 1e13 W/cm^2,10000000000000.0,0.016880323915389028,9.559767680273898,5.1289366102148356e-05,0.0007000243326123407,1.5547036956066973e-05,1.5547036956066973,15.126023203404115,18.613676776582036,22.00238858521466,2.9907608109560786,tdse_dipole_acceleration,raw_fft_harmonic_order_grid,13,1.6079090899617815e-08,0.11079987270298704,single_mode_bsv_random_phase_gamma_intensity,shared_fig_iv2_intensity_cases,hhg_intensity_prediction,quantum_light_hhg_bsv_threshold_tdse_dipole_acceleration
BSV - 1e13 W/cm^2,10000000000000.0,0.016880323915389028,9.599766708224834,6.954854107354941e-05,0.001119194982073007,2.1081830805971362e-05,2.1081830805971364,15.126023203404115,18.613676776582036,22.00238858521466,2.9907608109560786,tdse_dipole_acceleration,raw_fft_harmonic_order_grid,13,1.6079090899617815e-08,0.11079987270298704,single_mode_bsv_random_phase_gamma_intensity,shared_fig_iv2_intensity_cases,hhg_intensity_prediction,quantum_light_hhg_bsv_threshold_tdse_dipole_acceleration
BSV - 1e13 W/cm^2,10000000000000.0,0.016880323915389028,9.639765736175772,7.132535726605692e-05,0.001318784948892297,2.1620426407914183e-05,2.162042640791418,15.126023203404115,18.613676776582036,22.00238858521466,2.9907608109560786,tdse_dipole_acceleration,raw_fft_harmonic_order_grid,13,1.6079090899617815e-08,0.11079987270298704,single_mode_bsv_random_phase_gamma_intensity,shared_fig_iv2_intensity_cases,hhg_intensity_prediction,quantum_light_hhg_bsv_threshold_tdse_dipole_acceleration
BSV - 1e13 W/cm^2,10000000000000.0,0.016880323915389028,9.679764764126709,7.430486665725896e-05,0.0010306853936833062,2.2523587162985914e-05,2.252358716298591,15.126023203404115,18.613676776582036,22.00238858521466,2.9907608109560786,tdse_dipole_acceleration,raw_fft_harmonic_order_grid,13,1.6079090899617815e-08,0.11079987270298704,single_mode_bsv_random_phase_gamma_intensity,shared_fig_iv2_intensity_cases,hhg_intensity_prediction,quantum_light_hhg_bsv_threshold_tdse_dipole_acceleration
BSV - 1e13 W/cm^2,10000000000000.0,0.016880323915389028,9.719763792077645,8.666671350517175e-05,0.0010896206508563082,2.6270759421012513e-05,2.6270759421012513,15.126023203404115,18.613676776582036,22.00238858521466,2.9907608109560786,tdse_dipole_acceleration,raw_fft_harmonic_order_grid,13,1.6079090899617815e-08,0.11079987270298704,single_mode_bsv_random_phase_gamma_intensity,shared_fig_iv2_intensity_cases,hhg_intensity_prediction,quantum_light_hhg_bsv_threshold_tdse_dipole_acceleration
BSV - 1e13 W/cm^2,10000000000000.0,0.016880323915389028,9.75976282002858,8.722418900677985e-05,0.0011413390069999368,2.64397436156766e-05,2.64397436156766,15.126023203404115,18.613676776582036,22.00238858521466,2.9907608109560786,tdse_dipole_acceleration,raw_fft_harmonic_order_grid,13,1.6079090899617815e-08,0.11079987270298704,single_mode_bsv_random_phase_gamma_intensity,shared_fig_iv2_intensity_cases,hhg_intensity_prediction,quantum_light_hhg_bsv_threshold_tdse_dipole_acceleration
BSV - 1e13 W/cm^2,10000000000000.0,0.016880323915389028,9.79976184797952,8.692688324512755e-05,0.0007575126166119769,2.634962310893346e-05,2.634962310893346,15.126023203404115,18.613676776582036,22.00238858521466,2.9907608109560786,tdse_dipole_acceleration,raw_fft_harmonic_order_grid,13,1.6079090899617815e-08,0.11079987270298704,single_mode_bsv_random_phase_gamma_intensity,shared_fig_iv2_intensity_cases,hhg_intensity_prediction,quantum_light_hhg_bsv_threshold_tdse_dipole_acceleration
BSV - 1e13 W/cm^2,10000000000000.0,0.016880323915389028,9.839760875930455,9.765018878029095e-05,0.0010530714073211766,2.9600114197365917e-05,2.960011419736592,15.126023203404115,18.613676776582036,22.00238858521466,2.9907608109560786,tdse_dipole_acceleration,raw_fft_harmonic_order_grid,13,1.6079090899617815e-08,0.11079987270298704,single_mode_bsv_random_phase_gamma_intensity,shared_fig_iv2_intensity_cases,hhg_intensity_prediction,quantum_light_hhg_bsv_threshold_tdse_dipole_acceleration
BSV - 1e13 W/cm^2,10000000000000.0,0.016880323915389028,9.879759903881393,6.687892316619566e-05,0.0006675199593266661,2.0272605591888077e-05,2.0272605591888078,15.126023203404115,18.613676776582036,22.00238858521466,2.9907608109560786,tdse_dipole_acceleration,raw_fft_harmonic_order_grid,13,1.6079090899617815e-08,0.11079987270298704,single_mode_bsv_random_phase_gamma_intensity,shared_fig_iv2_intensity_cases,hhg_intensity_prediction,quantum_light_hhg_bsv_threshold_tdse_dipole_acceleration
BSV - 1e13 W/cm^2,10000000000000.0,0.016880323915389028,9.919758931832328,7.624629190169845e-05,0.0007779939126881406,2.3112079716444822e-05,2.311207971644482,15.126023203404115,18.613676776582036,22.00238858521466,2.9907608109560786,tdse_dipole_acceleration,raw_fft_harmonic_order_grid,13,1.6079090899617815e-08,0.11079987270298704,single_mode_bsv_random_phase_gamma_intensity,shared_fig_iv2_intensity_cases,hhg_intensity_prediction,quantum_light_hhg_bsv_threshold_tdse_dipole_acceleration
BSV - 1e13 W/cm^2,10000000000000.0,0.016880323915389028,9.959757959783268,6.451076666290668e-05,0.0005865699658288968,1.955476055942935e-05,1.955476055942935,15.126023203404115,18.613676776582036,22.00238858521466,2.9907608109560786,tdse_dipole_acceleration,raw_fft_harmonic_order_grid,13,1.6079090899617815e-08,0.11079987270298704,single_mode_bsv_random_phase_gamma_intensity,shared_fig_iv2_intensity_cases,hhg_intensity_prediction,quantum_light_hhg_bsv_threshold_tdse_dipole_acceleration
BSV - 1e13 W/cm^2,10000000000000.0,0.016880323915389028,9.999756987734203,0.00012682566213801475,0.000704846420053692,3.844389989750308e-05,3.8443899897503075,15.126023203404115,18.613676776582036,22.00238858521466,2.9907608109560786,tdse_dipole_acceleration,raw_fft_harmonic_order_grid,13,1.6079090899617815e-08,0.11079987270298704,single_mode_bsv_random_phase_gamma_intensity,shared_fig_iv2_intensity_cases,hhg_intensity_prediction,quantum_light_hhg_bsv_threshold_tdse_dipole_acceleration
BSV - 1e13 W/cm^2,10000000000000.0,0.016880323915389028,10.03975601568514,0.00025593698470150584,0.0005147230836212968,7.758063828774807e-05,7.758063828774807,15.126023203404115,18.613676776582036,22.00238858521466,2.9907608109560786,tdse_dipole_acceleration,raw_fft_harmonic_order_grid,13,1.6079090899617815e-08,0.11079987270298704,single_mode_bsv_random_phase_gamma_intensity,shared_fig_iv2_intensity_cases,hhg_intensity_prediction,quantum_light_hhg_bsv_threshold_tdse_dipole_acceleration
BSV - 1e13 W/cm^2,10000000000000.0,0.016880323915389028,10.079755043636077,0.00013980076522435413,0.0010713142736251075,4.2376964829332045e-05,4.237696482933204,15.126023203404115,18.613676776582036,22.00238858521466,2.9907608109560786,tdse_dipole_acceleration,raw_fft_harmonic_order_grid,13,1.6079090899617815e-08,0.11079987270298704,single_mode_bsv_random_phase_gamma_intensity,shared_fig_iv2_intensity_cases,hhg_intensity_prediction,quantum_light_hhg_bsv_threshold_tdse_dipole_acceleration
BSV - 1e13 W/cm^2,10000000000000.0,0.016880323915389028,10.119754071587016,6.395051915229207e-05,0.0005018444859381722,1.9384936102353347e-05,1.9384936102353347,15.126023203404115,18.613676776582036,22.00238858521466,2.9907608109560786,tdse_dipole_acceleration,raw_fft_harmonic_order_grid,13,1.6079090899617815e-08,0.11079987270298704,single_mode_bsv_random_phase_gamma_intensity,shared_fig_iv2_intensity_cases,hhg_intensity_prediction,quantum_light_hhg_bsv_threshold_tdse_dipole_acceleration
BSV - 1e13 W/cm^2,10000000000000.0,0.016880323915389028,10.159753099537951,7.310959597982359e-05,0.00017540957763887227,2.216127195406754e-05,2.216127195406754,15.126023203404115,18.613676776582036,22.00238858521466,2.9907608109560786,tdse_dipole_acceleration,raw_fft_harmonic_order_grid,13,1.6079090899617815e-08,0.11079987270298704,single_mode_bsv_random_phase_gamma_intensity,shared_fig_iv2_intensity_cases,hhg_intensity_prediction,quantum_light_hhg_bsv_threshold_tdse_dipole_acceleration
BSV - 1e13 W/cm^2,10000000000000.0,0.016880323915389028,10.199752127488887,0.00012055974975039967,0.00043966244823989014,3.654455157528529e-05,3.654455157528529,15.126023203404115,18.613676776582036,22.00238858521466,2.9907608109560786,tdse_dipole_acceleration,raw_fft_harmonic_order_grid,13,1.6079090899617815e-08,0.11079987270298704,single_mode_bsv_random_phase_gamma_intensity,shared_fig_iv2_intensity_cases,hhg_intensity_prediction,quantum_light_hhg_bsv_threshold_tdse_dipole_acceleration
BSV - 1e13 W/cm^2,10000000000000.0,0.016880323915389028,10.239751155439823,5.951756231598023e-05,0.0002665229430000365,1.8041200568138912e-05,1.8041200568138913,15.126023203404115,18.613676776582036,22.00238858521466,2.9907608109560786,tdse_dipole_acceleration,raw_fft_harmonic_order_grid,13,1.6079090899617815e-08,0.11079987270298704,single_mode_bsv_random_phase_gamma_intensity,shared_fig_iv2_intensity_cases,hhg_intensity_prediction,quantum_light_hhg_bsv_threshold_tdse_dipole_acceleration
BSV - 1e13 W/cm^2,10000000000000.0,0.016880323915389028,10.279750183390759,2.6685977546921685e-05,0.0001298761701293603,8.089159813448863e-06,0.8089159813448863,15.126023203404115,18.613676776582036,22.00238858521466,2.9907608109560786,tdse_dipole_acceleration,raw_fft_harmonic_order_grid,13,1.6079090899617815e-08,0.11079987270298704,single_mode_bsv_random_phase_gamma_intensity,shared_fig_iv2_intensity_cases,hhg_intensity_prediction,quantum_light_hhg_bsv_threshold_tdse_dipole_acceleration
BSV - 1e13 W/cm^2,10000000000000.0,0.016880323915389028,10.319749211341698,8.610988635614423e-05,0.0009394657775033779,2.610197175756526e-05,2.610197175756526,15.126023203404115,18.613676776582036,22.00238858521466,2.9907608109560786,tdse_dipole_acceleration,raw_fft_harmonic_order_grid,13,1.6079090899617815e-08,0.11079987270298704,single_mode_bsv_random_phase_gamma_intensity,shared_fig_iv2_intensity_cases,hhg_intensity_prediction,quantum_light_hhg_bsv_threshold_tdse_dipole_acceleration
BSV - 1e13 W/cm^2,10000000000000.0,0.016880323915389028,10.359748239292633,5.479363331796489e-05,0.00019525683136124944,1.660926439322673e-05,1.660926439322673,15.126023203404115,18.613676776582036,22.00238858521466,2.9907608109560786,tdse_dipole_acceleration,raw_fft_harmonic_order_grid,13,1.6079090899617815e-08,0.11079987270298704,single_mode_bsv_random_phase_gamma_intensity,shared_fig_iv2_intensity_cases,hhg_intensity_prediction,quantum_light_hhg_bsv_threshold_tdse_dipole_acceleration
BSV - 1e13 W/cm^2,10000000000000.0,0.016880323915389028,10.399747267243571,5.679646642816869e-05,0.00043519253615943054,1.7216371143564764e-05,1.7216371143564764,15.126023203404115,18.613676776582036,22.00238858521466,2.9907608109560786,tdse_dipole_acceleration,raw_fft_harmonic_order_grid,13,1.6079090899617815e-08,0.11079987270298704,single_mode_bsv_random_phase_gamma_intensity,shared_fig_iv2_intensity_cases,hhg_intensity_prediction,quantum_light_hhg_bsv_threshold_tdse_dipole_acceleration
BSV - 1e13 W/cm^2,10000000000000.0,0.016880323915389028,10.439746295194507,2.8652063918194006e-05,0.00045870678180682986,8.68512774590709e-06,0.868512774590709,15.126023203404115,18.613676776582036,22.00238858521466,2.9907608109560786,tdse_dipole_acceleration,raw_fft_harmonic_order_grid,13,1.6079090899617815e-08,0.11079987270298704,single_mode_bsv_random_phase_gamma_intensity,shared_fig_iv2_intensity_cases,hhg_intensity_prediction,quantum_light_hhg_bsv_threshold_tdse_dipole_acceleration
BSV - 1e13 W/cm^2,10000000000000.0,0.016880323915389028,10.479745323145446,5.294522198577824e-05,0.0012489046841162403,1.60489665873563e-05,1.60489665873563,15.126023203404115,18.613676776582036,22.00238858521466,2.9907608109560786,tdse_dipole_acceleration,raw_fft_harmonic_order_grid,13,1.6079090899617815e-08,0.11079987270298704,single_mode_bsv_random_phase_gamma_intensity,shared_fig_iv2_intensity_cases,hhg_intensity_prediction,quantum_light_hhg_bsv_threshold_tdse_dipole_acceleration
BSV - 1e13 W/cm^2,10000000000000.0,0.016880323915389028,10.519744351096382,2.5474315971476763e-05,0.0005270587920834218,7.72187613023525e-06,0.772187613023525,15.126023203404115,18.613676776582036,22.00238858521466,2.9907608109560786,tdse_dipole_acceleration,raw_fft_harmonic_order_grid,13,1.6079090899617815e-08,0.11079987270298704,single_mode_bsv_random_phase_gamma_intensity,shared_fig_iv2_intensity_cases,hhg_intensity_prediction,quantum_light_hhg_bsv_threshold_tdse_dipole_acceleration
BSV - 1e13 W/cm^2,10000000000000.0,0.016880323915389028,10.559743379047319,3.942223951784544e-05,0.0011032296040056674,1.1949826274986744e-05,1.1949826274986743,15.126023203404115,18.613676776582036,22.00238858521466,2.9907608109560786,tdse_dipole_acceleration,raw_fft_harmonic_order_grid,13,1.6079090899617815e-08,0.11079987270298704,single_mode_bsv_random_phase_gamma_intensity,shared_fig_iv2_intensity_cases,hhg_intensity_prediction,quantum_light_hhg_bsv_threshold_tdse_dipole_acceleration
BSV - 1e13 W/cm^2,10000000000000.0,0.016880323915389028,10.599742406998255,5.028489495685263e-05,0.0012409249729343943,1.5242557661350919e-05,1.524255766135092,15.126023203404115,18.613676776582036,22.00238858521466,2.9907608109560786,tdse_dipole_acceleration,raw_fft_harmonic_order_grid,13,1.6079090899617815e-08,0.11079987270298704,single_mode_bsv_random_phase_gamma_intensity,shared_fig_iv2_intensity_cases,hhg_intensity_prediction,quantum_light_hhg_bsv_threshold_tdse_dipole_acceleration
BSV - 1e13 W/cm^2,10000000000000.0,0.016880323915389028,10.639741434949194,3.1298801598606195e-05,0.0007029172890856051,9.487417414460036e-06,0.9487417414460037,15.126023203404115,18.613676776582036,22.00238858521466,2.9907608109560786,tdse_dipole_acceleration,raw_fft_harmonic_order_grid,13,1.6079090899617815e-08,0.11079987270298704,single_mode_bsv_random_phase_gamma_intensity,shared_fig_iv2_intensity_cases,hhg_intensity_prediction,quantum_light_hhg_bsv_threshold_tdse_dipole_acceleration
BSV - 1e13 W/cm^2,10000000000000.0,0.016880323915389028,10.67974046290013,8.531603776704255e-05,0.0034361722065122517,2.5861337211064822e-05,2.5861337211064823,15.126023203404115,18.613676776582036,22.00238858521466,2.9907608109560786,tdse_dipole_acceleration,raw_fft_harmonic_order_grid,13,1.6079090899617815e-08,0.11079987270298704,single_mode_bsv_random_phase_gamma_intensity,shared_fig_iv2_intensity_cases,hhg_intensity_prediction,quantum_light_hhg_bsv_threshold_tdse_dipole_acceleration
BSV - 1e13 W/cm^2,10000000000000.0,0.016880323915389028,10.719739490851065,5.69535586096636e-05,0.002490910113649587,1.7263989551371685e-05,1.7263989551371686,15.126023203404115,18.613676776582036,22.00238858521466,2.9907608109560786,tdse_dipole_acceleration,raw_fft_harmonic_order_grid,13,1.6079090899617815e-08,0.11079987270298704,single_mode_bsv_random_phase_gamma_intensity,shared_fig_iv2_intensity_cases,hhg_intensity_prediction,quantum_light_hhg_bsv_threshold_tdse_dipole_acceleration
BSV - 1e13 W/cm^2,10000000000000.0,0.016880323915389028,10.759738518802001,0.0001627873523912389,0.008196176968756567,4.934475069484e-05,4.934475069484,15.126023203404115,18.613676776582036,22.00238858521466,2.9907608109560786,tdse_dipole_acceleration,raw_fft_harmonic_order_grid,13,1.6079090899617815e-08,0.11079987270298704,single_mode_bsv_random_phase_gamma_intensity,shared_fig_iv2_intensity_cases,hhg_intensity_prediction,quantum_light_hhg_bsv_threshold_tdse_dipole_acceleration
BSV - 1e13 W/cm^2,10000000000000.0,0.016880323915389028,10.799737546752938,0.00010435857249800742,0.003670896976986489,3.1633586191679514e-05,3.1633586191679512,15.126023203404115,18.613676776582036,22.00238858521466,2.9907608109560786,tdse_dipole_acceleration,raw_fft_harmonic_order_grid,13,1.6079090899617815e-08,0.11079987270298704,single_mode_bsv_random_phase_gamma_intensity,shared_fig_iv2_intensity_cases,hhg_intensity_prediction,quantum_light_hhg_bsv_threshold_tdse_dipole_acceleration
BSV - 1e13 W/cm^2,10000000000000.0,0.016880323915389028,10.839736574703876,0.00012475182326247876,0.003247900364536822,3.781526959673717e-05,3.781526959673717,15.126023203404115,18.613676776582036,22.00238858521466,2.9907608109560786,tdse_dipole_acceleration,raw_fft_harmonic_order_grid,13,1.6079090899617815e-08,0.11079987270298704,single_mode_bsv_random_phase_gamma_intensity,shared_fig_iv2_intensity_cases,hhg_intensity_prediction,quantum_light_hhg_bsv_threshold_tdse_dipole_acceleration
BSV - 1e13 W/cm^2,10000000000000.0,0.016880323915389028,10.879735602654813,0.00036651483140434004,0.01226051459604216,0.00011109943564990266,11.109943564990266,15.126023203404115,18.613676776582036,22.00238858521466,2.9907608109560786,tdse_dipole_acceleration,raw_fft_harmonic_order_grid,13,1.6079090899617815e-08,0.11079987270298704,single_mode_bsv_random_phase_gamma_intensity,shared_fig_iv2_intensity_cases,hhg_intensity_prediction,quantum_light_hhg_bsv_threshold_tdse_dipole_acceleration
BSV - 1e13 W/cm^2,10000000000000.0,0.016880323915389028,10.919734630605749,0.0003565639910964791,0.006711142075163906,0.00010808309729816478,10.808309729816479,15.126023203404115,18.613676776582036,22.00238858521466,2.9907608109560786,tdse_dipole_acceleration,raw_fft_harmonic_order_grid,13,1.6079090899617815e-08,0.11079987270298704,single_mode_bsv_random_phase_gamma_intensity,shared_fig_iv2_intensity_cases,hhg_intensity_prediction,quantum_light_hhg_bsv_threshold_tdse_dipole_acceleration
BSV - 1e13 W/cm^2,10000000000000.0,0.016880323915389028,10.959733658556686,0.020705199354763407,0.4984784510624955,0.006276242504345498,627.6242504345498,15.126023203404115,18.613676776582036,22.00238858521466,2.9907608109560786,tdse_dipole_acceleration,raw_fft_harmonic_order_grid,13,1.6079090899617815e-08,0.11079987270298704,single_mode_bsv_random_phase_gamma_intensity,shared_fig_iv2_intensity_cases,hhg_intensity_prediction,quantum_light_hhg_bsv_threshold_tdse_dipole_acceleration
BSV - 1e13 W/cm^2,10000000000000.0,0.016880323915389028,10.999732686507624,0.05750002492085581,1.3125537383264232,0.017429636596383517,1742.9636596383518,15.126023203404115,18.613676776582036,22.00238858521466,2.9907608109560786,tdse_dipole_acceleration,raw_fft_harmonic_order_grid,13,1.6079090899617815e-08,0.11079987270298704,single_mode_bsv_random_phase_gamma_intensity,shared_fig_iv2_intensity_cases,hhg_intensity_prediction,quantum_light_hhg_bsv_threshold_tdse_dipole_acceleration
BSV - 1e13 W/cm^2,10000000000000.0,0.016880323915389028,11.039731714458561,0.03281460056072281,0.6739947219896195,0.009946892433805378,994.6892433805377,15.126023203404115,18.613676776582036,22.00238858521466,2.9907608109560786,tdse_dipole_acceleration,raw_fft_harmonic_order_grid,13,1.6079090899617815e-08,0.11079987270298704,single_mode_bsv_random_phase_gamma_intensity,shared_fig_iv2_intensity_cases,hhg_intensity_prediction,quantum_light_hhg_bsv_threshold_tdse_dipole_acceleration
BSV - 1e13 W/cm^2,10000000000000.0,0.016880323915389028,11.079730742409497,0.002388814765560534,0.040948554056362364,0.0007241070472074414,72.41070472074414,15.126023203404115,18.613676776582036,22.00238858521466,2.9907608109560786,tdse_dipole_acceleration,raw_fft_harmonic_order_grid,13,1.6079090899617815e-08,0.11079987270298704,single_mode_bsv_random_phase_gamma_intensity,shared_fig_iv2_intensity_cases,hhg_intensity_prediction,quantum_light_hhg_bsv_threshold_tdse_dipole_acceleration
BSV - 1e13 W/cm^2,10000000000000.0,0.016880323915389028,11.119729770360435,0.00045132306483892086,0.02064214012745549,0.00013680684518895239,13.680684518895239,15.126023203404115,18.613676776582036,22.00238858521466,2.9907608109560786,tdse_dipole_acceleration,raw_fft_harmonic_order_grid,13,1.6079090899617815e-08,0.11079987270298704,single_mode_bsv_random_phase_gamma_intensity,shared_fig_iv2_intensity_cases,hhg_intensity_prediction,quantum_light_hhg_bsv_threshold_tdse_dipole_acceleration
BSV - 1e13 W/cm^2,10000000000000.0,0.016880323915389028,11.159728798311372,2.4215679958231977e-05,0.0003290841864958094,7.340353368320401e-06,0.73403533683204,15.126023203404115,18.613676776582036,22.00238858521466,2.9907608109560786,tdse_dipole_acceleration,raw_fft_harmonic_order_grid,13,1.6079090899617815e-08,0.11079987270298704,single_mode_bsv_random_phase_gamma_intensity,shared_fig_iv2_intensity_cases,hhg_intensity_prediction,quantum_light_hhg_bsv_threshold_tdse_dipole_acceleration
BSV - 1e13 W/cm^2,10000000000000.0,0.016880323915389028,11.199727826262308,8.900156019029092e-05,0.0036896638013797322,2.6978507448703142e-05,2.697850744870314,15.126023203404115,18.613676776582036,22.00238858521466,2.9907608109560786,tdse_dipole_acceleration,raw_fft_harmonic_order_grid,13,1.6079090899617815e-08,0.11079987270298704,single_mode_bsv_random_phase_gamma_intensity,shared_fig_iv2_intensity_cases,hhg_intensity_prediction,quantum_light_hhg_bsv_threshold_tdse_dipole_acceleration
BSV - 1e13 W/cm^2,10000000000000.0,0.016880323915389028,11.239726854213243,0.00012486528525680195,0.0036713571792246704,3.784966264841456e-05,3.7849662648414557,15.126023203404115,18.613676776582036,22.00238858521466,2.9907608109560786,tdse_dipole_acceleration,raw_fft_harmonic_order_grid,13,1.6079090899617815e-08,0.11079987270298704,single_mode_bsv_random_phase_gamma_intensity,shared_fig_iv2_intensity_cases,hhg_intensity_prediction,quantum_light_hhg_bsv_threshold_tdse_dipole_acceleration
BSV - 1e13 W/cm^2,10000000000000.0,0.016880323915389028,11.279725882164179,7.656598448701744e-05,0.0022643351322270138,2.3208986206352228e-05,2.320898620635223,15.126023203404115,18.613676776582036,22.00238858521466,2.9907608109560786,tdse_dipole_acceleration,raw_fft_harmonic_order_grid,13,1.6079090899617815e-08,0.11079987270298704,single_mode_bsv_random_phase_gamma_intensity,shared_fig_iv2_intensity_cases,hhg_intensity_prediction,quantum_light_hhg_bsv_threshold_tdse_dipole_acceleration
BSV - 1e13 W/cm^2,10000000000000.0,0.016880323915389028,11.319724910115117,3.364047796313506e-05,0.0010680682906249086,1.0197235681778293e-05,1.0197235681778294,15.126023203404115,18.613676776582036,22.00238858521466,2.9907608109560786,tdse_dipole_acceleration,raw_fft_harmonic_order_grid,13,1.6079090899617815e-08,0.11079987270298704,single_mode_bsv_random_phase_gamma_intensity,shared_fig_iv2_intensity_cases,hhg_intensity_prediction,quantum_light_hhg_bsv_threshold_tdse_dipole_acceleration
BSV - 1e13 W/cm^2,10000000000000.0,0.016880323915389028,11.359723938066054,2.8019187767491335e-05,0.0010953885717198,8.49328780614274e-06,0.849328780614274,15.126023203404115,18.613676776582036,22.00238858521466,2.9907608109560786,tdse_dipole_acceleration,raw_fft_harmonic_order_grid,13,1.6079090899617815e-08,0.11079987270298704,single_mode_bsv_random_phase_gamma_intensity,shared_fig_iv2_intensity_cases,hhg_intensity_prediction,quantum_light_hhg_bsv_threshold_tdse_dipole_acceleration
BSV - 1e13 W/cm^2,10000000000000.0,0.016880323915389028,11.399722966016991,4.6442785098618834e-05,0.0012196812451727534,1.407792201667821e-05,1.407792201667821,15.126023203404115,18.613676776582036,22.00238858521466,2.9907608109560786,tdse_dipole_acceleration,raw_fft_harmonic_order_grid,13,1.6079090899617815e-08,0.11079987270298704,single_mode_bsv_random_phase_gamma_intensity,shared_fig_iv2_intensity_cases,hhg_intensity_prediction,quantum_light_hhg_bsv_threshold_tdse_dipole_acceleration
BSV - 1e13 W/cm^2,10000000000000.0,0.016880323915389028,11.439721993967927,5.8811702365903546e-05,0.0019726798900229253,1.782723748838874e-05,1.782723748838874,15.126023203404115,18.613676776582036,22.00238858521466,2.9907608109560786,tdse_dipole_acceleration,raw_fft_harmonic_order_grid,13,1.6079090899617815e-08,0.11079987270298704,single_mode_bsv_random_phase_gamma_intensity,shared_fig_iv2_intensity_cases,hhg_intensity_prediction,quantum_light_hhg_bsv_threshold_tdse_dipole_acceleration
BSV - 1e13 W/cm^2,10000000000000.0,0.016880323915389028,11.479721021918865,3.7391996975815565e-05,0.00043674776625675875,1.1334411068492397e-05,1.1334411068492396,15.126023203404115,18.613676776582036,22.00238858521466,2.9907608109560786,tdse_dipole_acceleration,raw_fft_harmonic_order_grid,13,1.6079090899617815e-08,0.11079987270298704,single_mode_bsv_random_phase_gamma_intensity,shared_fig_iv2_intensity_cases,hhg_intensity_prediction,quantum_light_hhg_bsv_threshold_tdse_dipole_acceleration
BSV - 1e13 W/cm^2,10000000000000.0,0.016880323915389028,11.519720049869802,5.9330155456760775e-05,0.0016430955460573515,1.798439305446634e-05,1.798439305446634,15.126023203404115,18.613676776582036,22.00238858521466,2.9907608109560786,tdse_dipole_acceleration,raw_fft_harmonic_order_grid,13,1.6079090899617815e-08,0.11079987270298704,single_mode_bsv_random_phase_gamma_intensity,shared_fig_iv2_intensity_cases,hhg_intensity_prediction,quantum_light_hhg_bsv_threshold_tdse_dipole_acceleration
BSV - 1e13 W/cm^2,10000000000000.0,0.016880323915389028,11.55971907782074,3.0264181737166318e-05,0.0005434719951665312,9.173799320813662e-06,0.9173799320813661,15.126023203404115,18.613676776582036,22.00238858521466,2.9907608109560786,tdse_dipole_acceleration,raw_fft_harmonic_order_grid,13,1.6079090899617815e-08,0.11079987270298704,single_mode_bsv_random_phase_gamma_intensity,shared_fig_iv2_intensity_cases,hhg_intensity_prediction,quantum_light_hhg_bsv_threshold_tdse_dipole_acceleration
BSV - 1e13 W/cm^2,10000000000000.0,0.016880323915389028,11.599718105771675,4.633312627023533e-05,0.0011324585522018682,1.4044681795809778e-05,1.4044681795809777,15.126023203404115,18.613676776582036,22.00238858521466,2.9907608109560786,tdse_dipole_acceleration,raw_fft_harmonic_order_grid,13,1.6079090899617815e-08,0.11079987270298704,single_mode_bsv_random_phase_gamma_intensity,shared_fig_iv2_intensity_cases,hhg_intensity_prediction,quantum_light_hhg_bsv_threshold_tdse_dipole_acceleration
BSV - 1e13 W/cm^2,10000000000000.0,0.016880323915389028,11.639717133722613,4.551886916543801e-05,0.0012434773305026118,1.379786093873754e-05,1.379786093873754,15.126023203404115,18.613676776582036,22.00238858521466,2.9907608109560786,tdse_dipole_acceleration,raw_fft_harmonic_order_grid,13,1.6079090899617815e-08,0.11079987270298704,single_mode_bsv_random_phase_gamma_intensity,shared_fig_iv2_intensity_cases,hhg_intensity_prediction,quantum_light_hhg_bsv_threshold_tdse_dipole_acceleration
BSV - 1e13 W/cm^2,10000000000000.0,0.016880323915389028,11.679716161673548,5.1288193449875436e-05,0.0007842838293424651,1.5546681497038926e-05,1.5546681497038926,15.126023203404115,18.613676776582036,22.00238858521466,2.9907608109560786,tdse_dipole_acceleration,raw_fft_harmonic_order_grid,13,1.6079090899617815e-08,0.11079987270298704,single_mode_bsv_random_phase_gamma_intensity,shared_fig_iv2_intensity_cases,hhg_intensity_prediction,quantum_light_hhg_bsv_threshold_tdse_dipole_acceleration
BSV - 1e13 W/cm^2,10000000000000.0,0.016880323915389028,11.719715189624486,0.00011735990877699737,0.0011165280416904242,3.5574603033360547e-05,3.557460303336055,15.126023203404115,18.613676776582036,22.00238858521466,2.9907608109560786,tdse_dipole_acceleration,raw_fft_harmonic_order_grid,13,1.6079090899617815e-08,0.11079987270298704,single_mode_bsv_random_phase_gamma_intensity,shared_fig_iv2_intensity_cases,hhg_intensity_prediction,quantum_light_hhg_bsv_threshold_tdse_dipole_acceleration
BSV - 1e13 W/cm^2,10000000000000.0,0.016880323915389028,11.759714217575423,0.00010184071629385843,0.0008897690735336808,3.0870363589590714e-05,3.0870363589590712,15.126023203404115,18.613676776582036,22.00238858521466,2.9907608109560786,tdse_dipole_acceleration,raw_fft_harmonic_order_grid,13,1.6079090899617815e-08,0.11079987270298704,single_mode_bsv_random_phase_gamma_intensity,shared_fig_iv2_intensity_cases,hhg_intensity_prediction,quantum_light_hhg_bsv_threshold_tdse_dipole_acceleration
BSV - 1e13 W/cm^2,10000000000000.0,0.016880323915389028,11.799713245526359,7.10946618178124e-05,0.0006361242742905138,2.1550497084702998e-05,2.1550497084702998,15.126023203404115,18.613676776582036,22.00238858521466,2.9907608109560786,tdse_dipole_acceleration,raw_fft_harmonic_order_grid,13,1.6079090899617815e-08,0.11079987270298704,single_mode_bsv_random_phase_gamma_intensity,shared_fig_iv2_intensity_cases,hhg_intensity_prediction,quantum_light_hhg_bsv_threshold_tdse_dipole_acceleration
BSV - 1e13 W/cm^2,10000000000000.0,0.016880323915389028,11.839712273477295,6.643958402052169e-05,0.0009714766482291479,2.0139431360012473e-05,2.0139431360012474,15.126023203404115,18.613676776582036,22.00238858521466,2.9907608109560786,tdse_dipole_acceleration,raw_fft_harmonic_order_grid,13,1.6079090899617815e-08,0.11079987270298704,single_mode_bsv_random_phase_gamma_intensity,shared_fig_iv2_intensity_cases,hhg_intensity_prediction,quantum_light_hhg_bsv_threshold_tdse_dipole_acceleration
BSV - 1e13 W/cm^2,10000000000000.0,0.016880323915389028,11.879711301428234,3.287397942990501e-05,0.0005092872397559331,9.964891593158344e-06,0.9964891593158344,15.126023203404115,18.613676776582036,22.00238858521466,2.9907608109560786,tdse_dipole_acceleration,raw_fft_harmonic_order_grid,13,1.6079090899617815e-08,0.11079987270298704,single_mode_bsv_random_phase_gamma_intensity,shared_fig_iv2_intensity_cases,hhg_intensity_prediction,quantum_light_hhg_bsv_threshold_tdse_dipole_acceleration
BSV - 1e13 W/cm^2,10000000000000.0,0.016880323915389028,11.91971032937917,3.709633143106687e-05,0.000621817279223852,1.1244787750830627e-05,1.1244787750830627,15.126023203404115,18.613676776582036,22.00238858521466,2.9907608109560786,tdse_dipole_acceleration,raw_fft_harmonic_order_grid,13,1.6079090899617815e-08,0.11079987270298704,single_mode_bsv_random_phase_gamma_intensity,shared_fig_iv2_intensity_cases,hhg_intensity_prediction,quantum_light_hhg_bsv_threshold_tdse_dipole_acceleration
BSV - 1e13 W/cm^2,10000000000000.0,0.016880323915389028,11.959709357330107,4.339580232161615e-05,0.0004902002106279796,1.3154308460132889e-05,1.3154308460132889,15.126023203404115,18.613676776582036,22.00238858521466,2.9907608109560786,tdse_dipole_acceleration,raw_fft_harmonic_order_grid,13,1.6079090899617815e-08,0.11079987270298704,single_mode_bsv_random_phase_gamma_intensity,shared_fig_iv2_intensity_cases,hhg_intensity_prediction,quantum_light_hhg_bsv_threshold_tdse_dipole_acceleration
BSV - 1e13 W/cm^2,10000000000000.0,0.016880323915389028,11.999708385281043,0.00020620919231397687,0.000983990443538093,6.250695177634166e-05,6.250695177634166,15.126023203404115,18.613676776582036,22.00238858521466,2.9907608109560786,tdse_dipole_acceleration,raw_fft_harmonic_order_grid,13,1.6079090899617815e-08,0.11079987270298704,single_mode_bsv_random_phase_gamma_intensity,shared_fig_iv2_intensity_cases,hhg_intensity_prediction,quantum_light_hhg_bsv_threshold_tdse_dipole_acceleration
BSV - 1e13 W/cm^2,10000000000000.0,0.016880323915389028,12.039707413231982,0.00037683200393001507,0.0008287506382136762,0.00011422681808273155,11.422681808273154,15.126023203404115,18.613676776582036,22.00238858521466,2.9907608109560786,tdse_dipole_acceleration,raw_fft_harmonic_order_grid,13,1.6079090899617815e-08,0.11079987270298704,single_mode_bsv_random_phase_gamma_intensity,shared_fig_iv2_intensity_cases,hhg_intensity_prediction,quantum_light_hhg_bsv_threshold_tdse_dipole_acceleration
BSV - 1e13 W/cm^2,10000000000000.0,0.016880323915389028,12.079706441182918,0.00012987949240616235,0.0021443254698821396,3.936958909284016e-05,3.936958909284016,15.126023203404115,18.613676776582036,22.00238858521466,2.9907608109560786,tdse_dipole_acceleration,raw_fft_harmonic_order_grid,13,1.6079090899617815e-08,0.11079987270298704,single_mode_bsv_random_phase_gamma_intensity,shared_fig_iv2_intensity_cases,hhg_intensity_prediction,quantum_light_hhg_bsv_threshold_tdse_dipole_acceleration
BSV - 1e13 W/cm^2,10000000000000.0,0.016880323915389028,12.119705469133855,7.501953600761359e-05,0.0013811543350719531,2.2740220583239207e-05,2.274022058323921,15.126023203404115,18.613676776582036,22.00238858521466,2.9907608109560786,tdse_dipole_acceleration,raw_fft_harmonic_order_grid,13,1.6079090899617815e-08,0.11079987270298704,single_mode_bsv_random_phase_gamma_intensity,shared_fig_iv2_intensity_cases,hhg_intensity_prediction,quantum_light_hhg_bsv_threshold_tdse_dipole_acceleration
BSV - 1e13 W/cm^2,10000000000000.0,0.016880323915389028,12.15970449708479,2.1814726909094856e-05,0.00024495250787802116,6.612566916244266e-06,0.6612566916244267,15.126023203404115,18.613676776582036,22.00238858521466,2.9907608109560786,tdse_dipole_acceleration,raw_fft_harmonic_order_grid,13,1.6079090899617815e-08,0.11079987270298704,single_mode_bsv_random_phase_gamma_intensity,shared_fig_iv2_intensity_cases,hhg_intensity_prediction,quantum_light_hhg_bsv_threshold_tdse_dipole_acceleration
BSV - 1e13 W/cm^2,10000000000000.0,0.016880323915389028,12.19970352503573,5.139378696218552e-05,0.0004402516143531192,1.5578689423105633e-05,1.5578689423105632,15.126023203404115,18.613676776582036,22.00238858521466,2.9907608109560786,tdse_dipole_acceleration,raw_fft_harmonic_order_grid,13,1.6079090899617815e-08,0.11079987270298704,single_mode_bsv_random_phase_gamma_intensity,shared_fig_iv2_intensity_cases,hhg_intensity_prediction,quantum_light_hhg_bsv_threshold_tdse_dipole_acceleration
BSV - 1e13 W/cm^2,10000000000000.0,0.016880323915389028,12.239702552986666,3.6767880630263334e-05,0.0003817732284526789,1.1145226435758564e-05,1.1145226435758564,15.126023203404115,18.613676776582036,22.00238858521466,2.9907608109560786,tdse_dipole_acceleration,raw_fft_harmonic_order_grid,13,1.6079090899617815e-08,0.11079987270298704,single_mode_bsv_random_phase_gamma_intensity,shared_fig_iv2_intensity_cases,hhg_intensity_prediction,quantum_light_hhg_bsv_threshold_tdse_dipole_acceleration
BSV - 1e13 W/cm^2,10000000000000.0,0.016880323915389028,12.279701580937601,3.5245404017958675e-05,0.00013070267612607492,1.0683727260488845e-05,1.0683727260488844,15.126023203404115,18.613676776582036,22.00238858521466,2.9907608109560786,tdse_dipole_acceleration,raw_fft_harmonic_order_grid,13,1.6079090899617815e-08,0.11079987270298704,single_mode_bsv_random_phase_gamma_intensity,shared_fig_iv2_intensity_cases,hhg_intensity_prediction,quantum_light_hhg_bsv_threshold_tdse_dipole_acceleration
BSV - 1e13 W/cm^2,10000000000000.0,0.016880323915389028,12.319700608888537,8.936225727603247e-05,0.0014783469281024189,2.708784338611366e-05,2.708784338611366,15.126023203404115,18.613676776582036,22.00238858521466,2.9907608109560786,tdse_dipole_acceleration,raw_fft_harmonic_order_grid,13,1.6079090899617815e-08,0.11079987270298704,single_mode_bsv_random_phase_gamma_intensity,shared_fig_iv2_intensity_cases,hhg_intensity_prediction,quantum_light_hhg_bsv_threshold_tdse_dipole_acceleration
BSV - 1e13 W/cm^2,10000000000000.0,0.016880323915389028,12.359699636839473,5.6981226397943174e-05,0.00011711178733609297,1.7272376321565303e-05,1.7272376321565304,15.126023203404115,18.613676776582036,22.00238858521466,2.9907608109560786,tdse_dipole_acceleration,raw_fft_harmonic_order_grid,13,1.6079090899617815e-08,0.11079987270298704,single_mode_bsv_random_phase_gamma_intensity,shared_fig_iv2_intensity_cases,hhg_intensity_prediction,quantum_light_hhg_bsv_threshold_tdse_dipole_acceleration
BSV - 1e13 W/cm^2,10000000000000.0,0.016880323915389028,12.399698664790412,5.988555959073955e-05,0.000548328121222901,1.815274936792366e-05,1.815274936792366,15.126023203404115,18.613676776582036,22.00238858521466,2.9907608109560786,tdse_dipole_acceleration,raw_fft_harmonic_order_grid,13,1.6079090899617815e-08,0.11079987270298704,single_mode_bsv_random_phase_gamma_intensity,shared_fig_iv2_intensity_cases,hhg_intensity_prediction,quantum_light_hhg_bsv_threshold_tdse_dipole_acceleration
BSV - 1e13 W/cm^2,10000000000000.0,0.016880323915389028,12.439697692741348,2.1932049389757152e-05,0.00031576419110957154,6.64813017391841e-06,0.664813017391841,15.126023203404115,18.613676776582036,22.00238858521466,2.9907608109560786,tdse_dipole_acceleration,raw_fft_harmonic_order_grid,13,1.6079090899617815e-08,0.11079987270298704,single_mode_bsv_random_phase_gamma_intensity,shared_fig_iv2_intensity_cases,hhg_intensity_prediction,quantum_light_hhg_bsv_threshold_tdse_dipole_acceleration
BSV - 1e13 W/cm^2,10000000000000.0,0.016880323915389028,12.479696720692285,5.364985920331125e-05,0.0011818109914784576,1.626255902754727e-05,1.626255902754727,15.126023203404115,18.613676776582036,22.00238858521466,2.9907608109560786,tdse_dipole_acceleration,raw_fft_harmonic_order_grid,13,1.6079090899617815e-08,0.11079987270298704,single_mode_bsv_random_phase_gamma_intensity,shared_fig_iv2_intensity_cases,hhg_intensity_prediction,quantum_light_hhg_bsv_threshold_tdse_dipole_acceleration
BSV - 1e13 W/cm^2,10000000000000.0,0.016880323915389028,12.51969574864322,3.23294446077872e-05,0.0005830888134648692,9.799830028808528e-06,0.9799830028808528,15.126023203404115,18.613676776582036,22.00238858521466,2.9907608109560786,tdse_dipole_acceleration,raw_fft_harmonic_order_grid,13,1.6079090899617815e-08,0.11079987270298704,single_mode_bsv_random_phase_gamma_intensity,shared_fig_iv2_intensity_cases,hhg_intensity_prediction,quantum_light_hhg_bsv_threshold_tdse_dipole_acceleration
BSV - 1e13 W/cm^2,10000000000000.0,0.016880323915389028,12.55969477659416,3.889929089862269e-05,0.0009076534133828204,1.179130800644375e-05,1.179130800644375,15.126023203404115,18.613676776582036,22.00238858521466,2.9907608109560786,tdse_dipole_acceleration,raw_fft_harmonic_order_grid,13,1.6079090899617815e-08,0.11079987270298704,single_mode_bsv_random_phase_gamma_intensity,shared_fig_iv2_intensity_cases,hhg_intensity_prediction,quantum_light_hhg_bsv_threshold_tdse_dipole_acceleration
BSV - 1e13 W/cm^2,10000000000000.0,0.016880323915389028,12.599693804545096,5.565194082948648e-05,0.0007415117643903172,1.6869437985053147e-05,1.6869437985053146,15.126023203404115,18.613676776582036,22.00238858521466,2.9907608109560786,tdse_dipole_acceleration,raw_fft_harmonic_order_grid,13,1.6079090899617815e-08,0.11079987270298704,single_mode_bsv_random_phase_gamma_intensity,shared_fig_iv2_intensity_cases,hhg_intensity_prediction,quantum_light_hhg_bsv_threshold_tdse_dipole_acceleration
BSV - 1e13 W/cm^2,10000000000000.0,0.016880323915389028,12.639692832496033,4.9282343292921806e-05,0.0005111763306197822,1.4938660207472149e-05,1.493866020747215,15.126023203404115,18.613676776582036,22.00238858521466,2.9907608109560786,tdse_dipole_acceleration,raw_fft_harmonic_order_grid,13,1.6079090899617815e-08,0.11079987270298704,single_mode_bsv_random_phase_gamma_intensity,shared_fig_iv2_intensity_cases,hhg_intensity_prediction,quantum_light_hhg_bsv_threshold_tdse_dipole_acceleration
BSV - 1e13 W/cm^2,10000000000000.0,0.016880323915389028,12.679691860446969,5.2257329998593635e-05,0.0015832090362936403,1.584045002809055e-05,1.584045002809055,15.126023203404115,18.613676776582036,22.00238858521466,2.9907608109560786,tdse_dipole_acceleration,raw_fft_harmonic_order_grid,13,1.6079090899617815e-08,0.11079987270298704,single_mode_bsv_random_phase_gamma_intensity,shared_fig_iv2_intensity_cases,hhg_intensity_prediction,quantum_light_hhg_bsv_threshold_tdse_dipole_acceleration
BSV - 1e13 W/cm^2,10000000000000.0,0.016880323915389028,12.719690888397908,4.250703380743241e-05,0.0018690663541787013,1.2884901407842873e-05,1.2884901407842873,15.126023203404115,18.613676776582036,22.00238858521466,2.9907608109560786,tdse_dipole_acceleration,raw_fft_harmonic_order_grid,13,1.6079090899617815e-08,0.11079987270298704,single_mode_bsv_random_phase_gamma_intensity,shared_fig_iv2_intensity_cases,hhg_intensity_prediction,quantum_light_hhg_bsv_threshold_tdse_dipole_acceleration
BSV - 1e13 W/cm^2,10000000000000.0,0.016880323915389028,12.759689916348844,7.024500376123879e-05,0.003994091313083499,2.1292945350114164e-05,2.1292945350114163,15.126023203404115,18.613676776582036,22.00238858521466,2.9907608109560786,tdse_dipole_acceleration,raw_fft_harmonic_order_grid,13,1.6079090899617815e-08,0.11079987270298704,single_mode_bsv_random_phase_gamma_intensity,shared_fig_iv2_intensity_cases,hhg_intensity_prediction,quantum_light_hhg_bsv_threshold_tdse_dipole_acceleration
BSV - 1e13 W/cm^2,10000000000000.0,0.016880323915389028,12.79968894429978,6.29447012454339e-05,0.0024125901676461826,1.908004857190787e-05,1.9080048571907868,15.126023203404115,18.613676776582036,22.00238858521466,2.9907608109560786,tdse_dipole_acceleration,raw_fft_harmonic_order_grid,13,1.6079090899617815e-08,0.11079987270298704,single_mode_bsv_random_phase_gamma_intensity,shared_fig_iv2_intensity_cases,hhg_intensity_prediction,quantum_light_hhg_bsv_threshold_tdse_dipole_acceleration
BSV - 1e13 W/cm^2,10000000000000.0,0.016880323915389028,12.839687972250715,8.058485733738588e-05,0.002117277232671268,2.4427202953308576e-05,2.4427202953308575,15.126023203404115,18.613676776582036,22.00238858521466,2.9907608109560786,tdse_dipole_acceleration,raw_fft_harmonic_order_grid,13,1.6079090899617815e-08,0.11079987270298704,single_mode_bsv_random_phase_gamma_intensity,shared_fig_iv2_intensity_cases,hhg_intensity_prediction,quantum_light_hhg_bsv_threshold_tdse_dipole_acceleration
BSV - 1e13 W/cm^2,10000000000000.0,0.016880323915389028,12.879687000201653,0.00017078780209597074,0.004345335039425317,5.176987887788087e-05,5.176987887788087,15.126023203404115,18.613676776582036,22.00238858521466,2.9907608109560786,tdse_dipole_acceleration,raw_fft_harmonic_order_grid,13,1.6079090899617815e-08,0.11079987270298704,single_mode_bsv_random_phase_gamma_intensity,shared_fig_iv2_intensity_cases,hhg_intensity_prediction,quantum_light_hhg_bsv_threshold_tdse_dipole_acceleration
BSV - 1e13 W/cm^2,10000000000000.0,0.016880323915389028,12.91968602815259,0.00010939812605094809,0.0024151309812854866,3.316119573892181e-05,3.3161195738921814,15.126023203404115,18.613676776582036,22.00238858521466,2.9907608109560786,tdse_dipole_acceleration,raw_fft_harmonic_order_grid,13,1.6079090899617815e-08,0.11079987270298704,single_mode_bsv_random_phase_gamma_intensity,shared_fig_iv2_intensity_cases,hhg_intensity_prediction,quantum_light_hhg_bsv_threshold_tdse_dipole_acceleration
BSV - 1e13 W/cm^2,10000000000000.0,0.016880323915389028,12.959685056103528,0.004756385632404524,0.1294787284578717,0.0014417745592141694,144.17745592141694,15.126023203404115,18.613676776582036,22.00238858521466,2.9907608109560786,tdse_dipole_acceleration,raw_fft_harmonic_order_grid,13,1.6079090899617815e-08,0.11079987270298704,single_mode_bsv_random_phase_gamma_intensity,shared_fig_iv2_intensity_cases,hhg_intensity_prediction,quantum_light_hhg_bsv_threshold_tdse_dipole_acceleration
BSV - 1e13 W/cm^2,10000000000000.0,0.016880323915389028,12.999684084054463,0.014702283023092901,0.3410835525051768,0.004456614594209363,445.66145942093635,15.126023203404115,18.613676776582036,22.00238858521466,2.9907608109560786,tdse_dipole_acceleration,raw_fft_harmonic_order_grid,13,1.6079090899617815e-08,0.11079987270298704,single_mode_bsv_random_phase_gamma_intensity,shared_fig_iv2_intensity_cases,hhg_intensity_prediction,quantum_light_hhg_bsv_threshold_tdse_dipole_acceleration
BSV - 1e13 W/cm^2,10000000000000.0,0.016880323915389028,13.0396831120054,0.00976172791043066,0.18438453306126495,0.002959013848529098,295.9013848529098,15.126023203404115,18.613676776582036,22.00238858521466,2.9907608109560786,tdse_dipole_acceleration,raw_fft_harmonic_order_grid,13,1.6079090899617815e-08,0.11079987270298704,single_mode_bsv_random_phase_gamma_intensity,shared_fig_iv2_intensity_cases,hhg_intensity_prediction,quantum_light_hhg_bsv_threshold_tdse_dipole_acceleration
BSV - 1e13 W/cm^2,10000000000000.0,0.016880323915389028,13.079682139956338,0.0009746592435389491,0.01790053938165654,0.0002954425923044817,29.54425923044817,15.126023203404115,18.613676776582036,22.00238858521466,2.9907608109560786,tdse_dipole_acceleration,raw_fft_harmonic_order_grid,13,1.6079090899617815e-08,0.11079987270298704,single_mode_bsv_random_phase_gamma_intensity,shared_fig_iv2_intensity_cases,hhg_intensity_prediction,quantum_light_hhg_bsv_threshold_tdse_dipole_acceleration
BSV - 1e13 W/cm^2,10000000000000.0,0.016880323915389028,13.119681167907276,0.00010761338544658052,0.005832864032509657,3.262019805769031e-05,3.2620198057690306,15.126023203404115,18.613676776582036,22.00238858521466,2.9907608109560786,tdse_dipole_acceleration,raw_fft_harmonic_order_grid,13,1.6079090899617815e-08,0.11079987270298704,single_mode_bsv_random_phase_gamma_intensity,shared_fig_iv2_intensity_cases,hhg_intensity_prediction,quantum_light_hhg_bsv_threshold_tdse_dipole_acceleration
BSV - 1e13 W/cm^2,10000000000000.0,0.016880323915389028,13.159680195858211,1.0498669008544316e-05,0.00018753383282320055,3.18239836967914e-06,0.318239836967914,15.126023203404115,18.613676776582036,22.00238858521466,2.9907608109560786,tdse_dipole_acceleration,raw_fft_harmonic_order_grid,13,1.6079090899617815e-08,0.11079987270298704,single_mode_bsv_random_phase_gamma_intensity,shared_fig_iv2_intensity_cases,hhg_intensity_prediction,quantum_light_hhg_bsv_threshold_tdse_dipole_acceleration
BSV - 1e13 W/cm^2,10000000000000.0,0.016880323915389028,13.199679223809149,2.5210291007509767e-05,0.0008665216062504266,7.641843831455343e-06,0.7641843831455344,15.126023203404115,18.613676776582036,22.00238858521466,2.9907608109560786,tdse_dipole_acceleration,raw_fft_harmonic_order_grid,13,1.6079090899617815e-08,0.11079987270298704,single_mode_bsv_random_phase_gamma_intensity,shared_fig_iv2_intensity_cases,hhg_intensity_prediction,quantum_light_hhg_bsv_threshold_tdse_dipole_acceleration
BSV - 1e13 W/cm^2,10000000000000.0,0.016880323915389028,13.239678251760086,2.7814481094612405e-05,0.0013106846880910224,8.431236304042602e-06,0.8431236304042602,15.126023203404115,18.613676776582036,22.00238858521466,2.9907608109560786,tdse_dipole_acceleration,raw_fft_harmonic_order_grid,13,1.6079090899617815e-08,0.11079987270298704,single_mode_bsv_random_phase_gamma_intensity,shared_fig_iv2_intensity_cases,hhg_intensity_prediction,quantum_light_hhg_bsv_threshold_tdse_dipole_acceleration
BSV - 1e13 W/cm^2,10000000000000.0,0.016880323915389028,13.279677279711022,4.824795955183672e-05,0.0015240548405722964,1.4625113687568269e-05,1.462511368756827,15.126023203404115,18.613676776582036,22.00238858521466,2.9907608109560786,tdse_dipole_acceleration,raw_fft_harmonic_order_grid,13,1.6079090899617815e-08,0.11079987270298704,single_mode_bsv_random_phase_gamma_intensity,shared_fig_iv2_intensity_cases,hhg_intensity_prediction,quantum_light_hhg_bsv_threshold_tdse_dipole_acceleration
BSV - 1e13 W/cm^2,10000000000000.0,0.016880323915389028,13.319676307661958,4.239627638491048e-05,0.0012927209602475978,1.2851328176743121e-05,1.2851328176743122,15.126023203404115,18.613676776582036,22.00238858521466,2.9907608109560786,tdse_dipole_acceleration,raw_fft_harmonic_order_grid,13,1.6079090899617815e-08,0.11079987270298704,single_mode_bsv_random_phase_gamma_intensity,shared_fig_iv2_intensity_cases,hhg_intensity_prediction,quantum_light_hhg_bsv_threshold_tdse_dipole_acceleration
BSV - 1e13 W/cm^2,10000000000000.0,0.016880323915389028,13.359675335612893,1.873961785470416e-05,0.0007857924850741833,5.6804276104604554e-06,0.5680427610460456,15.126023203404115,18.613676776582036,22.00238858521466,2.9907608109560786,tdse_dipole_acceleration,raw_fft_harmonic_order_grid,13,1.6079090899617815e-08,0.11079987270298704,single_mode_bsv_random_phase_gamma_intensity,shared_fig_iv2_intensity_cases,hhg_intensity_prediction,quantum_light_hhg_bsv_threshold_tdse_dipole_acceleration
BSV - 1e13 W/cm^2,10000000000000.0,0.016880323915389028,13.39967436356383,5.290829076310353e-06,0.00013859535417799928,1.6037771848029384e-06,0.16037771848029383,15.126023203404115,18.613676776582036,22.00238858521466,2.9907608109560786,tdse_dipole_acceleration,raw_fft_harmonic_order_grid,13,1.6079090899617815e-08,0.11079987270298704,single_mode_bsv_random_phase_gamma_intensity,shared_fig_iv2_intensity_cases,hhg_intensity_prediction,quantum_light_hhg_bsv_threshold_tdse_dipole_acceleration
BSV - 1e13 W/cm^2,10000000000000.0,0.016880323915389028,13.439673391514768,7.557347747254001e-06,0.00019464808536692502,2.290813352662706e-06,0.2290813352662706,15.126023203404115,18.613676776582036,22.00238858521466,2.9907608109560786,tdse_dipole_acceleration,raw_fft_harmonic_order_grid,13,1.6079090899617815e-08,0.11079987270298704,single_mode_bsv_random_phase_gamma_intensity,shared_fig_iv2_intensity_cases,hhg_intensity_prediction,quantum_light_hhg_bsv_threshold_tdse_dipole_acceleration
BSV - 1e13 W/cm^2,10000000000000.0,0.016880323915389028,13.479672419465706,5.7886134024385065e-06,3.97941742393073e-05,1.7546675525850647e-06,0.17546675525850647,15.126023203404115,18.613676776582036,22.00238858521466,2.9907608109560786,tdse_dipole_acceleration,raw_fft_harmonic_order_grid,13,1.6079090899617815e-08,0.11079987270298704,single_mode_bsv_random_phase_gamma_intensity,shared_fig_iv2_intensity_cases,hhg_intensity_prediction,quantum_light_hhg_bsv_threshold_tdse_dipole_acceleration
BSV - 1e13 W/cm^2,10000000000000.0,0.016880323915389028,13.519671447416641,5.843906520292924e-06,0.00017845006247677045,1.7714282227205997e-06,0.17714282227205996,15.126023203404115,18.613676776582036,22.00238858521466,2.9907608109560786,tdse_dipole_acceleration,raw_fft_harmonic_order_grid,13,1.6079090899617815e-08,0.11079987270298704,single_mode_bsv_random_phase_gamma_intensity,shared_fig_iv2_intensity_cases,hhg_intensity_prediction,quantum_light_hhg_bsv_threshold_tdse_dipole_acceleration
BSV - 1e13 W/cm^2,10000000000000.0,0.016880323915389028,13.559670475367579,3.816116538950413e-06,2.29252325668935e-05,1.1567564461911985e-06,0.11567564461911985,15.126023203404115,18.613676776582036,22.00238858521466,2.9907608109560786,tdse_dipole_acceleration,raw_fft_harmonic_order_grid,13,1.6079090899617815e-08,0.11079987270298704,single_mode_bsv_random_phase_gamma_intensity,shared_fig_iv2_intensity_cases,hhg_intensity_prediction,quantum_light_hhg_bsv_threshold_tdse_dipole_acceleration
BSV - 1e13 W/cm^2,10000000000000.0,0.016880323915389028,13.599669503318516,5.190501692142884e-06,0.00011233186149611889,1.5733655484756209e-06,0.1573365548475621,15.126023203404115,18.613676776582036,22.00238858521466,2.9907608109560786,tdse_dipole_acceleration,raw_fft_harmonic_order_grid,13,1.6079090899617815e-08,0.11079987270298704,single_mode_bsv_random_phase_gamma_intensity,shared_fig_iv2_intensity_cases,hhg_intensity_prediction,quantum_light_hhg_bsv_threshold_tdse_dipole_acceleration
BSV - 1e13 W/cm^2,10000000000000.0,0.016880323915389028,13.639668531269454,6.5112402109975765e-06,0.00016271873542922228,1.973713069266582e-06,0.19737130692665822,15.126023203404115,18.613676776582036,22.00238858521466,2.9907608109560786,tdse_dipole_acceleration,raw_fft_harmonic_order_grid,13,1.6079090899617815e-08,0.11079987270298704,single_mode_bsv_random_phase_gamma_intensity,shared_fig_iv2_intensity_cases,hhg_intensity_prediction,quantum_light_hhg_bsv_threshold_tdse_dipole_acceleration
BSV - 1e13 W/cm^2,10000000000000.0,0.016880323915389028,13.67966755922039,8.21476115697025e-06,7.048294128272411e-05,2.490091124119593e-06,0.2490091124119593,15.126023203404115,18.613676776582036,22.00238858521466,2.9907608109560786,tdse_dipole_acceleration,raw_fft_harmonic_order_grid,13,1.6079090899617815e-08,0.11079987270298704,single_mode_bsv_random_phase_gamma_intensity,shared_fig_iv2_intensity_cases,hhg_intensity_prediction,quantum_light_hhg_bsv_threshold_tdse_dipole_acceleration
BSV - 1e13 W/cm^2,10000000000000.0,0.016880323915389028,13.719666587171327,3.464049457001327e-05,0.00018836138549354156,1.0500364699065273e-05,1.0500364699065274,15.126023203404115,18.613676776582036,22.00238858521466,2.9907608109560786,tdse_dipole_acceleration,raw_fft_harmonic_order_grid,13,1.6079090899617815e-08,0.11079987270298704,single_mode_bsv_random_phase_gamma_intensity,shared_fig_iv2_intensity_cases,hhg_intensity_prediction,quantum_light_hhg_bsv_threshold_tdse_dipole_acceleration
BSV - 1e13 W/cm^2,10000000000000.0,0.016880323915389028,13.759665615122264,2.48607086479814e-05,6.119834804682828e-05,7.535877034128345e-06,0.7535877034128344,15.126023203404115,18.613676776582036,22.00238858521466,2.9907608109560786,tdse_dipole_acceleration,raw_fft_harmonic_order_grid,13,1.6079090899617815e-08,0.11079987270298704,single_mode_bsv_random_phase_gamma_intensity,shared_fig_iv2_intensity_cases,hhg_intensity_prediction,quantum_light_hhg_bsv_threshold_tdse_dipole_acceleration
BSV - 1e13 W/cm^2,10000000000000.0,0.016880323915389028,13.7996646430732,2.9296252751292388e-05,5.558836816783524e-05,8.880396831021532e-06,0.8880396831021532,15.126023203404115,18.613676776582036,22.00238858521466,2.9907608109560786,tdse_dipole_acceleration,raw_fft_harmonic_order_grid,13,1.6079090899617815e-08,0.11079987270298704,single_mode_bsv_random_phase_gamma_intensity,shared_fig_iv2_intensity_cases,hhg_intensity_prediction,quantum_light_hhg_bsv_threshold_tdse_dipole_acceleration
BSV - 1e13 W/cm^2,10000000000000.0,0.016880323915389028,13.839663671024137,1.608105374793351e-05,7.52737604129987e-05,4.87455306844101e-06,0.487455306844101,15.126023203404115,18.613676776582036,22.00238858521466,2.9907608109560786,tdse_dipole_acceleration,raw_fft_harmonic_order_grid,13,1.6079090899617815e-08,0.11079987270298704,single_mode_bsv_random_phase_gamma_intensity,shared_fig_iv2_intensity_cases,hhg_intensity_prediction,quantum_light_hhg_bsv_threshold_tdse_dipole_acceleration
BSV - 1e13 W/cm^2,10000000000000.0,0.016880323915389028,13.879662698975073,7.26135664164378e-06,5.91847273609915e-05,2.20109134969577e-06,0.220109134969577,15.126023203404115,18.613676776582036,22.00238858521466,2.9907608109560786,tdse_dipole_acceleration,raw_fft_harmonic_order_grid,13,1.6079090899617815e-08,0.11079987270298704,single_mode_bsv_random_phase_gamma_intensity,shared_fig_iv2_intensity_cases,hhg_intensity_prediction,quantum_light_hhg_bsv_threshold_tdse_dipole_acceleration
BSV - 1e13 W/cm^2,10000000000000.0,0.016880323915389028,13.91966172692601,9.909352817988598e-06,0.00010358429910632031,3.003762498548836e-06,0.3003762498548836,15.126023203404115,18.613676776582036,22.00238858521466,2.9907608109560786,tdse_dipole_acceleration,raw_fft_harmonic_order_grid,13,1.6079090899617815e-08,0.11079987270298704,single_mode_bsv_random_phase_gamma_intensity,shared_fig_iv2_intensity_cases,hhg_intensity_prediction,quantum_light_hhg_bsv_threshold_tdse_dipole_acceleration
BSV - 1e13 W/cm^2,10000000000000.0,0.016880323915389028,13.959660754876946,1.0316232514580934e-05,0.00013213004843291062,3.1270974929216636e-06,0.3127097492921664,15.126023203404115,18.613676776582036,22.00238858521466,2.9907608109560786,tdse_dipole_acceleration,raw_fft_harmonic_order_grid,13,1.6079090899617815e-08,0.11079987270298704,single_mode_bsv_random_phase_gamma_intensity,shared_fig_iv2_intensity_cases,hhg_intensity_prediction,quantum_light_hhg_bsv_threshold_tdse_dipole_acceleration
BSV - 1e13 W/cm^2,10000000000000.0,0.016880323915389028,13.999659782827884,1.956880632950654e-05,0.00016062963533957302,5.931774523885408e-06,0.5931774523885408,15.126023203404115,18.613676776582036,22.00238858521466,2.9907608109560786,tdse_dipole_acceleration,raw_fft_harmonic_order_grid,13,1.6079090899617815e-08,0.11079987270298704,single_mode_bsv_random_phase_gamma_intensity,shared_fig_iv2_intensity_cases,hhg_intensity_prediction,quantum_light_hhg_bsv_threshold_tdse_dipole_acceleration
BSV - 1e13 W/cm^2,10000000000000.0,0.016880323915389028,14.039658810778821,6.15458975953578e-05,0.00019528263364642314,1.8656037637580812e-05,1.8656037637580811,15.126023203404115,18.613676776582036,22.00238858521466,2.9907608109560786,tdse_dipole_acceleration,raw_fft_harmonic_order_grid,13,1.6079090899617815e-08,0.11079987270298704,single_mode_bsv_random_phase_gamma_intensity,shared_fig_iv2_intensity_cases,hhg_intensity_prediction,quantum_light_hhg_bsv_threshold_tdse_dipole_acceleration
BSV - 1e13 W/cm^2,10000000000000.0,0.016880323915389028,14.079657838729759,4.400092970936624e-05,0.0005158598457187465,1.3337737084338189e-05,1.3337737084338188,15.126023203404115,18.613676776582036,22.00238858521466,2.9907608109560786,tdse_dipole_acceleration,raw_fft_harmonic_order_grid,13,1.6079090899617815e-08,0.11079987270298704,single_mode_bsv_random_phase_gamma_intensity,shared_fig_iv2_intensity_cases,hhg_intensity_prediction,quantum_light_hhg_bsv_threshold_tdse_dipole_acceleration
BSV - 1e13 W/cm^2,10000000000000.0,0.016880323915389028,14.119656866680694,1.910716239597227e-05,0.00021120524865025334,5.791839175865951e-06,0.5791839175865952,15.126023203404115,18.613676776582036,22.00238858521466,2.9907608109560786,tdse_dipole_acceleration,raw_fft_harmonic_order_grid,13,1.6079090899617815e-08,0.11079987270298704,single_mode_bsv_random_phase_gamma_intensity,shared_fig_iv2_intensity_cases,hhg_intensity_prediction,quantum_light_hhg_bsv_threshold_tdse_dipole_acceleration
BSV - 1e13 W/cm^2,10000000000000.0,0.016880323915389028,14.159655894631632,2.7433753373033994e-05,0.00013077599822115674,8.315828600508305e-06,0.8315828600508305,15.126023203404115,18.613676776582036,22.00238858521466,2.9907608109560786,tdse_dipole_acceleration,raw_fft_harmonic_order_grid,13,1.6079090899617815e-08,0.11079987270298704,single_mode_bsv_random_phase_gamma_intensity,shared_fig_iv2_intensity_cases,hhg_intensity_prediction,quantum_light_hhg_bsv_threshold_tdse_dipole_acceleration
BSV - 1e13 W/cm^2,10000000000000.0,0.016880323915389028,14.19965492258257,4.0346260817377423e-05,0.00013348545269751538,1.222991929199549e-05,1.222991929199549,15.126023203404115,18.613676776582036,22.00238858521466,2.9907608109560786,tdse_dipole_acceleration,raw_fft_harmonic_order_grid,13,1.6079090899617815e-08,0.11079987270298704,single_mode_bsv_random_phase_gamma_intensity,shared_fig_iv2_intensity_cases,hhg_intensity_prediction,quantum_light_hhg_bsv_threshold_tdse_dipole_acceleration
BSV - 1e13 W/cm^2,10000000000000.0,0.016880323915389028,14.239653950533507,2.0518339656213246e-05,6.736409880823927e-05,6.219600848194532e-06,0.6219600848194532,15.126023203404115,18.613676776582036,22.00238858521466,2.9907608109560786,tdse_dipole_acceleration,raw_fft_harmonic_order_grid,13,1.6079090899617815e-08,0.11079987270298704,single_mode_bsv_random_phase_gamma_intensity,shared_fig_iv2_intensity_cases,hhg_intensity_prediction,quantum_light_hhg_bsv_threshold_tdse_dipole_acceleration
BSV - 1e13 W/cm^2,10000000000000.0,0.016880323915389028,14.27965297848444,1.3762540781828048e-05,6.439728373408526e-05,4.171756182720634e-06,0.4171756182720634,15.126023203404115,18.613676776582036,22.00238858521466,2.9907608109560786,tdse_dipole_acceleration,raw_fft_harmonic_order_grid,13,1.6079090899617815e-08,0.11079987270298704,single_mode_bsv_random_phase_gamma_intensity,shared_fig_iv2_intensity_cases,hhg_intensity_prediction,quantum_light_hhg_bsv_threshold_tdse_dipole_acceleration
BSV - 1e13 W/cm^2,10000000000000.0,0.016880323915389028,14.31965200643538,2.645901301804141e-05,0.00023591312658791856,8.020361421376903e-06,0.8020361421376903,15.126023203404115,18.613676776582036,22.00238858521466,2.9907608109560786,tdse_dipole_acceleration,raw_fft_harmonic_order_grid,13,1.6079090899617815e-08,0.11079987270298704,single_mode_bsv_random_phase_gamma_intensity,shared_fig_iv2_intensity_cases,hhg_intensity_prediction,quantum_light_hhg_bsv_threshold_tdse_dipole_acceleration
BSV - 1e13 W/cm^2,10000000000000.0,0.016880323915389028,14.359651034386316,2.10716457796652e-05,4.876537309089249e-05,6.387321204343862e-06,0.6387321204343862,15.126023203404115,18.613676776582036,22.00238858521466,2.9907608109560786,tdse_dipole_acceleration,raw_fft_harmonic_order_grid,13,1.6079090899617815e-08,0.11079987270298704,single_mode_bsv_random_phase_gamma_intensity,shared_fig_iv2_intensity_cases,hhg_intensity_prediction,quantum_light_hhg_bsv_threshold_tdse_dipole_acceleration
BSV - 1e13 W/cm^2,10000000000000.0,0.016880323915389028,14.399650062337251,1.9719625258450245e-05,9.576636168610491e-05,5.977491358390485e-06,0.5977491358390485,15.126023203404115,18.613676776582036,22.00238858521466,2.9907608109560786,tdse_dipole_acceleration,raw_fft_harmonic_order_grid,13,1.6079090899617815e-08,0.11079987270298704,single_mode_bsv_random_phase_gamma_intensity,shared_fig_iv2_intensity_cases,hhg_intensity_prediction,quantum_light_hhg_bsv_threshold_tdse_dipole_acceleration
BSV - 1e13 W/cm^2,10000000000000.0,0.016880323915389028,14.439649090288187,1.1476170352268523e-05,0.00013920443339624793,3.4787024707128393e-06,0.34787024707128394,15.126023203404115,18.613676776582036,22.00238858521466,2.9907608109560786,tdse_dipole_acceleration,raw_fft_harmonic_order_grid,13,1.6079090899617815e-08,0.11079987270298704,single_mode_bsv_random_phase_gamma_intensity,shared_fig_iv2_intensity_cases,hhg_intensity_prediction,quantum_light_hhg_bsv_threshold_tdse_dipole_acceleration
BSV - 1e13 W/cm^2,10000000000000.0,0.016880323915389028,14.479648118239126,1.9623956652191663e-05,0.0001945613098765598,5.948491909380424e-06,0.5948491909380423,15.126023203404115,18.613676776582036,22.00238858521466,2.9907608109560786,tdse_dipole_acceleration,raw_fft_harmonic_order_grid,13,1.6079090899617815e-08,0.11079987270298704,single_mode_bsv_random_phase_gamma_intensity,shared_fig_iv2_intensity_cases,hhg_intensity_prediction,quantum_light_hhg_bsv_threshold_tdse_dipole_acceleration
BSV - 1e13 W/cm^2,10000000000000.0,0.016880323915389028,14.519647146190064,1.657517669785607e-05,0.00014542032395011557,5.024333585283176e-06,0.5024333585283176,15.126023203404115,18.613676776582036,22.00238858521466,2.9907608109560786,tdse_dipole_acceleration,raw_fft_harmonic_order_grid,13,1.6079090899617815e-08,0.11079987270298704,single_mode_bsv_random_phase_gamma_intensity,shared_fig_iv2_intensity_cases,hhg_intensity_prediction,quantum_light_hhg_bsv_threshold_tdse_dipole_acceleration
BSV - 1e13 W/cm^2,10000000000000.0,0.016880323915389028,14.559646174140997,1.5070051113575655e-05,0.00019640502501099002,4.568093922743277e-06,0.45680939227432765,15.126023203404115,18.613676776582036,22.00238858521466,2.9907608109560786,tdse_dipole_acceleration,raw_fft_harmonic_order_grid,13,1.6079090899617815e-08,0.11079987270298704,single_mode_bsv_random_phase_gamma_intensity,shared_fig_iv2_intensity_cases,hhg_intensity_prediction,quantum_light_hhg_bsv_threshold_tdse_dipole_acceleration
BSV - 1e13 W/cm^2,10000000000000.0,0.016880323915389028,14.599645202091935,1.5122311996334035e-05,0.00017205449154769547,4.583935449698066e-06,0.45839354496980655,15.126023203404115,18.613676776582036,22.00238858521466,2.9907608109560786,tdse_dipole_acceleration,raw_fft_harmonic_order_grid,13,1.6079090899617815e-08,0.11079987270298704,single_mode_bsv_random_phase_gamma_intensity,shared_fig_iv2_intensity_cases,hhg_intensity_prediction,quantum_light_hhg_bsv_threshold_tdse_dipole_acceleration
BSV - 1e13 W/cm^2,10000000000000.0,0.016880323915389028,14.639644230042874,1.777716889816569e-05,0.00016779056621169192,5.38868624898933e-06,0.5388686248989331,15.126023203404115,18.613676776582036,22.00238858521466,2.9907608109560786,tdse_dipole_acceleration,raw_fft_harmonic_order_grid,13,1.6079090899617815e-08,0.11079987270298704,single_mode_bsv_random_phase_gamma_intensity,shared_fig_iv2_intensity_cases,hhg_intensity_prediction,quantum_light_hhg_bsv_threshold_tdse_dipole_acceleration
BSV - 1e13 W/cm^2,10000000000000.0,0.016880323915389028,14.679643257993812,2.633280129126782e-05,0.00026858885335490274,7.982103620012579e-06,0.7982103620012578,15.126023203404115,18.613676776582036,22.00238858521466,2.9907608109560786,tdse_dipole_acceleration,raw_fft_harmonic_order_grid,13,1.6079090899617815e-08,0.11079987270298704,single_mode_bsv_random_phase_gamma_intensity,shared_fig_iv2_intensity_cases,hhg_intensity_prediction,quantum_light_hhg_bsv_threshold_tdse_dipole_acceleration
BSV - 1e13 W/cm^2,10000000000000.0,0.016880323915389028,14.719642285944746,2.064186375085502e-05,0.0003843944639591044,6.2570439638012965e-06,0.6257043963801296,15.126023203404115,18.613676776582036,22.00238858521466,2.9907608109560786,tdse_dipole_acceleration,raw_fft_harmonic_order_grid,13,1.6079090899617815e-08,0.11079987270298704,single_mode_bsv_random_phase_gamma_intensity,shared_fig_iv2_intensity_cases,hhg_intensity_prediction,quantum_light_hhg_bsv_threshold_tdse_dipole_acceleration
BSV - 1e13 W/cm^2,10000000000000.0,0.016880323915389028,14.759641313895683,1.2167465806123398e-05,0.000412730436430598,3.688250702352861e-06,0.3688250702352861,15.126023203404115,18.613676776582036,22.00238858521466,2.9907608109560786,tdse_dipole_acceleration,raw_fft_harmonic_order_grid,13,1.6079090899617815e-08,0.11079987270298704,single_mode_bsv_random_phase_gamma_intensity,shared_fig_iv2_intensity_cases,hhg_intensity_prediction,quantum_light_hhg_bsv_threshold_tdse_dipole_acceleration
BSV - 1e13 W/cm^2,10000000000000.0,0.016880323915389028,14.799640341846622,1.2801406690491496e-05,0.0002903446145277355,3.880413388427076e-06,0.3880413388427076,15.126023203404115,18.613676776582036,22.00238858521466,2.9907608109560786,tdse_dipole_acceleration,raw_fft_harmonic_order_grid,13,1.6079090899617815e-08,0.11079987270298704,single_mode_bsv_random_phase_gamma_intensity,shared_fig_iv2_intensity_cases,hhg_intensity_prediction,quantum_light_hhg_bsv_threshold_tdse_dipole_acceleration
BSV - 1e13 W/cm^2,10000000000000.0,0.016880323915389028,14.839639369797558,2.0520124408425947e-05,0.00021744563683686832,6.220141849394528e-06,0.6220141849394528,15.126023203404115,18.613676776582036,22.00238858521466,2.9907608109560786,tdse_dipole_acceleration,raw_fft_harmonic_order_grid,13,1.6079090899617815e-08,0.11079987270298704,single_mode_bsv_random_phase_gamma_intensity,shared_fig_iv2_intensity_cases,hhg_intensity_prediction,quantum_light_hhg_bsv_threshold_tdse_dipole_acceleration
BSV - 1e13 W/cm^2,10000000000000.0,0.016880323915389028,14.879638397748494,2.733802167281425e-05,0.00024935735270093944,8.286810026205411e-06,0.8286810026205411,15.126023203404115,18.613676776582036,22.00238858521466,2.9907608109560786,tdse_dipole_acceleration,raw_fft_harmonic_order_grid,13,1.6079090899617815e-08,0.11079987270298704,single_mode_bsv_random_phase_gamma_intensity,shared_fig_iv2_intensity_cases,hhg_intensity_prediction,quantum_light_hhg_bsv_threshold_tdse_dipole_acceleration
BSV - 1e13 W/cm^2,10000000000000.0,0.016880323915389028,14.91963742569943,9.0619639613939e-05,0.0010365883297218333,2.7468986128966156e-05,2.7468986128966155,15.126023203404115,18.613676776582036,22.00238858521466,2.9907608109560786,tdse_dipole_acceleration,raw_fft_harmonic_order_grid,13,1.6079090899617815e-08,0.11079987270298704,single_mode_bsv_random_phase_gamma_intensity,shared_fig_iv2_intensity_cases,hhg_intensity_prediction,quantum_light_hhg_bsv_threshold_tdse_dipole_acceleration
BSV - 1e13 W/cm^2,10000000000000.0,0.016880323915389028,14.959636453650367,0.0013183132382507499,0.03053028449303259,0.0003996123600735674,39.96123600735674,15.126023203404115,18.613676776582036,22.00238858521466,2.9907608109560786,tdse_dipole_acceleration,raw_fft_harmonic_order_grid,13,1.6079090899617815e-08,0.11079987270298704,single_mode_bsv_random_phase_gamma_intensity,shared_fig_iv2_intensity_cases,hhg_intensity_prediction,quantum_light_hhg_bsv_threshold_tdse_dipole_acceleration
BSV - 1e13 W/cm^2,10000000000000.0,0.016880323915389028,14.999635481601306,0.003476252313350283,0.09618945876154396,0.0010537354483311963,105.37354483311962,15.126023203404115,18.613676776582036,22.00238858521466,2.9907608109560786,tdse_dipole_acceleration,raw_fft_harmonic_order_grid,13,1.6079090899617815e-08,0.11079987270298704,single_mode_bsv_random_phase_gamma_intensity,shared_fig_iv2_intensity_cases,hhg_intensity_prediction,quantum_light_hhg_bsv_threshold_tdse_dipole_acceleration
BSV - 1e13 W/cm^2,10000000000000.0,0.016880323915389028,15.03963450955224,0.001612243845144201,0.04036308255255155,0.0004887097764618013,48.87097764618012,15.126023203404115,18.613676776582036,22.00238858521466,2.9907608109560786,tdse_dipole_acceleration,raw_fft_harmonic_order_grid,13,1.6079090899617815e-08,0.11079987270298704,single_mode_bsv_random_phase_gamma_intensity,shared_fig_iv2_intensity_cases,hhg_intensity_prediction,quantum_light_hhg_bsv_threshold_tdse_dipole_acceleration
BSV - 1e13 W/cm^2,10000000000000.0,0.016880323915389028,15.079633537503177,0.00012197217449803373,0.002455788568199264,3.697269139096163e-05,3.697269139096163,15.126023203404115,18.613676776582036,22.00238858521466,2.9907608109560786,tdse_dipole_acceleration,raw_fft_harmonic_order_grid,13,1.6079090899617815e-08,0.11079987270298704,single_mode_bsv_random_phase_gamma_intensity,shared_fig_iv2_intensity_cases,hhg_intensity_prediction,quantum_light_hhg_bsv_threshold_tdse_dipole_acceleration
BSV - 1e13 W/cm^2,10000000000000.0,0.016880323915389028,15.119632565454115,4.090000362595391e-05,0.0011083897723933684,1.2397772017879234e-05,1.2397772017879234,15.126023203404115,18.613676776582036,22.00238858521466,2.9907608109560786,tdse_dipole_acceleration,raw_fft_harmonic_order_grid,13,1.6079090899617815e-08,0.11079987270298704,single_mode_bsv_random_phase_gamma_intensity,shared_fig_iv2_intensity_cases,hhg_intensity_prediction,quantum_light_hhg_bsv_threshold_tdse_dipole_acceleration
BSV - 1e13 W/cm^2,10000000000000.0,0.016880323915389028,15.159631593405054,1.8703648256631985e-05,0.00021375991341783044,5.669524362613538e-06,0.5669524362613538,15.126023203404115,18.613676776582036,22.00238858521466,2.9907608109560786,tdse_dipole_acceleration,raw_fft_harmonic_order_grid,13,1.6079090899617815e-08,0.11079987270298704,single_mode_bsv_random_phase_gamma_intensity,shared_fig_iv2_intensity_cases,hhg_intensity_prediction,quantum_light_hhg_bsv_threshold_tdse_dipole_acceleration
BSV - 1e13 W/cm^2,10000000000000.0,0.016880323915389028,15.199630621355988,5.919414597635481e-06,0.00020871950679594636,1.794316531899315e-06,0.1794316531899315,15.126023203404115,18.613676776582036,22.00238858521466,2.9907608109560786,tdse_dipole_acceleration,raw_fft_harmonic_order_grid,13,1.6079090899617815e-08,0.11079987270298704,single_mode_bsv_random_phase_gamma_intensity,shared_fig_iv2_intensity_cases,hhg_intensity_prediction,quantum_light_hhg_bsv_threshold_tdse_dipole_acceleration
BSV - 1e13 W/cm^2,10000000000000.0,0.016880323915389028,15.239629649306925,2.4836166503612334e-05,0.00030109266502651106,7.5284377215673915e-06,0.7528437721567391,15.126023203404115,18.613676776582036,22.00238858521466,2.9907608109560786,tdse_dipole_acceleration,raw_fft_harmonic_order_grid,13,1.6079090899617815e-08,0.11079987270298704,single_mode_bsv_random_phase_gamma_intensity,shared_fig_iv2_intensity_cases,hhg_intensity_prediction,quantum_light_hhg_bsv_threshold_tdse_dipole_acceleration
BSV - 1e13 W/cm^2,10000000000000.0,0.016880323915389028,15.279628677257863,1.6080870087546776e-05,0.00037155268043993376,4.874497396573e-06,0.4874497396573,15.126023203404115,18.613676776582036,22.00238858521466,2.9907608109560786,tdse_dipole_acceleration,raw_fft_harmonic_order_grid,13,1.6079090899617815e-08,0.11079987270298704,single_mode_bsv_random_phase_gamma_intensity,shared_fig_iv2_intensity_cases,hhg_intensity_prediction,quantum_light_hhg_bsv_threshold_tdse_dipole_acceleration
BSV - 1e13 W/cm^2,10000000000000.0,0.016880323915389028,15.3196277052088,1.8007980310735185e-05,0.00012714369283501638,5.458650723768629e-06,0.5458650723768629,15.126023203404115,18.613676776582036,22.00238858521466,2.9907608109560786,tdse_dipole_acceleration,raw_fft_harmonic_order_grid,13,1.6079090899617815e-08,0.11079987270298704,single_mode_bsv_random_phase_gamma_intensity,shared_fig_iv2_intensity_cases,hhg_intensity_prediction,quantum_light_hhg_bsv_threshold_tdse_dipole_acceleration
BSV - 1e13 W/cm^2,10000000000000.0,0.016880323915389028,15.359626733159736,2.0435291868018076e-05,0.00026410161812709653,6.1944270718289115e-06,0.6194427071828912,15.126023203404115,18.613676776582036,22.00238858521466,2.9907608109560786,tdse_dipole_acceleration,raw_fft_harmonic_order_grid,13,1.6079090899617815e-08,0.11079987270298704,single_mode_bsv_random_phase_gamma_intensity,shared_fig_iv2_intensity_cases,hhg_intensity_prediction,quantum_light_hhg_bsv_threshold_tdse_dipole_acceleration
BSV - 1e13 W/cm^2,10000000000000.0,0.016880323915389028,15.399625761110672,2.0287777041071828e-05,0.0003989761917913742,6.149711789882679e-06,0.6149711789882679,15.126023203404115,18.613676776582036,22.00238858521466,2.9907608109560786,tdse_dipole_acceleration,raw_fft_harmonic_order_grid,13,1.6079090899617815e-08,0.11079987270298704,single_mode_bsv_random_phase_gamma_intensity,shared_fig_iv2_intensity_cases,hhg_intensity_prediction,quantum_light_hhg_bsv_threshold_tdse_dipole_acceleration
BSV - 1e13 W/cm^2,10000000000000.0,0.016880323915389028,15.43962478906161,3.4766253176933694e-05,0.0006019058046646742,1.0538485148934772e-05,1.053848514893477,15.126023203404115,18.613676776582036,22.00238858521466,2.9907608109560786,tdse_dipole_acceleration,raw_fft_harmonic_order_grid,13,1.6079090899617815e-08,0.11079987270298704,single_mode_bsv_random_phase_gamma_intensity,shared_fig_iv2_intensity_cases,hhg_intensity_prediction,quantum_light_hhg_bsv_threshold_tdse_dipole_acceleration
BSV - 1e13 W/cm^2,10000000000000.0,0.016880323915389028,15.479623817012545,3.5075370949891835e-05,0.0003979552929483813,1.0632186159596238e-05,1.0632186159596237,15.126023203404115,18.613676776582036,22.00238858521466,2.9907608109560786,tdse_dipole_acceleration,raw_fft_harmonic_order_grid,13,1.6079090899617815e-08,0.11079987270298704,single_mode_bsv_random_phase_gamma_intensity,shared_fig_iv2_intensity_cases,hhg_intensity_prediction,quantum_light_hhg_bsv_threshold_tdse_dipole_acceleration
BSV - 1e13 W/cm^2,10000000000000.0,0.016880323915389028,15.519622844963482,3.285990240216692e-05,0.0005337913225261209,9.96062450843673e-06,0.9960624508436731,15.126023203404115,18.613676776582036,22.00238858521466,2.9907608109560786,tdse_dipole_acceleration,raw_fft_harmonic_order_grid,13,1.6079090899617815e-08,0.11079987270298704,single_mode_bsv_random_phase_gamma_intensity,shared_fig_iv2_intensity_cases,hhg_intensity_prediction,quantum_light_hhg_bsv_threshold_tdse_dipole_acceleration
BSV - 1e13 W/cm^2,10000000000000.0,0.016880323915389028,15.55962187291442,3.492305304894153e-05,0.0004812937777199896,1.05860149507256e-05,1.0586014950725602,15.126023203404115,18.613676776582036,22.00238858521466,2.9907608109560786,tdse_dipole_acceleration,raw_fft_harmonic_order_grid,13,1.6079090899617815e-08,0.11079987270298704,single_mode_bsv_random_phase_gamma_intensity,shared_fig_iv2_intensity_cases,hhg_intensity_prediction,quantum_light_hhg_bsv_threshold_tdse_dipole_acceleration
BSV - 1e13 W/cm^2,10000000000000.0,0.016880323915389028,15.599620900865357,3.1931932906050557e-05,0.0005582875239786979,9.679334698352304e-06,0.9679334698352304,15.126023203404115,18.613676776582036,22.00238858521466,2.9907608109560786,tdse_dipole_acceleration,raw_fft_harmonic_order_grid,13,1.6079090899617815e-08,0.11079987270298704,single_mode_bsv_random_phase_gamma_intensity,shared_fig_iv2_intensity_cases,hhg_intensity_prediction,quantum_light_hhg_bsv_threshold_tdse_dipole_acceleration
BSV - 1e13 W/cm^2,10000000000000.0,0.016880323915389028,15.639619928816291,4.438680296744478e-05,0.0006903475978698722,1.3454704523392843e-05,1.3454704523392844,15.126023203404115,18.613676776582036,22.00238858521466,2.9907608109560786,tdse_dipole_acceleration,raw_fft_harmonic_order_grid,13,1.6079090899617815e-08,0.11079987270298704,single_mode_bsv_random_phase_gamma_intensity,shared_fig_iv2_intensity_cases,hhg_intensity_prediction,quantum_light_hhg_bsv_threshold_tdse_dipole_acceleration
BSV - 1e13 W/cm^2,10000000000000.0,0.016880323915389028,15.67961895676723,3.694461612061068e-05,0.0006337083881293351,1.119879920159089e-05,1.119879920159089,15.126023203404115,18.613676776582036,22.00238858521466,2.9907608109560786,tdse_dipole_acceleration,raw_fft_harmonic_order_grid,13,1.6079090899617815e-08,0.11079987270298704,single_mode_bsv_random_phase_gamma_intensity,shared_fig_iv2_intensity_cases,hhg_intensity_prediction,quantum_light_hhg_bsv_threshold_tdse_dipole_acceleration
BSV - 1e13 W/cm^2,10000000000000.0,0.016880323915389028,15.719617984718168,3.189514075952891e-05,0.0005606852259958366,9.66818211634289e-06,0.9668182116342889,15.126023203404115,18.613676776582036,22.00238858521466,2.9907608109560786,tdse_dipole_acceleration,raw_fft_harmonic_order_grid,13,1.6079090899617815e-08,0.11079987270298704,single_mode_bsv_random_phase_gamma_intensity,shared_fig_iv2_intensity_cases,hhg_intensity_prediction,quantum_light_hhg_bsv_threshold_tdse_dipole_acceleration
BSV - 1e13 W/cm^2,10000000000000.0,0.016880323915389028,15.759617012669105,3.220112305453069e-05,0.0005095883389084,9.760932688436539e-06,0.9760932688436539,15.126023203404115,18.613676776582036,22.00238858521466,2.9907608109560786,tdse_dipole_acceleration,raw_fft_harmonic_order_grid,13,1.6079090899617815e-08,0.11079987270298704,single_mode_bsv_random_phase_gamma_intensity,shared_fig_iv2_intensity_cases,hhg_intensity_prediction,quantum_light_hhg_bsv_threshold_tdse_dipole_acceleration
BSV - 1e13 W/cm^2,10000000000000.0,0.016880323915389028,15.79961604062004,2.086050918958443e-05,0.00031331786492033633,6.323320640128931e-06,0.6323320640128931,15.126023203404115,18.613676776582036,22.00238858521466,2.9907608109560786,tdse_dipole_acceleration,raw_fft_harmonic_order_grid,13,1.6079090899617815e-08,0.11079987270298704,single_mode_bsv_random_phase_gamma_intensity,shared_fig_iv2_intensity_cases,hhg_intensity_prediction,quantum_light_hhg_bsv_threshold_tdse_dipole_acceleration
BSV - 1e13 W/cm^2,10000000000000.0,0.016880323915389028,15.839615068570978,1.6433272310334922e-05,0.00022426565129469913,4.9813189620837885e-06,0.49813189620837883,15.126023203404115,18.613676776582036,22.00238858521466,2.9907608109560786,tdse_dipole_acceleration,raw_fft_harmonic_order_grid,13,1.6079090899617815e-08,0.11079987270298704,single_mode_bsv_random_phase_gamma_intensity,shared_fig_iv2_intensity_cases,hhg_intensity_prediction,quantum_light_hhg_bsv_threshold_tdse_dipole_acceleration
BSV - 1e13 W/cm^2,10000000000000.0,0.016880323915389028,15.879614096521916,1.54031023132987e-05,0.00018300763214559992,4.669049729060792e-06,0.46690497290607924,15.126023203404115,18.613676776582036,22.00238858521466,2.9907608109560786,tdse_dipole_acceleration,raw_fft_harmonic_order_grid,13,1.6079090899617815e-08,0.11079987270298704,single_mode_bsv_random_phase_gamma_intensity,shared_fig_iv2_intensity_cases,hhg_intensity_prediction,quantum_light_hhg_bsv_threshold_tdse_dipole_acceleration
BSV - 1e13 W/cm^2,10000000000000.0,0.016880323915389028,15.919613124472852,7.758379383313221e-06,6.775217081153042e-05,2.3517508629631187e-06,0.23517508629631187,15.126023203404115,18.613676776582036,22.00238858521466,2.9907608109560786,tdse_dipole_acceleration,raw_fft_harmonic_order_grid,13,1.6079090899617815e-08,0.11079987270298704,single_mode_bsv_random_phase_gamma_intensity,shared_fig_iv2_intensity_cases,hhg_intensity_prediction,quantum_light_hhg_bsv_threshold_tdse_dipole_acceleration
BSV - 1e13 W/cm^2,10000000000000.0,0.016880323915389028,15.959612152423787,1.4064136581337204e-05,0.00013202138816679562,4.263177102827639e-06,0.4263177102827639,15.126023203404115,18.613676776582036,22.00238858521466,2.9907608109560786,tdse_dipole_acceleration,raw_fft_harmonic_order_grid,13,1.6079090899617815e-08,0.11079987270298704,single_mode_bsv_random_phase_gamma_intensity,shared_fig_iv2_intensity_cases,hhg_intensity_prediction,quantum_light_hhg_bsv_threshold_tdse_dipole_acceleration
BSV - 1e13 W/cm^2,10000000000000.0,0.016880323915389028,15.999611180374723,9.271542755827793e-06,0.00011043537262203424,2.8104269718898305e-06,0.28104269718898306,15.126023203404115,18.613676776582036,22.00238858521466,2.9907608109560786,tdse_dipole_acceleration,raw_fft_harmonic_order_grid,13,1.6079090899617815e-08,0.11079987270298704,single_mode_bsv_random_phase_gamma_intensity,shared_fig_iv2_intensity_cases,hhg_intensity_prediction,quantum_light_hhg_bsv_threshold_tdse_dipole_acceleration
BSV - 1e13 W/cm^2,10000000000000.0,0.016880323915389028,16.039610208325662,2.73520339316581e-05,0.00027681118877911215,8.291057477921805e-06,0.8291057477921805,15.126023203404115,18.613676776582036,22.00238858521466,2.9907608109560786,tdse_dipole_acceleration,raw_fft_harmonic_order_grid,13,1.6079090899617815e-08,0.11079987270298704,single_mode_bsv_random_phase_gamma_intensity,shared_fig_iv2_intensity_cases,hhg_intensity_prediction,quantum_light_hhg_bsv_threshold_tdse_dipole_acceleration
BSV - 1e13 W/cm^2,10000000000000.0,0.016880323915389028,16.0796092362766,3.766555245680439e-05,0.0005656918548075935,1.1417332295555287e-05,1.1417332295555287,15.126023203404115,18.613676776582036,22.00238858521466,2.9907608109560786,tdse_dipole_acceleration,raw_fft_harmonic_order_grid,13,1.6079090899617815e-08,0.11079987270298704,single_mode_bsv_random_phase_gamma_intensity,shared_fig_iv2_intensity_cases,hhg_intensity_prediction,quantum_light_hhg_bsv_threshold_tdse_dipole_acceleration
BSV - 1e13 W/cm^2,10000000000000.0,0.016880323915389028,16.119608264227534,4.1686690963062307e-05,0.0005321859474204394,1.2636235817149739e-05,1.263623581714974,15.126023203404115,18.613676776582036,22.00238858521466,2.9907608109560786,tdse_dipole_acceleration,raw_fft_harmonic_order_grid,13,1.6079090899617815e-08,0.11079987270298704,single_mode_bsv_random_phase_gamma_intensity,shared_fig_iv2_intensity_cases,hhg_intensity_prediction,quantum_light_hhg_bsv_threshold_tdse_dipole_acceleration
BSV - 1e13 W/cm^2,10000000000000.0,0.016880323915389028,16.15960729217847,2.2383840469712658e-05,0.00022470545431004324,6.785078885713766e-06,0.6785078885713766,15.126023203404115,18.613676776582036,22.00238858521466,2.9907608109560786,tdse_dipole_acceleration,raw_fft_harmonic_order_grid,13,1.6079090899617815e-08,0.11079987270298704,single_mode_bsv_random_phase_gamma_intensity,shared_fig_iv2_intensity_cases,hhg_intensity_prediction,quantum_light_hhg_bsv_threshold_tdse_dipole_acceleration
BSV - 1e13 W/cm^2,10000000000000.0,0.016880323915389028,16.19960632012941,1.4268530307764347e-05,0.00013008855466698424,4.325133743352738e-06,0.4325133743352738,15.126023203404115,18.613676776582036,22.00238858521466,2.9907608109560786,tdse_dipole_acceleration,raw_fft_harmonic_order_grid,13,1.6079090899617815e-08,0.11079987270298704,single_mode_bsv_random_phase_gamma_intensity,shared_fig_iv2_intensity_cases,hhg_intensity_prediction,quantum_light_hhg_bsv_threshold_tdse_dipole_acceleration
BSV - 1e13 W/cm^2,10000000000000.0,0.016880323915389028,16.239605348080346,1.811806823194672e-05,0.00018522652494467508,5.492021012964319e-06,0.5492021012964319,15.126023203404115,18.613676776582036,22.00238858521466,2.9907608109560786,tdse_dipole_acceleration,raw_fft_harmonic_order_grid,13,1.6079090899617815e-08,0.11079987270298704,single_mode_bsv_random_phase_gamma_intensity,shared_fig_iv2_intensity_cases,hhg_intensity_prediction,quantum_light_hhg_bsv_threshold_tdse_dipole_acceleration
BSV - 1e13 W/cm^2,10000000000000.0,0.016880323915389028,16.279604376031283,1.8465469465714855e-05,0.00021591396189223172,5.597326658762703e-06,0.5597326658762702,15.126023203404115,18.613676776582036,22.00238858521466,2.9907608109560786,tdse_dipole_acceleration,raw_fft_harmonic_order_grid,13,1.6079090899617815e-08,0.11079987270298704,single_mode_bsv_random_phase_gamma_intensity,shared_fig_iv2_intensity_cases,hhg_intensity_prediction,quantum_light_hhg_bsv_threshold_tdse_dipole_acceleration
BSV - 1e13 W/cm^2,10000000000000.0,0.016880323915389028,16.31960340398222,3.084077471176292e-05,0.001040078642566142,9.348578480041493e-06,0.9348578480041493,15.126023203404115,18.613676776582036,22.00238858521466,2.9907608109560786,tdse_dipole_acceleration,raw_fft_harmonic_order_grid,13,1.6079090899617815e-08,0.11079987270298704,single_mode_bsv_random_phase_gamma_intensity,shared_fig_iv2_intensity_cases,hhg_intensity_prediction,quantum_light_hhg_bsv_threshold_tdse_dipole_acceleration
BSV - 1e13 W/cm^2,10000000000000.0,0.016880323915389028,16.35960243193316,5.03483719489885e-05,0.0005638733204785509,1.5261799060057835e-05,1.5261799060057835,15.126023203404115,18.613676776582036,22.00238858521466,2.9907608109560786,tdse_dipole_acceleration,raw_fft_harmonic_order_grid,13,1.6079090899617815e-08,0.11079987270298704,single_mode_bsv_random_phase_gamma_intensity,shared_fig_iv2_intensity_cases,hhg_intensity_prediction,quantum_light_hhg_bsv_threshold_tdse_dipole_acceleration
BSV - 1e13 W/cm^2,10000000000000.0,0.016880323915389028,16.399601459884092,2.851617954174017e-05,0.00029084235338692197,8.643937932442201e-06,0.8643937932442202,15.126023203404115,18.613676776582036,22.00238858521466,2.9907608109560786,tdse_dipole_acceleration,raw_fft_harmonic_order_grid,13,1.6079090899617815e-08,0.11079987270298704,single_mode_bsv_random_phase_gamma_intensity,shared_fig_iv2_intensity_cases,hhg_intensity_prediction,quantum_light_hhg_bsv_threshold_tdse_dipole_acceleration
BSV - 1e13 W/cm^2,10000000000000.0,0.016880323915389028,16.43960048783503,1.2693774014082857e-05,0.00028293596202639106,3.847787342816123e-06,0.3847787342816123,15.126023203404115,18.613676776582036,22.00238858521466,2.9907608109560786,tdse_dipole_acceleration,raw_fft_harmonic_order_grid,13,1.6079090899617815e-08,0.11079987270298704,single_mode_bsv_random_phase_gamma_intensity,shared_fig_iv2_intensity_cases,hhg_intensity_prediction,quantum_light_hhg_bsv_threshold_tdse_dipole_acceleration
BSV - 1e13 W/cm^2,10000000000000.0,0.016880323915389028,16.479599515785967,5.280388802397558e-06,4.2358120060391204e-05,1.6006124873872902e-06,0.160061248738729,15.126023203404115,18.613676776582036,22.00238858521466,2.9907608109560786,tdse_dipole_acceleration,raw_fft_harmonic_order_grid,13,1.6079090899617815e-08,0.11079987270298704,single_mode_bsv_random_phase_gamma_intensity,shared_fig_iv2_intensity_cases,hhg_intensity_prediction,quantum_light_hhg_bsv_threshold_tdse_dipole_acceleration
BSV - 1e13 W/cm^2,10000000000000.0,0.016880323915389028,16.519598543736905,1.563929573912928e-05,0.0004033005977513161,4.7406456211381995e-06,0.47406456211382,15.126023203404115,18.613676776582036,22.00238858521466,2.9907608109560786,tdse_dipole_acceleration,raw_fft_harmonic_order_grid,13,1.6079090899617815e-08,0.11079987270298704,single_mode_bsv_random_phase_gamma_intensity,shared_fig_iv2_intensity_cases,hhg_intensity_prediction,quantum_light_hhg_bsv_threshold_tdse_dipole_acceleration
BSV - 1e13 W/cm^2,10000000000000.0,0.016880323915389028,16.55959757168784,1.6087879537887072e-05,0.00020132870104104853,4.876622129081202e-06,0.4876622129081202,15.126023203404115,18.613676776582036,22.00238858521466,2.9907608109560786,tdse_dipole_acceleration,raw_fft_harmonic_order_grid,13,1.6079090899617815e-08,0.11079987270298704,single_mode_bsv_random_phase_gamma_intensity,shared_fig_iv2_intensity_cases,hhg_intensity_prediction,quantum_light_hhg_bsv_threshold_tdse_dipole_acceleration
BSV - 1e13 W/cm^2,10000000000000.0,0.016880323915389028,16.599596599638776,1.2178004062821464e-05,0.0001272057411629268,3.6914451007006793e-06,0.36914451007006793,15.126023203404115,18.613676776582036,22.00238858521466,2.9907608109560786,tdse_dipole_acceleration,raw_fft_harmonic_order_grid,13,1.6079090899617815e-08,0.11079987270298704,single_mode_bsv_random_phase_gamma_intensity,shared_fig_iv2_intensity_cases,hhg_intensity_prediction,quantum_light_hhg_bsv_threshold_tdse_dipole_acceleration
BSV - 1e13 W/cm^2,10000000000000.0,0.016880323915389028,16.639595627589713,1.8967997891996875e-05,0.00026247694757624873,5.749655077080852e-06,0.5749655077080852,15.126023203404115,18.613676776582036,22.00238858521466,2.9907608109560786,tdse_dipole_acceleration,raw_fft_harmonic_order_grid,13,1.6079090899617815e-08,0.11079987270298704,single_mode_bsv_random_phase_gamma_intensity,shared_fig_iv2_intensity_cases,hhg_intensity_prediction,quantum_light_hhg_bsv_threshold_tdse_dipole_acceleration
BSV - 1e13 W/cm^2,10000000000000.0,0.016880323915389028,16.67959465554065,1.4169711613594097e-05,0.00013643169394164146,4.2951794271470085e-06,0.42951794271470084,15.126023203404115,18.613676776582036,22.00238858521466,2.9907608109560786,tdse_dipole_acceleration,raw_fft_harmonic_order_grid,13,1.6079090899617815e-08,0.11079987270298704,single_mode_bsv_random_phase_gamma_intensity,shared_fig_iv2_intensity_cases,hhg_intensity_prediction,quantum_light_hhg_bsv_threshold_tdse_dipole_acceleration
BSV - 1e13 W/cm^2,10000000000000.0,0.016880323915389028,16.719593683491585,3.291952809754804e-05,0.0006248759436684748,9.978698486730306e-06,0.9978698486730306,15.126023203404115,18.613676776582036,22.00238858521466,2.9907608109560786,tdse_dipole_acceleration,raw_fft_harmonic_order_grid,13,1.6079090899617815e-08,0.11079987270298704,single_mode_bsv_random_phase_gamma_intensity,shared_fig_iv2_intensity_cases,hhg_intensity_prediction,quantum_light_hhg_bsv_threshold_tdse_dipole_acceleration
BSV - 1e13 W/cm^2,10000000000000.0,0.016880323915389028,16.759592711442522,4.807583847101493e-05,0.0010303709469596033,1.4572939659932111e-05,1.4572939659932111,15.126023203404115,18.613676776582036,22.00238858521466,2.9907608109560786,tdse_dipole_acceleration,raw_fft_harmonic_order_grid,13,1.6079090899617815e-08,0.11079987270298704,single_mode_bsv_random_phase_gamma_intensity,shared_fig_iv2_intensity_cases,hhg_intensity_prediction,quantum_light_hhg_bsv_threshold_tdse_dipole_acceleration
BSV - 1e13 W/cm^2,10000000000000.0,0.016880323915389028,16.799591739393463,4.140481428565471e-05,0.0005934850338320936,1.2550792235882204e-05,1.2550792235882204,15.126023203404115,18.613676776582036,22.00238858521466,2.9907608109560786,tdse_dipole_acceleration,raw_fft_harmonic_order_grid,13,1.6079090899617815e-08,0.11079987270298704,single_mode_bsv_random_phase_gamma_intensity,shared_fig_iv2_intensity_cases,hhg_intensity_prediction,quantum_light_hhg_bsv_threshold_tdse_dipole_acceleration
BSV - 1e13 W/cm^2,10000000000000.0,0.016880323915389028,16.8395907673444,4.783233290173593e-05,0.0006055152494423348,1.4499127281805834e-05,1.4499127281805835,15.126023203404115,18.613676776582036,22.00238858521466,2.9907608109560786,tdse_dipole_acceleration,raw_fft_harmonic_order_grid,13,1.6079090899617815e-08,0.11079987270298704,single_mode_bsv_random_phase_gamma_intensity,shared_fig_iv2_intensity_cases,hhg_intensity_prediction,quantum_light_hhg_bsv_threshold_tdse_dipole_acceleration
BSV - 1e13 W/cm^2,10000000000000.0,0.016880323915389028,16.879589795295335,7.236223256968353e-05,0.000979330424726245,2.19347281801804e-05,2.19347281801804,15.126023203404115,18.613676776582036,22.00238858521466,2.9907608109560786,tdse_dipole_acceleration,raw_fft_harmonic_order_grid,13,1.6079090899617815e-08,0.11079987270298704,single_mode_bsv_random_phase_gamma_intensity,shared_fig_iv2_intensity_cases,hhg_intensity_prediction,quantum_light_hhg_bsv_threshold_tdse_dipole_acceleration
BSV - 1e13 W/cm^2,10000000000000.0,0.016880323915389028,16.919588823246272,0.00013918576893867698,0.0016459478906360203,4.219054470547588e-05,4.219054470547588,15.126023203404115,18.613676776582036,22.00238858521466,2.9907608109560786,tdse_dipole_acceleration,raw_fft_harmonic_order_grid,13,1.6079090899617815e-08,0.11079987270298704,single_mode_bsv_random_phase_gamma_intensity,shared_fig_iv2_intensity_cases,hhg_intensity_prediction,quantum_light_hhg_bsv_threshold_tdse_dipole_acceleration
BSV - 1e13 W/cm^2,10000000000000.0,0.016880323915389028,16.959587851197206,0.004922880715154378,0.07351015008454298,0.0014922432119044778,149.22432119044777,15.126023203404115,18.613676776582036,22.00238858521466,2.9907608109560786,tdse_dipole_acceleration,raw_fft_harmonic_order_grid,13,1.6079090899617815e-08,0.11079987270298704,single_mode_bsv_random_phase_gamma_intensity,shared_fig_iv2_intensity_cases,hhg_intensity_prediction,quantum_light_hhg_bsv_threshold_tdse_dipole_acceleration
BSV - 1e13 W/cm^2,10000000000000.0,0.016880323915389028,16.999586879148147,0.017137957477385758,0.2433656486967223,0.005194925936923602,519.4925936923602,15.126023203404115,18.613676776582036,22.00238858521466,2.9907608109560786,tdse_dipole_acceleration,raw_fft_harmonic_order_grid,13,1.6079090899617815e-08,0.11079987270298704,single_mode_bsv_random_phase_gamma_intensity,shared_fig_iv2_intensity_cases,hhg_intensity_prediction,quantum_light_hhg_bsv_threshold_tdse_dipole_acceleration
BSV - 1e13 W/cm^2,10000000000000.0,0.016880323915389028,17.03958590709908,0.013993754947396513,0.18506182747845445,0.004241842741593283,424.1842741593283,15.126023203404115,18.613676776582036,22.00238858521466,2.9907608109560786,tdse_dipole_acceleration,raw_fft_harmonic_order_grid,13,1.6079090899617815e-08,0.11079987270298704,single_mode_bsv_random_phase_gamma_intensity,shared_fig_iv2_intensity_cases,hhg_intensity_prediction,quantum_light_hhg_bsv_threshold_tdse_dipole_acceleration
BSV - 1e13 W/cm^2,10000000000000.0,0.016880323915389028,17.07958493505002,0.001777899221922926,0.022401985676658808,0.0005389238941333035,53.89238941333035,15.126023203404115,18.613676776582036,22.00238858521466,2.9907608109560786,tdse_dipole_acceleration,raw_fft_harmonic_order_grid,13,1.6079090899617815e-08,0.11079987270298704,single_mode_bsv_random_phase_gamma_intensity,shared_fig_iv2_intensity_cases,hhg_intensity_prediction,quantum_light_hhg_bsv_threshold_tdse_dipole_acceleration
BSV - 1e13 W/cm^2,10000000000000.0,0.016880323915389028,17.119583963000956,0.00011899440887531413,0.0030189244906182276,3.607005921393833e-05,3.607005921393833,15.126023203404115,18.613676776582036,22.00238858521466,2.9907608109560786,tdse_dipole_acceleration,raw_fft_harmonic_order_grid,13,1.6079090899617815e-08,0.11079987270298704,single_mode_bsv_random_phase_gamma_intensity,shared_fig_iv2_intensity_cases,hhg_intensity_prediction,quantum_light_hhg_bsv_threshold_tdse_dipole_acceleration
BSV - 1e13 W/cm^2,10000000000000.0,0.016880323915389028,17.159582990951893,5.8757587034423904e-06,5.295586970589612e-05,1.7810833833550654e-06,0.17810833833550654,15.126023203404115,18.613676776582036,22.00238858521466,2.9907608109560786,tdse_dipole_acceleration,raw_fft_harmonic_order_grid,13,1.6079090899617815e-08,0.11079987270298704,single_mode_bsv_random_phase_gamma_intensity,shared_fig_iv2_intensity_cases,hhg_intensity_prediction,quantum_light_hhg_bsv_threshold_tdse_dipole_acceleration
BSV - 1e13 W/cm^2,10000000000000.0,0.016880323915389028,17.199582018902827,6.443055840040508e-05,0.0008594610528149715,1.953044751140277e-05,1.9530447511402769,15.126023203404115,18.613676776582036,22.00238858521466,2.9907608109560786,tdse_dipole_acceleration,raw_fft_harmonic_order_grid,13,1.6079090899617815e-08,0.11079987270298704,single_mode_bsv_random_phase_gamma_intensity,shared_fig_iv2_intensity_cases,hhg_intensity_prediction,quantum_light_hhg_bsv_threshold_tdse_dipole_acceleration
BSV - 1e13 W/cm^2,10000000000000.0,0.016880323915389028,17.239581046853765,7.018592409491026e-05,0.0014576119218392889,2.1275036886322032e-05,2.127503688632203,15.126023203404115,18.613676776582036,22.00238858521466,2.9907608109560786,tdse_dipole_acceleration,raw_fft_harmonic_order_grid,13,1.6079090899617815e-08,0.11079987270298704,single_mode_bsv_random_phase_gamma_intensity,shared_fig_iv2_intensity_cases,hhg_intensity_prediction,quantum_light_hhg_bsv_threshold_tdse_dipole_acceleration
BSV - 1e13 W/cm^2,10000000000000.0,0.016880323915389028,17.279580074804702,0.00013892549582497567,0.003362251773489679,4.211164968249342e-05,4.211164968249342,15.126023203404115,18.613676776582036,22.00238858521466,2.9907608109560786,tdse_dipole_acceleration,raw_fft_harmonic_order_grid,13,1.6079090899617815e-08,0.11079987270298704,single_mode_bsv_random_phase_gamma_intensity,shared_fig_iv2_intensity_cases,hhg_intensity_prediction,quantum_light_hhg_bsv_threshold_tdse_dipole_acceleration
BSV - 1e13 W/cm^2,10000000000000.0,0.016880323915389028,17.319579102755643,7.255045709963673e-05,0.002874431399050572,2.1991783549462848e-05,2.1991783549462847,15.126023203404115,18.613676776582036,22.00238858521466,2.9907608109560786,tdse_dipole_acceleration,raw_fft_harmonic_order_grid,13,1.6079090899617815e-08,0.11079987270298704,single_mode_bsv_random_phase_gamma_intensity,shared_fig_iv2_intensity_cases,hhg_intensity_prediction,quantum_light_hhg_bsv_threshold_tdse_dipole_acceleration
BSV - 1e13 W/cm^2,10000000000000.0,0.016880323915389028,17.359578130706577,1.4315984637953138e-05,0.0004553938755678271,4.339518288946481e-06,0.4339518288946481,15.126023203404115,18.613676776582036,22.00238858521466,2.9907608109560786,tdse_dipole_acceleration,raw_fft_harmonic_order_grid,13,1.6079090899617815e-08,0.11079987270298704,single_mode_bsv_random_phase_gamma_intensity,shared_fig_iv2_intensity_cases,hhg_intensity_prediction,quantum_light_hhg_bsv_threshold_tdse_dipole_acceleration
BSV - 1e13 W/cm^2,10000000000000.0,0.016880323915389028,17.399577158657515,5.544112681074969e-06,0.00017106497656469542,1.6805535199948913e-06,0.16805535199948912,15.126023203404115,18.613676776582036,22.00238858521466,2.9907608109560786,tdse_dipole_acceleration,raw_fft_harmonic_order_grid,13,1.6079090899617815e-08,0.11079987270298704,single_mode_bsv_random_phase_gamma_intensity,shared_fig_iv2_intensity_cases,hhg_intensity_prediction,quantum_light_hhg_bsv_threshold_tdse_dipole_acceleration
BSV - 1e13 W/cm^2,10000000000000.0,0.016880323915389028,17.43957618660845,2.509900116288375e-06,4.164521310375205e-05,7.60810921044658e-07,0.0760810921044658,15.126023203404115,18.613676776582036,22.00238858521466,2.9907608109560786,tdse_dipole_acceleration,raw_fft_harmonic_order_grid,13,1.6079090899617815e-08,0.11079987270298704,single_mode_bsv_random_phase_gamma_intensity,shared_fig_iv2_intensity_cases,hhg_intensity_prediction,quantum_light_hhg_bsv_threshold_tdse_dipole_acceleration
BSV - 1e13 W/cm^2,10000000000000.0,0.016880323915389028,17.479575214559386,7.710117187290314e-06,0.00020464848154010188,2.337121433859731e-06,0.2337121433859731,15.126023203404115,18.613676776582036,22.00238858521466,2.9907608109560786,tdse_dipole_acceleration,raw_fft_harmonic_order_grid,13,1.6079090899617815e-08,0.11079987270298704,single_mode_bsv_random_phase_gamma_intensity,shared_fig_iv2_intensity_cases,hhg_intensity_prediction,quantum_light_hhg_bsv_threshold_tdse_dipole_acceleration
BSV - 1e13 W/cm^2,10000000000000.0,0.016880323915389028,17.519574242510323,6.469192447710706e-06,0.00019212569564029523,1.9609673837683642e-06,0.19609673837683642,15.126023203404115,18.613676776582036,22.00238858521466,2.9907608109560786,tdse_dipole_acceleration,raw_fft_harmonic_order_grid,13,1.6079090899617815e-08,0.11079987270298704,single_mode_bsv_random_phase_gamma_intensity,shared_fig_iv2_intensity_cases,hhg_intensity_prediction,quantum_light_hhg_bsv_threshold_tdse_dipole_acceleration
BSV - 1e13 W/cm^2,10000000000000.0,0.016880323915389028,17.55957327046126,1.6878505389765717e-06,2.3858238193977137e-05,5.116279786637323e-07,0.05116279786637323,15.126023203404115,18.613676776582036,22.00238858521466,2.9907608109560786,tdse_dipole_acceleration,raw_fft_harmonic_order_grid,13,1.6079090899617815e-08,0.11079987270298704,single_mode_bsv_random_phase_gamma_intensity,shared_fig_iv2_intensity_cases,hhg_intensity_prediction,quantum_light_hhg_bsv_threshold_tdse_dipole_acceleration
BSV - 1e13 W/cm^2,10000000000000.0,0.016880323915389028,17.5995722984122,2.5437599145498885e-06,3.820348606052645e-05,7.71074637968909e-07,0.0771074637968909,15.126023203404115,18.613676776582036,22.00238858521466,2.9907608109560786,tdse_dipole_acceleration,raw_fft_harmonic_order_grid,13,1.6079090899617815e-08,0.11079987270298704,single_mode_bsv_random_phase_gamma_intensity,shared_fig_iv2_intensity_cases,hhg_intensity_prediction,quantum_light_hhg_bsv_threshold_tdse_dipole_acceleration
BSV - 1e13 W/cm^2,10000000000000.0,0.016880323915389028,17.639571326363132,5.633253705436314e-06,0.00011134452079719219,1.7075743023786584e-06,0.17075743023786583,15.126023203404115,18.613676776582036,22.00238858521466,2.9907608109560786,tdse_dipole_acceleration,raw_fft_harmonic_order_grid,13,1.6079090899617815e-08,0.11079987270298704,single_mode_bsv_random_phase_gamma_intensity,shared_fig_iv2_intensity_cases,hhg_intensity_prediction,quantum_light_hhg_bsv_threshold_tdse_dipole_acceleration
BSV - 1e13 W/cm^2,10000000000000.0,0.016880323915389028,17.67957035431407,3.985735053382296e-06,5.973448519892995e-05,1.2081718859346662e-06,0.12081718859346663,15.126023203404115,18.613676776582036,22.00238858521466,2.9907608109560786,tdse_dipole_acceleration,raw_fft_harmonic_order_grid,13,1.6079090899617815e-08,0.11079987270298704,single_mode_bsv_random_phase_gamma_intensity,shared_fig_iv2_intensity_cases,hhg_intensity_prediction,quantum_light_hhg_bsv_threshold_tdse_dipole_acceleration
BSV - 1e13 W/cm^2,10000000000000.0,0.016880323915389028,17.71956938226501,1.0597438370168321e-05,0.00019163574023867898,3.212337732006943e-06,0.3212337732006943,15.126023203404115,18.613676776582036,22.00238858521466,2.9907608109560786,tdse_dipole_acceleration,raw_fft_harmonic_order_grid,13,1.6079090899617815e-08,0.11079987270298704,single_mode_bsv_random_phase_gamma_intensity,shared_fig_iv2_intensity_cases,hhg_intensity_prediction,quantum_light_hhg_bsv_threshold_tdse_dipole_acceleration
BSV - 1e13 W/cm^2,10000000000000.0,0.016880323915389028,17.759568410215945,9.001452778183242e-06,0.00014850463831712034,2.728556222004948e-06,0.2728556222004948,15.126023203404115,18.613676776582036,22.00238858521466,2.9907608109560786,tdse_dipole_acceleration,raw_fft_harmonic_order_grid,13,1.6079090899617815e-08,0.11079987270298704,single_mode_bsv_random_phase_gamma_intensity,shared_fig_iv2_intensity_cases,hhg_intensity_prediction,quantum_light_hhg_bsv_threshold_tdse_dipole_acceleration
BSV - 1e13 W/cm^2,10000000000000.0,0.016880323915389028,17.799567438166882,8.870891660158103e-06,0.00014210002270417826,2.6889800158393347e-06,0.26889800158393345,15.126023203404115,18.613676776582036,22.00238858521466,2.9907608109560786,tdse_dipole_acceleration,raw_fft_harmonic_order_grid,13,1.6079090899617815e-08,0.11079987270298704,single_mode_bsv_random_phase_gamma_intensity,shared_fig_iv2_intensity_cases,hhg_intensity_prediction,quantum_light_hhg_bsv_threshold_tdse_dipole_acceleration
BSV - 1e13 W/cm^2,10000000000000.0,0.016880323915389028,17.83956646611782,1.024607583169109e-05,0.00018554954199554124,3.105831319745899e-06,0.3105831319745899,15.126023203404115,18.613676776582036,22.00238858521466,2.9907608109560786,tdse_dipole_acceleration,raw_fft_harmonic_order_grid,13,1.6079090899617815e-08,0.11079987270298704,single_mode_bsv_random_phase_gamma_intensity,shared_fig_iv2_intensity_cases,hhg_intensity_prediction,quantum_light_hhg_bsv_threshold_tdse_dipole_acceleration
BSV - 1e13 W/cm^2,10000000000000.0,0.016880323915389028,17.879565494068753,1.3035827085589627e-05,0.00024422145642730343,3.951471832366272e-06,0.3951471832366272,15.126023203404115,18.613676776582036,22.00238858521466,2.9907608109560786,tdse_dipole_acceleration,raw_fft_harmonic_order_grid,13,1.6079090899617815e-08,0.11079987270298704,single_mode_bsv_random_phase_gamma_intensity,shared_fig_iv2_intensity_cases,hhg_intensity_prediction,quantum_light_hhg_bsv_threshold_tdse_dipole_acceleration
BSV - 1e13 W/cm^2,10000000000000.0,0.016880323915389028,17.919564522019694,5.923369587683165e-06,9.310786085065529e-05,1.7955153842366546e-06,0.17955153842366545,15.126023203404115,18.613676776582036,22.00238858521466,2.9907608109560786,tdse_dipole_acceleration,raw_fft_harmonic_order_grid,13,1.6079090899617815e-08,0.11079987270298704,single_mode_bsv_random_phase_gamma_intensity,shared_fig_iv2_intensity_cases,hhg_intensity_prediction,quantum_light_hhg_bsv_threshold_tdse_dipole_acceleration
BSV - 1e13 W/cm^2,10000000000000.0,0.016880323915389028,17.959563549970625,1.0577682457588987e-05,0.00021720200596319822,3.206349241091301e-06,0.32063492410913014,15.126023203404115,18.613676776582036,22.00238858521466,2.9907608109560786,tdse_dipole_acceleration,raw_fft_harmonic_order_grid,13,1.6079090899617815e-08,0.11079987270298704,single_mode_bsv_random_phase_gamma_intensity,shared_fig_iv2_intensity_cases,hhg_intensity_prediction,quantum_light_hhg_bsv_threshold_tdse_dipole_acceleration
BSV - 1e13 W/cm^2,10000000000000.0,0.016880323915389028,17.999562577921566,1.1805034531738295e-05,0.0002861518319260004,3.578389090772841e-06,0.3578389090772841,15.126023203404115,18.613676776582036,22.00238858521466,2.9907608109560786,tdse_dipole_acceleration,raw_fft_harmonic_order_grid,13,1.6079090899617815e-08,0.11079987270298704,single_mode_bsv_random_phase_gamma_intensity,shared_fig_iv2_intensity_cases,hhg_intensity_prediction,quantum_light_hhg_bsv_threshold_tdse_dipole_acceleration
BSV - 1e13 W/cm^2,10000000000000.0,0.016880323915389028,18.039561605872503,1.0250323957864392e-05,0.00016969022238572822,3.107119028673298e-06,0.3107119028673298,15.126023203404115,18.613676776582036,22.00238858521466,2.9907608109560786,tdse_dipole_acceleration,raw_fft_harmonic_order_grid,13,1.6079090899617815e-08,0.11079987270298704,single_mode_bsv_random_phase_gamma_intensity,shared_fig_iv2_intensity_cases,hhg_intensity_prediction,quantum_light_hhg_bsv_threshold_tdse_dipole_acceleration
BSV - 1e13 W/cm^2,10000000000000.0,0.016880323915389028,18.07956063382344,3.69784241939304e-05,0.0012915842815219845,1.1209047239444746e-05,1.1209047239444747,15.126023203404115,18.613676776582036,22.00238858521466,2.9907608109560786,tdse_dipole_acceleration,raw_fft_harmonic_order_grid,13,1.6079090899617815e-08,0.11079987270298704,single_mode_bsv_random_phase_gamma_intensity,shared_fig_iv2_intensity_cases,hhg_intensity_prediction,quantum_light_hhg_bsv_threshold_tdse_dipole_acceleration
BSV - 1e13 W/cm^2,10000000000000.0,0.016880323915389028,18.119559661774375,1.7505869259489316e-05,0.0005162273372496646,5.306448821833987e-06,0.5306448821833987,15.126023203404115,18.613676776582036,22.00238858521466,2.9907608109560786,tdse_dipole_acceleration,raw_fft_harmonic_order_grid,13,1.6079090899617815e-08,0.11079987270298704,single_mode_bsv_random_phase_gamma_intensity,shared_fig_iv2_intensity_cases,hhg_intensity_prediction,quantum_light_hhg_bsv_threshold_tdse_dipole_acceleration
BSV - 1e13 W/cm^2,10000000000000.0,0.016880323915389028,18.159558689725316,1.4014533112852156e-05,0.00034940097469212896,4.248141101872777e-06,0.42481411018727766,15.126023203404115,18.613676776582036,22.00238858521466,2.9907608109560786,tdse_dipole_acceleration,raw_fft_harmonic_order_grid,13,1.6079090899617815e-08,0.11079987270298704,single_mode_bsv_random_phase_gamma_intensity,shared_fig_iv2_intensity_cases,hhg_intensity_prediction,quantum_light_hhg_bsv_threshold_tdse_dipole_acceleration
BSV - 1e13 W/cm^2,10000000000000.0,0.016880323915389028,18.19955771767625,4.654995002587261e-06,4.943547643051234e-05,1.4110406276302137e-06,0.14110406276302137,15.126023203404115,18.613676776582036,22.00238858521466,2.9907608109560786,tdse_dipole_acceleration,raw_fft_harmonic_order_grid,13,1.6079090899617815e-08,0.11079987270298704,single_mode_bsv_random_phase_gamma_intensity,shared_fig_iv2_intensity_cases,hhg_intensity_prediction,quantum_light_hhg_bsv_threshold_tdse_dipole_acceleration
BSV - 1e13 W/cm^2,10000000000000.0,0.016880323915389028,18.239556745627187,8.866040759062674e-06,0.00017294606080890134,2.687509591376481e-06,0.2687509591376481,15.126023203404115,18.613676776582036,22.00238858521466,2.9907608109560786,tdse_dipole_acceleration,raw_fft_harmonic_order_grid,13,1.6079090899617815e-08,0.11079987270298704,single_mode_bsv_random_phase_gamma_intensity,shared_fig_iv2_intensity_cases,hhg_intensity_prediction,quantum_light_hhg_bsv_threshold_tdse_dipole_acceleration
BSV - 1e13 W/cm^2,10000000000000.0,0.016880323915389028,18.27955577357812,2.4786484746088114e-05,0.000651227005602658,7.5133779893271246e-06,0.7513377989327125,15.126023203404115,18.613676776582036,22.00238858521466,2.9907608109560786,tdse_dipole_acceleration,raw_fft_harmonic_order_grid,13,1.6079090899617815e-08,0.11079987270298704,single_mode_bsv_random_phase_gamma_intensity,shared_fig_iv2_intensity_cases,hhg_intensity_prediction,quantum_light_hhg_bsv_threshold_tdse_dipole_acceleration
BSV - 1e13 W/cm^2,10000000000000.0,0.016880323915389028,18.31955480152906,4.1879243578332644e-05,0.0015118665792889147,1.269460313289377e-05,1.269460313289377,15.126023203404115,18.613676776582036,22.00238858521466,2.9907608109560786,tdse_dipole_acceleration,raw_fft_harmonic_order_grid,13,1.6079090899617815e-08,0.11079987270298704,single_mode_bsv_random_phase_gamma_intensity,shared_fig_iv2_intensity_cases,hhg_intensity_prediction,quantum_light_hhg_bsv_threshold_tdse_dipole_acceleration
BSV - 1e13 W/cm^2,10000000000000.0,0.016880323915389028,18.35955382948,2.331990829872652e-05,0.0004842207723024511,7.068823494724528e-06,0.7068823494724528,15.126023203404115,18.613676776582036,22.00238858521466,2.9907608109560786,tdse_dipole_acceleration,raw_fft_harmonic_order_grid,13,1.6079090899617815e-08,0.11079987270298704,single_mode_bsv_random_phase_gamma_intensity,shared_fig_iv2_intensity_cases,hhg_intensity_prediction,quantum_light_hhg_bsv_threshold_tdse_dipole_acceleration
BSV - 1e13 W/cm^2,10000000000000.0,0.016880323915389028,18.399552857430933,1.5088640465872572e-05,0.00031435590184645244,4.573728801259302e-06,0.4573728801259302,15.126023203404115,18.613676776582036,22.00238858521466,2.9907608109560786,tdse_dipole_acceleration,raw_fft_harmonic_order_grid,13,1.6079090899617815e-08,0.11079987270298704,single_mode_bsv_random_phase_gamma_intensity,shared_fig_iv2_intensity_cases,hhg_intensity_prediction,quantum_light_hhg_bsv_threshold_tdse_dipole_acceleration
BSV - 1e13 W/cm^2,10000000000000.0,0.016880323915389028,18.43955188538187,1.1165351652339491e-05,0.0002437944286890274,3.384485868292578e-06,0.33844858682925777,15.126023203404115,18.613676776582036,22.00238858521466,2.9907608109560786,tdse_dipole_acceleration,raw_fft_harmonic_order_grid,13,1.6079090899617815e-08,0.11079987270298704,single_mode_bsv_random_phase_gamma_intensity,shared_fig_iv2_intensity_cases,hhg_intensity_prediction,quantum_light_hhg_bsv_threshold_tdse_dipole_acceleration
BSV - 1e13 W/cm^2,10000000000000.0,0.016880323915389028,18.479550913332805,2.549108081605347e-05,0.0007055072720947729,7.726957956703481e-06,0.7726957956703482,15.126023203404115,18.613676776582036,22.00238858521466,2.9907608109560786,tdse_dipole_acceleration,raw_fft_harmonic_order_grid,13,1.6079090899617815e-08,0.11079987270298704,single_mode_bsv_random_phase_gamma_intensity,shared_fig_iv2_intensity_cases,hhg_intensity_prediction,quantum_light_hhg_bsv_threshold_tdse_dipole_acceleration
BSV - 1e13 W/cm^2,10000000000000.0,0.016880323915389028,18.519549941283746,9.091031652339603e-06,0.00018535494612016863,2.7557097271626866e-06,0.2755709727162687,15.126023203404115,18.613676776582036,22.00238858521466,2.9907608109560786,tdse_dipole_acceleration,raw_fft_harmonic_order_grid,13,1.6079090899617815e-08,0.11079987270298704,single_mode_bsv_random_phase_gamma_intensity,shared_fig_iv2_intensity_cases,hhg_intensity_prediction,quantum_light_hhg_bsv_threshold_tdse_dipole_acceleration
BSV - 1e13 W/cm^2,10000000000000.0,0.016880323915389028,18.55954896923468,7.0005179265009e-06,6.648306347591966e-05,2.1220248793513547e-06,0.21220248793513546,15.126023203404115,18.613676776582036,22.00238858521466,2.9907608109560786,tdse_dipole_acceleration,raw_fft_harmonic_order_grid,13,1.6079090899617815e-08,0.11079987270298704,single_mode_bsv_random_phase_gamma_intensity,shared_fig_iv2_intensity_cases,hhg_intensity_prediction,quantum_light_hhg_bsv_threshold_tdse_dipole_acceleration
BSV - 1e13 W/cm^2,10000000000000.0,0.016880323915389028,18.599547997185617,5.914075242358655e-06,4.643058013664724e-05,1.7926980452593153e-06,0.17926980452593153,15.126023203404115,18.613676776582036,22.00238858521466,2.9907608109560786,tdse_dipole_acceleration,raw_fft_harmonic_order_grid,13,1.6079090899617815e-08,0.11079987270298704,single_mode_bsv_random_phase_gamma_intensity,shared_fig_iv2_intensity_cases,hhg_intensity_prediction,quantum_light_hhg_bsv_threshold_tdse_dipole_acceleration
BSV - 1e13 W/cm^2,10000000000000.0,0.016880323915389028,18.639547025136554,1.043260701526553e-05,0.00013504566598215498,3.162373395128836e-06,0.3162373395128836,15.126023203404115,18.613676776582036,22.00238858521466,2.9907608109560786,tdse_dipole_acceleration,raw_fft_harmonic_order_grid,13,1.6079090899617815e-08,0.11079987270298704,single_mode_bsv_random_phase_gamma_intensity,shared_fig_iv2_intensity_cases,hhg_intensity_prediction,quantum_light_hhg_bsv_threshold_tdse_dipole_acceleration
BSV - 1e13 W/cm^2,10000000000000.0,0.016880323915389028,18.679546053087495,8.964726154448979e-06,7.519213193075702e-05,2.717423501523846e-06,0.27174235015238457,15.126023203404115,18.613676776582036,22.00238858521466,2.9907608109560786,tdse_dipole_acceleration,raw_fft_harmonic_order_grid,13,1.6079090899617815e-08,0.11079987270298704,single_mode_bsv_random_phase_gamma_intensity,shared_fig_iv2_intensity_cases,hhg_intensity_prediction,quantum_light_hhg_bsv_threshold_tdse_dipole_acceleration
BSV - 1e13 W/cm^2,10000000000000.0,0.016880323915389028,18.719545081038426,1.6945402304476968e-05,0.00035190141777965154,5.136557845898015e-06,0.5136557845898015,15.126023203404115,18.613676776582036,22.00238858521466,2.9907608109560786,tdse_dipole_acceleration,raw_fft_harmonic_order_grid,13,1.6079090899617815e-08,0.11079987270298704,single_mode_bsv_random_phase_gamma_intensity,shared_fig_iv2_intensity_cases,hhg_intensity_prediction,quantum_light_hhg_bsv_threshold_tdse_dipole_acceleration
BSV - 1e13 W/cm^2,10000000000000.0,0.016880323915389028,18.759544108989367,1.5821074296899657e-05,0.0002025267452590517,4.795747061656067e-06,0.4795747061656067,15.126023203404115,18.613676776582036,22.00238858521466,2.9907608109560786,tdse_dipole_acceleration,raw_fft_harmonic_order_grid,13,1.6079090899617815e-08,0.11079987270298704,single_mode_bsv_random_phase_gamma_intensity,shared_fig_iv2_intensity_cases,hhg_intensity_prediction,quantum_light_hhg_bsv_threshold_tdse_dipole_acceleration
BSV - 1e13 W/cm^2,10000000000000.0,0.016880323915389028,18.7995431369403,1.6920099303078436e-05,0.0002713589205183404,5.128887899323536e-06,0.5128887899323535,15.126023203404115,18.613676776582036,22.00238858521466,2.9907608109560786,tdse_dipole_acceleration,raw_fft_harmonic_order_grid,13,1.6079090899617815e-08,0.11079987270298704,single_mode_bsv_random_phase_gamma_intensity,shared_fig_iv2_intensity_cases,hhg_intensity_prediction,quantum_light_hhg_bsv_threshold_tdse_dipole_acceleration
BSV - 1e13 W/cm^2,10000000000000.0,0.016880323915389028,18.83954216489124,2.7981468339548114e-05,0.0004124033173600307,8.481854142895138e-06,0.8481854142895138,15.126023203404115,18.613676776582036,22.00238858521466,2.9907608109560786,tdse_dipole_acceleration,raw_fft_harmonic_order_grid,13,1.6079090899617815e-08,0.11079987270298704,single_mode_bsv_random_phase_gamma_intensity,shared_fig_iv2_intensity_cases,hhg_intensity_prediction,quantum_light_hhg_bsv_threshold_tdse_dipole_acceleration
BSV - 1e13 W/cm^2,10000000000000.0,0.016880323915389028,18.879541192842176,2.9506121033071144e-05,0.0003316860310897975,8.94401294057185e-06,0.8944012940571849,15.126023203404115,18.613676776582036,22.00238858521466,2.9907608109560786,tdse_dipole_acceleration,raw_fft_harmonic_order_grid,13,1.6079090899617815e-08,0.11079987270298704,single_mode_bsv_random_phase_gamma_intensity,shared_fig_iv2_intensity_cases,hhg_intensity_prediction,quantum_light_hhg_bsv_threshold_tdse_dipole_acceleration
BSV - 1e13 W/cm^2,10000000000000.0,0.016880323915389028,18.91954022079311,8.580292636708073e-05,0.0006316787376540681,2.6008924822953132e-05,2.600892482295313,15.126023203404115,18.613676776582036,22.00238858521466,2.9907608109560786,tdse_dipole_acceleration,raw_fft_harmonic_order_grid,13,1.6079090899617815e-08,0.11079987270298704,single_mode_bsv_random_phase_gamma_intensity,shared_fig_iv2_intensity_cases,hhg_intensity_prediction,quantum_light_hhg_bsv_threshold_tdse_dipole_acceleration
BSV - 1e13 W/cm^2,10000000000000.0,0.016880323915389028,18.95953924874405,0.0029135769640522744,0.028582723539062892,0.0008831750551225617,88.31750551225618,15.126023203404115,18.613676776582036,22.00238858521466,2.9907608109560786,tdse_dipole_acceleration,raw_fft_harmonic_order_grid,13,1.6079090899617815e-08,0.11079987270298704,single_mode_bsv_random_phase_gamma_intensity,shared_fig_iv2_intensity_cases,hhg_intensity_prediction,quantum_light_hhg_bsv_threshold_tdse_dipole_acceleration
BSV - 1e13 W/cm^2,10000000000000.0,0.016880323915389028,18.999538276694985,0.010585169993337843,0.11419140348490799,0.0032086188927529244,320.86188927529247,15.126023203404115,18.613676776582036,22.00238858521466,2.9907608109560786,tdse_dipole_acceleration,raw_fft_harmonic_order_grid,13,1.6079090899617815e-08,0.11079987270298704,single_mode_bsv_random_phase_gamma_intensity,shared_fig_iv2_intensity_cases,hhg_intensity_prediction,quantum_light_hhg_bsv_threshold_tdse_dipole_acceleration
BSV - 1e13 W/cm^2,10000000000000.0,0.016880323915389028,19.039537304645922,0.007529372419385379,0.08392586391909938,0.002282333359843818,228.2333359843818,15.126023203404115,18.613676776582036,22.00238858521466,2.9907608109560786,tdse_dipole_acceleration,raw_fft_harmonic_order_grid,13,1.6079090899617815e-08,0.11079987270298704,single_mode_bsv_random_phase_gamma_intensity,shared_fig_iv2_intensity_cases,hhg_intensity_prediction,quantum_light_hhg_bsv_threshold_tdse_dipole_acceleration
BSV - 1e13 W/cm^2,10000000000000.0,0.016880323915389028,19.07953633259686,0.0010590207193009098,0.013004254666865576,0.0003210145788782174,32.10145788782174,15.126023203404115,18.613676776582036,22.00238858521466,2.9907608109560786,tdse_dipole_acceleration,raw_fft_harmonic_order_grid,13,1.6079090899617815e-08,0.11079987270298704,single_mode_bsv_random_phase_gamma_intensity,shared_fig_iv2_intensity_cases,hhg_intensity_prediction,quantum_light_hhg_bsv_threshold_tdse_dipole_acceleration
BSV - 1e13 W/cm^2,10000000000000.0,0.016880323915389028,19.119535360547797,3.0103466540870345e-05,0.00045137967886205806,9.125082690328529e-06,0.9125082690328529,15.126023203404115,18.613676776582036,22.00238858521466,2.9907608109560786,tdse_dipole_acceleration,raw_fft_harmonic_order_grid,13,1.6079090899617815e-08,0.11079987270298704,single_mode_bsv_random_phase_gamma_intensity,shared_fig_iv2_intensity_cases,hhg_intensity_prediction,quantum_light_hhg_bsv_threshold_tdse_dipole_acceleration
BSV - 1e13 W/cm^2,10000000000000.0,0.016880323915389028,19.159534388498734,1.1918773170725477e-05,0.00037486667878639126,3.6128660000827497e-06,0.36128660000827495,15.126023203404115,18.613676776582036,22.00238858521466,2.9907608109560786,tdse_dipole_acceleration,raw_fft_harmonic_order_grid,13,1.6079090899617815e-08,0.11079987270298704,single_mode_bsv_random_phase_gamma_intensity,shared_fig_iv2_intensity_cases,hhg_intensity_prediction,quantum_light_hhg_bsv_threshold_tdse_dipole_acceleration
BSV - 1e13 W/cm^2,10000000000000.0,0.016880323915389028,19.19953341644967,4.3437527849892665e-05,0.0005770441183361557,1.3166956468471196e-05,1.3166956468471196,15.126023203404115,18.613676776582036,22.00238858521466,2.9907608109560786,tdse_dipole_acceleration,raw_fft_harmonic_order_grid,13,1.6079090899617815e-08,0.11079987270298704,single_mode_bsv_random_phase_gamma_intensity,shared_fig_iv2_intensity_cases,hhg_intensity_prediction,quantum_light_hhg_bsv_threshold_tdse_dipole_acceleration
BSV - 1e13 W/cm^2,10000000000000.0,0.016880323915389028,19.239532444400606,3.821712007525928e-05,0.0006453859078693159,1.1584525669144843e-05,1.1584525669144843,15.126023203404115,18.613676776582036,22.00238858521466,2.9907608109560786,tdse_dipole_acceleration,raw_fft_harmonic_order_grid,13,1.6079090899617815e-08,0.11079987270298704,single_mode_bsv_random_phase_gamma_intensity,shared_fig_iv2_intensity_cases,hhg_intensity_prediction,quantum_light_hhg_bsv_threshold_tdse_dipole_acceleration
BSV - 1e13 W/cm^2,10000000000000.0,0.016880323915389028,19.279531472351543,0.00011274119874415119,0.002280620340342652,3.417456125029377e-05,3.4174561250293767,15.126023203404115,18.613676776582036,22.00238858521466,2.9907608109560786,tdse_dipole_acceleration,raw_fft_harmonic_order_grid,13,1.6079090899617815e-08,0.11079987270298704,single_mode_bsv_random_phase_gamma_intensity,shared_fig_iv2_intensity_cases,hhg_intensity_prediction,quantum_light_hhg_bsv_threshold_tdse_dipole_acceleration
BSV - 1e13 W/cm^2,10000000000000.0,0.016880323915389028,19.31953050030248,1.8658069693556895e-05,0.0005362127918275438,5.655708407019126e-06,0.5655708407019125,15.126023203404115,18.613676776582036,22.00238858521466,2.9907608109560786,tdse_dipole_acceleration,raw_fft_harmonic_order_grid,13,1.6079090899617815e-08,0.11079987270298704,single_mode_bsv_random_phase_gamma_intensity,shared_fig_iv2_intensity_cases,hhg_intensity_prediction,quantum_light_hhg_bsv_threshold_tdse_dipole_acceleration
BSV - 1e13 W/cm^2,10000000000000.0,0.016880323915389028,19.359529528253418,9.655219945194849e-06,0.00034528496882487434,2.9267287298489652e-06,0.2926728729848965,15.126023203404115,18.613676776582036,22.00238858521466,2.9907608109560786,tdse_dipole_acceleration,raw_fft_harmonic_order_grid,13,1.6079090899617815e-08,0.11079987270298704,single_mode_bsv_random_phase_gamma_intensity,shared_fig_iv2_intensity_cases,hhg_intensity_prediction,quantum_light_hhg_bsv_threshold_tdse_dipole_acceleration
BSV - 1e13 W/cm^2,10000000000000.0,0.016880323915389028,19.399528556204356,4.916179889282138e-06,0.00020724764150363784,1.4902120308743908e-06,0.14902120308743907,15.126023203404115,18.613676776582036,22.00238858521466,2.9907608109560786,tdse_dipole_acceleration,raw_fft_harmonic_order_grid,13,1.6079090899617815e-08,0.11079987270298704,single_mode_bsv_random_phase_gamma_intensity,shared_fig_iv2_intensity_cases,hhg_intensity_prediction,quantum_light_hhg_bsv_threshold_tdse_dipole_acceleration
BSV - 1e13 W/cm^2,10000000000000.0,0.016880323915389028,19.43952758415529,1.9111738046028557e-06,1.5580099065485016e-05,5.793226165137401e-07,0.05793226165137401,15.126023203404115,18.613676776582036,22.00238858521466,2.9907608109560786,tdse_dipole_acceleration,raw_fft_harmonic_order_grid,13,1.6079090899617815e-08,0.11079987270298704,single_mode_bsv_random_phase_gamma_intensity,shared_fig_iv2_intensity_cases,hhg_intensity_prediction,quantum_light_hhg_bsv_threshold_tdse_dipole_acceleration
BSV - 1e13 W/cm^2,10000000000000.0,0.016880323915389028,19.479526612106227,5.894106980045071e-06,0.00011108829079183488,1.7866451860463657e-06,0.17866451860463659,15.126023203404115,18.613676776582036,22.00238858521466,2.9907608109560786,tdse_dipole_acceleration,raw_fft_harmonic_order_grid,13,1.6079090899617815e-08,0.11079987270298704,single_mode_bsv_random_phase_gamma_intensity,shared_fig_iv2_intensity_cases,hhg_intensity_prediction,quantum_light_hhg_bsv_threshold_tdse_dipole_acceleration
BSV - 1e13 W/cm^2,10000000000000.0,0.016880323915389028,19.51952564005716,3.017439295462592e-06,5.483735445578309e-05,9.146582187390417e-07,0.09146582187390417,15.126023203404115,18.613676776582036,22.00238858521466,2.9907608109560786,tdse_dipole_acceleration,raw_fft_harmonic_order_grid,13,1.6079090899617815e-08,0.11079987270298704,single_mode_bsv_random_phase_gamma_intensity,shared_fig_iv2_intensity_cases,hhg_intensity_prediction,quantum_light_hhg_bsv_threshold_tdse_dipole_acceleration
BSV - 1e13 W/cm^2,10000000000000.0,0.016880323915389028,19.559524668008102,3.2701177198612684e-06,0.00010203292948090563,9.9125110924783e-07,0.09912511092478299,15.126023203404115,18.613676776582036,22.00238858521466,2.9907608109560786,tdse_dipole_acceleration,raw_fft_harmonic_order_grid,13,1.6079090899617815e-08,0.11079987270298704,single_mode_bsv_random_phase_gamma_intensity,shared_fig_iv2_intensity_cases,hhg_intensity_prediction,quantum_light_hhg_bsv_threshold_tdse_dipole_acceleration
BSV - 1e13 W/cm^2,10000000000000.0,0.016880323915389028,19.59952369595904,3.424350638963945e-06,0.00010259206544264189,1.0380028060489912e-06,0.10380028060489913,15.126023203404115,18.613676776582036,22.00238858521466,2.9907608109560786,tdse_dipole_acceleration,raw_fft_harmonic_order_grid,13,1.6079090899617815e-08,0.11079987270298704,single_mode_bsv_random_phase_gamma_intensity,shared_fig_iv2_intensity_cases,hhg_intensity_prediction,quantum_light_hhg_bsv_threshold_tdse_dipole_acceleration
BSV - 1e13 W/cm^2,10000000000000.0,0.016880323915389028,19.639522723909973,2.346676671800628e-06,7.518028932568267e-05,7.113339803764197e-07,0.07113339803764197,15.126023203404115,18.613676776582036,22.00238858521466,2.9907608109560786,tdse_dipole_acceleration,raw_fft_harmonic_order_grid,13,1.6079090899617815e-08,0.11079987270298704,single_mode_bsv_random_phase_gamma_intensity,shared_fig_iv2_intensity_cases,hhg_intensity_prediction,quantum_light_hhg_bsv_threshold_tdse_dipole_acceleration
BSV - 1e13 W/cm^2,10000000000000.0,0.016880323915389028,19.67952175186091,3.6017525898930817e-06,0.00015744868184808922,1.0917775920676107e-06,0.10917775920676107,15.126023203404115,18.613676776582036,22.00238858521466,2.9907608109560786,tdse_dipole_acceleration,raw_fft_harmonic_order_grid,13,1.6079090899617815e-08,0.11079987270298704,single_mode_bsv_random_phase_gamma_intensity,shared_fig_iv2_intensity_cases,hhg_intensity_prediction,quantum_light_hhg_bsv_threshold_tdse_dipole_acceleration
BSV - 1e13 W/cm^2,10000000000000.0,0.016880323915389028,19.71952077981185,2.3717244345481205e-06,9.139055585266776e-05,7.189265579942927e-07,0.07189265579942927,15.126023203404115,18.613676776582036,22.00238858521466,2.9907608109560786,tdse_dipole_acceleration,raw_fft_harmonic_order_grid,13,1.6079090899617815e-08,0.11079987270298704,single_mode_bsv_random_phase_gamma_intensity,shared_fig_iv2_intensity_cases,hhg_intensity_prediction,quantum_light_hhg_bsv_threshold_tdse_dipole_acceleration
BSV - 1e13 W/cm^2,10000000000000.0,0.016880323915389028,19.759519807762786,4.430354746138322e-06,0.0001617789969268009,1.3429467782760152e-06,0.13429467782760152,15.126023203404115,18.613676776582036,22.00238858521466,2.9907608109560786,tdse_dipole_acceleration,raw_fft_harmonic_order_grid,13,1.6079090899617815e-08,0.11079987270298704,single_mode_bsv_random_phase_gamma_intensity,shared_fig_iv2_intensity_cases,hhg_intensity_prediction,quantum_light_hhg_bsv_threshold_tdse_dipole_acceleration
BSV - 1e13 W/cm^2,10000000000000.0,0.016880323915389028,19.799518835713723,3.900887266291119e-06,0.00013868049821469603,1.1824524867336732e-06,0.11824524867336732,15.126023203404115,18.613676776582036,22.00238858521466,2.9907608109560786,tdse_dipole_acceleration,raw_fft_harmonic_order_grid,13,1.6079090899617815e-08,0.11079987270298704,single_mode_bsv_random_phase_gamma_intensity,shared_fig_iv2_intensity_cases,hhg_intensity_prediction,quantum_light_hhg_bsv_threshold_tdse_dipole_acceleration
BSV - 1e13 W/cm^2,10000000000000.0,0.016880323915389028,19.839517863664657,4.199856269587567e-06,0.00014135456014849885,1.2730771619092492e-06,0.12730771619092493,15.126023203404115,18.613676776582036,22.00238858521466,2.9907608109560786,tdse_dipole_acceleration,raw_fft_harmonic_order_grid,13,1.6079090899617815e-08,0.11079987270298704,single_mode_bsv_random_phase_gamma_intensity,shared_fig_iv2_intensity_cases,hhg_intensity_prediction,quantum_light_hhg_bsv_threshold_tdse_dipole_acceleration
BSV - 1e13 W/cm^2,10000000000000.0,0.016880323915389028,19.879516891615594,5.6187234860475e-06,0.000215013742067943,1.70316984439866e-06,0.170316984439866,15.126023203404115,18.613676776582036,22.00238858521466,2.9907608109560786,tdse_dipole_acceleration,raw_fft_harmonic_order_grid,13,1.6079090899617815e-08,0.11079987270298704,single_mode_bsv_random_phase_gamma_intensity,shared_fig_iv2_intensity_cases,hhg_intensity_prediction,quantum_light_hhg_bsv_threshold_tdse_dipole_acceleration
BSV - 1e13 W/cm^2,10000000000000.0,0.016880323915389028,19.919515919566535,3.990421799419415e-06,0.0001323779084248514,1.209592551062359e-06,0.1209592551062359,15.126023203404115,18.613676776582036,22.00238858521466,2.9907608109560786,tdse_dipole_acceleration,raw_fft_harmonic_order_grid,13,1.6079090899617815e-08,0.11079987270298704,single_mode_bsv_random_phase_gamma_intensity,shared_fig_iv2_intensity_cases,hhg_intensity_prediction,quantum_light_hhg_bsv_threshold_tdse_dipole_acceleration
BSV - 1e13 W/cm^2,10000000000000.0,0.016880323915389028,19.959514947517466,5.969166643728492e-06,0.0002505329730306935,1.809397570290538e-06,0.18093975702905382,15.126023203404115,18.613676776582036,22.00238858521466,2.9907608109560786,tdse_dipole_acceleration,raw_fft_harmonic_order_grid,13,1.6079090899617815e-08,0.11079987270298704,single_mode_bsv_random_phase_gamma_intensity,shared_fig_iv2_intensity_cases,hhg_intensity_prediction,quantum_light_hhg_bsv_threshold_tdse_dipole_acceleration
BSV - 1e13 W/cm^2,10000000000000.0,0.016880323915389028,19.999513975468407,6.83948317523976e-06,0.0002632397404429241,2.073211384092283e-06,0.2073211384092283,15.126023203404115,18.613676776582036,22.00238858521466,2.9907608109560786,tdse_dipole_acceleration,raw_fft_harmonic_order_grid,13,1.6079090899617815e-08,0.11079987270298704,single_mode_bsv_random_phase_gamma_intensity,shared_fig_iv2_intensity_cases,hhg_intensity_prediction,quantum_light_hhg_bsv_threshold_tdse_dipole_acceleration
BSV - 1e13 W/cm^2,10000000000000.0,0.016880323915389028,20.03951300341934,2.1877368214175626e-06,6.847352075091673e-05,6.63155499816221e-07,0.06631554998162209,15.126023203404115,18.613676776582036,22.00238858521466,2.9907608109560786,tdse_dipole_acceleration,raw_fft_harmonic_order_grid,13,1.6079090899617815e-08,0.11079987270298704,single_mode_bsv_random_phase_gamma_intensity,shared_fig_iv2_intensity_cases,hhg_intensity_prediction,quantum_light_hhg_bsv_threshold_tdse_dipole_acceleration
BSV - 1e13 W/cm^2,10000000000000.0,0.016880323915389028,20.07951203137028,1.2431871958258256e-05,0.0004759918508933756,3.768398548408613e-06,0.3768398548408613,15.126023203404115,18.613676776582036,22.00238858521466,2.9907608109560786,tdse_dipole_acceleration,raw_fft_harmonic_order_grid,13,1.6079090899617815e-08,0.11079987270298704,single_mode_bsv_random_phase_gamma_intensity,shared_fig_iv2_intensity_cases,hhg_intensity_prediction,quantum_light_hhg_bsv_threshold_tdse_dipole_acceleration
BSV - 1e13 W/cm^2,10000000000000.0,0.016880323915389028,20.119511059321216,2.5962738427313166e-06,2.819605711530388e-05,7.869928690602992e-07,0.07869928690602992,15.126023203404115,18.613676776582036,22.00238858521466,2.9907608109560786,tdse_dipole_acceleration,raw_fft_harmonic_order_grid,13,1.6079090899617815e-08,0.11079987270298704,single_mode_bsv_random_phase_gamma_intensity,shared_fig_iv2_intensity_cases,hhg_intensity_prediction,quantum_light_hhg_bsv_threshold_tdse_dipole_acceleration
BSV - 1e13 W/cm^2,10000000000000.0,0.016880323915389028,20.159510087272153,5.477420363433852e-06,0.00020288857560171367,1.6603374790130792e-06,0.16603374790130793,15.126023203404115,18.613676776582036,22.00238858521466,2.9907608109560786,tdse_dipole_acceleration,raw_fft_harmonic_order_grid,13,1.6079090899617815e-08,0.11079987270298704,single_mode_bsv_random_phase_gamma_intensity,shared_fig_iv2_intensity_cases,hhg_intensity_prediction,quantum_light_hhg_bsv_threshold_tdse_dipole_acceleration
BSV - 1e13 W/cm^2,10000000000000.0,0.016880323915389028,20.19950911522309,4.199134528538877e-06,0.0001994222906801729,1.2728583848876276e-06,0.12728583848876276,15.126023203404115,18.613676776582036,22.00238858521466,2.9907608109560786,tdse_dipole_acceleration,raw_fft_harmonic_order_grid,13,1.6079090899617815e-08,0.11079987270298704,single_mode_bsv_random_phase_gamma_intensity,shared_fig_iv2_intensity_cases,hhg_intensity_prediction,quantum_light_hhg_bsv_threshold_tdse_dipole_acceleration
BSV - 1e13 W/cm^2,10000000000000.0,0.016880323915389028,20.23950814317403,9.72724903717029e-07,1.386080693990995e-05,2.9485624751252055e-07,0.029485624751252056,15.126023203404115,18.613676776582036,22.00238858521466,2.9907608109560786,tdse_dipole_acceleration,raw_fft_harmonic_order_grid,13,1.6079090899617815e-08,0.11079987270298704,single_mode_bsv_random_phase_gamma_intensity,shared_fig_iv2_intensity_cases,hhg_intensity_prediction,quantum_light_hhg_bsv_threshold_tdse_dipole_acceleration
BSV - 1e13 W/cm^2,10000000000000.0,0.016880323915389028,20.279507171124962,1.3923759688803965e-05,0.0005212389641295333,4.220625499993524e-06,0.4220625499993524,15.126023203404115,18.613676776582036,22.00238858521466,2.9907608109560786,tdse_dipole_acceleration,raw_fft_harmonic_order_grid,13,1.6079090899617815e-08,0.11079987270298704,single_mode_bsv_random_phase_gamma_intensity,shared_fig_iv2_intensity_cases,hhg_intensity_prediction,quantum_light_hhg_bsv_threshold_tdse_dipole_acceleration
BSV - 1e13 W/cm^2,10000000000000.0,0.016880323915389028,20.319506199075903,2.7546735599425692e-05,0.0010556332210431615,8.350076223019219e-06,0.8350076223019219,15.126023203404115,18.613676776582036,22.00238858521466,2.9907608109560786,tdse_dipole_acceleration,raw_fft_harmonic_order_grid,13,1.6079090899617815e-08,0.11079987270298704,single_mode_bsv_random_phase_gamma_intensity,shared_fig_iv2_intensity_cases,hhg_intensity_prediction,quantum_light_hhg_bsv_threshold_tdse_dipole_acceleration
BSV - 1e13 W/cm^2,10000000000000.0,0.016880323915389028,20.359505227026837,3.296526819904198e-05,0.0006459240467689402,9.992563408493704e-06,0.9992563408493704,15.126023203404115,18.613676776582036,22.00238858521466,2.9907608109560786,tdse_dipole_acceleration,raw_fft_harmonic_order_grid,13,1.6079090899617815e-08,0.11079987270298704,single_mode_bsv_random_phase_gamma_intensity,shared_fig_iv2_intensity_cases,hhg_intensity_prediction,quantum_light_hhg_bsv_threshold_tdse_dipole_acceleration
BSV - 1e13 W/cm^2,10000000000000.0,0.016880323915389028,20.399504254977774,1.5259678433882465e-05,0.000405140694855447,4.625574511425508e-06,0.46255745114255076,15.126023203404115,18.613676776582036,22.00238858521466,2.9907608109560786,tdse_dipole_acceleration,raw_fft_harmonic_order_grid,13,1.6079090899617815e-08,0.11079987270298704,single_mode_bsv_random_phase_gamma_intensity,shared_fig_iv2_intensity_cases,hhg_intensity_prediction,quantum_light_hhg_bsv_threshold_tdse_dipole_acceleration
BSV - 1e13 W/cm^2,10000000000000.0,0.016880323915389028,20.43950328292871,1.7630543554180655e-05,0.0007164772586815503,5.344240590661416e-06,0.5344240590661417,15.126023203404115,18.613676776582036,22.00238858521466,2.9907608109560786,tdse_dipole_acceleration,raw_fft_harmonic_order_grid,13,1.6079090899617815e-08,0.11079987270298704,single_mode_bsv_random_phase_gamma_intensity,shared_fig_iv2_intensity_cases,hhg_intensity_prediction,quantum_light_hhg_bsv_threshold_tdse_dipole_acceleration
BSV - 1e13 W/cm^2,10000000000000.0,0.016880323915389028,20.479502310879646,3.265702275790293e-05,0.0015533746986806207,9.899126822528036e-06,0.9899126822528036,15.126023203404115,18.613676776582036,22.00238858521466,2.9907608109560786,tdse_dipole_acceleration,raw_fft_harmonic_order_grid,13,1.6079090899617815e-08,0.11079987270298704,single_mode_bsv_random_phase_gamma_intensity,shared_fig_iv2_intensity_cases,hhg_intensity_prediction,quantum_light_hhg_bsv_threshold_tdse_dipole_acceleration
BSV - 1e13 W/cm^2,10000000000000.0,0.016880323915389028,20.519501338830587,9.43594239088551e-06,0.0004514684782396488,2.8602604441288096e-06,0.286026044412881,15.126023203404115,18.613676776582036,22.00238858521466,2.9907608109560786,tdse_dipole_acceleration,raw_fft_harmonic_order_grid,13,1.6079090899617815e-08,0.11079987270298704,single_mode_bsv_random_phase_gamma_intensity,shared_fig_iv2_intensity_cases,hhg_intensity_prediction,quantum_light_hhg_bsv_threshold_tdse_dipole_acceleration
BSV - 1e13 W/cm^2,10000000000000.0,0.016880323915389028,20.559500366781517,2.4777402456756805e-06,6.486604376913868e-05,7.510624929607137e-07,0.07510624929607136,15.126023203404115,18.613676776582036,22.00238858521466,2.9907608109560786,tdse_dipole_acceleration,raw_fft_harmonic_order_grid,13,1.6079090899617815e-08,0.11079987270298704,single_mode_bsv_random_phase_gamma_intensity,shared_fig_iv2_intensity_cases,hhg_intensity_prediction,quantum_light_hhg_bsv_threshold_tdse_dipole_acceleration
BSV - 1e13 W/cm^2,10000000000000.0,0.016880323915389028,20.599499394732458,2.4196679714222657e-06,6.643381940346307e-05,7.334593938671789e-07,0.07334593938671789,15.126023203404115,18.613676776582036,22.00238858521466,2.9907608109560786,tdse_dipole_acceleration,raw_fft_harmonic_order_grid,13,1.6079090899617815e-08,0.11079987270298704,single_mode_bsv_random_phase_gamma_intensity,shared_fig_iv2_intensity_cases,hhg_intensity_prediction,quantum_light_hhg_bsv_threshold_tdse_dipole_acceleration
BSV - 1e13 W/cm^2,10000000000000.0,0.016880323915389028,20.639498422683396,4.105034255663404e-06,0.00016623340823990304,1.2443343353398656e-06,0.12443343353398656,15.126023203404115,18.613676776582036,22.00238858521466,2.9907608109560786,tdse_dipole_acceleration,raw_fft_harmonic_order_grid,13,1.6079090899617815e-08,0.11079987270298704,single_mode_bsv_random_phase_gamma_intensity,shared_fig_iv2_intensity_cases,hhg_intensity_prediction,quantum_light_hhg_bsv_threshold_tdse_dipole_acceleration
BSV - 1e13 W/cm^2,10000000000000.0,0.016880323915389028,20.679497450634333,2.8856734739206198e-06,0.00011956959091825096,8.747168380446572e-07,0.08747168380446572,15.126023203404115,18.613676776582036,22.00238858521466,2.9907608109560786,tdse_dipole_acceleration,raw_fft_harmonic_order_grid,13,1.6079090899617815e-08,0.11079987270298704,single_mode_bsv_random_phase_gamma_intensity,shared_fig_iv2_intensity_cases,hhg_intensity_prediction,quantum_light_hhg_bsv_threshold_tdse_dipole_acceleration
BSV - 1e13 W/cm^2,10000000000000.0,0.016880323915389028,20.719496478585267,1.2258487001309595e-05,0.0007526972072764831,3.7158414096064237e-06,0.37158414096064235,15.126023203404115,18.613676776582036,22.00238858521466,2.9907608109560786,tdse_dipole_acceleration,raw_fft_harmonic_order_grid,13,1.6079090899617815e-08,0.11079987270298704,single_mode_bsv_random_phase_gamma_intensity,shared_fig_iv2_intensity_cases,hhg_intensity_prediction,quantum_light_hhg_bsv_threshold_tdse_dipole_acceleration
BSV - 1e13 W/cm^2,10000000000000.0,0.016880323915389028,20.759495506536204,1.0431110144490253e-05,0.0006646667721969655,3.161919657696883e-06,0.3161919657696883,15.126023203404115,18.613676776582036,22.00238858521466,2.9907608109560786,tdse_dipole_acceleration,raw_fft_harmonic_order_grid,13,1.6079090899617815e-08,0.11079987270298704,single_mode_bsv_random_phase_gamma_intensity,shared_fig_iv2_intensity_cases,hhg_intensity_prediction,quantum_light_hhg_bsv_threshold_tdse_dipole_acceleration
BSV - 1e13 W/cm^2,10000000000000.0,0.016880323915389028,20.799494534487142,1.0501995635694519e-05,0.0006370001709523312,3.1834067501520094e-06,0.3183406750152009,15.126023203404115,18.613676776582036,22.00238858521466,2.9907608109560786,tdse_dipole_acceleration,raw_fft_harmonic_order_grid,13,1.6079090899617815e-08,0.11079987270298704,single_mode_bsv_random_phase_gamma_intensity,shared_fig_iv2_intensity_cases,hhg_intensity_prediction,quantum_light_hhg_bsv_threshold_tdse_dipole_acceleration
BSV - 1e13 W/cm^2,10000000000000.0,0.016880323915389028,20.83949356243808,5.866249021181223e-06,0.00016043104421613344,1.7782007705877257e-06,0.17782007705877256,15.126023203404115,18.613676776582036,22.00238858521466,2.9907608109560786,tdse_dipole_acceleration,raw_fft_harmonic_order_grid,13,1.6079090899617815e-08,0.11079987270298704,single_mode_bsv_random_phase_gamma_intensity,shared_fig_iv2_intensity_cases,hhg_intensity_prediction,quantum_light_hhg_bsv_threshold_tdse_dipole_acceleration
BSV - 1e13 W/cm^2,10000000000000.0,0.016880323915389028,20.879492590389013,1.4684973817279052e-05,0.0006352751370987636,4.45136775879455e-06,0.44513677587945505,15.126023203404115,18.613676776582036,22.00238858521466,2.9907608109560786,tdse_dipole_acceleration,raw_fft_harmonic_order_grid,13,1.6079090899617815e-08,0.11079987270298704,single_mode_bsv_random_phase_gamma_intensity,shared_fig_iv2_intensity_cases,hhg_intensity_prediction,quantum_light_hhg_bsv_threshold_tdse_dipole_acceleration
BSV - 1e13 W/cm^2,10000000000000.0,0.016880323915389028,20.91949161833995,2.2396435817086708e-05,0.0005671273896793722,6.788896837581388e-06,0.6788896837581387,15.126023203404115,18.613676776582036,22.00238858521466,2.9907608109560786,tdse_dipole_acceleration,raw_fft_harmonic_order_grid,13,1.6079090899617815e-08,0.11079987270298704,single_mode_bsv_random_phase_gamma_intensity,shared_fig_iv2_intensity_cases,hhg_intensity_prediction,quantum_light_hhg_bsv_threshold_tdse_dipole_acceleration
BSV - 1e13 W/cm^2,10000000000000.0,0.016880323915389028,20.95949064629089,0.0015421639772889102,0.04220043624574249,0.0004674668877652911,46.74668877652911,15.126023203404115,18.613676776582036,22.00238858521466,2.9907608109560786,tdse_dipole_acceleration,raw_fft_harmonic_order_grid,13,1.6079090899617815e-08,0.11079987270298704,single_mode_bsv_random_phase_gamma_intensity,shared_fig_iv2_intensity_cases,hhg_intensity_prediction,quantum_light_hhg_bsv_threshold_tdse_dipole_acceleration
BSV - 1e13 W/cm^2,10000000000000.0,0.016880323915389028,20.999489674241826,0.004929073062162522,0.14596992389678193,0.0014941202607958342,149.41202607958343,15.126023203404115,18.613676776582036,22.00238858521466,2.9907608109560786,tdse_dipole_acceleration,raw_fft_harmonic_order_grid,13,1.6079090899617815e-08,0.11079987270298704,single_mode_bsv_random_phase_gamma_intensity,shared_fig_iv2_intensity_cases,hhg_intensity_prediction,quantum_light_hhg_bsv_threshold_tdse_dipole_acceleration
BSV - 1e13 W/cm^2,10000000000000.0,0.016880323915389028,21.039488702192763,0.002760761861551093,0.08538556570707256,0.0008368531325372967,83.68531325372967,15.126023203404115,18.613676776582036,22.00238858521466,2.9907608109560786,tdse_dipole_acceleration,raw_fft_harmonic_order_grid,13,1.6079090899617815e-08,0.11079987270298704,single_mode_bsv_random_phase_gamma_intensity,shared_fig_iv2_intensity_cases,hhg_intensity_prediction,quantum_light_hhg_bsv_threshold_tdse_dipole_acceleration
BSV - 1e13 W/cm^2,10000000000000.0,0.016880323915389028,21.079487730143697,0.0001978616497027625,0.009458251070528279,5.997661140889739e-05,5.997661140889739,15.126023203404115,18.613676776582036,22.00238858521466,2.9907608109560786,tdse_dipole_acceleration,raw_fft_harmonic_order_grid,13,1.6079090899617815e-08,0.11079987270298704,single_mode_bsv_random_phase_gamma_intensity,shared_fig_iv2_intensity_cases,hhg_intensity_prediction,quantum_light_hhg_bsv_threshold_tdse_dipole_acceleration
BSV - 1e13 W/cm^2,10000000000000.0,0.016880323915389028,21.119486758094638,0.0001147517651587733,0.005508843723461993,3.478401215067149e-05,3.4784012150671493,15.126023203404115,18.613676776582036,22.00238858521466,2.9907608109560786,tdse_dipole_acceleration,raw_fft_harmonic_order_grid,13,1.6079090899617815e-08,0.11079987270298704,single_mode_bsv_random_phase_gamma_intensity,shared_fig_iv2_intensity_cases,hhg_intensity_prediction,quantum_light_hhg_bsv_threshold_tdse_dipole_acceleration
BSV - 1e13 W/cm^2,10000000000000.0,0.016880323915389028,21.159485786045575,1.0753194736360316e-05,0.0004982822892268344,3.259551222158232e-06,0.32595512221582323,15.126023203404115,18.613676776582036,22.00238858521466,2.9907608109560786,tdse_dipole_acceleration,raw_fft_harmonic_order_grid,13,1.6079090899617815e-08,0.11079987270298704,single_mode_bsv_random_phase_gamma_intensity,shared_fig_iv2_intensity_cases,hhg_intensity_prediction,quantum_light_hhg_bsv_threshold_tdse_dipole_acceleration
BSV - 1e13 W/cm^2,10000000000000.0,0.016880323915389028,21.19948481399651,3.417376272932788e-05,0.001327360392126784,1.0358887084363283e-05,1.0358887084363284,15.126023203404115,18.613676776582036,22.00238858521466,2.9907608109560786,tdse_dipole_acceleration,raw_fft_harmonic_order_grid,13,1.6079090899617815e-08,0.11079987270298704,single_mode_bsv_random_phase_gamma_intensity,shared_fig_iv2_intensity_cases,hhg_intensity_prediction,quantum_light_hhg_bsv_threshold_tdse_dipole_acceleration
BSV - 1e13 W/cm^2,10000000000000.0,0.016880323915389028,21.239483841947447,0.0001099642679757899,0.003599971778930411,3.3332806934317846e-05,3.3332806934317847,15.126023203404115,18.613676776582036,22.00238858521466,2.9907608109560786,tdse_dipole_acceleration,raw_fft_harmonic_order_grid,13,1.6079090899617815e-08,0.11079987270298704,single_mode_bsv_random_phase_gamma_intensity,shared_fig_iv2_intensity_cases,hhg_intensity_prediction,quantum_light_hhg_bsv_threshold_tdse_dipole_acceleration
BSV - 1e13 W/cm^2,10000000000000.0,0.016880323915389028,21.279482869898388,0.00025216343589823414,0.008697549960240422,7.643678514315774e-05,7.6436785143157735,15.126023203404115,18.613676776582036,22.00238858521466,2.9907608109560786,tdse_dipole_acceleration,raw_fft_harmonic_order_grid,13,1.6079090899617815e-08,0.11079987270298704,single_mode_bsv_random_phase_gamma_intensity,shared_fig_iv2_intensity_cases,hhg_intensity_prediction,quantum_light_hhg_bsv_threshold_tdse_dipole_acceleration
BSV - 1e13 W/cm^2,10000000000000.0,0.016880323915389028,21.31948189784932,0.00016913217597778164,0.006364692938024922,5.1268018894007186e-05,5.126801889400719,15.126023203404115,18.613676776582036,22.00238858521466,2.9907608109560786,tdse_dipole_acceleration,raw_fft_harmonic_order_grid,13,1.6079090899617815e-08,0.11079987270298704,single_mode_bsv_random_phase_gamma_intensity,shared_fig_iv2_intensity_cases,hhg_intensity_prediction,quantum_light_hhg_bsv_threshold_tdse_dipole_acceleration
BSV - 1e13 W/cm^2,10000000000000.0,0.016880323915389028,21.35948092580026,1.8870526279394878e-05,0.0010168551984247442,5.7201090936059804e-06,0.5720109093605981,15.126023203404115,18.613676776582036,22.00238858521466,2.9907608109560786,tdse_dipole_acceleration,raw_fft_harmonic_order_grid,13,1.6079090899617815e-08,0.11079987270298704,single_mode_bsv_random_phase_gamma_intensity,shared_fig_iv2_intensity_cases,hhg_intensity_prediction,quantum_light_hhg_bsv_threshold_tdse_dipole_acceleration
BSV - 1e13 W/cm^2,10000000000000.0,0.016880323915389028,21.399479953751193,2.6894333144889595e-06,9.005035204763008e-05,8.152317392256897e-07,0.08152317392256897,15.126023203404115,18.613676776582036,22.00238858521466,2.9907608109560786,tdse_dipole_acceleration,raw_fft_harmonic_order_grid,13,1.6079090899617815e-08,0.11079987270298704,single_mode_bsv_random_phase_gamma_intensity,shared_fig_iv2_intensity_cases,hhg_intensity_prediction,quantum_light_hhg_bsv_threshold_tdse_dipole_acceleration
BSV - 1e13 W/cm^2,10000000000000.0,0.016880323915389028,21.43947898170213,2.1347459265462544e-05,0.0006056002116602101,6.4709268868187205e-06,0.6470926886818721,15.126023203404115,18.613676776582036,22.00238858521466,2.9907608109560786,tdse_dipole_acceleration,raw_fft_harmonic_order_grid,13,1.6079090899617815e-08,0.11079987270298704,single_mode_bsv_random_phase_gamma_intensity,shared_fig_iv2_intensity_cases,hhg_intensity_prediction,quantum_light_hhg_bsv_threshold_tdse_dipole_acceleration
BSV - 1e13 W/cm^2,10000000000000.0,0.016880323915389028,21.47947800965307,1.0940486889145795e-05,0.00023308486831174086,3.3163239655596215e-06,0.33163239655596216,15.126023203404115,18.613676776582036,22.00238858521466,2.9907608109560786,tdse_dipole_acceleration,raw_fft_harmonic_order_grid,13,1.6079090899617815e-08,0.11079987270298704,single_mode_bsv_random_phase_gamma_intensity,shared_fig_iv2_intensity_cases,hhg_intensity_prediction,quantum_light_hhg_bsv_threshold_tdse_dipole_acceleration
BSV - 1e13 W/cm^2,10000000000000.0,0.016880323915389028,21.519477037604002,6.1849769358984605e-06,0.0002412286510608895,1.8748148456997104e-06,0.18748148456997105,15.126023203404115,18.613676776582036,22.00238858521466,2.9907608109560786,tdse_dipole_acceleration,raw_fft_harmonic_order_grid,13,1.6079090899617815e-08,0.11079987270298704,single_mode_bsv_random_phase_gamma_intensity,shared_fig_iv2_intensity_cases,hhg_intensity_prediction,quantum_light_hhg_bsv_threshold_tdse_dipole_acceleration
BSV - 1e13 W/cm^2,10000000000000.0,0.016880323915389028,21.559476065554943,1.7302743218022259e-06,5.160274328882741e-05,5.244876447023613e-07,0.05244876447023613,15.126023203404115,18.613676776582036,22.00238858521466,2.9907608109560786,tdse_dipole_acceleration,raw_fft_harmonic_order_grid,13,1.6079090899617815e-08,0.11079987270298704,single_mode_bsv_random_phase_gamma_intensity,shared_fig_iv2_intensity_cases,hhg_intensity_prediction,quantum_light_hhg_bsv_threshold_tdse_dipole_acceleration
BSV - 1e13 W/cm^2,10000000000000.0,0.016880323915389028,21.599475093505877,2.6098822266956994e-06,0.00010832089125163737,7.911178966144562e-07,0.07911178966144562,15.126023203404115,18.613676776582036,22.00238858521466,2.9907608109560786,tdse_dipole_acceleration,raw_fft_harmonic_order_grid,13,1.6079090899617815e-08,0.11079987270298704,single_mode_bsv_random_phase_gamma_intensity,shared_fig_iv2_intensity_cases,hhg_intensity_prediction,quantum_light_hhg_bsv_threshold_tdse_dipole_acceleration
BSV - 1e13 W/cm^2,10000000000000.0,0.016880323915389028,21.639474121456814,1.3359609778108322e-06,6.123013301143918e-05,4.0496181318603534e-07,0.04049618131860353,15.126023203404115,18.613676776582036,22.00238858521466,2.9907608109560786,tdse_dipole_acceleration,raw_fft_harmonic_order_grid,13,1.6079090899617815e-08,0.11079987270298704,single_mode_bsv_random_phase_gamma_intensity,shared_fig_iv2_intensity_cases,hhg_intensity_prediction,quantum_light_hhg_bsv_threshold_tdse_dipole_acceleration
BSV - 1e13 W/cm^2,10000000000000.0,0.016880323915389028,21.67947314940775,9.401628975625193e-07,7.136844980744692e-05,2.849859225012969e-07,0.02849859225012969,15.126023203404115,18.613676776582036,22.00238858521466,2.9907608109560786,tdse_dipole_acceleration,raw_fft_harmonic_order_grid,13,1.6079090899617815e-08,0.11079987270298704,single_mode_bsv_random_phase_gamma_intensity,shared_fig_iv2_intensity_cases,hhg_intensity_prediction,quantum_light_hhg_bsv_threshold_tdse_dipole_acceleration
BSV - 1e13 W/cm^2,10000000000000.0,0.016880323915389028,21.71947217735869,1.1252230744000262e-06,4.8507671855854284e-05,3.410821004626091e-07,0.03410821004626091,15.126023203404115,18.613676776582036,22.00238858521466,2.9907608109560786,tdse_dipole_acceleration,raw_fft_harmonic_order_grid,13,1.6079090899617815e-08,0.11079987270298704,single_mode_bsv_random_phase_gamma_intensity,shared_fig_iv2_intensity_cases,hhg_intensity_prediction,quantum_light_hhg_bsv_threshold_tdse_dipole_acceleration
BSV - 1e13 W/cm^2,10000000000000.0,0.016880323915389028,21.759471205309627,6.170161483306469e-07,2.849131168714386e-05,1.8703239266949833e-07,0.018703239266949834,15.126023203404115,18.613676776582036,22.00238858521466,2.9907608109560786,tdse_dipole_acceleration,raw_fft_harmonic_order_grid,13,1.6079090899617815e-08,0.11079987270298704,single_mode_bsv_random_phase_gamma_intensity,shared_fig_iv2_intensity_cases,hhg_intensity_prediction,quantum_light_hhg_bsv_threshold_tdse_dipole_acceleration
BSV - 1e13 W/cm^2,10000000000000.0,0.016880323915389028,21.79947023326056,1.1133732075354986e-06,4.188389047401861e-05,3.3749012161653856e-07,0.03374901216165386,15.126023203404115,18.613676776582036,22.00238858521466,2.9907608109560786,tdse_dipole_acceleration,raw_fft_harmonic_order_grid,13,1.6079090899617815e-08,0.11079987270298704,single_mode_bsv_random_phase_gamma_intensity,shared_fig_iv2_intensity_cases,hhg_intensity_prediction,quantum_light_hhg_bsv_threshold_tdse_dipole_acceleration
BSV - 1e13 W/cm^2,10000000000000.0,0.016880323915389028,21.839469261211498,1.1196444904224497e-06,3.322657375650019e-05,3.3939109786590763e-07,0.03393910978659076,15.126023203404115,18.613676776582036,22.00238858521466,2.9907608109560786,tdse_dipole_acceleration,raw_fft_harmonic_order_grid,13,1.6079090899617815e-08,0.11079987270298704,single_mode_bsv_random_phase_gamma_intensity,shared_fig_iv2_intensity_cases,hhg_intensity_prediction,quantum_light_hhg_bsv_threshold_tdse_dipole_acceleration
BSV - 1e13 W/cm^2,10000000000000.0,0.016880323915389028,21.87946828916244,6.15786958277132e-07,1.4495695825174346e-05,1.8665979568419018e-07,0.01866597956841902,15.126023203404115,18.613676776582036,22.00238858521466,2.9907608109560786,tdse_dipole_acceleration,raw_fft_harmonic_order_grid,13,1.6079090899617815e-08,0.11079987270298704,single_mode_bsv_random_phase_gamma_intensity,shared_fig_iv2_intensity_cases,hhg_intensity_prediction,quantum_light_hhg_bsv_threshold_tdse_dipole_acceleration
BSV - 1e13 W/cm^2,10000000000000.0,0.016880323915389028,21.919467317113373,2.05466370608499e-06,8.18634712813023e-05,6.228178470206289e-07,0.06228178470206289,15.126023203404115,18.613676776582036,22.00238858521466,2.9907608109560786,tdse_dipole_acceleration,raw_fft_harmonic_order_grid,13,1.6079090899617815e-08,0.11079987270298704,single_mode_bsv_random_phase_gamma_intensity,shared_fig_iv2_intensity_cases,hhg_intensity_prediction,quantum_light_hhg_bsv_threshold_tdse_dipole_acceleration
BSV - 1e13 W/cm^2,10000000000000.0,0.016880323915389028,21.95946634506431,1.7154932042889713e-06,6.217030064244836e-05,5.200071334834693e-07,0.05200071334834693,15.126023203404115,18.613676776582036,22.00238858521466,2.9907608109560786,tdse_dipole_acceleration,raw_fft_harmonic_order_grid,13,1.6079090899617815e-08,0.11079987270298704,single_mode_bsv_random_phase_gamma_intensity,shared_fig_iv2_intensity_cases,hhg_intensity_prediction,quantum_light_hhg_bsv_threshold_tdse_dipole_acceleration
BSV - 1e13 W/cm^2,10000000000000.0,0.016880323915389028,21.999465373015248,1.683455338138745e-06,8.293734036480947e-05,5.102956878781739e-07,0.05102956878781739,15.126023203404115,18.613676776582036,22.00238858521466,2.9907608109560786,tdse_dipole_acceleration,raw_fft_harmonic_order_grid,13,1.6079090899617815e-08,0.11079987270298704,single_mode_bsv_random_phase_gamma_intensity,shared_fig_iv2_intensity_cases,hhg_intensity_prediction,quantum_light_hhg_bsv_threshold_tdse_dipole_acceleration
BSV - 1e13 W/cm^2,10000000000000.0,0.016880323915389028,22.03946440096618,6.1580598798761635e-06,0.0002460133549247969,1.8666556404583408e-06,0.1866655640458341,15.126023203404115,18.613676776582036,22.00238858521466,2.9907608109560786,tdse_dipole_acceleration,raw_fft_harmonic_order_grid,13,1.6079090899617815e-08,0.11079987270298704,single_mode_bsv_random_phase_gamma_intensity,shared_fig_iv2_intensity_cases,hhg_intensity_prediction,quantum_light_hhg_bsv_threshold_tdse_dipole_acceleration
BSV - 1e13 W/cm^2,10000000000000.0,0.016880323915389028,22.079463428917123,2.4050520079890246e-06,6.349582544450186e-05,7.29028944810886e-07,0.0729028944810886,15.126023203404115,18.613676776582036,22.00238858521466,2.9907608109560786,tdse_dipole_acceleration,raw_fft_harmonic_order_grid,13,1.6079090899617815e-08,0.11079987270298704,single_mode_bsv_random_phase_gamma_intensity,shared_fig_iv2_intensity_cases,hhg_intensity_prediction,quantum_light_hhg_bsv_threshold_tdse_dipole_acceleration
BSV - 1e13 W/cm^2,10000000000000.0,0.016880323915389028,22.119462456868053,6.172245484101216e-06,0.00020199243898608957,1.870955637317179e-06,0.1870955637317179,15.126023203404115,18.613676776582036,22.00238858521466,2.9907608109560786,tdse_dipole_acceleration,raw_fft_harmonic_order_grid,13,1.6079090899617815e-08,0.11079987270298704,single_mode_bsv_random_phase_gamma_intensity,shared_fig_iv2_intensity_cases,hhg_intensity_prediction,quantum_light_hhg_bsv_threshold_tdse_dipole_acceleration
BSV - 1e13 W/cm^2,10000000000000.0,0.016880323915389028,22.159461484818994,1.1930245643080407e-06,4.183398905392132e-05,3.616343581601779e-07,0.036163435816017796,15.126023203404115,18.613676776582036,22.00238858521466,2.9907608109560786,tdse_dipole_acceleration,raw_fft_harmonic_order_grid,13,1.6079090899617815e-08,0.11079987270298704,single_mode_bsv_random_phase_gamma_intensity,shared_fig_iv2_intensity_cases,hhg_intensity_prediction,quantum_light_hhg_bsv_threshold_tdse_dipole_acceleration
BSV - 1e13 W/cm^2,10000000000000.0,0.016880323915389028,22.19946051276993,1.9112420160541775e-06,5.4018732351053644e-05,5.793432930405745e-07,0.05793432930405745,15.126023203404115,18.613676776582036,22.00238858521466,2.9907608109560786,tdse_dipole_acceleration,raw_fft_harmonic_order_grid,13,1.6079090899617815e-08,0.11079987270298704,single_mode_bsv_random_phase_gamma_intensity,shared_fig_iv2_intensity_cases,hhg_intensity_prediction,quantum_light_hhg_bsv_threshold_tdse_dipole_acceleration
BSV - 1e13 W/cm^2,10000000000000.0,0.016880323915389028,22.23945954072087,2.9733030437838973e-06,0.00010595948645260893,9.012794623203268e-07,0.09012794623203267,15.126023203404115,18.613676776582036,22.00238858521466,2.9907608109560786,tdse_dipole_acceleration,raw_fft_harmonic_order_grid,13,1.6079090899617815e-08,0.11079987270298704,single_mode_bsv_random_phase_gamma_intensity,shared_fig_iv2_intensity_cases,hhg_intensity_prediction,quantum_light_hhg_bsv_threshold_tdse_dipole_acceleration
BSV - 1e13 W/cm^2,10000000000000.0,0.016880323915389028,22.279458568671803,1.8047473936708394e-06,3.490290990294932e-05,5.470622188990323e-07,0.05470622188990323,15.126023203404115,18.613676776582036,22.00238858521466,2.9907608109560786,tdse_dipole_acceleration,raw_fft_harmonic_order_grid,13,1.6079090899617815e-08,0.11079987270298704,single_mode_bsv_random_phase_gamma_intensity,shared_fig_iv2_intensity_cases,hhg_intensity_prediction,quantum_light_hhg_bsv_threshold_tdse_dipole_acceleration
BSV - 1e13 W/cm^2,10000000000000.0,0.016880323915389028,22.319457596622744,9.097912602888739e-06,0.00048297245565298596,2.757795508302333e-06,0.2757795508302333,15.126023203404115,18.613676776582036,22.00238858521466,2.9907608109560786,tdse_dipole_acceleration,raw_fft_harmonic_order_grid,13,1.6079090899617815e-08,0.11079987270298704,single_mode_bsv_random_phase_gamma_intensity,shared_fig_iv2_intensity_cases,hhg_intensity_prediction,quantum_light_hhg_bsv_threshold_tdse_dipole_acceleration
BSV - 1e13 W/cm^2,10000000000000.0,0.016880323915389028,22.359456624573678,1.298103460054795e-05,0.0002447745777895395,3.934862916043128e-06,0.3934862916043128,15.126023203404115,18.613676776582036,22.00238858521466,2.9907608109560786,tdse_dipole_acceleration,raw_fft_harmonic_order_grid,13,1.6079090899617815e-08,0.11079987270298704,single_mode_bsv_random_phase_gamma_intensity,shared_fig_iv2_intensity_cases,hhg_intensity_prediction,quantum_light_hhg_bsv_threshold_tdse_dipole_acceleration
BSV - 1e13 W/cm^2,10000000000000.0,0.016880323915389028,22.399455652524615,2.25794808301713e-06,2.8325809158776326e-05,6.844382171078827e-07,0.06844382171078826,15.126023203404115,18.613676776582036,22.00238858521466,2.9907608109560786,tdse_dipole_acceleration,raw_fft_harmonic_order_grid,13,1.6079090899617815e-08,0.11079987270298704,single_mode_bsv_random_phase_gamma_intensity,shared_fig_iv2_intensity_cases,hhg_intensity_prediction,quantum_light_hhg_bsv_threshold_tdse_dipole_acceleration
BSV - 1e13 W/cm^2,10000000000000.0,0.016880323915389028,22.43945468047555,9.77473225968789e-06,0.00031179703194503825,2.962955778676745e-06,0.2962955778676745,15.126023203404115,18.613676776582036,22.00238858521466,2.9907608109560786,tdse_dipole_acceleration,raw_fft_harmonic_order_grid,13,1.6079090899617815e-08,0.11079987270298704,single_mode_bsv_random_phase_gamma_intensity,shared_fig_iv2_intensity_cases,hhg_intensity_prediction,quantum_light_hhg_bsv_threshold_tdse_dipole_acceleration
BSV - 1e13 W/cm^2,10000000000000.0,0.016880323915389028,22.479453708426487,4.145395930025003e-06,0.0001532510961887348,1.2565689268467832e-06,0.1256568926846783,15.126023203404115,18.613676776582036,22.00238858521466,2.9907608109560786,tdse_dipole_acceleration,raw_fft_harmonic_order_grid,13,1.6079090899617815e-08,0.11079987270298704,single_mode_bsv_random_phase_gamma_intensity,shared_fig_iv2_intensity_cases,hhg_intensity_prediction,quantum_light_hhg_bsv_threshold_tdse_dipole_acceleration
BSV - 1e13 W/cm^2,10000000000000.0,0.016880323915389028,22.519452736377428,5.588010655444048e-06,0.0001645729281384893,1.6938600488463751e-06,0.1693860048846375,15.126023203404115,18.613676776582036,22.00238858521466,2.9907608109560786,tdse_dipole_acceleration,raw_fft_harmonic_order_grid,13,1.6079090899617815e-08,0.11079987270298704,single_mode_bsv_random_phase_gamma_intensity,shared_fig_iv2_intensity_cases,hhg_intensity_prediction,quantum_light_hhg_bsv_threshold_tdse_dipole_acceleration
BSV - 1e13 W/cm^2,10000000000000.0,0.016880323915389028,22.559451764328358,4.0279479656543645e-06,0.00010541848079042872,1.2209676320511224e-06,0.12209676320511224,15.126023203404115,18.613676776582036,22.00238858521466,2.9907608109560786,tdse_dipole_acceleration,raw_fft_harmonic_order_grid,13,1.6079090899617815e-08,0.11079987270298704,single_mode_bsv_random_phase_gamma_intensity,shared_fig_iv2_intensity_cases,hhg_intensity_prediction,quantum_light_hhg_bsv_threshold_tdse_dipole_acceleration
BSV - 1e13 W/cm^2,10000000000000.0,0.016880323915389028,22.5994507922793,2.421309882849365e-06,0.00012168625857084793,7.339570965992591e-07,0.07339570965992591,15.126023203404115,18.613676776582036,22.00238858521466,2.9907608109560786,tdse_dipole_acceleration,raw_fft_harmonic_order_grid,13,1.6079090899617815e-08,0.11079987270298704,single_mode_bsv_random_phase_gamma_intensity,shared_fig_iv2_intensity_cases,hhg_intensity_prediction,quantum_light_hhg_bsv_threshold_tdse_dipole_acceleration
BSV - 1e13 W/cm^2,10000000000000.0,0.016880323915389028,22.639449820230233,3.912270509450629e-06,6.821121353569268e-05,1.1859030207435561e-06,0.11859030207435561,15.126023203404115,18.613676776582036,22.00238858521466,2.9907608109560786,tdse_dipole_acceleration,raw_fft_harmonic_order_grid,13,1.6079090899617815e-08,0.11079987270298704,single_mode_bsv_random_phase_gamma_intensity,shared_fig_iv2_intensity_cases,hhg_intensity_prediction,quantum_light_hhg_bsv_threshold_tdse_dipole_acceleration
BSV - 1e13 W/cm^2,10000000000000.0,0.016880323915389028,22.679448848181174,4.339268166089619e-06,0.0002578688777173614,1.3153362513024789e-06,0.13153362513024788,15.126023203404115,18.613676776582036,22.00238858521466,2.9907608109560786,tdse_dipole_acceleration,raw_fft_harmonic_order_grid,13,1.6079090899617815e-08,0.11079987270298704,single_mode_bsv_random_phase_gamma_intensity,shared_fig_iv2_intensity_cases,hhg_intensity_prediction,quantum_light_hhg_bsv_threshold_tdse_dipole_acceleration
BSV - 1e13 W/cm^2,10000000000000.0,0.016880323915389028,22.719447876132108,3.1024117616810703e-06,0.00012163582470662264,9.404154111737422e-07,0.09404154111737421,15.126023203404115,18.613676776582036,22.00238858521466,2.9907608109560786,tdse_dipole_acceleration,raw_fft_harmonic_order_grid,13,1.6079090899617815e-08,0.11079987270298704,single_mode_bsv_random_phase_gamma_intensity,shared_fig_iv2_intensity_cases,hhg_intensity_prediction,quantum_light_hhg_bsv_threshold_tdse_dipole_acceleration
BSV - 1e13 W/cm^2,10000000000000.0,0.016880323915389028,22.759446904083045,1.7015001019183143e-05,0.0007790149691435517,5.1576548855353675e-06,0.5157654885535368,15.126023203404115,18.613676776582036,22.00238858521466,2.9907608109560786,tdse_dipole_acceleration,raw_fft_harmonic_order_grid,13,1.6079090899617815e-08,0.11079987270298704,single_mode_bsv_random_phase_gamma_intensity,shared_fig_iv2_intensity_cases,hhg_intensity_prediction,quantum_light_hhg_bsv_threshold_tdse_dipole_acceleration
BSV - 1e13 W/cm^2,10000000000000.0,0.016880323915389028,22.799445932033983,1.8684517740367262e-06,8.609576440363399e-05,5.66372544431995e-07,0.056637254443199496,15.126023203404115,18.613676776582036,22.00238858521466,2.9907608109560786,tdse_dipole_acceleration,raw_fft_harmonic_order_grid,13,1.6079090899617815e-08,0.11079987270298704,single_mode_bsv_random_phase_gamma_intensity,shared_fig_iv2_intensity_cases,hhg_intensity_prediction,quantum_light_hhg_bsv_threshold_tdse_dipole_acceleration
BSV - 1e13 W/cm^2,10000000000000.0,0.016880323915389028,22.839444959984924,2.0004058709726493e-05,0.00048174963234079237,6.063709959137595e-06,0.6063709959137595,15.126023203404115,18.613676776582036,22.00238858521466,2.9907608109560786,tdse_dipole_acceleration,raw_fft_harmonic_order_grid,13,1.6079090899617815e-08,0.11079987270298704,single_mode_bsv_random_phase_gamma_intensity,shared_fig_iv2_intensity_cases,hhg_intensity_prediction,quantum_light_hhg_bsv_threshold_tdse_dipole_acceleration
BSV - 1e13 W/cm^2,10000000000000.0,0.016880323915389028,22.879443987935854,1.8943943698182127e-05,0.0008856456358066284,5.7423636740355995e-06,0.57423636740356,15.126023203404115,18.613676776582036,22.00238858521466,2.9907608109560786,tdse_dipole_acceleration,raw_fft_harmonic_order_grid,13,1.6079090899617815e-08,0.11079987270298704,single_mode_bsv_random_phase_gamma_intensity,shared_fig_iv2_intensity_cases,hhg_intensity_prediction,quantum_light_hhg_bsv_threshold_tdse_dipole_acceleration
BSV - 1e13 W/cm^2,10000000000000.0,0.016880323915389028,22.919443015886795,1.1650951450010988e-05,0.00016379104325579287,3.5316828132737558e-06,0.3531682813273756,15.126023203404115,18.613676776582036,22.00238858521466,2.9907608109560786,tdse_dipole_acceleration,raw_fft_harmonic_order_grid,13,1.6079090899617815e-08,0.11079987270298704,single_mode_bsv_random_phase_gamma_intensity,shared_fig_iv2_intensity_cases,hhg_intensity_prediction,quantum_light_hhg_bsv_threshold_tdse_dipole_acceleration
BSV - 1e13 W/cm^2,10000000000000.0,0.016880323915389028,22.95944204383773,0.0011424994630750262,0.034745981655177643,0.0003463189882155726,34.63189882155726,15.126023203404115,18.613676776582036,22.00238858521466,2.9907608109560786,tdse_dipole_acceleration,raw_fft_harmonic_order_grid,13,1.6079090899617815e-08,0.11079987270298704,single_mode_bsv_random_phase_gamma_intensity,shared_fig_iv2_intensity_cases,hhg_intensity_prediction,quantum_light_hhg_bsv_threshold_tdse_dipole_acceleration
BSV - 1e13 W/cm^2,10000000000000.0,0.016880323915389028,22.999441071788667,0.0038354143998476226,0.1182083114579035,0.0011626060906563772,116.26060906563772,15.126023203404115,18.613676776582036,22.00238858521466,2.9907608109560786,tdse_dipole_acceleration,raw_fft_harmonic_order_grid,13,1.6079090899617815e-08,0.11079987270298704,single_mode_bsv_random_phase_gamma_intensity,shared_fig_iv2_intensity_cases,hhg_intensity_prediction,quantum_light_hhg_bsv_threshold_tdse_dipole_acceleration
BSV - 1e13 W/cm^2,10000000000000.0,0.016880323915389028,23.039440099739604,0.0021059083877675833,0.06463203896097577,0.0006383513390574469,63.83513390574469,15.126023203404115,18.613676776582036,22.00238858521466,2.9907608109560786,tdse_dipole_acceleration,raw_fft_harmonic_order_grid,13,1.6079090899617815e-08,0.11079987270298704,single_mode_bsv_random_phase_gamma_intensity,shared_fig_iv2_intensity_cases,hhg_intensity_prediction,quantum_light_hhg_bsv_threshold_tdse_dipole_acceleration
BSV - 1e13 W/cm^2,10000000000000.0,0.016880323915389028,23.079439127690538,0.00011284324019060948,0.003370367662525058,3.420549246001038e-05,3.420549246001038,15.126023203404115,18.613676776582036,22.00238858521466,2.9907608109560786,tdse_dipole_acceleration,raw_fft_harmonic_order_grid,13,1.6079090899617815e-08,0.11079987270298704,single_mode_bsv_random_phase_gamma_intensity,shared_fig_iv2_intensity_cases,hhg_intensity_prediction,quantum_light_hhg_bsv_threshold_tdse_dipole_acceleration
BSV - 1e13 W/cm^2,10000000000000.0,0.016880323915389028,23.11943815564148,3.209043029659294e-05,0.0014823384762698419,9.727379058723124e-06,0.9727379058723125,15.126023203404115,18.613676776582036,22.00238858521466,2.9907608109560786,tdse_dipole_acceleration,raw_fft_harmonic_order_grid,13,1.6079090899617815e-08,0.11079987270298704,single_mode_bsv_random_phase_gamma_intensity,shared_fig_iv2_intensity_cases,hhg_intensity_prediction,quantum_light_hhg_bsv_threshold_tdse_dipole_acceleration
BSV - 1e13 W/cm^2,10000000000000.0,0.016880323915389028,23.159437183592413,3.874245555422234e-06,0.0001707432577396888,1.1743767452120004e-06,0.11743767452120005,15.126023203404115,18.613676776582036,22.00238858521466,2.9907608109560786,tdse_dipole_acceleration,raw_fft_harmonic_order_grid,13,1.6079090899617815e-08,0.11079987270298704,single_mode_bsv_random_phase_gamma_intensity,shared_fig_iv2_intensity_cases,hhg_intensity_prediction,quantum_light_hhg_bsv_threshold_tdse_dipole_acceleration
BSV - 1e13 W/cm^2,10000000000000.0,0.016880323915389028,23.19943621154335,6.184848466665212e-07,3.9398230590707097e-05,1.874775903593991e-07,0.01874775903593991,15.126023203404115,18.613676776582036,22.00238858521466,2.9907608109560786,tdse_dipole_acceleration,raw_fft_harmonic_order_grid,13,1.6079090899617815e-08,0.11079987270298704,single_mode_bsv_random_phase_gamma_intensity,shared_fig_iv2_intensity_cases,hhg_intensity_prediction,quantum_light_hhg_bsv_threshold_tdse_dipole_acceleration
BSV - 1e13 W/cm^2,10000000000000.0,0.016880323915389028,23.239435239494288,1.907722677218501e-05,0.0011118161544148694,5.7827649703396735e-06,0.5782764970339673,15.126023203404115,18.613676776582036,22.00238858521466,2.9907608109560786,tdse_dipole_acceleration,raw_fft_harmonic_order_grid,13,1.6079090899617815e-08,0.11079987270298704,single_mode_bsv_random_phase_gamma_intensity,shared_fig_iv2_intensity_cases,hhg_intensity_prediction,quantum_light_hhg_bsv_threshold_tdse_dipole_acceleration
BSV - 1e13 W/cm^2,10000000000000.0,0.016880323915389028,23.279434267445225,0.00011010662568679103,0.004697123380884216,3.3375958970736226e-05,3.337595897073623,15.126023203404115,18.613676776582036,22.00238858521466,2.9907608109560786,tdse_dipole_acceleration,raw_fft_harmonic_order_grid,13,1.6079090899617815e-08,0.11079987270298704,single_mode_bsv_random_phase_gamma_intensity,shared_fig_iv2_intensity_cases,hhg_intensity_prediction,quantum_light_hhg_bsv_threshold_tdse_dipole_acceleration
BSV - 1e13 W/cm^2,10000000000000.0,0.016880323915389028,23.319433295396163,9.595934466712047e-05,0.004328261174860141,2.908757879456809e-05,2.908757879456809,15.126023203404115,18.613676776582036,22.00238858521466,2.9907608109560786,tdse_dipole_acceleration,raw_fft_harmonic_order_grid,13,1.6079090899617815e-08,0.11079987270298704,single_mode_bsv_random_phase_gamma_intensity,shared_fig_iv2_intensity_cases,hhg_intensity_prediction,quantum_light_hhg_bsv_threshold_tdse_dipole_acceleration
BSV - 1e13 W/cm^2,10000000000000.0,0.016880323915389028,23.359432323347097,1.1207011442897792e-05,0.0005148638198464793,3.3971139499518826e-06,0.33971139499518826,15.126023203404115,18.613676776582036,22.00238858521466,2.9907608109560786,tdse_dipole_acceleration,raw_fft_harmonic_order_grid,13,1.6079090899617815e-08,0.11079987270298704,single_mode_bsv_random_phase_gamma_intensity,shared_fig_iv2_intensity_cases,hhg_intensity_prediction,quantum_light_hhg_bsv_threshold_tdse_dipole_acceleration
BSV - 1e13 W/cm^2,10000000000000.0,0.016880323915389028,23.399431351298034,5.626173324428574e-06,0.0002484972307441525,1.7054280690839995e-06,0.17054280690839996,15.126023203404115,18.613676776582036,22.00238858521466,2.9907608109560786,tdse_dipole_acceleration,raw_fft_harmonic_order_grid,13,1.6079090899617815e-08,0.11079987270298704,single_mode_bsv_random_phase_gamma_intensity,shared_fig_iv2_intensity_cases,hhg_intensity_prediction,quantum_light_hhg_bsv_threshold_tdse_dipole_acceleration
BSV - 1e13 W/cm^2,10000000000000.0,0.016880323915389028,23.43943037924897,2.7123301637285246e-05,0.0009086608259871587,8.221723233732115e-06,0.8221723233732116,15.126023203404115,18.613676776582036,22.00238858521466,2.9907608109560786,tdse_dipole_acceleration,raw_fft_harmonic_order_grid,13,1.6079090899617815e-08,0.11079987270298704,single_mode_bsv_random_phase_gamma_intensity,shared_fig_iv2_intensity_cases,hhg_intensity_prediction,quantum_light_hhg_bsv_threshold_tdse_dipole_acceleration
BSV - 1e13 W/cm^2,10000000000000.0,0.016880323915389028,23.47942940719991,9.503157604270919e-06,0.0002101587786925956,2.880634987351505e-06,0.2880634987351505,15.126023203404115,18.613676776582036,22.00238858521466,2.9907608109560786,tdse_dipole_acceleration,raw_fft_harmonic_order_grid,13,1.6079090899617815e-08,0.11079987270298704,single_mode_bsv_random_phase_gamma_intensity,shared_fig_iv2_intensity_cases,hhg_intensity_prediction,quantum_light_hhg_bsv_threshold_tdse_dipole_acceleration
BSV - 1e13 W/cm^2,10000000000000.0,0.016880323915389028,23.519428435150846,7.932514194316892e-06,0.0003228610278374839,2.4045353005133894e-06,0.24045353005133893,15.126023203404115,18.613676776582036,22.00238858521466,2.9907608109560786,tdse_dipole_acceleration,raw_fft_harmonic_order_grid,13,1.6079090899617815e-08,0.11079987270298704,single_mode_bsv_random_phase_gamma_intensity,shared_fig_iv2_intensity_cases,hhg_intensity_prediction,quantum_light_hhg_bsv_threshold_tdse_dipole_acceleration
BSV - 1e13 W/cm^2,10000000000000.0,0.016880323915389028,23.559427463101784,1.4689838308642769e-06,3.0787059424416466e-05,4.452842302793662e-07,0.04452842302793662,15.126023203404115,18.613676776582036,22.00238858521466,2.9907608109560786,tdse_dipole_acceleration,raw_fft_harmonic_order_grid,13,1.6079090899617815e-08,0.11079987270298704,single_mode_bsv_random_phase_gamma_intensity,shared_fig_iv2_intensity_cases,hhg_intensity_prediction,quantum_light_hhg_bsv_threshold_tdse_dipole_acceleration
BSV - 1e13 W/cm^2,10000000000000.0,0.016880323915389028,23.599426491052718,1.3127992719319895e-06,4.965049062420548e-05,3.979409446390006e-07,0.03979409446390006,15.126023203404115,18.613676776582036,22.00238858521466,2.9907608109560786,tdse_dipole_acceleration,raw_fft_harmonic_order_grid,13,1.6079090899617815e-08,0.11079987270298704,single_mode_bsv_random_phase_gamma_intensity,shared_fig_iv2_intensity_cases,hhg_intensity_prediction,quantum_light_hhg_bsv_threshold_tdse_dipole_acceleration
BSV - 1e13 W/cm^2,10000000000000.0,0.016880323915389028,23.639425519003655,1.3064029183707382e-06,5.593263139651954e-05,3.960020564686382e-07,0.03960020564686382,15.126023203404115,18.613676776582036,22.00238858521466,2.9907608109560786,tdse_dipole_acceleration,raw_fft_harmonic_order_grid,13,1.6079090899617815e-08,0.11079987270298704,single_mode_bsv_random_phase_gamma_intensity,shared_fig_iv2_intensity_cases,hhg_intensity_prediction,quantum_light_hhg_bsv_threshold_tdse_dipole_acceleration
BSV - 1e13 W/cm^2,10000000000000.0,0.016880323915389028,23.67942454695459,6.726687729478175e-07,2.711388439118654e-05,2.0390203792699804e-07,0.020390203792699804,15.126023203404115,18.613676776582036,22.00238858521466,2.9907608109560786,tdse_dipole_acceleration,raw_fft_harmonic_order_grid,13,1.6079090899617815e-08,0.11079987270298704,single_mode_bsv_random_phase_gamma_intensity,shared_fig_iv2_intensity_cases,hhg_intensity_prediction,quantum_light_hhg_bsv_threshold_tdse_dipole_acceleration
BSV - 1e13 W/cm^2,10000000000000.0,0.016880323915389028,23.71942357490553,1.8079006483199103e-06,7.87462814437352e-05,5.480180460087563e-07,0.05480180460087563,15.126023203404115,18.613676776582036,22.00238858521466,2.9907608109560786,tdse_dipole_acceleration,raw_fft_harmonic_order_grid,13,1.6079090899617815e-08,0.11079987270298704,single_mode_bsv_random_phase_gamma_intensity,shared_fig_iv2_intensity_cases,hhg_intensity_prediction,quantum_light_hhg_bsv_threshold_tdse_dipole_acceleration
BSV - 1e13 W/cm^2,10000000000000.0,0.016880323915389028,23.759422602856468,8.524698078216895e-07,3.5702692397058855e-05,2.5840404382732216e-07,0.025840404382732215,15.126023203404115,18.613676776582036,22.00238858521466,2.9907608109560786,tdse_dipole_acceleration,raw_fft_harmonic_order_grid,13,1.6079090899617815e-08,0.11079987270298704,single_mode_bsv_random_phase_gamma_intensity,shared_fig_iv2_intensity_cases,hhg_intensity_prediction,quantum_light_hhg_bsv_threshold_tdse_dipole_acceleration
BSV - 1e13 W/cm^2,10000000000000.0,0.016880323915389028,23.7994216308074,9.270526014500614e-07,3.833131213077594e-05,2.8101187732087057e-07,0.028101187732087057,15.126023203404115,18.613676776582036,22.00238858521466,2.9907608109560786,tdse_dipole_acceleration,raw_fft_harmonic_order_grid,13,1.6079090899617815e-08,0.11079987270298704,single_mode_bsv_random_phase_gamma_intensity,shared_fig_iv2_intensity_cases,hhg_intensity_prediction,quantum_light_hhg_bsv_threshold_tdse_dipole_acceleration
BSV - 1e13 W/cm^2,10000000000000.0,0.016880323915389028,23.83942065875834,9.217335055202043e-07,3.194437899704539e-05,2.7939953177482394e-07,0.027939953177482393,15.126023203404115,18.613676776582036,22.00238858521466,2.9907608109560786,tdse_dipole_acceleration,raw_fft_harmonic_order_grid,13,1.6079090899617815e-08,0.11079987270298704,single_mode_bsv_random_phase_gamma_intensity,shared_fig_iv2_intensity_cases,hhg_intensity_prediction,quantum_light_hhg_bsv_threshold_tdse_dipole_acceleration
BSV - 1e13 W/cm^2,10000000000000.0,0.016880323915389028,23.87941968670928,6.609270261094809e-07,2.6955901007212858e-05,2.0034283285394578e-07,0.020034283285394576,15.126023203404115,18.613676776582036,22.00238858521466,2.9907608109560786,tdse_dipole_acceleration,raw_fft_harmonic_order_grid,13,1.6079090899617815e-08,0.11079987270298704,single_mode_bsv_random_phase_gamma_intensity,shared_fig_iv2_intensity_cases,hhg_intensity_prediction,quantum_light_hhg_bsv_threshold_tdse_dipole_acceleration
BSV - 1e13 W/cm^2,10000000000000.0,0.016880323915389028,23.919418714660214,1.0674691654278728e-06,3.7676789461351804e-05,3.2357550552128874e-07,0.032357550552128876,15.126023203404115,18.613676776582036,22.00238858521466,2.9907608109560786,tdse_dipole_acceleration,raw_fft_harmonic_order_grid,13,1.6079090899617815e-08,0.11079987270298704,single_mode_bsv_random_phase_gamma_intensity,shared_fig_iv2_intensity_cases,hhg_intensity_prediction,quantum_light_hhg_bsv_threshold_tdse_dipole_acceleration
BSV - 1e13 W/cm^2,10000000000000.0,0.016880323915389028,23.95941774261115,7.001346265945458e-07,1.827653132899459e-05,2.12227596890335e-07,0.0212227596890335,15.126023203404115,18.613676776582036,22.00238858521466,2.9907608109560786,tdse_dipole_acceleration,raw_fft_harmonic_order_grid,13,1.6079090899617815e-08,0.11079987270298704,single_mode_bsv_random_phase_gamma_intensity,shared_fig_iv2_intensity_cases,hhg_intensity_prediction,quantum_light_hhg_bsv_threshold_tdse_dipole_acceleration
BSV - 1e13 W/cm^2,10000000000000.0,0.016880323915389028,23.999416770562085,1.1181935468475285e-06,3.814001984161289e-05,3.3895128206987026e-07,0.03389512820698703,15.126023203404115,18.613676776582036,22.00238858521466,2.9907608109560786,tdse_dipole_acceleration,raw_fft_harmonic_order_grid,13,1.6079090899617815e-08,0.11079987270298704,single_mode_bsv_random_phase_gamma_intensity,shared_fig_iv2_intensity_cases,hhg_intensity_prediction,quantum_light_hhg_bsv_threshold_tdse_dipole_acceleration
BSV - 1e13 W/cm^2,10000000000000.0,0.016880323915389028,24.039415798513023,2.0120640475161407e-06,6.93311085003626e-05,6.099048688261491e-07,0.06099048688261491,15.126023203404115,18.613676776582036,22.00238858521466,2.9907608109560786,tdse_dipole_acceleration,raw_fft_harmonic_order_grid,13,1.6079090899617815e-08,0.11079987270298704,single_mode_bsv_random_phase_gamma_intensity,shared_fig_iv2_intensity_cases,hhg_intensity_prediction,quantum_light_hhg_bsv_threshold_tdse_dipole_acceleration
BSV - 1e13 W/cm^2,10000000000000.0,0.016880323915389028,24.079414826463964,5.970087626312922e-06,0.00019484148662736475,1.809676742200121e-06,0.1809676742200121,15.126023203404115,18.613676776582036,22.00238858521466,2.9907608109560786,tdse_dipole_acceleration,raw_fft_harmonic_order_grid,13,1.6079090899617815e-08,0.11079987270298704,single_mode_bsv_random_phase_gamma_intensity,shared_fig_iv2_intensity_cases,hhg_intensity_prediction,quantum_light_hhg_bsv_threshold_tdse_dipole_acceleration
BSV - 1e13 W/cm^2,10000000000000.0,0.016880323915389028,24.119413854414894,3.3287882746151782e-06,0.00013510223549545968,1.0090355615098316e-06,0.10090355615098316,15.126023203404115,18.613676776582036,22.00238858521466,2.9907608109560786,tdse_dipole_acceleration,raw_fft_harmonic_order_grid,13,1.6079090899617815e-08,0.11079987270298704,single_mode_bsv_random_phase_gamma_intensity,shared_fig_iv2_intensity_cases,hhg_intensity_prediction,quantum_light_hhg_bsv_threshold_tdse_dipole_acceleration
BSV - 1e13 W/cm^2,10000000000000.0,0.016880323915389028,24.159412882365835,2.6828631978613596e-06,7.244694061238047e-05,8.132401793024977e-07,0.08132401793024976,15.126023203404115,18.613676776582036,22.00238858521466,2.9907608109560786,tdse_dipole_acceleration,raw_fft_harmonic_order_grid,13,1.6079090899617815e-08,0.11079987270298704,single_mode_bsv_random_phase_gamma_intensity,shared_fig_iv2_intensity_cases,hhg_intensity_prediction,quantum_light_hhg_bsv_threshold_tdse_dipole_acceleration
BSV - 1e13 W/cm^2,10000000000000.0,0.016880323915389028,24.19941191031677,1.893012581317132e-06,7.167480317451324e-05,5.738175141689736e-07,0.05738175141689736,15.126023203404115,18.613676776582036,22.00238858521466,2.9907608109560786,tdse_dipole_acceleration,raw_fft_harmonic_order_grid,13,1.6079090899617815e-08,0.11079987270298704,single_mode_bsv_random_phase_gamma_intensity,shared_fig_iv2_intensity_cases,hhg_intensity_prediction,quantum_light_hhg_bsv_threshold_tdse_dipole_acceleration
BSV - 1e13 W/cm^2,10000000000000.0,0.016880323915389028,24.23941093826771,7.11674061264889e-07,1.1663087102208526e-05,2.1572547629314618e-07,0.02157254762931462,15.126023203404115,18.613676776582036,22.00238858521466,2.9907608109560786,tdse_dipole_acceleration,raw_fft_harmonic_order_grid,13,1.6079090899617815e-08,0.11079987270298704,single_mode_bsv_random_phase_gamma_intensity,shared_fig_iv2_intensity_cases,hhg_intensity_prediction,quantum_light_hhg_bsv_threshold_tdse_dipole_acceleration
BSV - 1e13 W/cm^2,10000000000000.0,0.016880323915389028,24.279409966218644,7.537396664562203e-06,0.0002732717659700664,2.2847657010051446e-06,0.22847657010051445,15.126023203404115,18.613676776582036,22.00238858521466,2.9907608109560786,tdse_dipole_acceleration,raw_fft_harmonic_order_grid,13,1.6079090899617815e-08,0.11079987270298704,single_mode_bsv_random_phase_gamma_intensity,shared_fig_iv2_intensity_cases,hhg_intensity_prediction,quantum_light_hhg_bsv_threshold_tdse_dipole_acceleration
BSV - 1e13 W/cm^2,10000000000000.0,0.016880323915389028,24.31940899416958,8.334060262869837e-06,0.00029971540908402874,2.5262535443092423e-06,0.2526253544309242,15.126023203404115,18.613676776582036,22.00238858521466,2.9907608109560786,tdse_dipole_acceleration,raw_fft_harmonic_order_grid,13,1.6079090899617815e-08,0.11079987270298704,single_mode_bsv_random_phase_gamma_intensity,shared_fig_iv2_intensity_cases,hhg_intensity_prediction,quantum_light_hhg_bsv_threshold_tdse_dipole_acceleration
BSV - 1e13 W/cm^2,10000000000000.0,0.016880323915389028,24.35940802212052,1.2771165701443013e-05,0.0003486131972235752,3.87124661936644e-06,0.387124661936644,15.126023203404115,18.613676776582036,22.00238858521466,2.9907608109560786,tdse_dipole_acceleration,raw_fft_harmonic_order_grid,13,1.6079090899617815e-08,0.11079987270298704,single_mode_bsv_random_phase_gamma_intensity,shared_fig_iv2_intensity_cases,hhg_intensity_prediction,quantum_light_hhg_bsv_threshold_tdse_dipole_acceleration
BSV - 1e13 W/cm^2,10000000000000.0,0.016880323915389028,24.39940705007146,8.046638001802868e-06,0.0001745690191273161,2.4391289636329113e-06,0.24391289636329114,15.126023203404115,18.613676776582036,22.00238858521466,2.9907608109560786,tdse_dipole_acceleration,raw_fft_harmonic_order_grid,13,1.6079090899617815e-08,0.11079987270298704,single_mode_bsv_random_phase_gamma_intensity,shared_fig_iv2_intensity_cases,hhg_intensity_prediction,quantum_light_hhg_bsv_threshold_tdse_dipole_acceleration
BSV - 1e13 W/cm^2,10000000000000.0,0.016880323915389028,24.43940607802239,5.744470957975352e-06,0.00018007047090490955,1.7412869189848562e-06,0.17412869189848562,15.126023203404115,18.613676776582036,22.00238858521466,2.9907608109560786,tdse_dipole_acceleration,raw_fft_harmonic_order_grid,13,1.6079090899617815e-08,0.11079987270298704,single_mode_bsv_random_phase_gamma_intensity,shared_fig_iv2_intensity_cases,hhg_intensity_prediction,quantum_light_hhg_bsv_threshold_tdse_dipole_acceleration
BSV - 1e13 W/cm^2,10000000000000.0,0.016880323915389028,24.47940510597333,1.742305367505043e-05,0.0006873163574011194,5.281345431995918e-06,0.5281345431995919,15.126023203404115,18.613676776582036,22.00238858521466,2.9907608109560786,tdse_dipole_acceleration,raw_fft_harmonic_order_grid,13,1.6079090899617815e-08,0.11079987270298704,single_mode_bsv_random_phase_gamma_intensity,shared_fig_iv2_intensity_cases,hhg_intensity_prediction,quantum_light_hhg_bsv_threshold_tdse_dipole_acceleration
BSV - 1e13 W/cm^2,10000000000000.0,0.016880323915389028,24.519404133924265,3.20548539945007e-06,6.718080839007538e-05,9.71659502832028e-07,0.0971659502832028,15.126023203404115,18.613676776582036,22.00238858521466,2.9907608109560786,tdse_dipole_acceleration,raw_fft_harmonic_order_grid,13,1.6079090899617815e-08,0.11079987270298704,single_mode_bsv_random_phase_gamma_intensity,shared_fig_iv2_intensity_cases,hhg_intensity_prediction,quantum_light_hhg_bsv_threshold_tdse_dipole_acceleration
BSV - 1e13 W/cm^2,10000000000000.0,0.016880323915389028,24.559403161875203,6.156102982847368e-06,0.00016302252878984977,1.8660624580359784e-06,0.18660624580359783,15.126023203404115,18.613676776582036,22.00238858521466,2.9907608109560786,tdse_dipole_acceleration,raw_fft_harmonic_order_grid,13,1.6079090899617815e-08,0.11079987270298704,single_mode_bsv_random_phase_gamma_intensity,shared_fig_iv2_intensity_cases,hhg_intensity_prediction,quantum_light_hhg_bsv_threshold_tdse_dipole_acceleration
BSV - 1e13 W/cm^2,10000000000000.0,0.016880323915389028,24.59940218982614,4.909992569330525e-06,0.0001787721629176506,1.4883365058044346e-06,0.14883365058044346,15.126023203404115,18.613676776582036,22.00238858521466,2.9907608109560786,tdse_dipole_acceleration,raw_fft_harmonic_order_grid,13,1.6079090899617815e-08,0.11079987270298704,single_mode_bsv_random_phase_gamma_intensity,shared_fig_iv2_intensity_cases,hhg_intensity_prediction,quantum_light_hhg_bsv_threshold_tdse_dipole_acceleration
BSV - 1e13 W/cm^2,10000000000000.0,0.016880323915389028,24.639401217777074,3.943414908377475e-06,5.619771517519713e-05,1.1953436350051133e-06,0.11953436350051133,15.126023203404115,18.613676776582036,22.00238858521466,2.9907608109560786,tdse_dipole_acceleration,raw_fft_harmonic_order_grid,13,1.6079090899617815e-08,0.11079987270298704,single_mode_bsv_random_phase_gamma_intensity,shared_fig_iv2_intensity_cases,hhg_intensity_prediction,quantum_light_hhg_bsv_threshold_tdse_dipole_acceleration
BSV - 1e13 W/cm^2,10000000000000.0,0.016880323915389028,24.679400245728015,9.806222106105621e-06,0.00043509006752405445,2.9725011063577756e-06,0.29725011063577755,15.126023203404115,18.613676776582036,22.00238858521466,2.9907608109560786,tdse_dipole_acceleration,raw_fft_harmonic_order_grid,13,1.6079090899617815e-08,0.11079987270298704,single_mode_bsv_random_phase_gamma_intensity,shared_fig_iv2_intensity_cases,hhg_intensity_prediction,quantum_light_hhg_bsv_threshold_tdse_dipole_acceleration
BSV - 1e13 W/cm^2,10000000000000.0,0.016880323915389028,24.719399273678945,2.078953020519306e-06,3.4372544535234336e-05,6.301805207646513e-07,0.06301805207646513,15.126023203404115,18.613676776582036,22.00238858521466,2.9907608109560786,tdse_dipole_acceleration,raw_fft_harmonic_order_grid,13,1.6079090899617815e-08,0.11079987270298704,single_mode_bsv_random_phase_gamma_intensity,shared_fig_iv2_intensity_cases,hhg_intensity_prediction,quantum_light_hhg_bsv_threshold_tdse_dipole_acceleration
BSV - 1e13 W/cm^2,10000000000000.0,0.016880323915389028,24.759398301629886,3.3401386973513035e-05,0.001014895086419214,1.0124761468622432e-05,1.0124761468622432,15.126023203404115,18.613676776582036,22.00238858521466,2.9907608109560786,tdse_dipole_acceleration,raw_fft_harmonic_order_grid,13,1.6079090899617815e-08,0.11079987270298704,single_mode_bsv_random_phase_gamma_intensity,shared_fig_iv2_intensity_cases,hhg_intensity_prediction,quantum_light_hhg_bsv_threshold_tdse_dipole_acceleration
BSV - 1e13 W/cm^2,10000000000000.0,0.016880323915389028,24.799397329580824,9.120982142349643e-07,5.161038173286719e-05,2.7647884389976317e-07,0.027647884389976316,15.126023203404115,18.613676776582036,22.00238858521466,2.9907608109560786,tdse_dipole_acceleration,raw_fft_harmonic_order_grid,13,1.6079090899617815e-08,0.11079987270298704,single_mode_bsv_random_phase_gamma_intensity,shared_fig_iv2_intensity_cases,hhg_intensity_prediction,quantum_light_hhg_bsv_threshold_tdse_dipole_acceleration
BSV - 1e13 W/cm^2,10000000000000.0,0.016880323915389028,24.83939635753176,3.70897114871349e-05,0.0008053729733717693,1.1242781087056454e-05,1.1242781087056455,15.126023203404115,18.613676776582036,22.00238858521466,2.9907608109560786,tdse_dipole_acceleration,raw_fft_harmonic_order_grid,13,1.6079090899617815e-08,0.11079987270298704,single_mode_bsv_random_phase_gamma_intensity,shared_fig_iv2_intensity_cases,hhg_intensity_prediction,quantum_light_hhg_bsv_threshold_tdse_dipole_acceleration
BSV - 1e13 W/cm^2,10000000000000.0,0.016880323915389028,24.879395385482695,2.3693817960031533e-05,0.0005877442588938414,7.182164480670073e-06,0.7182164480670072,15.126023203404115,18.613676776582036,22.00238858521466,2.9907608109560786,tdse_dipole_acceleration,raw_fft_harmonic_order_grid,13,1.6079090899617815e-08,0.11079987270298704,single_mode_bsv_random_phase_gamma_intensity,shared_fig_iv2_intensity_cases,hhg_intensity_prediction,quantum_light_hhg_bsv_threshold_tdse_dipole_acceleration
BSV - 1e13 W/cm^2,10000000000000.0,0.016880323915389028,24.919394413433636,6.873266423870946e-06,0.00010770747337039413,2.083451896987666e-06,0.2083451896987666,15.126023203404115,18.613676776582036,22.00238858521466,2.9907608109560786,tdse_dipole_acceleration,raw_fft_harmonic_order_grid,13,1.6079090899617815e-08,0.11079987270298704,single_mode_bsv_random_phase_gamma_intensity,shared_fig_iv2_intensity_cases,hhg_intensity_prediction,quantum_light_hhg_bsv_threshold_tdse_dipole_acceleration
BSV - 1e13 W/cm^2,10000000000000.0,0.016880323915389028,24.95939344138457,0.0022576141426054854,0.04618196354853392,0.0006843369917601055,68.43369917601055,15.126023203404115,18.613676776582036,22.00238858521466,2.9907608109560786,tdse_dipole_acceleration,raw_fft_harmonic_order_grid,13,1.6079090899617815e-08,0.11079987270298704,single_mode_bsv_random_phase_gamma_intensity,shared_fig_iv2_intensity_cases,hhg_intensity_prediction,quantum_light_hhg_bsv_threshold_tdse_dipole_acceleration
BSV - 1e13 W/cm^2,10000000000000.0,0.016880323915389028,24.999392469335508,0.006812822805875652,0.13246884704508718,0.0020651299867332153,206.51299867332153,15.126023203404115,18.613676776582036,22.00238858521466,2.9907608109560786,tdse_dipole_acceleration,raw_fft_harmonic_order_grid,13,1.6079090899617815e-08,0.11079987270298704,single_mode_bsv_random_phase_gamma_intensity,shared_fig_iv2_intensity_cases,hhg_intensity_prediction,quantum_light_hhg_bsv_threshold_tdse_dipole_acceleration
BSV - 1e13 W/cm^2,10000000000000.0,0.016880323915389028,25.03939149728644,0.003442503941239383,0.05919944925793039,0.0010435055073455678,104.35055073455678,15.126023203404115,18.613676776582036,22.00238858521466,2.9907608109560786,tdse_dipole_acceleration,raw_fft_harmonic_order_grid,13,1.6079090899617815e-08,0.11079987270298704,single_mode_bsv_random_phase_gamma_intensity,shared_fig_iv2_intensity_cases,hhg_intensity_prediction,quantum_light_hhg_bsv_threshold_tdse_dipole_acceleration
BSV - 1e13 W/cm^2,10000000000000.0,0.016880323915389028,25.07939052523738,0.0002120228675899234,0.0042588140593476835,6.426921618385454e-05,6.426921618385454,15.126023203404115,18.613676776582036,22.00238858521466,2.9907608109560786,tdse_dipole_acceleration,raw_fft_harmonic_order_grid,13,1.6079090899617815e-08,0.11079987270298704,single_mode_bsv_random_phase_gamma_intensity,shared_fig_iv2_intensity_cases,hhg_intensity_prediction,quantum_light_hhg_bsv_threshold_tdse_dipole_acceleration
BSV - 1e13 W/cm^2,10000000000000.0,0.016880323915389028,25.11938955318832,2.534758439796453e-05,0.0007369415326431437,7.68346075085678e-06,0.768346075085678,15.126023203404115,18.613676776582036,22.00238858521466,2.9907608109560786,tdse_dipole_acceleration,raw_fft_harmonic_order_grid,13,1.6079090899617815e-08,0.11079987270298704,single_mode_bsv_random_phase_gamma_intensity,shared_fig_iv2_intensity_cases,hhg_intensity_prediction,quantum_light_hhg_bsv_threshold_tdse_dipole_acceleration
BSV - 1e13 W/cm^2,10000000000000.0,0.016880323915389028,25.159388581139254,2.208975586286114e-06,0.00012001157315761214,6.695934788244808e-07,0.06695934788244808,15.126023203404115,18.613676776582036,22.00238858521466,2.9907608109560786,tdse_dipole_acceleration,raw_fft_harmonic_order_grid,13,1.6079090899617815e-08,0.11079987270298704,single_mode_bsv_random_phase_gamma_intensity,shared_fig_iv2_intensity_cases,hhg_intensity_prediction,quantum_light_hhg_bsv_threshold_tdse_dipole_acceleration
BSV - 1e13 W/cm^2,10000000000000.0,0.016880323915389028,25.19938760909019,4.358582476112858e-06,0.00016953623329036052,1.3211908818922624e-06,0.13211908818922624,15.126023203404115,18.613676776582036,22.00238858521466,2.9907608109560786,tdse_dipole_acceleration,raw_fft_harmonic_order_grid,13,1.6079090899617815e-08,0.11079987270298704,single_mode_bsv_random_phase_gamma_intensity,shared_fig_iv2_intensity_cases,hhg_intensity_prediction,quantum_light_hhg_bsv_threshold_tdse_dipole_acceleration
BSV - 1e13 W/cm^2,10000000000000.0,0.016880323915389028,25.239386637041125,2.879490688259782e-06,3.5217149165171614e-05,8.728426874269825e-07,0.08728426874269825,15.126023203404115,18.613676776582036,22.00238858521466,2.9907608109560786,tdse_dipole_acceleration,raw_fft_harmonic_order_grid,13,1.6079090899617815e-08,0.11079987270298704,single_mode_bsv_random_phase_gamma_intensity,shared_fig_iv2_intensity_cases,hhg_intensity_prediction,quantum_light_hhg_bsv_threshold_tdse_dipole_acceleration
BSV - 1e13 W/cm^2,10000000000000.0,0.016880323915389028,25.279385664992066,1.62826414736518e-05,0.0005155599971959237,4.9356591428539755e-06,0.49356591428539753,15.126023203404115,18.613676776582036,22.00238858521466,2.9907608109560786,tdse_dipole_acceleration,raw_fft_harmonic_order_grid,13,1.6079090899617815e-08,0.11079987270298704,single_mode_bsv_random_phase_gamma_intensity,shared_fig_iv2_intensity_cases,hhg_intensity_prediction,quantum_light_hhg_bsv_threshold_tdse_dipole_acceleration
BSV - 1e13 W/cm^2,10000000000000.0,0.016880323915389028,25.319384692943004,9.505158028042988e-06,0.0003846503366627885,2.8812413637736704e-06,0.28812413637736706,15.126023203404115,18.613676776582036,22.00238858521466,2.9907608109560786,tdse_dipole_acceleration,raw_fft_harmonic_order_grid,13,1.6079090899617815e-08,0.11079987270298704,single_mode_bsv_random_phase_gamma_intensity,shared_fig_iv2_intensity_cases,hhg_intensity_prediction,quantum_light_hhg_bsv_threshold_tdse_dipole_acceleration
BSV - 1e13 W/cm^2,10000000000000.0,0.016880323915389028,25.359383720893938,5.327336400489596e-07,2.748651308142428e-05,1.6148434303293777e-07,0.016148434303293775,15.126023203404115,18.613676776582036,22.00238858521466,2.9907608109560786,tdse_dipole_acceleration,raw_fft_harmonic_order_grid,13,1.6079090899617815e-08,0.11079987270298704,single_mode_bsv_random_phase_gamma_intensity,shared_fig_iv2_intensity_cases,hhg_intensity_prediction,quantum_light_hhg_bsv_threshold_tdse_dipole_acceleration
BSV - 1e13 W/cm^2,10000000000000.0,0.016880323915389028,25.399382748844875,2.6995318516811934e-06,0.00011089656341984434,8.182928480453463e-07,0.08182928480453464,15.126023203404115,18.613676776582036,22.00238858521466,2.9907608109560786,tdse_dipole_acceleration,raw_fft_harmonic_order_grid,13,1.6079090899617815e-08,0.11079987270298704,single_mode_bsv_random_phase_gamma_intensity,shared_fig_iv2_intensity_cases,hhg_intensity_prediction,quantum_light_hhg_bsv_threshold_tdse_dipole_acceleration
BSV - 1e13 W/cm^2,10000000000000.0,0.016880323915389028,25.439381776795816,9.727021508460583e-06,0.0003310205115449472,2.9484935057163936e-06,0.29484935057163936,15.126023203404115,18.613676776582036,22.00238858521466,2.9907608109560786,tdse_dipole_acceleration,raw_fft_harmonic_order_grid,13,1.6079090899617815e-08,0.11079987270298704,single_mode_bsv_random_phase_gamma_intensity,shared_fig_iv2_intensity_cases,hhg_intensity_prediction,quantum_light_hhg_bsv_threshold_tdse_dipole_acceleration
BSV - 1e13 W/cm^2,10000000000000.0,0.016880323915389028,25.47938080474675,5.114467444011493e-06,0.00011062847976099252,1.5503177443114752e-06,0.15503177443114752,15.126023203404115,18.613676776582036,22.00238858521466,2.9907608109560786,tdse_dipole_acceleration,raw_fft_harmonic_order_grid,13,1.6079090899617815e-08,0.11079987270298704,single_mode_bsv_random_phase_gamma_intensity,shared_fig_iv2_intensity_cases,hhg_intensity_prediction,quantum_light_hhg_bsv_threshold_tdse_dipole_acceleration
BSV - 1e13 W/cm^2,10000000000000.0,0.016880323915389028,25.519379832697688,5.361621610550641e-06,0.0002702314196686184,1.6252360997728639e-06,0.16252360997728638,15.126023203404115,18.613676776582036,22.00238858521466,2.9907608109560786,tdse_dipole_acceleration,raw_fft_harmonic_order_grid,13,1.6079090899617815e-08,0.11079987270298704,single_mode_bsv_random_phase_gamma_intensity,shared_fig_iv2_intensity_cases,hhg_intensity_prediction,quantum_light_hhg_bsv_threshold_tdse_dipole_acceleration
BSV - 1e13 W/cm^2,10000000000000.0,0.016880323915389028,25.55937886064862,1.2389156997581963e-06,3.7431717565638264e-05,3.755450619380037e-07,0.037554506193800366,15.126023203404115,18.613676776582036,22.00238858521466,2.9907608109560786,tdse_dipole_acceleration,raw_fft_harmonic_order_grid,13,1.6079090899617815e-08,0.11079987270298704,single_mode_bsv_random_phase_gamma_intensity,shared_fig_iv2_intensity_cases,hhg_intensity_prediction,quantum_light_hhg_bsv_threshold_tdse_dipole_acceleration
BSV - 1e13 W/cm^2,10000000000000.0,0.016880323915389028,25.59937788859956,1.9032759093623031e-06,9.150447679257777e-05,5.76928575048391e-07,0.0576928575048391,15.126023203404115,18.613676776582036,22.00238858521466,2.9907608109560786,tdse_dipole_acceleration,raw_fft_harmonic_order_grid,13,1.6079090899617815e-08,0.11079987270298704,single_mode_bsv_random_phase_gamma_intensity,shared_fig_iv2_intensity_cases,hhg_intensity_prediction,quantum_light_hhg_bsv_threshold_tdse_dipole_acceleration
BSV - 1e13 W/cm^2,10000000000000.0,0.016880323915389028,25.639376916550496,2.6892547975918334e-06,0.00013190683907031534,8.151776264727387e-07,0.08151776264727387,15.126023203404115,18.613676776582036,22.00238858521466,2.9907608109560786,tdse_dipole_acceleration,raw_fft_harmonic_order_grid,13,1.6079090899617815e-08,0.11079987270298704,single_mode_bsv_random_phase_gamma_intensity,shared_fig_iv2_intensity_cases,hhg_intensity_prediction,quantum_light_hhg_bsv_threshold_tdse_dipole_acceleration
BSV - 1e13 W/cm^2,10000000000000.0,0.016880323915389028,25.67937594450143,2.3653884835874644e-06,0.00012248318741317913,7.17005979300827e-07,0.0717005979300827,15.126023203404115,18.613676776582036,22.00238858521466,2.9907608109560786,tdse_dipole_acceleration,raw_fft_harmonic_order_grid,13,1.6079090899617815e-08,0.11079987270298704,single_mode_bsv_random_phase_gamma_intensity,shared_fig_iv2_intensity_cases,hhg_intensity_prediction,quantum_light_hhg_bsv_threshold_tdse_dipole_acceleration
BSV - 1e13 W/cm^2,10000000000000.0,0.016880323915389028,25.71937497245237,2.4679496675514595e-06,0.00013934467612194507,7.4809473392046e-07,0.07480947339204601,15.126023203404115,18.613676776582036,22.00238858521466,2.9907608109560786,tdse_dipole_acceleration,raw_fft_harmonic_order_grid,13,1.6079090899617815e-08,0.11079987270298704,single_mode_bsv_random_phase_gamma_intensity,shared_fig_iv2_intensity_cases,hhg_intensity_prediction,quantum_light_hhg_bsv_threshold_tdse_dipole_acceleration
BSV - 1e13 W/cm^2,10000000000000.0,0.016880323915389028,25.759374000403305,2.0495549214088925e-06,0.0001135362030305146,6.21269251859564e-07,0.0621269251859564,15.126023203404115,18.613676776582036,22.00238858521466,2.9907608109560786,tdse_dipole_acceleration,raw_fft_harmonic_order_grid,13,1.6079090899617815e-08,0.11079987270298704,single_mode_bsv_random_phase_gamma_intensity,shared_fig_iv2_intensity_cases,hhg_intensity_prediction,quantum_light_hhg_bsv_threshold_tdse_dipole_acceleration
BSV - 1e13 W/cm^2,10000000000000.0,0.016880323915389028,25.799373028354243,1.7601048307150246e-06,0.00010190433741736861,5.335299873891846e-07,0.05335299873891846,15.126023203404115,18.613676776582036,22.00238858521466,2.9907608109560786,tdse_dipole_acceleration,raw_fft_harmonic_order_grid,13,1.6079090899617815e-08,0.11079987270298704,single_mode_bsv_random_phase_gamma_intensity,shared_fig_iv2_intensity_cases,hhg_intensity_prediction,quantum_light_hhg_bsv_threshold_tdse_dipole_acceleration
BSV - 1e13 W/cm^2,10000000000000.0,0.016880323915389028,25.83937205630518,1.2138214922111632e-06,4.125584827621739e-05,3.6793840578748837e-07,0.036793840578748835,15.126023203404115,18.613676776582036,22.00238858521466,2.9907608109560786,tdse_dipole_acceleration,raw_fft_harmonic_order_grid,13,1.6079090899617815e-08,0.11079987270298704,single_mode_bsv_random_phase_gamma_intensity,shared_fig_iv2_intensity_cases,hhg_intensity_prediction,quantum_light_hhg_bsv_threshold_tdse_dipole_acceleration
BSV - 1e13 W/cm^2,10000000000000.0,0.016880323915389028,25.879371084256118,2.002714744630741e-06,0.00011934580092729499,6.070708708940381e-07,0.060707087089403804,15.126023203404115,18.613676776582036,22.00238858521466,2.9907608109560786,tdse_dipole_acceleration,raw_fft_harmonic_order_grid,13,1.6079090899617815e-08,0.11079987270298704,single_mode_bsv_random_phase_gamma_intensity,shared_fig_iv2_intensity_cases,hhg_intensity_prediction,quantum_light_hhg_bsv_threshold_tdse_dipole_acceleration
BSV - 1e13 W/cm^2,10000000000000.0,0.016880323915389028,25.919370112207055,8.389262652965069e-07,4.042267217020847e-05,2.542986712685013e-07,0.02542986712685013,15.126023203404115,18.613676776582036,22.00238858521466,2.9907608109560786,tdse_dipole_acceleration,raw_fft_harmonic_order_grid,13,1.6079090899617815e-08,0.11079987270298704,single_mode_bsv_random_phase_gamma_intensity,shared_fig_iv2_intensity_cases,hhg_intensity_prediction,quantum_light_hhg_bsv_threshold_tdse_dipole_acceleration
BSV - 1e13 W/cm^2,10000000000000.0,0.016880323915389028,25.95936914015799,1.7164939284142972e-06,7.729467743573744e-05,5.203104769665664e-07,0.05203104769665663,15.126023203404115,18.613676776582036,22.00238858521466,2.9907608109560786,tdse_dipole_acceleration,raw_fft_harmonic_order_grid,13,1.6079090899617815e-08,0.11079987270298704,single_mode_bsv_random_phase_gamma_intensity,shared_fig_iv2_intensity_cases,hhg_intensity_prediction,quantum_light_hhg_bsv_threshold_tdse_dipole_acceleration
BSV - 1e13 W/cm^2,10000000000000.0,0.016880323915389028,25.999368168108926,2.1411834711643293e-06,0.0001398318764727812,6.49044062849457e-07,0.06490440628494569,15.126023203404115,18.613676776582036,22.00238858521466,2.9907608109560786,tdse_dipole_acceleration,raw_fft_harmonic_order_grid,13,1.6079090899617815e-08,0.11079987270298704,single_mode_bsv_random_phase_gamma_intensity,shared_fig_iv2_intensity_cases,hhg_intensity_prediction,quantum_light_hhg_bsv_threshold_tdse_dipole_acceleration
BSV - 1e13 W/cm^2,10000000000000.0,0.016880323915389028,26.039367196059867,9.504872094851001e-07,4.2793089583546156e-05,2.8811546905655453e-07,0.028811546905655454,15.126023203404115,18.613676776582036,22.00238858521466,2.9907608109560786,tdse_dipole_acceleration,raw_fft_harmonic_order_grid,13,1.6079090899617815e-08,0.11079987270298704,single_mode_bsv_random_phase_gamma_intensity,shared_fig_iv2_intensity_cases,hhg_intensity_prediction,quantum_light_hhg_bsv_threshold_tdse_dipole_acceleration
BSV - 1e13 W/cm^2,10000000000000.0,0.016880323915389028,26.0793662240108,3.439086843926413e-06,0.00013091768997080188,1.0424697031965867e-06,0.10424697031965867,15.126023203404115,18.613676776582036,22.00238858521466,2.9907608109560786,tdse_dipole_acceleration,raw_fft_harmonic_order_grid,13,1.6079090899617815e-08,0.11079987270298704,single_mode_bsv_random_phase_gamma_intensity,shared_fig_iv2_intensity_cases,hhg_intensity_prediction,quantum_light_hhg_bsv_threshold_tdse_dipole_acceleration
BSV - 1e13 W/cm^2,10000000000000.0,0.016880323915389028,26.11936525196174,1.1986161010003118e-06,6.374772319816863e-05,3.6332928703535274e-07,0.03633292870353527,15.126023203404115,18.613676776582036,22.00238858521466,2.9907608109560786,tdse_dipole_acceleration,raw_fft_harmonic_order_grid,13,1.6079090899617815e-08,0.11079987270298704,single_mode_bsv_random_phase_gamma_intensity,shared_fig_iv2_intensity_cases,hhg_intensity_prediction,quantum_light_hhg_bsv_threshold_tdse_dipole_acceleration
BSV - 1e13 W/cm^2,10000000000000.0,0.016880323915389028,26.159364279912676,1.3088143389386762e-06,7.629531310600513e-05,3.9673301587670897e-07,0.0396733015876709,15.126023203404115,18.613676776582036,22.00238858521466,2.9907608109560786,tdse_dipole_acceleration,raw_fft_harmonic_order_grid,13,1.6079090899617815e-08,0.11079987270298704,single_mode_bsv_random_phase_gamma_intensity,shared_fig_iv2_intensity_cases,hhg_intensity_prediction,quantum_light_hhg_bsv_threshold_tdse_dipole_acceleration
BSV - 1e13 W/cm^2,10000000000000.0,0.016880323915389028,26.19936330786361,4.835540632234003e-07,2.163090989154212e-05,1.465768338064067e-07,0.014657683380640671,15.126023203404115,18.613676776582036,22.00238858521466,2.9907608109560786,tdse_dipole_acceleration,raw_fft_harmonic_order_grid,13,1.6079090899617815e-08,0.11079987270298704,single_mode_bsv_random_phase_gamma_intensity,shared_fig_iv2_intensity_cases,hhg_intensity_prediction,quantum_light_hhg_bsv_threshold_tdse_dipole_acceleration
BSV - 1e13 W/cm^2,10000000000000.0,0.016880323915389028,26.23936233581455,5.655926332199532e-07,1.890175144729469e-05,1.7144469193159945e-07,0.017144469193159945,15.126023203404115,18.613676776582036,22.00238858521466,2.9907608109560786,tdse_dipole_acceleration,raw_fft_harmonic_order_grid,13,1.6079090899617815e-08,0.11079987270298704,single_mode_bsv_random_phase_gamma_intensity,shared_fig_iv2_intensity_cases,hhg_intensity_prediction,quantum_light_hhg_bsv_threshold_tdse_dipole_acceleration
BSV - 1e13 W/cm^2,10000000000000.0,0.016880323915389028,26.27936136376548,6.550862305985937e-07,1.6238050893702507e-05,1.9857234765278847e-07,0.019857234765278845,15.126023203404115,18.613676776582036,22.00238858521466,2.9907608109560786,tdse_dipole_acceleration,raw_fft_harmonic_order_grid,13,1.6079090899617815e-08,0.11079987270298704,single_mode_bsv_random_phase_gamma_intensity,shared_fig_iv2_intensity_cases,hhg_intensity_prediction,quantum_light_hhg_bsv_threshold_tdse_dipole_acceleration
BSV - 1e13 W/cm^2,10000000000000.0,0.016880323915389028,26.319360391716422,2.865101948038047e-06,0.00010831682793090488,8.684811151756697e-07,0.08684811151756697,15.126023203404115,18.613676776582036,22.00238858521466,2.9907608109560786,tdse_dipole_acceleration,raw_fft_harmonic_order_grid,13,1.6079090899617815e-08,0.11079987270298704,single_mode_bsv_random_phase_gamma_intensity,shared_fig_iv2_intensity_cases,hhg_intensity_prediction,quantum_light_hhg_bsv_threshold_tdse_dipole_acceleration
BSV - 1e13 W/cm^2,10000000000000.0,0.016880323915389028,26.35935941966736,2.7547702072267176e-06,4.134625407412986e-05,8.350369184116723e-07,0.08350369184116724,15.126023203404115,18.613676776582036,22.00238858521466,2.9907608109560786,tdse_dipole_acceleration,raw_fft_harmonic_order_grid,13,1.6079090899617815e-08,0.11079987270298704,single_mode_bsv_random_phase_gamma_intensity,shared_fig_iv2_intensity_cases,hhg_intensity_prediction,quantum_light_hhg_bsv_threshold_tdse_dipole_acceleration
BSV - 1e13 W/cm^2,10000000000000.0,0.016880323915389028,26.399358447618297,1.8004737461118475e-06,3.3192308665384014e-05,5.457667738275427e-07,0.05457667738275427,15.126023203404115,18.613676776582036,22.00238858521466,2.9907608109560786,tdse_dipole_acceleration,raw_fft_harmonic_order_grid,13,1.6079090899617815e-08,0.11079987270298704,single_mode_bsv_random_phase_gamma_intensity,shared_fig_iv2_intensity_cases,hhg_intensity_prediction,quantum_light_hhg_bsv_threshold_tdse_dipole_acceleration
BSV - 1e13 W/cm^2,10000000000000.0,0.016880323915389028,26.43935747556923,5.382212958857838e-06,0.00020192751620765843,1.6314778312941634e-06,0.16314778312941636,15.126023203404115,18.613676776582036,22.00238858521466,2.9907608109560786,tdse_dipole_acceleration,raw_fft_harmonic_order_grid,13,1.6079090899617815e-08,0.11079987270298704,single_mode_bsv_random_phase_gamma_intensity,shared_fig_iv2_intensity_cases,hhg_intensity_prediction,quantum_light_hhg_bsv_threshold_tdse_dipole_acceleration
BSV - 1e13 W/cm^2,10000000000000.0,0.016880323915389028,26.479356503520172,4.560033235957963e-06,0.00017286952098496746,1.3822554386641666e-06,0.13822554386641667,15.126023203404115,18.613676776582036,22.00238858521466,2.9907608109560786,tdse_dipole_acceleration,raw_fft_harmonic_order_grid,13,1.6079090899617815e-08,0.11079987270298704,single_mode_bsv_random_phase_gamma_intensity,shared_fig_iv2_intensity_cases,hhg_intensity_prediction,quantum_light_hhg_bsv_threshold_tdse_dipole_acceleration
BSV - 1e13 W/cm^2,10000000000000.0,0.016880323915389028,26.519355531471106,3.968275577642921e-06,0.00019064328378633696,1.2028795001014507e-06,0.12028795001014507,15.126023203404115,18.613676776582036,22.00238858521466,2.9907608109560786,tdse_dipole_acceleration,raw_fft_harmonic_order_grid,13,1.6079090899617815e-08,0.11079987270298704,single_mode_bsv_random_phase_gamma_intensity,shared_fig_iv2_intensity_cases,hhg_intensity_prediction,quantum_light_hhg_bsv_threshold_tdse_dipole_acceleration
BSV - 1e13 W/cm^2,10000000000000.0,0.016880323915389028,26.559354559422044,1.3622805834627164e-06,3.147445932120422e-05,4.129399168912752e-07,0.041293991689127514,15.126023203404115,18.613676776582036,22.00238858521466,2.9907608109560786,tdse_dipole_acceleration,raw_fft_harmonic_order_grid,13,1.6079090899617815e-08,0.11079987270298704,single_mode_bsv_random_phase_gamma_intensity,shared_fig_iv2_intensity_cases,hhg_intensity_prediction,quantum_light_hhg_bsv_threshold_tdse_dipole_acceleration
BSV - 1e13 W/cm^2,10000000000000.0,0.016880323915389028,26.599353587372978,8.361141558888218e-07,3.2113802739574264e-05,2.534462534632449e-07,0.025344625346324492,15.126023203404115,18.613676776582036,22.00238858521466,2.9907608109560786,tdse_dipole_acceleration,raw_fft_harmonic_order_grid,13,1.6079090899617815e-08,0.11079987270298704,single_mode_bsv_random_phase_gamma_intensity,shared_fig_iv2_intensity_cases,hhg_intensity_prediction,quantum_light_hhg_bsv_threshold_tdse_dipole_acceleration
BSV - 1e13 W/cm^2,10000000000000.0,0.016880323915389028,26.639352615323915,4.587322761034584e-06,0.00016754151208282666,1.3905275482089555e-06,0.13905275482089555,15.126023203404115,18.613676776582036,22.00238858521466,2.9907608109560786,tdse_dipole_acceleration,raw_fft_harmonic_order_grid,13,1.6079090899617815e-08,0.11079987270298704,single_mode_bsv_random_phase_gamma_intensity,shared_fig_iv2_intensity_cases,hhg_intensity_prediction,quantum_light_hhg_bsv_threshold_tdse_dipole_acceleration
BSV - 1e13 W/cm^2,10000000000000.0,0.016880323915389028,26.679351643274856,3.1537414390957546e-06,0.00018376664923025658,9.559746674554388e-07,0.09559746674554387,15.126023203404115,18.613676776582036,22.00238858521466,2.9907608109560786,tdse_dipole_acceleration,raw_fft_harmonic_order_grid,13,1.6079090899617815e-08,0.11079987270298704,single_mode_bsv_random_phase_gamma_intensity,shared_fig_iv2_intensity_cases,hhg_intensity_prediction,quantum_light_hhg_bsv_threshold_tdse_dipole_acceleration
BSV - 1e13 W/cm^2,10000000000000.0,0.016880323915389028,26.719350671225786,4.430143509196754e-06,0.0002766395392727781,1.342882747292858e-06,0.13428827472928578,15.126023203404115,18.613676776582036,22.00238858521466,2.9907608109560786,tdse_dipole_acceleration,raw_fft_harmonic_order_grid,13,1.6079090899617815e-08,0.11079987270298704,single_mode_bsv_random_phase_gamma_intensity,shared_fig_iv2_intensity_cases,hhg_intensity_prediction,quantum_light_hhg_bsv_threshold_tdse_dipole_acceleration
BSV - 1e13 W/cm^2,10000000000000.0,0.016880323915389028,26.759349699176727,1.5857383785843638e-05,0.0007337811770819507,4.806753338577948e-06,0.48067533385779476,15.126023203404115,18.613676776582036,22.00238858521466,2.9907608109560786,tdse_dipole_acceleration,raw_fft_harmonic_order_grid,13,1.6079090899617815e-08,0.11079987270298704,single_mode_bsv_random_phase_gamma_intensity,shared_fig_iv2_intensity_cases,hhg_intensity_prediction,quantum_light_hhg_bsv_threshold_tdse_dipole_acceleration
BSV - 1e13 W/cm^2,10000000000000.0,0.016880323915389028,26.79934872712766,2.238723922333942e-06,0.0001674924996912605,6.786109129451515e-07,0.06786109129451515,15.126023203404115,18.613676776582036,22.00238858521466,2.9907608109560786,tdse_dipole_acceleration,raw_fft_harmonic_order_grid,13,1.6079090899617815e-08,0.11079987270298704,single_mode_bsv_random_phase_gamma_intensity,shared_fig_iv2_intensity_cases,hhg_intensity_prediction,quantum_light_hhg_bsv_threshold_tdse_dipole_acceleration
BSV - 1e13 W/cm^2,10000000000000.0,0.016880323915389028,26.839347755078602,9.640331367152897e-06,0.00021789576639889626,2.9222156447665624e-06,0.29222156447665626,15.126023203404115,18.613676776582036,22.00238858521466,2.9907608109560786,tdse_dipole_acceleration,raw_fft_harmonic_order_grid,13,1.6079090899617815e-08,0.11079987270298704,single_mode_bsv_random_phase_gamma_intensity,shared_fig_iv2_intensity_cases,hhg_intensity_prediction,quantum_light_hhg_bsv_threshold_tdse_dipole_acceleration
BSV - 1e13 W/cm^2,10000000000000.0,0.016880323915389028,26.879346783029536,2.4226974644136724e-05,0.0009082676449521664,7.343777058502465e-06,0.7343777058502465,15.126023203404115,18.613676776582036,22.00238858521466,2.9907608109560786,tdse_dipole_acceleration,raw_fft_harmonic_order_grid,13,1.6079090899617815e-08,0.11079987270298704,single_mode_bsv_random_phase_gamma_intensity,shared_fig_iv2_intensity_cases,hhg_intensity_prediction,quantum_light_hhg_bsv_threshold_tdse_dipole_acceleration
BSV - 1e13 W/cm^2,10000000000000.0,0.016880323915389028,26.919345810980474,1.13126618474964e-05,0.0004765458852864674,3.429139121435708e-06,0.3429139121435708,15.126023203404115,18.613676776582036,22.00238858521466,2.9907608109560786,tdse_dipole_acceleration,raw_fft_harmonic_order_grid,13,1.6079090899617815e-08,0.11079987270298704,single_mode_bsv_random_phase_gamma_intensity,shared_fig_iv2_intensity_cases,hhg_intensity_prediction,quantum_light_hhg_bsv_threshold_tdse_dipole_acceleration
BSV - 1e13 W/cm^2,10000000000000.0,0.016880323915389028,26.95934483893141,0.001764987458438653,0.04683850007220193,0.0005350100289539562,53.50100289539562,15.126023203404115,18.613676776582036,22.00238858521466,2.9907608109560786,tdse_dipole_acceleration,raw_fft_harmonic_order_grid,13,1.6079090899617815e-08,0.11079987270298704,single_mode_bsv_random_phase_gamma_intensity,shared_fig_iv2_intensity_cases,hhg_intensity_prediction,quantum_light_hhg_bsv_threshold_tdse_dipole_acceleration
BSV - 1e13 W/cm^2,10000000000000.0,0.016880323915389028,26.999343866882352,0.005081215536915486,0.12785423748724434,0.001540238293778752,154.0238293778752,15.126023203404115,18.613676776582036,22.00238858521466,2.9907608109560786,tdse_dipole_acceleration,raw_fft_harmonic_order_grid,13,1.6079090899617815e-08,0.11079987270298704,single_mode_bsv_random_phase_gamma_intensity,shared_fig_iv2_intensity_cases,hhg_intensity_prediction,quantum_light_hhg_bsv_threshold_tdse_dipole_acceleration
BSV - 1e13 W/cm^2,10000000000000.0,0.016880323915389028,27.039342894833283,0.0026475785927044804,0.07160724883622038,0.0008025445692366275,80.25445692366276,15.126023203404115,18.613676776582036,22.00238858521466,2.9907608109560786,tdse_dipole_acceleration,raw_fft_harmonic_order_grid,13,1.6079090899617815e-08,0.11079987270298704,single_mode_bsv_random_phase_gamma_intensity,shared_fig_iv2_intensity_cases,hhg_intensity_prediction,quantum_light_hhg_bsv_threshold_tdse_dipole_acceleration
BSV - 1e13 W/cm^2,10000000000000.0,0.016880323915389028,27.079341922784224,0.00011512438380142092,0.0038720537563045705,3.4896961797899034e-05,3.4896961797899033,15.126023203404115,18.613676776582036,22.00238858521466,2.9907608109560786,tdse_dipole_acceleration,raw_fft_harmonic_order_grid,13,1.6079090899617815e-08,0.11079987270298704,single_mode_bsv_random_phase_gamma_intensity,shared_fig_iv2_intensity_cases,hhg_intensity_prediction,quantum_light_hhg_bsv_threshold_tdse_dipole_acceleration
BSV - 1e13 W/cm^2,10000000000000.0,0.016880323915389028,27.119340950735157,4.0372888412635944e-05,0.0021240161573935065,1.223799075473712e-05,1.223799075473712,15.126023203404115,18.613676776582036,22.00238858521466,2.9907608109560786,tdse_dipole_acceleration,raw_fft_harmonic_order_grid,13,1.6079090899617815e-08,0.11079987270298704,single_mode_bsv_random_phase_gamma_intensity,shared_fig_iv2_intensity_cases,hhg_intensity_prediction,quantum_light_hhg_bsv_threshold_tdse_dipole_acceleration
BSV - 1e13 W/cm^2,10000000000000.0,0.016880323915389028,27.159339978686095,1.2284404941894422e-06,5.908581596245487e-05,3.723697758996567e-07,0.03723697758996567,15.126023203404115,18.613676776582036,22.00238858521466,2.9907608109560786,tdse_dipole_acceleration,raw_fft_harmonic_order_grid,13,1.6079090899617815e-08,0.11079987270298704,single_mode_bsv_random_phase_gamma_intensity,shared_fig_iv2_intensity_cases,hhg_intensity_prediction,quantum_light_hhg_bsv_threshold_tdse_dipole_acceleration
BSV - 1e13 W/cm^2,10000000000000.0,0.016880323915389028,27.199339006637032,6.728329050885974e-06,0.0003708837293473035,2.03951790315306e-06,0.203951790315306,15.126023203404115,18.613676776582036,22.00238858521466,2.9907608109560786,tdse_dipole_acceleration,raw_fft_harmonic_order_grid,13,1.6079090899617815e-08,0.11079987270298704,single_mode_bsv_random_phase_gamma_intensity,shared_fig_iv2_intensity_cases,hhg_intensity_prediction,quantum_light_hhg_bsv_threshold_tdse_dipole_acceleration
BSV - 1e13 W/cm^2,10000000000000.0,0.016880323915389028,27.239338034587966,8.704811073030717e-06,0.00035818582948995753,2.638637006713187e-06,0.2638637006713187,15.126023203404115,18.613676776582036,22.00238858521466,2.9907608109560786,tdse_dipole_acceleration,raw_fft_harmonic_order_grid,13,1.6079090899617815e-08,0.11079987270298704,single_mode_bsv_random_phase_gamma_intensity,shared_fig_iv2_intensity_cases,hhg_intensity_prediction,quantum_light_hhg_bsv_threshold_tdse_dipole_acceleration
BSV - 1e13 W/cm^2,10000000000000.0,0.016880323915389028,27.279337062538907,4.103123390351844e-06,0.00019227886683827837,1.243755106234992e-06,0.12437551062349919,15.126023203404115,18.613676776582036,22.00238858521466,2.9907608109560786,tdse_dipole_acceleration,raw_fft_harmonic_order_grid,13,1.6079090899617815e-08,0.11079987270298704,single_mode_bsv_random_phase_gamma_intensity,shared_fig_iv2_intensity_cases,hhg_intensity_prediction,quantum_light_hhg_bsv_threshold_tdse_dipole_acceleration
BSV - 1e13 W/cm^2,10000000000000.0,0.016880323915389028,27.31933609048984,2.636280208851639e-06,0.00013236804674213632,7.991197581178059e-07,0.07991197581178058,15.126023203404115,18.613676776582036,22.00238858521466,2.9907608109560786,tdse_dipole_acceleration,raw_fft_harmonic_order_grid,13,1.6079090899617815e-08,0.11079987270298704,single_mode_bsv_random_phase_gamma_intensity,shared_fig_iv2_intensity_cases,hhg_intensity_prediction,quantum_light_hhg_bsv_threshold_tdse_dipole_acceleration
BSV - 1e13 W/cm^2,10000000000000.0,0.016880323915389028,27.35933511844078,1.326383775596399e-06,6.653318602938503e-05,4.020587335015063e-07,0.04020587335015063,15.126023203404115,18.613676776582036,22.00238858521466,2.9907608109560786,tdse_dipole_acceleration,raw_fft_harmonic_order_grid,13,1.6079090899617815e-08,0.11079987270298704,single_mode_bsv_random_phase_gamma_intensity,shared_fig_iv2_intensity_cases,hhg_intensity_prediction,quantum_light_hhg_bsv_threshold_tdse_dipole_acceleration
BSV - 1e13 W/cm^2,10000000000000.0,0.016880323915389028,27.399334146391716,2.6727849192408137e-06,0.00013621283437146808,8.101852113417881e-07,0.0810185211341788,15.126023203404115,18.613676776582036,22.00238858521466,2.9907608109560786,tdse_dipole_acceleration,raw_fft_harmonic_order_grid,13,1.6079090899617815e-08,0.11079987270298704,single_mode_bsv_random_phase_gamma_intensity,shared_fig_iv2_intensity_cases,hhg_intensity_prediction,quantum_light_hhg_bsv_threshold_tdse_dipole_acceleration
BSV - 1e13 W/cm^2,10000000000000.0,0.016880323915389028,27.439333174342654,4.093131843761546e-06,0.00016235585742048134,1.2407264288327748e-06,0.12407264288327748,15.126023203404115,18.613676776582036,22.00238858521466,2.9907608109560786,tdse_dipole_acceleration,raw_fft_harmonic_order_grid,13,1.6079090899617815e-08,0.11079987270298704,single_mode_bsv_random_phase_gamma_intensity,shared_fig_iv2_intensity_cases,hhg_intensity_prediction,quantum_light_hhg_bsv_threshold_tdse_dipole_acceleration
BSV - 1e13 W/cm^2,10000000000000.0,0.016880323915389028,27.47933220229359,1.5090235500257703e-06,4.6100477608320584e-05,4.574212294435693e-07,0.04574212294435693,15.126023203404115,18.613676776582036,22.00238858521466,2.9907608109560786,tdse_dipole_acceleration,raw_fft_harmonic_order_grid,13,1.6079090899617815e-08,0.11079987270298704,single_mode_bsv_random_phase_gamma_intensity,shared_fig_iv2_intensity_cases,hhg_intensity_prediction,quantum_light_hhg_bsv_threshold_tdse_dipole_acceleration
BSV - 1e13 W/cm^2,10000000000000.0,0.016880323915389028,27.51933123024453,2.2733312469275264e-06,0.0001188257540936629,6.891012230288343e-07,0.06891012230288343,15.126023203404115,18.613676776582036,22.00238858521466,2.9907608109560786,tdse_dipole_acceleration,raw_fft_harmonic_order_grid,13,1.6079090899617815e-08,0.11079987270298704,single_mode_bsv_random_phase_gamma_intensity,shared_fig_iv2_intensity_cases,hhg_intensity_prediction,quantum_light_hhg_bsv_threshold_tdse_dipole_acceleration
BSV - 1e13 W/cm^2,10000000000000.0,0.016880323915389028,27.559330258195466,8.757502844488387e-07,3.643736480497017e-05,2.654609146366883e-07,0.026546091463668826,15.126023203404115,18.613676776582036,22.00238858521466,2.9907608109560786,tdse_dipole_acceleration,raw_fft_harmonic_order_grid,13,1.6079090899617815e-08,0.11079987270298704,single_mode_bsv_random_phase_gamma_intensity,shared_fig_iv2_intensity_cases,hhg_intensity_prediction,quantum_light_hhg_bsv_threshold_tdse_dipole_acceleration
BSV - 1e13 W/cm^2,10000000000000.0,0.016880323915389028,27.5993292861464,2.3686680906379996e-06,0.00012785854707861996,7.180001068537879e-07,0.07180001068537879,15.126023203404115,18.613676776582036,22.00238858521466,2.9907608109560786,tdse_dipole_acceleration,raw_fft_harmonic_order_grid,13,1.6079090899617815e-08,0.11079987270298704,single_mode_bsv_random_phase_gamma_intensity,shared_fig_iv2_intensity_cases,hhg_intensity_prediction,quantum_light_hhg_bsv_threshold_tdse_dipole_acceleration
BSV - 1e13 W/cm^2,10000000000000.0,0.016880323915389028,27.639328314097334,2.371610516940107e-06,0.00012552114718491334,7.188920268351786e-07,0.07188920268351787,15.126023203404115,18.613676776582036,22.00238858521466,2.9907608109560786,tdse_dipole_acceleration,raw_fft_harmonic_order_grid,13,1.6079090899617815e-08,0.11079987270298704,single_mode_bsv_random_phase_gamma_intensity,shared_fig_iv2_intensity_cases,hhg_intensity_prediction,quantum_light_hhg_bsv_threshold_tdse_dipole_acceleration
BSV - 1e13 W/cm^2,10000000000000.0,0.016880323915389028,27.679327342048275,2.553319280495711e-06,0.0001522874827609669,7.739723110526489e-07,0.07739723110526489,15.126023203404115,18.613676776582036,22.00238858521466,2.9907608109560786,tdse_dipole_acceleration,raw_fft_harmonic_order_grid,13,1.6079090899617815e-08,0.11079987270298704,single_mode_bsv_random_phase_gamma_intensity,shared_fig_iv2_intensity_cases,hhg_intensity_prediction,quantum_light_hhg_bsv_threshold_tdse_dipole_acceleration
BSV - 1e13 W/cm^2,10000000000000.0,0.016880323915389028,27.719326369999212,2.712634312845296e-06,0.0001793295681629036,8.222645182650179e-07,0.08222645182650179,15.126023203404115,18.613676776582036,22.00238858521466,2.9907608109560786,tdse_dipole_acceleration,raw_fft_harmonic_order_grid,13,1.6079090899617815e-08,0.11079987270298704,single_mode_bsv_random_phase_gamma_intensity,shared_fig_iv2_intensity_cases,hhg_intensity_prediction,quantum_light_hhg_bsv_threshold_tdse_dipole_acceleration
BSV - 1e13 W/cm^2,10000000000000.0,0.016880323915389028,27.759325397950146,2.9732116971166412e-06,0.00017460078903208502,9.012517729546829e-07,0.09012517729546829,15.126023203404115,18.613676776582036,22.00238858521466,2.9907608109560786,tdse_dipole_acceleration,raw_fft_harmonic_order_grid,13,1.6079090899617815e-08,0.11079987270298704,single_mode_bsv_random_phase_gamma_intensity,shared_fig_iv2_intensity_cases,hhg_intensity_prediction,quantum_light_hhg_bsv_threshold_tdse_dipole_acceleration
BSV - 1e13 W/cm^2,10000000000000.0,0.016880323915389028,27.799324425901087,2.122363584178654e-06,0.00013534818482707897,6.433393037402769e-07,0.0643339303740277,15.126023203404115,18.613676776582036,22.00238858521466,2.9907608109560786,tdse_dipole_acceleration,raw_fft_harmonic_order_grid,13,1.6079090899617815e-08,0.11079987270298704,single_mode_bsv_random_phase_gamma_intensity,shared_fig_iv2_intensity_cases,hhg_intensity_prediction,quantum_light_hhg_bsv_threshold_tdse_dipole_acceleration
BSV - 1e13 W/cm^2,10000000000000.0,0.016880323915389028,27.83932345385202,2.4724641648577526e-06,0.00013118831849116705,7.49463186326739e-07,0.0749463186326739,15.126023203404115,18.613676776582036,22.00238858521466,2.9907608109560786,tdse_dipole_acceleration,raw_fft_harmonic_order_grid,13,1.6079090899617815e-08,0.11079987270298704,single_mode_bsv_random_phase_gamma_intensity,shared_fig_iv2_intensity_cases,hhg_intensity_prediction,quantum_light_hhg_bsv_threshold_tdse_dipole_acceleration
BSV - 1e13 W/cm^2,10000000000000.0,0.016880323915389028,27.879322481802955,2.8415606769561885e-06,0.00015574241930037957,8.61345191312358e-07,0.08613451913123579,15.126023203404115,18.613676776582036,22.00238858521466,2.9907608109560786,tdse_dipole_acceleration,raw_fft_harmonic_order_grid,13,1.6079090899617815e-08,0.11079987270298704,single_mode_bsv_random_phase_gamma_intensity,shared_fig_iv2_intensity_cases,hhg_intensity_prediction,quantum_light_hhg_bsv_threshold_tdse_dipole_acceleration
BSV - 1e13 W/cm^2,10000000000000.0,0.016880323915389028,27.919321509753892,1.6021191525866877e-06,9.09897060797043e-05,4.856407393236354e-07,0.04856407393236355,15.126023203404115,18.613676776582036,22.00238858521466,2.9907608109560786,tdse_dipole_acceleration,raw_fft_harmonic_order_grid,13,1.6079090899617815e-08,0.11079987270298704,single_mode_bsv_random_phase_gamma_intensity,shared_fig_iv2_intensity_cases,hhg_intensity_prediction,quantum_light_hhg_bsv_threshold_tdse_dipole_acceleration
BSV - 1e13 W/cm^2,10000000000000.0,0.016880323915389028,27.95932053770483,3.869802401457791e-06,0.0001909613466701865,1.173029918683688e-06,0.1173029918683688,15.126023203404115,18.613676776582036,22.00238858521466,2.9907608109560786,tdse_dipole_acceleration,raw_fft_harmonic_order_grid,13,1.6079090899617815e-08,0.11079987270298704,single_mode_bsv_random_phase_gamma_intensity,shared_fig_iv2_intensity_cases,hhg_intensity_prediction,quantum_light_hhg_bsv_threshold_tdse_dipole_acceleration
BSV - 1e13 W/cm^2,10000000000000.0,0.016880323915389028,27.999319565655767,2.0454999402417554e-06,0.00015185568080986562,6.200400898157969e-07,0.062004008981579685,15.126023203404115,18.613676776582036,22.00238858521466,2.9907608109560786,tdse_dipole_acceleration,raw_fft_harmonic_order_grid,13,1.6079090899617815e-08,0.11079987270298704,single_mode_bsv_random_phase_gamma_intensity,shared_fig_iv2_intensity_cases,hhg_intensity_prediction,quantum_light_hhg_bsv_threshold_tdse_dipole_acceleration
BSV - 1e13 W/cm^2,10000000000000.0,0.016880323915389028,28.03931859360671,3.76996663823804e-06,0.0002044276638939054,1.1427673044563384e-06,0.11427673044563384,15.126023203404115,18.613676776582036,22.00238858521466,2.9907608109560786,tdse_dipole_acceleration,raw_fft_harmonic_order_grid,13,1.6079090899617815e-08,0.11079987270298704,single_mode_bsv_random_phase_gamma_intensity,shared_fig_iv2_intensity_cases,hhg_intensity_prediction,quantum_light_hhg_bsv_threshold_tdse_dipole_acceleration
BSV - 1e13 W/cm^2,10000000000000.0,0.016880323915389028,28.079317621557642,3.372912728728677e-06,0.0001733748722264673,1.0224107418035906e-06,0.10224107418035906,15.126023203404115,18.613676776582036,22.00238858521466,2.9907608109560786,tdse_dipole_acceleration,raw_fft_harmonic_order_grid,13,1.6079090899617815e-08,0.11079987270298704,single_mode_bsv_random_phase_gamma_intensity,shared_fig_iv2_intensity_cases,hhg_intensity_prediction,quantum_light_hhg_bsv_threshold_tdse_dipole_acceleration
BSV - 1e13 W/cm^2,10000000000000.0,0.016880323915389028,28.11931664950858,1.781953493968434e-06,0.00011579226624191902,5.401528412252977e-07,0.05401528412252977,15.126023203404115,18.613676776582036,22.00238858521466,2.9907608109560786,tdse_dipole_acceleration,raw_fft_harmonic_order_grid,13,1.6079090899617815e-08,0.11079987270298704,single_mode_bsv_random_phase_gamma_intensity,shared_fig_iv2_intensity_cases,hhg_intensity_prediction,quantum_light_hhg_bsv_threshold_tdse_dipole_acceleration
BSV - 1e13 W/cm^2,10000000000000.0,0.016880323915389028,28.159315677459517,5.884185207654491e-06,0.0003742110022761688,1.7836376588775015e-06,0.17836376588775016,15.126023203404115,18.613676776582036,22.00238858521466,2.9907608109560786,tdse_dipole_acceleration,raw_fft_harmonic_order_grid,13,1.6079090899617815e-08,0.11079987270298704,single_mode_bsv_random_phase_gamma_intensity,shared_fig_iv2_intensity_cases,hhg_intensity_prediction,quantum_light_hhg_bsv_threshold_tdse_dipole_acceleration
BSV - 1e13 W/cm^2,10000000000000.0,0.016880323915389028,28.19931470541045,3.280930627644403e-06,0.00020889619699275948,9.945287609265838e-07,0.09945287609265839,15.126023203404115,18.613676776582036,22.00238858521466,2.9907608109560786,tdse_dipole_acceleration,raw_fft_harmonic_order_grid,13,1.6079090899617815e-08,0.11079987270298704,single_mode_bsv_random_phase_gamma_intensity,shared_fig_iv2_intensity_cases,hhg_intensity_prediction,quantum_light_hhg_bsv_threshold_tdse_dipole_acceleration
BSV - 1e13 W/cm^2,10000000000000.0,0.016880323915389028,28.23931373336139,2.3823547390311976e-06,0.00011188859029829792,7.221488582333616e-07,0.07221488582333617,15.126023203404115,18.613676776582036,22.00238858521466,2.9907608109560786,tdse_dipole_acceleration,raw_fft_harmonic_order_grid,13,1.6079090899617815e-08,0.11079987270298704,single_mode_bsv_random_phase_gamma_intensity,shared_fig_iv2_intensity_cases,hhg_intensity_prediction,quantum_light_hhg_bsv_threshold_tdse_dipole_acceleration
BSV - 1e13 W/cm^2,10000000000000.0,0.016880323915389028,28.279312761312323,4.184928999265487e-06,0.0001764972683300493,1.2685523482687688e-06,0.12685523482687688,15.126023203404115,18.613676776582036,22.00238858521466,2.9907608109560786,tdse_dipole_acceleration,raw_fft_harmonic_order_grid,13,1.6079090899617815e-08,0.11079987270298704,single_mode_bsv_random_phase_gamma_intensity,shared_fig_iv2_intensity_cases,hhg_intensity_prediction,quantum_light_hhg_bsv_threshold_tdse_dipole_acceleration
BSV - 1e13 W/cm^2,10000000000000.0,0.016880323915389028,28.319311789263264,1.6130128764646445e-06,6.100757050878638e-05,4.889428882989703e-07,0.04889428882989703,15.126023203404115,18.613676776582036,22.00238858521466,2.9907608109560786,tdse_dipole_acceleration,raw_fft_harmonic_order_grid,13,1.6079090899617815e-08,0.11079987270298704,single_mode_bsv_random_phase_gamma_intensity,shared_fig_iv2_intensity_cases,hhg_intensity_prediction,quantum_light_hhg_bsv_threshold_tdse_dipole_acceleration
BSV - 1e13 W/cm^2,10000000000000.0,0.016880323915389028,28.359310817214197,4.224916014813969e-06,0.00016753324212708735,1.2806733717038593e-06,0.12806733717038593,15.126023203404115,18.613676776582036,22.00238858521466,2.9907608109560786,tdse_dipole_acceleration,raw_fft_harmonic_order_grid,13,1.6079090899617815e-08,0.11079987270298704,single_mode_bsv_random_phase_gamma_intensity,shared_fig_iv2_intensity_cases,hhg_intensity_prediction,quantum_light_hhg_bsv_threshold_tdse_dipole_acceleration
BSV - 1e13 W/cm^2,10000000000000.0,0.016880323915389028,28.39930984516514,3.010915417193951e-06,8.897097494280178e-05,9.126806747714005e-07,0.09126806747714004,15.126023203404115,18.613676776582036,22.00238858521466,2.9907608109560786,tdse_dipole_acceleration,raw_fft_harmonic_order_grid,13,1.6079090899617815e-08,0.11079987270298704,single_mode_bsv_random_phase_gamma_intensity,shared_fig_iv2_intensity_cases,hhg_intensity_prediction,quantum_light_hhg_bsv_threshold_tdse_dipole_acceleration
BSV - 1e13 W/cm^2,10000000000000.0,0.016880323915389028,28.439308873116076,3.229477071884178e-06,0.00014739364184462945,9.789319541473369e-07,0.09789319541473368,15.126023203404115,18.613676776582036,22.00238858521466,2.9907608109560786,tdse_dipole_acceleration,raw_fft_harmonic_order_grid,13,1.6079090899617815e-08,0.11079987270298704,single_mode_bsv_random_phase_gamma_intensity,shared_fig_iv2_intensity_cases,hhg_intensity_prediction,quantum_light_hhg_bsv_threshold_tdse_dipole_acceleration
BSV - 1e13 W/cm^2,10000000000000.0,0.016880323915389028,28.479307901067013,3.791559353865175e-06,0.00019474078894959047,1.1493125744284477e-06,0.11493125744284477,15.126023203404115,18.613676776582036,22.00238858521466,2.9907608109560786,tdse_dipole_acceleration,raw_fft_harmonic_order_grid,13,1.6079090899617815e-08,0.11079987270298704,single_mode_bsv_random_phase_gamma_intensity,shared_fig_iv2_intensity_cases,hhg_intensity_prediction,quantum_light_hhg_bsv_threshold_tdse_dipole_acceleration
BSV - 1e13 W/cm^2,10000000000000.0,0.016880323915389028,28.519306929017944,2.189214782868477e-06,9.43746981949886e-05,6.636035053784509e-07,0.06636035053784509,15.126023203404115,18.613676776582036,22.00238858521466,2.9907608109560786,tdse_dipole_acceleration,raw_fft_harmonic_order_grid,13,1.6079090899617815e-08,0.11079987270298704,single_mode_bsv_random_phase_gamma_intensity,shared_fig_iv2_intensity_cases,hhg_intensity_prediction,quantum_light_hhg_bsv_threshold_tdse_dipole_acceleration
BSV - 1e13 W/cm^2,10000000000000.0,0.016880323915389028,28.55930595696888,3.8796260520679856e-06,0.00019098391256361236,1.176007702787629e-06,0.11760077027876291,15.126023203404115,18.613676776582036,22.00238858521466,2.9907608109560786,tdse_dipole_acceleration,raw_fft_harmonic_order_grid,13,1.6079090899617815e-08,0.11079987270298704,single_mode_bsv_random_phase_gamma_intensity,shared_fig_iv2_intensity_cases,hhg_intensity_prediction,quantum_light_hhg_bsv_threshold_tdse_dipole_acceleration
BSV - 1e13 W/cm^2,10000000000000.0,0.016880323915389028,28.59930498491982,3.985083723166192e-06,0.00020159776586203495,1.2079744521250885e-06,0.12079744521250886,15.126023203404115,18.613676776582036,22.00238858521466,2.9907608109560786,tdse_dipole_acceleration,raw_fft_harmonic_order_grid,13,1.6079090899617815e-08,0.11079987270298704,single_mode_bsv_random_phase_gamma_intensity,shared_fig_iv2_intensity_cases,hhg_intensity_prediction,quantum_light_hhg_bsv_threshold_tdse_dipole_acceleration
BSV - 1e13 W/cm^2,10000000000000.0,0.016880323915389028,28.63930401287076,2.3124424431940273e-06,0.00011094663757795776,7.009567646344812e-07,0.07009567646344812,15.126023203404115,18.613676776582036,22.00238858521466,2.9907608109560786,tdse_dipole_acceleration,raw_fft_harmonic_order_grid,13,1.6079090899617815e-08,0.11079987270298704,single_mode_bsv_random_phase_gamma_intensity,shared_fig_iv2_intensity_cases,hhg_intensity_prediction,quantum_light_hhg_bsv_threshold_tdse_dipole_acceleration
BSV - 1e13 W/cm^2,10000000000000.0,0.016880323915389028,28.679303040821694,7.148080379206287e-06,0.0004715220113326522,2.1667545978074076e-06,0.21667545978074076,15.126023203404115,18.613676776582036,22.00238858521466,2.9907608109560786,tdse_dipole_acceleration,raw_fft_harmonic_order_grid,13,1.6079090899617815e-08,0.11079987270298704,single_mode_bsv_random_phase_gamma_intensity,shared_fig_iv2_intensity_cases,hhg_intensity_prediction,quantum_light_hhg_bsv_threshold_tdse_dipole_acceleration
BSV - 1e13 W/cm^2,10000000000000.0,0.016880323915389028,28.71930206877263,3.7432313352709344e-06,0.000265605708722342,1.1346631929250432e-06,0.11346631929250432,15.126023203404115,18.613676776582036,22.00238858521466,2.9907608109560786,tdse_dipole_acceleration,raw_fft_harmonic_order_grid,13,1.6079090899617815e-08,0.11079987270298704,single_mode_bsv_random_phase_gamma_intensity,shared_fig_iv2_intensity_cases,hhg_intensity_prediction,quantum_light_hhg_bsv_threshold_tdse_dipole_acceleration
BSV - 1e13 W/cm^2,10000000000000.0,0.016880323915389028,28.759301096723572,2.031055956275083e-05,0.0012211301576525771,6.1566177186046364e-06,0.6156617718604637,15.126023203404115,18.613676776582036,22.00238858521466,2.9907608109560786,tdse_dipole_acceleration,raw_fft_harmonic_order_grid,13,1.6079090899617815e-08,0.11079987270298704,single_mode_bsv_random_phase_gamma_intensity,shared_fig_iv2_intensity_cases,hhg_intensity_prediction,quantum_light_hhg_bsv_threshold_tdse_dipole_acceleration
BSV - 1e13 W/cm^2,10000000000000.0,0.016880323915389028,28.799300124674502,3.9935247154210355e-06,0.0002518697898242186,1.2105331193207517e-06,0.12105331193207518,15.126023203404115,18.613676776582036,22.00238858521466,2.9907608109560786,tdse_dipole_acceleration,raw_fft_harmonic_order_grid,13,1.6079090899617815e-08,0.11079987270298704,single_mode_bsv_random_phase_gamma_intensity,shared_fig_iv2_intensity_cases,hhg_intensity_prediction,quantum_light_hhg_bsv_threshold_tdse_dipole_acceleration
BSV - 1e13 W/cm^2,10000000000000.0,0.016880323915389028,28.83929915262544,1.497844889911198e-05,0.0006818107929899701,4.540327094611925e-06,0.4540327094611925,15.126023203404115,18.613676776582036,22.00238858521466,2.9907608109560786,tdse_dipole_acceleration,raw_fft_harmonic_order_grid,13,1.6079090899617815e-08,0.11079987270298704,single_mode_bsv_random_phase_gamma_intensity,shared_fig_iv2_intensity_cases,hhg_intensity_prediction,quantum_light_hhg_bsv_threshold_tdse_dipole_acceleration
BSV - 1e13 W/cm^2,10000000000000.0,0.016880323915389028,28.879298180576374,2.311060066600544e-05,0.0010527711255214189,7.005377331349831e-06,0.7005377331349831,15.126023203404115,18.613676776582036,22.00238858521466,2.9907608109560786,tdse_dipole_acceleration,raw_fft_harmonic_order_grid,13,1.6079090899617815e-08,0.11079987270298704,single_mode_bsv_random_phase_gamma_intensity,shared_fig_iv2_intensity_cases,hhg_intensity_prediction,quantum_light_hhg_bsv_threshold_tdse_dipole_acceleration
BSV - 1e13 W/cm^2,10000000000000.0,0.016880323915389028,28.919297208527315,1.523366196624405e-06,6.998894895519748e-05,4.617688296122413e-07,0.04617688296122413,15.126023203404115,18.613676776582036,22.00238858521466,2.9907608109560786,tdse_dipole_acceleration,raw_fft_harmonic_order_grid,13,1.6079090899617815e-08,0.11079987270298704,single_mode_bsv_random_phase_gamma_intensity,shared_fig_iv2_intensity_cases,hhg_intensity_prediction,quantum_light_hhg_bsv_threshold_tdse_dipole_acceleration
BSV - 1e13 W/cm^2,10000000000000.0,0.016880323915389028,28.959296236478252,0.0010319317505549691,0.03828279936030296,0.0003128032627672693,31.28032627672693,15.126023203404115,18.613676776582036,22.00238858521466,2.9907608109560786,tdse_dipole_acceleration,raw_fft_harmonic_order_grid,13,1.6079090899617815e-08,0.11079987270298704,single_mode_bsv_random_phase_gamma_intensity,shared_fig_iv2_intensity_cases,hhg_intensity_prediction,quantum_light_hhg_bsv_threshold_tdse_dipole_acceleration
BSV - 1e13 W/cm^2,10000000000000.0,0.016880323915389028,28.99929526442919,0.00288156572470821,0.10486781377721285,0.0008734716807408139,87.3471680740814,15.126023203404115,18.613676776582036,22.00238858521466,2.9907608109560786,tdse_dipole_acceleration,raw_fft_harmonic_order_grid,13,1.6079090899617815e-08,0.11079987270298704,single_mode_bsv_random_phase_gamma_intensity,shared_fig_iv2_intensity_cases,hhg_intensity_prediction,quantum_light_hhg_bsv_threshold_tdse_dipole_acceleration
BSV - 1e13 W/cm^2,10000000000000.0,0.016880323915389028,29.039294292380127,0.0014366379175132702,0.05436058873504252,0.0004354794081795123,43.54794081795123,15.126023203404115,18.613676776582036,22.00238858521466,2.9907608109560786,tdse_dipole_acceleration,raw_fft_harmonic_order_grid,13,1.6079090899617815e-08,0.11079987270298704,single_mode_bsv_random_phase_gamma_intensity,shared_fig_iv2_intensity_cases,hhg_intensity_prediction,quantum_light_hhg_bsv_threshold_tdse_dipole_acceleration
BSV - 1e13 W/cm^2,10000000000000.0,0.016880323915389028,29.079293320331065,7.719781929182553e-05,0.0035697136811600025,2.3400510489200973e-05,2.340051048920097,15.126023203404115,18.613676776582036,22.00238858521466,2.9907608109560786,tdse_dipole_acceleration,raw_fft_harmonic_order_grid,13,1.6079090899617815e-08,0.11079987270298704,single_mode_bsv_random_phase_gamma_intensity,shared_fig_iv2_intensity_cases,hhg_intensity_prediction,quantum_light_hhg_bsv_threshold_tdse_dipole_acceleration
BSV - 1e13 W/cm^2,10000000000000.0,0.016880323915389028,29.119292348281995,6.219311426258275e-06,0.0003192364054403145,1.8852224531836602e-06,0.18852224531836603,15.126023203404115,18.613676776582036,22.00238858521466,2.9907608109560786,tdse_dipole_acceleration,raw_fft_harmonic_order_grid,13,1.6079090899617815e-08,0.11079987270298704,single_mode_bsv_random_phase_gamma_intensity,shared_fig_iv2_intensity_cases,hhg_intensity_prediction,quantum_light_hhg_bsv_threshold_tdse_dipole_acceleration
BSV - 1e13 W/cm^2,10000000000000.0,0.016880323915389028,29.159291376232936,2.646470761784832e-06,0.00011833238136413056,8.022087591153923e-07,0.08022087591153923,15.126023203404115,18.613676776582036,22.00238858521466,2.9907608109560786,tdse_dipole_acceleration,raw_fft_harmonic_order_grid,13,1.6079090899617815e-08,0.11079987270298704,single_mode_bsv_random_phase_gamma_intensity,shared_fig_iv2_intensity_cases,hhg_intensity_prediction,quantum_light_hhg_bsv_threshold_tdse_dipole_acceleration
BSV - 1e13 W/cm^2,10000000000000.0,0.016880323915389028,29.19929040418387,1.3521625301057632e-07,3.0552888947614614e-06,4.0987289225402936e-08,0.01,15.126023203404115,18.613676776582036,22.00238858521466,2.9907608109560786,tdse_dipole_acceleration,raw_fft_harmonic_order_grid,13,1.6079090899617815e-08,0.11079987270298704,single_mode_bsv_random_phase_gamma_intensity,shared_fig_iv2_intensity_cases,hhg_intensity_prediction,quantum_light_hhg_bsv_threshold_tdse_dipole_acceleration
BSV - 1e13 W/cm^2,10000000000000.0,0.016880323915389028,29.23928943213481,4.0754510623733415e-06,0.00012190243668347616,1.2353669599497494e-06,0.12353669599497494,15.126023203404115,18.613676776582036,22.00238858521466,2.9907608109560786,tdse_dipole_acceleration,raw_fft_harmonic_order_grid,13,1.6079090899617815e-08,0.11079987270298704,single_mode_bsv_random_phase_gamma_intensity,shared_fig_iv2_intensity_cases,hhg_intensity_prediction,quantum_light_hhg_bsv_threshold_tdse_dipole_acceleration
BSV - 1e13 W/cm^2,10000000000000.0,0.016880323915389028,29.27928846008575,1.2439284087345124e-05,0.0006055954509190169,3.7706453425024836e-06,0.37706453425024833,15.126023203404115,18.613676776582036,22.00238858521466,2.9907608109560786,tdse_dipole_acceleration,raw_fft_harmonic_order_grid,13,1.6079090899617815e-08,0.11079987270298704,single_mode_bsv_random_phase_gamma_intensity,shared_fig_iv2_intensity_cases,hhg_intensity_prediction,quantum_light_hhg_bsv_threshold_tdse_dipole_acceleration
BSV - 1e13 W/cm^2,10000000000000.0,0.016880323915389028,29.319287488036682,7.705709920182942e-06,0.00035238327071319487,2.335785485498484e-06,0.23357854854984839,15.126023203404115,18.613676776582036,22.00238858521466,2.9907608109560786,tdse_dipole_acceleration,raw_fft_harmonic_order_grid,13,1.6079090899617815e-08,0.11079987270298704,single_mode_bsv_random_phase_gamma_intensity,shared_fig_iv2_intensity_cases,hhg_intensity_prediction,quantum_light_hhg_bsv_threshold_tdse_dipole_acceleration
BSV - 1e13 W/cm^2,10000000000000.0,0.016880323915389028,29.359286515987623,2.44519546984126e-06,0.00013439325203355444,7.411973908727497e-07,0.07411973908727497,15.126023203404115,18.613676776582036,22.00238858521466,2.9907608109560786,tdse_dipole_acceleration,raw_fft_harmonic_order_grid,13,1.6079090899617815e-08,0.11079987270298704,single_mode_bsv_random_phase_gamma_intensity,shared_fig_iv2_intensity_cases,hhg_intensity_prediction,quantum_light_hhg_bsv_threshold_tdse_dipole_acceleration
BSV - 1e13 W/cm^2,10000000000000.0,0.016880323915389028,29.39928554393856,1.1253318531575008e-06,6.086296155982298e-05,3.41115073912878e-07,0.0341115073912878,15.126023203404115,18.613676776582036,22.00238858521466,2.9907608109560786,tdse_dipole_acceleration,raw_fft_harmonic_order_grid,13,1.6079090899617815e-08,0.11079987270298704,single_mode_bsv_random_phase_gamma_intensity,shared_fig_iv2_intensity_cases,hhg_intensity_prediction,quantum_light_hhg_bsv_threshold_tdse_dipole_acceleration
BSV - 1e13 W/cm^2,10000000000000.0,0.016880323915389028,29.43928457188949,1.6120666584940052e-06,8.727412654669972e-05,4.886560669385985e-07,0.04886560669385985,15.126023203404115,18.613676776582036,22.00238858521466,2.9907608109560786,tdse_dipole_acceleration,raw_fft_harmonic_order_grid,13,1.6079090899617815e-08,0.11079987270298704,single_mode_bsv_random_phase_gamma_intensity,shared_fig_iv2_intensity_cases,hhg_intensity_prediction,quantum_light_hhg_bsv_threshold_tdse_dipole_acceleration
BSV - 1e13 W/cm^2,10000000000000.0,0.016880323915389028,29.47928359984043,2.5594702952617203e-07,1.1728265626656652e-05,7.758368311501288e-08,0.01,15.126023203404115,18.613676776582036,22.00238858521466,2.9907608109560786,tdse_dipole_acceleration,raw_fft_harmonic_order_grid,13,1.6079090899617815e-08,0.11079987270298704,single_mode_bsv_random_phase_gamma_intensity,shared_fig_iv2_intensity_cases,hhg_intensity_prediction,quantum_light_hhg_bsv_threshold_tdse_dipole_acceleration
BSV - 1e13 W/cm^2,10000000000000.0,0.016880323915389028,29.519282627791366,2.791651229830075e-06,0.0001590398438320864,8.462164408929985e-07,0.08462164408929986,15.126023203404115,18.613676776582036,22.00238858521466,2.9907608109560786,tdse_dipole_acceleration,raw_fft_harmonic_order_grid,13,1.6079090899617815e-08,0.11079987270298704,single_mode_bsv_random_phase_gamma_intensity,shared_fig_iv2_intensity_cases,hhg_intensity_prediction,quantum_light_hhg_bsv_threshold_tdse_dipole_acceleration
BSV - 1e13 W/cm^2,10000000000000.0,0.016880323915389028,29.559281655742303,7.343511241146823e-07,4.444193057474323e-05,2.2259943791471556e-07,0.022259943791471556,15.126023203404115,18.613676776582036,22.00238858521466,2.9907608109560786,tdse_dipole_acceleration,raw_fft_harmonic_order_grid,13,1.6079090899617815e-08,0.11079987270298704,single_mode_bsv_random_phase_gamma_intensity,shared_fig_iv2_intensity_cases,hhg_intensity_prediction,quantum_light_hhg_bsv_threshold_tdse_dipole_acceleration
BSV - 1e13 W/cm^2,10000000000000.0,0.016880323915389028,29.599280683693244,8.787416059509924e-07,4.484377339122507e-05,2.6636765592588334e-07,0.026636765592588332,15.126023203404115,18.613676776582036,22.00238858521466,2.9907608109560786,tdse_dipole_acceleration,raw_fft_harmonic_order_grid,13,1.6079090899617815e-08,0.11079987270298704,single_mode_bsv_random_phase_gamma_intensity,shared_fig_iv2_intensity_cases,hhg_intensity_prediction,quantum_light_hhg_bsv_threshold_tdse_dipole_acceleration
BSV - 1e13 W/cm^2,10000000000000.0,0.016880323915389028,29.63927971164418,2.3371544237943714e-06,0.0001365220848819559,7.084475586303747e-07,0.07084475586303747,15.126023203404115,18.613676776582036,22.00238858521466,2.9907608109560786,tdse_dipole_acceleration,raw_fft_harmonic_order_grid,13,1.6079090899617815e-08,0.11079987270298704,single_mode_bsv_random_phase_gamma_intensity,shared_fig_iv2_intensity_cases,hhg_intensity_prediction,quantum_light_hhg_bsv_threshold_tdse_dipole_acceleration
BSV - 1e13 W/cm^2,10000000000000.0,0.016880323915389028,29.679278739595116,7.6720632596243e-07,3.5948985071862224e-05,2.325586375723728e-07,0.023255863757237278,15.126023203404115,18.613676776582036,22.00238858521466,2.9907608109560786,tdse_dipole_acceleration,raw_fft_harmonic_order_grid,13,1.6079090899617815e-08,0.11079987270298704,single_mode_bsv_random_phase_gamma_intensity,shared_fig_iv2_intensity_cases,hhg_intensity_prediction,quantum_light_hhg_bsv_threshold_tdse_dipole_acceleration
BSV - 1e13 W/cm^2,10000000000000.0,0.016880323915389028,29.719277767546046,1.810073275869229e-06,0.00012882592518781216,5.486766215258285e-07,0.05486766215258285,15.126023203404115,18.613676776582036,22.00238858521466,2.9907608109560786,tdse_dipole_acceleration,raw_fft_harmonic_order_grid,13,1.6079090899617815e-08,0.11079987270298704,single_mode_bsv_random_phase_gamma_intensity,shared_fig_iv2_intensity_cases,hhg_intensity_prediction,quantum_light_hhg_bsv_threshold_tdse_dipole_acceleration
BSV - 1e13 W/cm^2,10000000000000.0,0.016880323915389028,29.759276795496987,1.698429410523435e-06,7.468858521421441e-05,5.14834688346301e-07,0.051483468834630106,15.126023203404115,18.613676776582036,22.00238858521466,2.9907608109560786,tdse_dipole_acceleration,raw_fft_harmonic_order_grid,13,1.6079090899617815e-08,0.11079987270298704,single_mode_bsv_random_phase_gamma_intensity,shared_fig_iv2_intensity_cases,hhg_intensity_prediction,quantum_light_hhg_bsv_threshold_tdse_dipole_acceleration
BSV - 1e13 W/cm^2,10000000000000.0,0.016880323915389028,29.799275823447925,1.1890772049484938e-06,8.564535050391135e-05,3.6043781886742224e-07,0.036043781886742225,15.126023203404115,18.613676776582036,22.00238858521466,2.9907608109560786,tdse_dipole_acceleration,raw_fft_harmonic_order_grid,13,1.6079090899617815e-08,0.11079987270298704,single_mode_bsv_random_phase_gamma_intensity,shared_fig_iv2_intensity_cases,hhg_intensity_prediction,quantum_light_hhg_bsv_threshold_tdse_dipole_acceleration
BSV - 1e13 W/cm^2,10000000000000.0,0.016880323915389028,29.83927485139886,1.944909838674865e-06,0.00010120798344828737,5.895488175438733e-07,0.058954881754387324,15.126023203404115,18.613676776582036,22.00238858521466,2.9907608109560786,tdse_dipole_acceleration,raw_fft_harmonic_order_grid,13,1.6079090899617815e-08,0.11079987270298704,single_mode_bsv_random_phase_gamma_intensity,shared_fig_iv2_intensity_cases,hhg_intensity_prediction,quantum_light_hhg_bsv_threshold_tdse_dipole_acceleration
BSV - 1e13 W/cm^2,10000000000000.0,0.016880323915389028,29.8792738793498,2.313915989997523e-06,0.00013795366868926036,7.014034320112005e-07,0.07014034320112005,15.126023203404115,18.613676776582036,22.00238858521466,2.9907608109560786,tdse_dipole_acceleration,raw_fft_harmonic_order_grid,13,1.6079090899617815e-08,0.11079987270298704,single_mode_bsv_random_phase_gamma_intensity,shared_fig_iv2_intensity_cases,hhg_intensity_prediction,quantum_light_hhg_bsv_threshold_tdse_dipole_acceleration
BSV - 1e13 W/cm^2,10000000000000.0,0.016880323915389028,29.919272907300734,1.0228910325330072e-06,6.778072941218119e-05,3.100628043081632e-07,0.03100628043081632,15.126023203404115,18.613676776582036,22.00238858521466,2.9907608109560786,tdse_dipole_acceleration,raw_fft_harmonic_order_grid,13,1.6079090899617815e-08,0.11079987270298704,single_mode_bsv_random_phase_gamma_intensity,shared_fig_iv2_intensity_cases,hhg_intensity_prediction,quantum_light_hhg_bsv_threshold_tdse_dipole_acceleration
BSV - 1e13 W/cm^2,10000000000000.0,0.016880323915389028,29.959271935251675,3.0458358256300603e-06,0.00013916733373947704,9.232658880765501e-07,0.09232658880765501,15.126023203404115,18.613676776582036,22.00238858521466,2.9907608109560786,tdse_dipole_acceleration,raw_fft_harmonic_order_grid,13,1.6079090899617815e-08,0.11079987270298704,single_mode_bsv_random_phase_gamma_intensity,shared_fig_iv2_intensity_cases,hhg_intensity_prediction,quantum_light_hhg_bsv_threshold_tdse_dipole_acceleration
BSV - 1e13 W/cm^2,10000000000000.0,0.016880323915389028,29.999270963202612,9.430804325936848e-07,7.289290385074398e-05,2.8587029734148914e-07,0.028587029734148915,15.126023203404115,18.613676776582036,22.00238858521466,2.9907608109560786,tdse_dipole_acceleration,raw_fft_harmonic_order_grid,13,1.6079090899617815e-08,0.11079987270298704,single_mode_bsv_random_phase_gamma_intensity,shared_fig_iv2_intensity_cases,hhg_intensity_prediction,quantum_light_hhg_bsv_threshold_tdse_dipole_acceleration
BSV - 1e13 W/cm^2,10000000000000.0,0.016880323915389028,30.039269991153542,4.814936020821941e-06,0.00022612183072786375,1.4595225861775897e-06,0.14595225861775898,15.126023203404115,18.613676776582036,22.00238858521466,2.9907608109560786,tdse_dipole_acceleration,raw_fft_harmonic_order_grid,13,1.6079090899617815e-08,0.11079987270298704,single_mode_bsv_random_phase_gamma_intensity,shared_fig_iv2_intensity_cases,hhg_intensity_prediction,quantum_light_hhg_bsv_threshold_tdse_dipole_acceleration
BSV - 1e13 W/cm^2,10000000000000.0,0.016880323915389028,30.07926901910448,2.1202084220353693e-07,8.73650591093509e-06,6.426860224066526e-08,0.01,15.126023203404115,18.613676776582036,22.00238858521466,2.9907608109560786,tdse_dipole_acceleration,raw_fft_harmonic_order_grid,13,1.6079090899617815e-08,0.11079987270298704,single_mode_bsv_random_phase_gamma_intensity,shared_fig_iv2_intensity_cases,hhg_intensity_prediction,quantum_light_hhg_bsv_threshold_tdse_dipole_acceleration
BSV - 1e13 W/cm^2,10000000000000.0,0.016880323915389028,30.11926804705542,3.907372229881612e-06,0.00024486278541606144,1.1844182347290638e-06,0.11844182347290638,15.126023203404115,18.613676776582036,22.00238858521466,2.9907608109560786,tdse_dipole_acceleration,raw_fft_harmonic_order_grid,13,1.6079090899617815e-08,0.11079987270298704,single_mode_bsv_random_phase_gamma_intensity,shared_fig_iv2_intensity_cases,hhg_intensity_prediction,quantum_light_hhg_bsv_threshold_tdse_dipole_acceleration
BSV - 1e13 W/cm^2,10000000000000.0,0.016880323915389028,30.159267075006355,4.143370969443473e-06,0.0002938918195949443,1.2559551127291953e-06,0.12559551127291954,15.126023203404115,18.613676776582036,22.00238858521466,2.9907608109560786,tdse_dipole_acceleration,raw_fft_harmonic_order_grid,13,1.6079090899617815e-08,0.11079987270298704,single_mode_bsv_random_phase_gamma_intensity,shared_fig_iv2_intensity_cases,hhg_intensity_prediction,quantum_light_hhg_bsv_threshold_tdse_dipole_acceleration
BSV - 1e13 W/cm^2,10000000000000.0,0.016880323915389028,30.199266102957296,2.589806647127373e-06,0.00016908972807317795,7.850325069677676e-07,0.07850325069677676,15.126023203404115,18.613676776582036,22.00238858521466,2.9907608109560786,tdse_dipole_acceleration,raw_fft_harmonic_order_grid,13,1.6079090899617815e-08,0.11079987270298704,single_mode_bsv_random_phase_gamma_intensity,shared_fig_iv2_intensity_cases,hhg_intensity_prediction,quantum_light_hhg_bsv_threshold_tdse_dipole_acceleration
BSV - 1e13 W/cm^2,10000000000000.0,0.016880323915389028,30.23926513090823,2.603489812042247e-06,0.0001595267725175226,7.891802024215158e-07,0.07891802024215158,15.126023203404115,18.613676776582036,22.00238858521466,2.9907608109560786,tdse_dipole_acceleration,raw_fft_harmonic_order_grid,13,1.6079090899617815e-08,0.11079987270298704,single_mode_bsv_random_phase_gamma_intensity,shared_fig_iv2_intensity_cases,hhg_intensity_prediction,quantum_light_hhg_bsv_threshold_tdse_dipole_acceleration
BSV - 1e13 W/cm^2,10000000000000.0,0.016880323915389028,30.279264158859167,3.9259323308781954e-06,0.00019012804798393393,1.1900442464744132e-06,0.11900442464744132,15.126023203404115,18.613676776582036,22.00238858521466,2.9907608109560786,tdse_dipole_acceleration,raw_fft_harmonic_order_grid,13,1.6079090899617815e-08,0.11079987270298704,single_mode_bsv_random_phase_gamma_intensity,shared_fig_iv2_intensity_cases,hhg_intensity_prediction,quantum_light_hhg_bsv_threshold_tdse_dipole_acceleration
BSV - 1e13 W/cm^2,10000000000000.0,0.016880323915389028,30.319263186810108,3.1778222637479414e-06,0.00015075830369608076,9.632741429462158e-07,0.09632741429462158,15.126023203404115,18.613676776582036,22.00238858521466,2.9907608109560786,tdse_dipole_acceleration,raw_fft_harmonic_order_grid,13,1.6079090899617815e-08,0.11079987270298704,single_mode_bsv_random_phase_gamma_intensity,shared_fig_iv2_intensity_cases,hhg_intensity_prediction,quantum_light_hhg_bsv_threshold_tdse_dipole_acceleration
BSV - 1e13 W/cm^2,10000000000000.0,0.016880323915389028,30.35926221476104,1.728007835459026e-06,9.455897674499262e-05,5.23800618333816e-07,0.0523800618333816,15.126023203404115,18.613676776582036,22.00238858521466,2.9907608109560786,tdse_dipole_acceleration,raw_fft_harmonic_order_grid,13,1.6079090899617815e-08,0.11079987270298704,single_mode_bsv_random_phase_gamma_intensity,shared_fig_iv2_intensity_cases,hhg_intensity_prediction,quantum_light_hhg_bsv_threshold_tdse_dipole_acceleration
BSV - 1e13 W/cm^2,10000000000000.0,0.016880323915389028,30.399261242711976,3.1919895753775485e-06,0.00013262927021871944,9.675685948806566e-07,0.09675685948806566,15.126023203404115,18.613676776582036,22.00238858521466,2.9907608109560786,tdse_dipole_acceleration,raw_fft_harmonic_order_grid,13,1.6079090899617815e-08,0.11079987270298704,single_mode_bsv_random_phase_gamma_intensity,shared_fig_iv2_intensity_cases,hhg_intensity_prediction,quantum_light_hhg_bsv_threshold_tdse_dipole_acceleration
BSV - 1e13 W/cm^2,10000000000000.0,0.016880323915389028,30.43926027066291,2.473749036429312e-06,0.00013814213598740708,7.498526617155954e-07,0.07498526617155954,15.126023203404115,18.613676776582036,22.00238858521466,2.9907608109560786,tdse_dipole_acceleration,raw_fft_harmonic_order_grid,13,1.6079090899617815e-08,0.11079987270298704,single_mode_bsv_random_phase_gamma_intensity,shared_fig_iv2_intensity_cases,hhg_intensity_prediction,quantum_light_hhg_bsv_threshold_tdse_dipole_acceleration
BSV - 1e13 W/cm^2,10000000000000.0,0.016880323915389028,30.47925929861385,2.7377505088197613e-06,0.000150280110288324,8.298778396352439e-07,0.08298778396352438,15.126023203404115,18.613676776582036,22.00238858521466,2.9907608109560786,tdse_dipole_acceleration,raw_fft_harmonic_order_grid,13,1.6079090899617815e-08,0.11079987270298704,single_mode_bsv_random_phase_gamma_intensity,shared_fig_iv2_intensity_cases,hhg_intensity_prediction,quantum_light_hhg_bsv_threshold_tdse_dipole_acceleration
BSV - 1e13 W/cm^2,10000000000000.0,0.016880323915389028,30.51925832656479,3.4980875838995883e-06,0.00020657202672859335,1.0603542425174934e-06,0.10603542425174933,15.126023203404115,18.613676776582036,22.00238858521466,2.9907608109560786,tdse_dipole_acceleration,raw_fft_harmonic_order_grid,13,1.6079090899617815e-08,0.11079987270298704,single_mode_bsv_random_phase_gamma_intensity,shared_fig_iv2_intensity_cases,hhg_intensity_prediction,quantum_light_hhg_bsv_threshold_tdse_dipole_acceleration
BSV - 1e13 W/cm^2,10000000000000.0,0.016880323915389028,30.559257354515726,4.38848908477717e-06,0.00026219678331329186,1.330256292238896e-06,0.1330256292238896,15.126023203404115,18.613676776582036,22.00238858521466,2.9907608109560786,tdse_dipole_acceleration,raw_fft_harmonic_order_grid,13,1.6079090899617815e-08,0.11079987270298704,single_mode_bsv_random_phase_gamma_intensity,shared_fig_iv2_intensity_cases,hhg_intensity_prediction,quantum_light_hhg_bsv_threshold_tdse_dipole_acceleration
BSV - 1e13 W/cm^2,10000000000000.0,0.016880323915389028,30.599256382466663,4.865160155049241e-06,0.000330278546636866,1.4747467258045678e-06,0.1474746725804568,15.126023203404115,18.613676776582036,22.00238858521466,2.9907608109560786,tdse_dipole_acceleration,raw_fft_harmonic_order_grid,13,1.6079090899617815e-08,0.11079987270298704,single_mode_bsv_random_phase_gamma_intensity,shared_fig_iv2_intensity_cases,hhg_intensity_prediction,quantum_light_hhg_bsv_threshold_tdse_dipole_acceleration
BSV - 1e13 W/cm^2,10000000000000.0,0.016880323915389028,30.6392554104176,3.3394869773869107e-06,0.000220784919788812,1.0122785949106115e-06,0.10122785949106115,15.126023203404115,18.613676776582036,22.00238858521466,2.9907608109560786,tdse_dipole_acceleration,raw_fft_harmonic_order_grid,13,1.6079090899617815e-08,0.11079987270298704,single_mode_bsv_random_phase_gamma_intensity,shared_fig_iv2_intensity_cases,hhg_intensity_prediction,quantum_light_hhg_bsv_threshold_tdse_dipole_acceleration
BSV - 1e13 W/cm^2,10000000000000.0,0.016880323915389028,30.67925443836853,1.26214129042231e-05,0.0009913875131736974,3.825852954956248e-06,0.3825852954956248,15.126023203404115,18.613676776582036,22.00238858521466,2.9907608109560786,tdse_dipole_acceleration,raw_fft_harmonic_order_grid,13,1.6079090899617815e-08,0.11079987270298704,single_mode_bsv_random_phase_gamma_intensity,shared_fig_iv2_intensity_cases,hhg_intensity_prediction,quantum_light_hhg_bsv_threshold_tdse_dipole_acceleration
BSV - 1e13 W/cm^2,10000000000000.0,0.016880323915389028,30.719253466319472,1.3364760715584045e-06,0.00013819391958201402,4.05117950454595e-07,0.0405117950454595,15.126023203404115,18.613676776582036,22.00238858521466,2.9907608109560786,tdse_dipole_acceleration,raw_fft_harmonic_order_grid,13,1.6079090899617815e-08,0.11079987270298704,single_mode_bsv_random_phase_gamma_intensity,shared_fig_iv2_intensity_cases,hhg_intensity_prediction,quantum_light_hhg_bsv_threshold_tdse_dipole_acceleration
BSV - 1e13 W/cm^2,10000000000000.0,0.016880323915389028,30.759252494270406,3.532564377430015e-05,0.0027370404954141785,1.0708049855053616e-05,1.0708049855053616,15.126023203404115,18.613676776582036,22.00238858521466,2.9907608109560786,tdse_dipole_acceleration,raw_fft_harmonic_order_grid,13,1.6079090899617815e-08,0.11079987270298704,single_mode_bsv_random_phase_gamma_intensity,shared_fig_iv2_intensity_cases,hhg_intensity_prediction,quantum_light_hhg_bsv_threshold_tdse_dipole_acceleration
BSV - 1e13 W/cm^2,10000000000000.0,0.016880323915389028,30.799251522221343,4.540620414110798e-06,0.0003634668804053795,1.3763709467779084e-06,0.13763709467779084,15.126023203404115,18.613676776582036,22.00238858521466,2.9907608109560786,tdse_dipole_acceleration,raw_fft_harmonic_order_grid,13,1.6079090899617815e-08,0.11079987270298704,single_mode_bsv_random_phase_gamma_intensity,shared_fig_iv2_intensity_cases,hhg_intensity_prediction,quantum_light_hhg_bsv_threshold_tdse_dipole_acceleration
BSV - 1e13 W/cm^2,10000000000000.0,0.016880323915389028,30.839250550172284,2.0040618315609452e-05,0.0013935528852169162,6.074792052502321e-06,0.6074792052502321,15.126023203404115,18.613676776582036,22.00238858521466,2.9907608109560786,tdse_dipole_acceleration,raw_fft_harmonic_order_grid,13,1.6079090899617815e-08,0.11079987270298704,single_mode_bsv_random_phase_gamma_intensity,shared_fig_iv2_intensity_cases,hhg_intensity_prediction,quantum_light_hhg_bsv_threshold_tdse_dipole_acceleration
BSV - 1e13 W/cm^2,10000000000000.0,0.016880323915389028,30.87924957812322,6.38208906418169e-05,0.004063651961659286,1.9345642591903173e-05,1.9345642591903172,15.126023203404115,18.613676776582036,22.00238858521466,2.9907608109560786,tdse_dipole_acceleration,raw_fft_harmonic_order_grid,13,1.6079090899617815e-08,0.11079987270298704,single_mode_bsv_random_phase_gamma_intensity,shared_fig_iv2_intensity_cases,hhg_intensity_prediction,quantum_light_hhg_bsv_threshold_tdse_dipole_acceleration
BSV - 1e13 W/cm^2,10000000000000.0,0.016880323915389028,30.91924860607416,1.4020246792510003e-05,0.001051463882351936,4.249873055210215e-06,0.4249873055210215,15.126023203404115,18.613676776582036,22.00238858521466,2.9907608109560786,tdse_dipole_acceleration,raw_fft_harmonic_order_grid,13,1.6079090899617815e-08,0.11079987270298704,single_mode_bsv_random_phase_gamma_intensity,shared_fig_iv2_intensity_cases,hhg_intensity_prediction,quantum_light_hhg_bsv_threshold_tdse_dipole_acceleration
BSV - 1e13 W/cm^2,10000000000000.0,0.016880323915389028,30.95924763402509,0.0030010005136019958,0.19218380936304172,0.0009096752297001363,90.96752297001363,15.126023203404115,18.613676776582036,22.00238858521466,2.9907608109560786,tdse_dipole_acceleration,raw_fft_harmonic_order_grid,13,1.6079090899617815e-08,0.11079987270298704,single_mode_bsv_random_phase_gamma_intensity,shared_fig_iv2_intensity_cases,hhg_intensity_prediction,quantum_light_hhg_bsv_threshold_tdse_dipole_acceleration
BSV - 1e13 W/cm^2,10000000000000.0,0.016880323915389028,30.999246661976027,0.007963245152054859,0.5193037269231551,0.002413850590834895,241.3850590834895,15.126023203404115,18.613676776582036,22.00238858521466,2.9907608109560786,tdse_dipole_acceleration,raw_fft_harmonic_order_grid,13,1.6079090899617815e-08,0.11079987270298704,single_mode_bsv_random_phase_gamma_intensity,shared_fig_iv2_intensity_cases,hhg_intensity_prediction,quantum_light_hhg_bsv_threshold_tdse_dipole_acceleration
BSV - 1e13 W/cm^2,10000000000000.0,0.016880323915389028,31.039245689926965,0.003693521256634178,0.25120140893723986,0.001119594875876331,111.95948758763309,15.126023203404115,18.613676776582036,22.00238858521466,2.9907608109560786,tdse_dipole_acceleration,raw_fft_harmonic_order_grid,13,1.6079090899617815e-08,0.11079987270298704,single_mode_bsv_random_phase_gamma_intensity,shared_fig_iv2_intensity_cases,hhg_intensity_prediction,quantum_light_hhg_bsv_threshold_tdse_dipole_acceleration
BSV - 1e13 W/cm^2,10000000000000.0,0.016880323915389028,31.079244717877902,0.0001365799977522702,0.011006586619953913,4.1400672963769485e-05,4.140067296376948,15.126023203404115,18.613676776582036,22.00238858521466,2.9907608109560786,tdse_dipole_acceleration,raw_fft_harmonic_order_grid,13,1.6079090899617815e-08,0.11079987270298704,single_mode_bsv_random_phase_gamma_intensity,shared_fig_iv2_intensity_cases,hhg_intensity_prediction,quantum_light_hhg_bsv_threshold_tdse_dipole_acceleration
BSV - 1e13 W/cm^2,10000000000000.0,0.016880323915389028,31.11924374582884,3.190961749635457e-05,0.002409520982451348,9.672570362475304e-06,0.9672570362475305,15.126023203404115,18.613676776582036,22.00238858521466,2.9907608109560786,tdse_dipole_acceleration,raw_fft_harmonic_order_grid,13,1.6079090899617815e-08,0.11079987270298704,single_mode_bsv_random_phase_gamma_intensity,shared_fig_iv2_intensity_cases,hhg_intensity_prediction,quantum_light_hhg_bsv_threshold_tdse_dipole_acceleration
BSV - 1e13 W/cm^2,10000000000000.0,0.016880323915389028,31.15924277377978,4.574969857858942e-06,0.00031761733070160517,1.3867830869924931e-06,0.13867830869924933,15.126023203404115,18.613676776582036,22.00238858521466,2.9907608109560786,tdse_dipole_acceleration,raw_fft_harmonic_order_grid,13,1.6079090899617815e-08,0.11079987270298704,single_mode_bsv_random_phase_gamma_intensity,shared_fig_iv2_intensity_cases,hhg_intensity_prediction,quantum_light_hhg_bsv_threshold_tdse_dipole_acceleration
BSV - 1e13 W/cm^2,10000000000000.0,0.016880323915389028,31.199241801730714,1.3278145524877799e-06,9.943466406615452e-05,4.024924362920981e-07,0.040249243629209806,15.126023203404115,18.613676776582036,22.00238858521466,2.9907608109560786,tdse_dipole_acceleration,raw_fft_harmonic_order_grid,13,1.6079090899617815e-08,0.11079987270298704,single_mode_bsv_random_phase_gamma_intensity,shared_fig_iv2_intensity_cases,hhg_intensity_prediction,quantum_light_hhg_bsv_threshold_tdse_dipole_acceleration
BSV - 1e13 W/cm^2,10000000000000.0,0.016880323915389028,31.239240829681652,5.570050381344247e-06,0.00036444396868272024,1.688415859019295e-06,0.1688415859019295,15.126023203404115,18.613676776582036,22.00238858521466,2.9907608109560786,tdse_dipole_acceleration,raw_fft_harmonic_order_grid,13,1.6079090899617815e-08,0.11079987270298704,single_mode_bsv_random_phase_gamma_intensity,shared_fig_iv2_intensity_cases,hhg_intensity_prediction,quantum_light_hhg_bsv_threshold_tdse_dipole_acceleration
BSV - 1e13 W/cm^2,10000000000000.0,0.016880323915389028,31.279239857632582,8.50007994304557e-06,0.000467101804297097,2.576578091077591e-06,0.2576578091077591,15.126023203404115,18.613676776582036,22.00238858521466,2.9907608109560786,tdse_dipole_acceleration,raw_fft_harmonic_order_grid,13,1.6079090899617815e-08,0.11079987270298704,single_mode_bsv_random_phase_gamma_intensity,shared_fig_iv2_intensity_cases,hhg_intensity_prediction,quantum_light_hhg_bsv_threshold_tdse_dipole_acceleration
BSV - 1e13 W/cm^2,10000000000000.0,0.016880323915389028,31.319238885583523,7.5991177373852205e-06,0.00040823343296251836,2.303474838455517e-06,0.2303474838455517,15.126023203404115,18.613676776582036,22.00238858521466,2.9907608109560786,tdse_dipole_acceleration,raw_fft_harmonic_order_grid,13,1.6079090899617815e-08,0.11079987270298704,single_mode_bsv_random_phase_gamma_intensity,shared_fig_iv2_intensity_cases,hhg_intensity_prediction,quantum_light_hhg_bsv_threshold_tdse_dipole_acceleration
BSV - 1e13 W/cm^2,10000000000000.0,0.016880323915389028,31.35923791353446,3.1162363021453188e-06,0.00017678862762645844,9.446059609471641e-07,0.09446059609471641,15.126023203404115,18.613676776582036,22.00238858521466,2.9907608109560786,tdse_dipole_acceleration,raw_fft_harmonic_order_grid,13,1.6079090899617815e-08,0.11079987270298704,single_mode_bsv_random_phase_gamma_intensity,shared_fig_iv2_intensity_cases,hhg_intensity_prediction,quantum_light_hhg_bsv_threshold_tdse_dipole_acceleration
BSV - 1e13 W/cm^2,10000000000000.0,0.016880323915389028,31.399236941485395,2.1002364483168088e-07,1.3189398013151783e-05,6.366320381778428e-08,0.01,15.126023203404115,18.613676776582036,22.00238858521466,2.9907608109560786,tdse_dipole_acceleration,raw_fft_harmonic_order_grid,13,1.6079090899617815e-08,0.11079987270298704,single_mode_bsv_random_phase_gamma_intensity,shared_fig_iv2_intensity_cases,hhg_intensity_prediction,quantum_light_hhg_bsv_threshold_tdse_dipole_acceleration
BSV - 1e13 W/cm^2,10000000000000.0,0.016880323915389028,31.439235969436336,1.9745466179691322e-06,0.0001182383066534471,5.985324361370356e-07,0.05985324361370356,15.126023203404115,18.613676776582036,22.00238858521466,2.9907608109560786,tdse_dipole_acceleration,raw_fft_harmonic_order_grid,13,1.6079090899617815e-08,0.11079987270298704,single_mode_bsv_random_phase_gamma_intensity,shared_fig_iv2_intensity_cases,hhg_intensity_prediction,quantum_light_hhg_bsv_threshold_tdse_dipole_acceleration
BSV - 1e13 W/cm^2,10000000000000.0,0.016880323915389028,31.47923499738727,5.266462182900444e-07,3.176770048233361e-05,1.5963909950108103e-07,0.0159639099501081,15.126023203404115,18.613676776582036,22.00238858521466,2.9907608109560786,tdse_dipole_acceleration,raw_fft_harmonic_order_grid,13,1.6079090899617815e-08,0.11079987270298704,single_mode_bsv_random_phase_gamma_intensity,shared_fig_iv2_intensity_cases,hhg_intensity_prediction,quantum_light_hhg_bsv_threshold_tdse_dipole_acceleration
BSV - 1e13 W/cm^2,10000000000000.0,0.016880323915389028,31.51923402533821,1.5253675725854477e-06,9.260386105124399e-05,4.623754946657213e-07,0.04623754946657213,15.126023203404115,18.613676776582036,22.00238858521466,2.9907608109560786,tdse_dipole_acceleration,raw_fft_harmonic_order_grid,13,1.6079090899617815e-08,0.11079987270298704,single_mode_bsv_random_phase_gamma_intensity,shared_fig_iv2_intensity_cases,hhg_intensity_prediction,quantum_light_hhg_bsv_threshold_tdse_dipole_acceleration
BSV - 1e13 W/cm^2,10000000000000.0,0.016880323915389028,31.559233053289148,7.203755412194778e-07,4.579100254164232e-05,2.1836310355796825e-07,0.021836310355796824,15.126023203404115,18.613676776582036,22.00238858521466,2.9907608109560786,tdse_dipole_acceleration,raw_fft_harmonic_order_grid,13,1.6079090899617815e-08,0.11079987270298704,single_mode_bsv_random_phase_gamma_intensity,shared_fig_iv2_intensity_cases,hhg_intensity_prediction,quantum_light_hhg_bsv_threshold_tdse_dipole_acceleration
BSV - 1e13 W/cm^2,10000000000000.0,0.016880323915389028,31.59923208124008,1.876006977784639e-07,1.1198649143634654e-05,5.686627078870371e-08,0.01,15.126023203404115,18.613676776582036,22.00238858521466,2.9907608109560786,tdse_dipole_acceleration,raw_fft_harmonic_order_grid,13,1.6079090899617815e-08,0.11079987270298704,single_mode_bsv_random_phase_gamma_intensity,shared_fig_iv2_intensity_cases,hhg_intensity_prediction,quantum_light_hhg_bsv_threshold_tdse_dipole_acceleration
BSV - 1e13 W/cm^2,10000000000000.0,0.016880323915389028,31.639231109191016,1.3248413383717757e-06,7.95063413437821e-05,4.0159118378592057e-07,0.040159118378592054,15.126023203404115,18.613676776582036,22.00238858521466,2.9907608109560786,tdse_dipole_acceleration,raw_fft_harmonic_order_grid,13,1.6079090899617815e-08,0.11079987270298704,single_mode_bsv_random_phase_gamma_intensity,shared_fig_iv2_intensity_cases,hhg_intensity_prediction,quantum_light_hhg_bsv_threshold_tdse_dipole_acceleration
BSV - 1e13 W/cm^2,10000000000000.0,0.016880323915389028,31.679230137141957,2.6621649375864754e-07,1.4924321541579108e-05,8.06966040199686e-08,0.01,15.126023203404115,18.613676776582036,22.00238858521466,2.9907608109560786,tdse_dipole_acceleration,raw_fft_harmonic_order_grid,13,1.6079090899617815e-08,0.11079987270298704,single_mode_bsv_random_phase_gamma_intensity,shared_fig_iv2_intensity_cases,hhg_intensity_prediction,quantum_light_hhg_bsv_threshold_tdse_dipole_acceleration
BSV - 1e13 W/cm^2,10000000000000.0,0.016880323915389028,31.71922916509289,6.757312197894953e-07,4.6739349729879545e-05,2.0483033901242637e-07,0.020483033901242637,15.126023203404115,18.613676776582036,22.00238858521466,2.9907608109560786,tdse_dipole_acceleration,raw_fft_harmonic_order_grid,13,1.6079090899617815e-08,0.11079987270298704,single_mode_bsv_random_phase_gamma_intensity,shared_fig_iv2_intensity_cases,hhg_intensity_prediction,quantum_light_hhg_bsv_threshold_tdse_dipole_acceleration
BSV - 1e13 W/cm^2,10000000000000.0,0.016880323915389028,31.759228193043832,9.573564066136404e-07,5.500853404844771e-05,2.9019768745253213e-07,0.029019768745253215,15.126023203404115,18.613676776582036,22.00238858521466,2.9907608109560786,tdse_dipole_acceleration,raw_fft_harmonic_order_grid,13,1.6079090899617815e-08,0.11079987270298704,single_mode_bsv_random_phase_gamma_intensity,shared_fig_iv2_intensity_cases,hhg_intensity_prediction,quantum_light_hhg_bsv_threshold_tdse_dipole_acceleration
BSV - 1e13 W/cm^2,10000000000000.0,0.016880323915389028,31.799227220994766,4.088771115038328e-07,3.0636389861602836e-05,1.2394045873719107e-07,0.012394045873719107,15.126023203404115,18.613676776582036,22.00238858521466,2.9907608109560786,tdse_dipole_acceleration,raw_fft_harmonic_order_grid,13,1.6079090899617815e-08,0.11079987270298704,single_mode_bsv_random_phase_gamma_intensity,shared_fig_iv2_intensity_cases,hhg_intensity_prediction,quantum_light_hhg_bsv_threshold_tdse_dipole_acceleration
BSV - 1e13 W/cm^2,10000000000000.0,0.016880323915389028,31.839226248945703,7.589980802847769e-07,4.104095207536794e-05,2.3007052144629722e-07,0.02300705214462972,15.126023203404115,18.613676776582036,22.00238858521466,2.9907608109560786,tdse_dipole_acceleration,raw_fft_harmonic_order_grid,13,1.6079090899617815e-08,0.11079987270298704,single_mode_bsv_random_phase_gamma_intensity,shared_fig_iv2_intensity_cases,hhg_intensity_prediction,quantum_light_hhg_bsv_threshold_tdse_dipole_acceleration
BSV - 1e13 W/cm^2,10000000000000.0,0.016880323915389028,31.879225276896637,9.619558331092925e-07,7.045394553728853e-05,2.915918839329917e-07,0.02915918839329917,15.126023203404115,18.613676776582036,22.00238858521466,2.9907608109560786,tdse_dipole_acceleration,raw_fft_harmonic_order_grid,13,1.6079090899617815e-08,0.11079987270298704,single_mode_bsv_random_phase_gamma_intensity,shared_fig_iv2_intensity_cases,hhg_intensity_prediction,quantum_light_hhg_bsv_threshold_tdse_dipole_acceleration
BSV - 1e13 W/cm^2,10000000000000.0,0.016880323915389028,31.919224304847575,2.8675868263712123e-07,2.006979327623438e-05,8.692343413941436e-08,0.01,15.126023203404115,18.613676776582036,22.00238858521466,2.9907608109560786,tdse_dipole_acceleration,raw_fft_harmonic_order_grid,13,1.6079090899617815e-08,0.11079987270298704,single_mode_bsv_random_phase_gamma_intensity,shared_fig_iv2_intensity_cases,hhg_intensity_prediction,quantum_light_hhg_bsv_threshold_tdse_dipole_acceleration
BSV - 1e13 W/cm^2,10000000000000.0,0.016880323915389028,31.959223332798512,1.7761564231627072e-06,0.00011406169645006917,5.383956100309391e-07,0.05383956100309391,15.126023203404115,18.613676776582036,22.00238858521466,2.9907608109560786,tdse_dipole_acceleration,raw_fft_harmonic_order_grid,13,1.6079090899617815e-08,0.11079987270298704,single_mode_bsv_random_phase_gamma_intensity,shared_fig_iv2_intensity_cases,hhg_intensity_prediction,quantum_light_hhg_bsv_threshold_tdse_dipole_acceleration
BSV - 1e13 W/cm^2,10000000000000.0,0.016880323915389028,31.999222360749446,7.516032571748558e-07,6.959381827404279e-05,2.2782897320909437e-07,0.022782897320909438,15.126023203404115,18.613676776582036,22.00238858521466,2.9907608109560786,tdse_dipole_acceleration,raw_fft_harmonic_order_grid,13,1.6079090899617815e-08,0.11079987270298704,single_mode_bsv_random_phase_gamma_intensity,shared_fig_iv2_intensity_cases,hhg_intensity_prediction,quantum_light_hhg_bsv_threshold_tdse_dipole_acceleration
BSV - 1e13 W/cm^2,10000000000000.0,0.016880323915389028,32.03922138870039,3.7947597200243938e-06,0.00028149352387288215,1.1502826821667891e-06,0.11502826821667891,15.126023203404115,18.613676776582036,22.00238858521466,2.9907608109560786,tdse_dipole_acceleration,raw_fft_harmonic_order_grid,13,1.6079090899617815e-08,0.11079987270298704,single_mode_bsv_random_phase_gamma_intensity,shared_fig_iv2_intensity_cases,hhg_intensity_prediction,quantum_light_hhg_bsv_threshold_tdse_dipole_acceleration
BSV - 1e13 W/cm^2,10000000000000.0,0.016880323915389028,32.079220416651324,4.926731430329005e-07,3.162787798325933e-05,1.4934104560269337e-07,0.014934104560269336,15.126023203404115,18.613676776582036,22.00238858521466,2.9907608109560786,tdse_dipole_acceleration,raw_fft_harmonic_order_grid,13,1.6079090899617815e-08,0.11079987270298704,single_mode_bsv_random_phase_gamma_intensity,shared_fig_iv2_intensity_cases,hhg_intensity_prediction,quantum_light_hhg_bsv_threshold_tdse_dipole_acceleration
BSV - 1e13 W/cm^2,10000000000000.0,0.016880323915389028,32.119219444602265,2.337970440177927e-06,0.0001758975984957925,7.08694912767032e-07,0.0708694912767032,15.126023203404115,18.613676776582036,22.00238858521466,2.9907608109560786,tdse_dipole_acceleration,raw_fft_harmonic_order_grid,13,1.6079090899617815e-08,0.11079987270298704,single_mode_bsv_random_phase_gamma_intensity,shared_fig_iv2_intensity_cases,hhg_intensity_prediction,quantum_light_hhg_bsv_threshold_tdse_dipole_acceleration
BSV - 1e13 W/cm^2,10000000000000.0,0.016880323915389028,32.1592184725532,1.538986038010604e-06,0.00013637512493768918,4.665035781524259e-07,0.04665035781524259,15.126023203404115,18.613676776582036,22.00238858521466,2.9907608109560786,tdse_dipole_acceleration,raw_fft_harmonic_order_grid,13,1.6079090899617815e-08,0.11079987270298704,single_mode_bsv_random_phase_gamma_intensity,shared_fig_iv2_intensity_cases,hhg_intensity_prediction,quantum_light_hhg_bsv_threshold_tdse_dipole_acceleration
BSV - 1e13 W/cm^2,10000000000000.0,0.016880323915389028,32.19921750050413,1.062831593369146e-06,8.539813145548801e-05,3.2216974620580313e-07,0.03221697462058031,15.126023203404115,18.613676776582036,22.00238858521466,2.9907608109560786,tdse_dipole_acceleration,raw_fft_harmonic_order_grid,13,1.6079090899617815e-08,0.11079987270298704,single_mode_bsv_random_phase_gamma_intensity,shared_fig_iv2_intensity_cases,hhg_intensity_prediction,quantum_light_hhg_bsv_threshold_tdse_dipole_acceleration
BSV - 1e13 W/cm^2,10000000000000.0,0.016880323915389028,32.23921652845507,9.21536794310895e-07,6.392693134959996e-05,2.793399038894897e-07,0.027933990388948973,15.126023203404115,18.613676776582036,22.00238858521466,2.9907608109560786,tdse_dipole_acceleration,raw_fft_harmonic_order_grid,13,1.6079090899617815e-08,0.11079987270298704,single_mode_bsv_random_phase_gamma_intensity,shared_fig_iv2_intensity_cases,hhg_intensity_prediction,quantum_light_hhg_bsv_threshold_tdse_dipole_acceleration
BSV - 1e13 W/cm^2,10000000000000.0,0.016880323915389028,32.27921555640601,1.693099857616193e-06,0.00010308157782153919,5.132191730396157e-07,0.05132191730396157,15.126023203404115,18.613676776582036,22.00238858521466,2.9907608109560786,tdse_dipole_acceleration,raw_fft_harmonic_order_grid,13,1.6079090899617815e-08,0.11079987270298704,single_mode_bsv_random_phase_gamma_intensity,shared_fig_iv2_intensity_cases,hhg_intensity_prediction,quantum_light_hhg_bsv_threshold_tdse_dipole_acceleration
BSV - 1e13 W/cm^2,10000000000000.0,0.016880323915389028,32.31921458435694,1.2988378657496066e-06,6.37073023112241e-05,3.9370890758391455e-07,0.03937089075839145,15.126023203404115,18.613676776582036,22.00238858521466,2.9907608109560786,tdse_dipole_acceleration,raw_fft_harmonic_order_grid,13,1.6079090899617815e-08,0.11079987270298704,single_mode_bsv_random_phase_gamma_intensity,shared_fig_iv2_intensity_cases,hhg_intensity_prediction,quantum_light_hhg_bsv_threshold_tdse_dipole_acceleration
BSV - 1e13 W/cm^2,10000000000000.0,0.016880323915389028,32.359213612307876,3.1035784507313007e-07,1.596695748431998e-05,9.407690626059717e-08,0.01,15.126023203404115,18.613676776582036,22.00238858521466,2.9907608109560786,tdse_dipole_acceleration,raw_fft_harmonic_order_grid,13,1.6079090899617815e-08,0.11079987270298704,single_mode_bsv_random_phase_gamma_intensity,shared_fig_iv2_intensity_cases,hhg_intensity_prediction,quantum_light_hhg_bsv_threshold_tdse_dipole_acceleration
BSV - 1e13 W/cm^2,10000000000000.0,0.016880323915389028,32.39921264025882,1.408655831519517e-06,7.686231367436926e-05,4.2699736681081416e-07,0.042699736681081416,15.126023203404115,18.613676776582036,22.00238858521466,2.9907608109560786,tdse_dipole_acceleration,raw_fft_harmonic_order_grid,13,1.6079090899617815e-08,0.11079987270298704,single_mode_bsv_random_phase_gamma_intensity,shared_fig_iv2_intensity_cases,hhg_intensity_prediction,quantum_light_hhg_bsv_threshold_tdse_dipole_acceleration
BSV - 1e13 W/cm^2,10000000000000.0,0.016880323915389028,32.43921166820976,1.0240651785140943e-06,5.69045697676315e-05,3.1041871611497757e-07,0.031041871611497757,15.126023203404115,18.613676776582036,22.00238858521466,2.9907608109560786,tdse_dipole_acceleration,raw_fft_harmonic_order_grid,13,1.6079090899617815e-08,0.11079987270298704,single_mode_bsv_random_phase_gamma_intensity,shared_fig_iv2_intensity_cases,hhg_intensity_prediction,quantum_light_hhg_bsv_threshold_tdse_dipole_acceleration
BSV - 1e13 W/cm^2,10000000000000.0,0.016880323915389028,32.47921069616069,1.1269554034748692e-06,6.761799174376137e-05,3.41607210952238e-07,0.0341607210952238,15.126023203404115,18.613676776582036,22.00238858521466,2.9907608109560786,tdse_dipole_acceleration,raw_fft_harmonic_order_grid,13,1.6079090899617815e-08,0.11079987270298704,single_mode_bsv_random_phase_gamma_intensity,shared_fig_iv2_intensity_cases,hhg_intensity_prediction,quantum_light_hhg_bsv_threshold_tdse_dipole_acceleration
BSV - 1e13 W/cm^2,10000000000000.0,0.016880323915389028,32.519209724111626,1.4052669846149421e-06,0.00010176482776371453,4.259701260381568e-07,0.04259701260381568,15.126023203404115,18.613676776582036,22.00238858521466,2.9907608109560786,tdse_dipole_acceleration,raw_fft_harmonic_order_grid,13,1.6079090899617815e-08,0.11079987270298704,single_mode_bsv_random_phase_gamma_intensity,shared_fig_iv2_intensity_cases,hhg_intensity_prediction,quantum_light_hhg_bsv_threshold_tdse_dipole_acceleration
BSV - 1e13 W/cm^2,10000000000000.0,0.016880323915389028,32.55920875206257,1.586817537480134e-06,9.855532299689382e-05,4.810024528009417e-07,0.04810024528009417,15.126023203404115,18.613676776582036,22.00238858521466,2.9907608109560786,tdse_dipole_acceleration,raw_fft_harmonic_order_grid,13,1.6079090899617815e-08,0.11079987270298704,single_mode_bsv_random_phase_gamma_intensity,shared_fig_iv2_intensity_cases,hhg_intensity_prediction,quantum_light_hhg_bsv_threshold_tdse_dipole_acceleration
BSV - 1e13 W/cm^2,10000000000000.0,0.016880323915389028,32.5992077800135,1.5198688382549653e-06,0.00011552259103428119,4.607086964121156e-07,0.04607086964121156,15.126023203404115,18.613676776582036,22.00238858521466,2.9907608109560786,tdse_dipole_acceleration,raw_fft_harmonic_order_grid,13,1.6079090899617815e-08,0.11079987270298704,single_mode_bsv_random_phase_gamma_intensity,shared_fig_iv2_intensity_cases,hhg_intensity_prediction,quantum_light_hhg_bsv_threshold_tdse_dipole_acceleration
BSV - 1e13 W/cm^2,10000000000000.0,0.016880323915389028,32.63920680796444,1.194244519161632e-06,7.449151853110768e-05,3.6200415573489825e-07,0.036200415573489825,15.126023203404115,18.613676776582036,22.00238858521466,2.9907608109560786,tdse_dipole_acceleration,raw_fft_harmonic_order_grid,13,1.6079090899617815e-08,0.11079987270298704,single_mode_bsv_random_phase_gamma_intensity,shared_fig_iv2_intensity_cases,hhg_intensity_prediction,quantum_light_hhg_bsv_threshold_tdse_dipole_acceleration
BSV - 1e13 W/cm^2,10000000000000.0,0.016880323915389028,32.679205835915376,4.487088090867836e-06,0.0003421842833567734,1.3601440157188483e-06,0.13601440157188482,15.126023203404115,18.613676776582036,22.00238858521466,2.9907608109560786,tdse_dipole_acceleration,raw_fft_harmonic_order_grid,13,1.6079090899617815e-08,0.11079987270298704,single_mode_bsv_random_phase_gamma_intensity,shared_fig_iv2_intensity_cases,hhg_intensity_prediction,quantum_light_hhg_bsv_threshold_tdse_dipole_acceleration
BSV - 1e13 W/cm^2,10000000000000.0,0.016880323915389028,32.71920486386632,1.6950072873737963e-07,1.881413613488275e-05,5.137973607456892e-08,0.01,15.126023203404115,18.613676776582036,22.00238858521466,2.9907608109560786,tdse_dipole_acceleration,raw_fft_harmonic_order_grid,13,1.6079090899617815e-08,0.11079987270298704,single_mode_bsv_random_phase_gamma_intensity,shared_fig_iv2_intensity_cases,hhg_intensity_prediction,quantum_light_hhg_bsv_threshold_tdse_dipole_acceleration
BSV - 1e13 W/cm^2,10000000000000.0,0.016880323915389028,32.75920389181725,1.1004233541478846e-05,0.0008558122180620401,3.3356471047396547e-06,0.33356471047396546,15.126023203404115,18.613676776582036,22.00238858521466,2.9907608109560786,tdse_dipole_acceleration,raw_fft_harmonic_order_grid,13,1.6079090899617815e-08,0.11079987270298704,single_mode_bsv_random_phase_gamma_intensity,shared_fig_iv2_intensity_cases,hhg_intensity_prediction,quantum_light_hhg_bsv_threshold_tdse_dipole_acceleration
BSV - 1e13 W/cm^2,10000000000000.0,0.016880323915389028,32.799202919768184,2.058872061501142e-06,0.00015952655178460624,6.240935004776998e-07,0.06240935004776998,15.126023203404115,18.613676776582036,22.00238858521466,2.9907608109560786,tdse_dipole_acceleration,raw_fft_harmonic_order_grid,13,1.6079090899617815e-08,0.11079987270298704,single_mode_bsv_random_phase_gamma_intensity,shared_fig_iv2_intensity_cases,hhg_intensity_prediction,quantum_light_hhg_bsv_threshold_tdse_dipole_acceleration
BSV - 1e13 W/cm^2,10000000000000.0,0.016880323915389028,32.83920194771912,5.450902280213944e-06,0.000382874371801121,1.6522992119968155e-06,0.16522992119968155,15.126023203404115,18.613676776582036,22.00238858521466,2.9907608109560786,tdse_dipole_acceleration,raw_fft_harmonic_order_grid,13,1.6079090899617815e-08,0.11079987270298704,single_mode_bsv_random_phase_gamma_intensity,shared_fig_iv2_intensity_cases,hhg_intensity_prediction,quantum_light_hhg_bsv_threshold_tdse_dipole_acceleration
BSV - 1e13 W/cm^2,10000000000000.0,0.016880323915389028,32.87920097567006,2.8899306829117878e-05,0.0018816811635376204,8.760073001919875e-06,0.8760073001919875,15.126023203404115,18.613676776582036,22.00238858521466,2.9907608109560786,tdse_dipole_acceleration,raw_fft_harmonic_order_grid,13,1.6079090899617815e-08,0.11079987270298704,single_mode_bsv_random_phase_gamma_intensity,shared_fig_iv2_intensity_cases,hhg_intensity_prediction,quantum_light_hhg_bsv_threshold_tdse_dipole_acceleration
BSV - 1e13 W/cm^2,10000000000000.0,0.016880323915389028,32.91920000362099,7.81420622880034e-06,0.0005151204023330305,2.368673318744699e-06,0.2368673318744699,15.126023203404115,18.613676776582036,22.00238858521466,2.9907608109560786,tdse_dipole_acceleration,raw_fft_harmonic_order_grid,13,1.6079090899617815e-08,0.11079987270298704,single_mode_bsv_random_phase_gamma_intensity,shared_fig_iv2_intensity_cases,hhg_intensity_prediction,quantum_light_hhg_bsv_threshold_tdse_dipole_acceleration
BSV - 1e13 W/cm^2,10000000000000.0,0.016880323915389028,32.959199031571934,0.0011603356785968011,0.07577791848643554,0.00035172557291231335,35.172557291231335,15.126023203404115,18.613676776582036,22.00238858521466,2.9907608109560786,tdse_dipole_acceleration,raw_fft_harmonic_order_grid,13,1.6079090899617815e-08,0.11079987270298704,single_mode_bsv_random_phase_gamma_intensity,shared_fig_iv2_intensity_cases,hhg_intensity_prediction,quantum_light_hhg_bsv_threshold_tdse_dipole_acceleration
BSV - 1e13 W/cm^2,10000000000000.0,0.016880323915389028,32.99919805952287,0.002908631055458694,0.1901306665970283,0.0008816758316084207,88.16758316084207,15.126023203404115,18.613676776582036,22.00238858521466,2.9907608109560786,tdse_dipole_acceleration,raw_fft_harmonic_order_grid,13,1.6079090899617815e-08,0.11079987270298704,single_mode_bsv_random_phase_gamma_intensity,shared_fig_iv2_intensity_cases,hhg_intensity_prediction,quantum_light_hhg_bsv_threshold_tdse_dipole_acceleration
BSV - 1e13 W/cm^2,10000000000000.0,0.016880323915389028,33.03919708747381,0.0012378088406272407,0.08211391736213652,0.00037520954638922785,37.52095463892279,15.126023203404115,18.613676776582036,22.00238858521466,2.9907608109560786,tdse_dipole_acceleration,raw_fft_harmonic_order_grid,13,1.6079090899617815e-08,0.11079987270298704,single_mode_bsv_random_phase_gamma_intensity,shared_fig_iv2_intensity_cases,hhg_intensity_prediction,quantum_light_hhg_bsv_threshold_tdse_dipole_acceleration
BSV - 1e13 W/cm^2,10000000000000.0,0.016880323915389028,33.07919611542475,3.2049191537181275e-05,0.0023304471797325915,9.714878601702101e-06,0.9714878601702102,15.126023203404115,18.613676776582036,22.00238858521466,2.9907608109560786,tdse_dipole_acceleration,raw_fft_harmonic_order_grid,13,1.6079090899617815e-08,0.11079987270298704,single_mode_bsv_random_phase_gamma_intensity,shared_fig_iv2_intensity_cases,hhg_intensity_prediction,quantum_light_hhg_bsv_threshold_tdse_dipole_acceleration
BSV - 1e13 W/cm^2,10000000000000.0,0.016880323915389028,33.11919514337568,8.333957943990472e-06,0.0004285862901779163,2.5262225290029578e-06,0.2526222529002958,15.126023203404115,18.613676776582036,22.00238858521466,2.9907608109560786,tdse_dipole_acceleration,raw_fft_harmonic_order_grid,13,1.6079090899617815e-08,0.11079987270298704,single_mode_bsv_random_phase_gamma_intensity,shared_fig_iv2_intensity_cases,hhg_intensity_prediction,quantum_light_hhg_bsv_threshold_tdse_dipole_acceleration
BSV - 1e13 W/cm^2,10000000000000.0,0.016880323915389028,33.15919417132662,2.0881134354102745e-06,0.00015405835721609527,6.329572622154845e-07,0.06329572622154846,15.126023203404115,18.613676776582036,22.00238858521466,2.9907608109560786,tdse_dipole_acceleration,raw_fft_harmonic_order_grid,13,1.6079090899617815e-08,0.11079987270298704,single_mode_bsv_random_phase_gamma_intensity,shared_fig_iv2_intensity_cases,hhg_intensity_prediction,quantum_light_hhg_bsv_threshold_tdse_dipole_acceleration
BSV - 1e13 W/cm^2,10000000000000.0,0.016880323915389028,33.19919319927755,3.5085174304618645e-07,1.661092225339336e-05,1.0635157791531162e-07,0.010635157791531163,15.126023203404115,18.613676776582036,22.00238858521466,2.9907608109560786,tdse_dipole_acceleration,raw_fft_harmonic_order_grid,13,1.6079090899617815e-08,0.11079987270298704,single_mode_bsv_random_phase_gamma_intensity,shared_fig_iv2_intensity_cases,hhg_intensity_prediction,quantum_light_hhg_bsv_threshold_tdse_dipole_acceleration
BSV - 1e13 W/cm^2,10000000000000.0,0.016880323915389028,33.23919222722849,2.5175006985022493e-06,0.00018903470557433377,7.631148398010605e-07,0.07631148398010605,15.126023203404115,18.613676776582036,22.00238858521466,2.9907608109560786,tdse_dipole_acceleration,raw_fft_harmonic_order_grid,13,1.6079090899617815e-08,0.11079987270298704,single_mode_bsv_random_phase_gamma_intensity,shared_fig_iv2_intensity_cases,hhg_intensity_prediction,quantum_light_hhg_bsv_threshold_tdse_dipole_acceleration
BSV - 1e13 W/cm^2,10000000000000.0,0.016880323915389028,33.27919125517943,2.2327275761248246e-06,0.0001308937387591951,6.767932765967347e-07,0.06767932765967347,15.126023203404115,18.613676776582036,22.00238858521466,2.9907608109560786,tdse_dipole_acceleration,raw_fft_harmonic_order_grid,13,1.6079090899617815e-08,0.11079987270298704,single_mode_bsv_random_phase_gamma_intensity,shared_fig_iv2_intensity_cases,hhg_intensity_prediction,quantum_light_hhg_bsv_threshold_tdse_dipole_acceleration
BSV - 1e13 W/cm^2,10000000000000.0,0.016880323915389028,33.31919028313036,3.1039261566988683e-06,0.00020792792494324038,9.408744606238932e-07,0.09408744606238932,15.126023203404115,18.613676776582036,22.00238858521466,2.9907608109560786,tdse_dipole_acceleration,raw_fft_harmonic_order_grid,13,1.6079090899617815e-08,0.11079987270298704,single_mode_bsv_random_phase_gamma_intensity,shared_fig_iv2_intensity_cases,hhg_intensity_prediction,quantum_light_hhg_bsv_threshold_tdse_dipole_acceleration
BSV - 1e13 W/cm^2,10000000000000.0,0.016880323915389028,33.3591893110813,1.5559198529127572e-06,0.00011291504941850367,4.7163662357877495e-07,0.047163662357877494,15.126023203404115,18.613676776582036,22.00238858521466,2.9907608109560786,tdse_dipole_acceleration,raw_fft_harmonic_order_grid,13,1.6079090899617815e-08,0.11079987270298704,single_mode_bsv_random_phase_gamma_intensity,shared_fig_iv2_intensity_cases,hhg_intensity_prediction,quantum_light_hhg_bsv_threshold_tdse_dipole_acceleration
BSV - 1e13 W/cm^2,10000000000000.0,0.016880323915389028,33.39918833903224,7.22090566964813e-08,7.117179726172326e-06,2.188829689934316e-08,0.01,15.126023203404115,18.613676776582036,22.00238858521466,2.9907608109560786,tdse_dipole_acceleration,raw_fft_harmonic_order_grid,13,1.6079090899617815e-08,0.11079987270298704,single_mode_bsv_random_phase_gamma_intensity,shared_fig_iv2_intensity_cases,hhg_intensity_prediction,quantum_light_hhg_bsv_threshold_tdse_dipole_acceleration
BSV - 1e13 W/cm^2,10000000000000.0,0.016880323915389028,33.43918736698317,8.812354395944787e-07,6.240933383137025e-05,2.6712359671369397e-07,0.026712359671369396,15.126023203404115,18.613676776582036,22.00238858521466,2.9907608109560786,tdse_dipole_acceleration,raw_fft_harmonic_order_grid,13,1.6079090899617815e-08,0.11079987270298704,single_mode_bsv_random_phase_gamma_intensity,shared_fig_iv2_intensity_cases,hhg_intensity_prediction,quantum_light_hhg_bsv_threshold_tdse_dipole_acceleration
BSV - 1e13 W/cm^2,10000000000000.0,0.016880323915389028,33.47918639493411,3.470319368737053e-07,3.004694350120503e-05,1.0519370305270752e-07,0.010519370305270751,15.126023203404115,18.613676776582036,22.00238858521466,2.9907608109560786,tdse_dipole_acceleration,raw_fft_harmonic_order_grid,13,1.6079090899617815e-08,0.11079987270298704,single_mode_bsv_random_phase_gamma_intensity,shared_fig_iv2_intensity_cases,hhg_intensity_prediction,quantum_light_hhg_bsv_threshold_tdse_dipole_acceleration
BSV - 1e13 W/cm^2,10000000000000.0,0.016880323915389028,33.519185422885045,4.209890621775671e-07,2.9972768384488273e-05,1.276118814714783e-07,0.01276118814714783,15.126023203404115,18.613676776582036,22.00238858521466,2.9907608109560786,tdse_dipole_acceleration,raw_fft_harmonic_order_grid,13,1.6079090899617815e-08,0.11079987270298704,single_mode_bsv_random_phase_gamma_intensity,shared_fig_iv2_intensity_cases,hhg_intensity_prediction,quantum_light_hhg_bsv_threshold_tdse_dipole_acceleration
BSV - 1e13 W/cm^2,10000000000000.0,0.016880323915389028,33.559184450835986,3.979459879154482e-07,3.36039142977819e-05,1.2062697301265543e-07,0.012062697301265543,15.126023203404115,18.613676776582036,22.00238858521466,2.9907608109560786,tdse_dipole_acceleration,raw_fft_harmonic_order_grid,13,1.6079090899617815e-08,0.11079987270298704,single_mode_bsv_random_phase_gamma_intensity,shared_fig_iv2_intensity_cases,hhg_intensity_prediction,quantum_light_hhg_bsv_threshold_tdse_dipole_acceleration
BSV - 1e13 W/cm^2,10000000000000.0,0.016880323915389028,33.59918347878693,4.0312593036344984e-08,3.612125424573104e-06,1.2219713780098585e-08,0.01,15.126023203404115,18.613676776582036,22.00238858521466,2.9907608109560786,tdse_dipole_acceleration,raw_fft_harmonic_order_grid,13,1.6079090899617815e-08,0.11079987270298704,single_mode_bsv_random_phase_gamma_intensity,shared_fig_iv2_intensity_cases,hhg_intensity_prediction,quantum_light_hhg_bsv_threshold_tdse_dipole_acceleration
BSV - 1e13 W/cm^2,10000000000000.0,0.016880323915389028,33.63918250673786,5.206682034172816e-07,4.387152220016616e-05,1.5782701982036006e-07,0.015782701982036004,15.126023203404115,18.613676776582036,22.00238858521466,2.9907608109560786,tdse_dipole_acceleration,raw_fft_harmonic_order_grid,13,1.6079090899617815e-08,0.11079987270298704,single_mode_bsv_random_phase_gamma_intensity,shared_fig_iv2_intensity_cases,hhg_intensity_prediction,quantum_light_hhg_bsv_threshold_tdse_dipole_acceleration
BSV - 1e13 W/cm^2,10000000000000.0,0.016880323915389028,33.6791815346888,9.022347674103403e-08,7.213808647677504e-06,2.734889966087824e-08,0.01,15.126023203404115,18.613676776582036,22.00238858521466,2.9907608109560786,tdse_dipole_acceleration,raw_fft_harmonic_order_grid,13,1.6079090899617815e-08,0.11079987270298704,single_mode_bsv_random_phase_gamma_intensity,shared_fig_iv2_intensity_cases,hhg_intensity_prediction,quantum_light_hhg_bsv_threshold_tdse_dipole_acceleration
BSV - 1e13 W/cm^2,10000000000000.0,0.016880323915389028,33.719180562639735,2.283893751169059e-07,2.2342805770448314e-05,6.923029713886144e-08,0.01,15.126023203404115,18.613676776582036,22.00238858521466,2.9907608109560786,tdse_dipole_acceleration,raw_fft_harmonic_order_grid,13,1.6079090899617815e-08,0.11079987270298704,single_mode_bsv_random_phase_gamma_intensity,shared_fig_iv2_intensity_cases,hhg_intensity_prediction,quantum_light_hhg_bsv_threshold_tdse_dipole_acceleration
BSV - 1e13 W/cm^2,10000000000000.0,0.016880323915389028,33.75917959059067,2.9853421884855783e-07,2.2579329620091108e-05,9.04928815818354e-08,0.01,15.126023203404115,18.613676776582036,22.00238858521466,2.9907608109560786,tdse_dipole_acceleration,raw_fft_harmonic_order_grid,13,1.6079090899617815e-08,0.11079987270298704,single_mode_bsv_random_phase_gamma_intensity,shared_fig_iv2_intensity_cases,hhg_intensity_prediction,quantum_light_hhg_bsv_threshold_tdse_dipole_acceleration
BSV - 1e13 W/cm^2,10000000000000.0,0.016880323915389028,33.7991786185416,1.170950617535073e-07,1.1528365441442268e-05,3.5494321548623465e-08,0.01,15.126023203404115,18.613676776582036,22.00238858521466,2.9907608109560786,tdse_dipole_acceleration,raw_fft_harmonic_order_grid,13,1.6079090899617815e-08,0.11079987270298704,single_mode_bsv_random_phase_gamma_intensity,shared_fig_iv2_intensity_cases,hhg_intensity_prediction,quantum_light_hhg_bsv_threshold_tdse_dipole_acceleration
BSV - 1e13 W/cm^2,10000000000000.0,0.016880323915389028,33.839177646492544,3.066418334155468e-07,2.6638208599118283e-05,9.295049400479815e-08,0.01,15.126023203404115,18.613676776582036,22.00238858521466,2.9907608109560786,tdse_dipole_acceleration,raw_fft_harmonic_order_grid,13,1.6079090899617815e-08,0.11079987270298704,single_mode_bsv_random_phase_gamma_intensity,shared_fig_iv2_intensity_cases,hhg_intensity_prediction,quantum_light_hhg_bsv_threshold_tdse_dipole_acceleration
BSV - 1e13 W/cm^2,10000000000000.0,0.016880323915389028,33.87917667444348,2.5916313797777746e-07,2.2380150899380874e-05,7.85585627197295e-08,0.01,15.126023203404115,18.613676776582036,22.00238858521466,2.9907608109560786,tdse_dipole_acceleration,raw_fft_harmonic_order_grid,13,1.6079090899617815e-08,0.11079987270298704,single_mode_bsv_random_phase_gamma_intensity,shared_fig_iv2_intensity_cases,hhg_intensity_prediction,quantum_light_hhg_bsv_threshold_tdse_dipole_acceleration
BSV - 1e13 W/cm^2,10000000000000.0,0.016880323915389028,33.91917570239441,9.163201889167052e-08,9.404573288842358e-06,2.777586256828696e-08,0.01,15.126023203404115,18.613676776582036,22.00238858521466,2.9907608109560786,tdse_dipole_acceleration,raw_fft_harmonic_order_grid,13,1.6079090899617815e-08,0.11079987270298704,single_mode_bsv_random_phase_gamma_intensity,shared_fig_iv2_intensity_cases,hhg_intensity_prediction,quantum_light_hhg_bsv_threshold_tdse_dipole_acceleration
BSV - 1e13 W/cm^2,10000000000000.0,0.016880323915389028,33.95917473034535,4.234337760885991e-07,3.312470774859656e-05,1.2835293289032655e-07,0.012835293289032655,15.126023203404115,18.613676776582036,22.00238858521466,2.9907608109560786,tdse_dipole_acceleration,raw_fft_harmonic_order_grid,13,1.6079090899617815e-08,0.11079987270298704,single_mode_bsv_random_phase_gamma_intensity,shared_fig_iv2_intensity_cases,hhg_intensity_prediction,quantum_light_hhg_bsv_threshold_tdse_dipole_acceleration
BSV - 1e13 W/cm^2,10000000000000.0,0.016880323915389028,33.999173758296294,2.166623804266085e-07,1.981613610083619e-05,6.567556379568569e-08,0.01,15.126023203404115,18.613676776582036,22.00238858521466,2.9907608109560786,tdse_dipole_acceleration,raw_fft_harmonic_order_grid,13,1.6079090899617815e-08,0.11079987270298704,single_mode_bsv_random_phase_gamma_intensity,shared_fig_iv2_intensity_cases,hhg_intensity_prediction,quantum_light_hhg_bsv_threshold_tdse_dipole_acceleration
BSV - 1e13 W/cm^2,10000000000000.0,0.016880323915389028,34.03917278624722,8.834348326541608e-07,7.288101591777968e-05,2.6779028549888374e-07,0.026779028549888374,15.126023203404115,18.613676776582036,22.00238858521466,2.9907608109560786,tdse_dipole_acceleration,raw_fft_harmonic_order_grid,13,1.6079090899617815e-08,0.11079987270298704,single_mode_bsv_random_phase_gamma_intensity,shared_fig_iv2_intensity_cases,hhg_intensity_prediction,quantum_light_hhg_bsv_threshold_tdse_dipole_acceleration
BSV - 1e13 W/cm^2,10000000000000.0,0.016880323915389028,34.07917181419816,2.4532731408178345e-07,1.7607733607630565e-05,7.436459266753104e-08,0.01,15.126023203404115,18.613676776582036,22.00238858521466,2.9907608109560786,tdse_dipole_acceleration,raw_fft_harmonic_order_grid,13,1.6079090899617815e-08,0.11079987270298704,single_mode_bsv_random_phase_gamma_intensity,shared_fig_iv2_intensity_cases,hhg_intensity_prediction,quantum_light_hhg_bsv_threshold_tdse_dipole_acceleration
BSV - 1e13 W/cm^2,10000000000000.0,0.016880323915389028,34.1191708421491,6.503549932185958e-07,6.0667434415623185e-05,1.971381961320179e-07,0.01971381961320179,15.126023203404115,18.613676776582036,22.00238858521466,2.9907608109560786,tdse_dipole_acceleration,raw_fft_harmonic_order_grid,13,1.6079090899617815e-08,0.11079987270298704,single_mode_bsv_random_phase_gamma_intensity,shared_fig_iv2_intensity_cases,hhg_intensity_prediction,quantum_light_hhg_bsv_threshold_tdse_dipole_acceleration
BSV - 1e13 W/cm^2,10000000000000.0,0.016880323915389028,34.15916987010004,3.0841330272548727e-07,3.087999032039599e-05,9.348746883839878e-08,0.01,15.126023203404115,18.613676776582036,22.00238858521466,2.9907608109560786,tdse_dipole_acceleration,raw_fft_harmonic_order_grid,13,1.6079090899617815e-08,0.11079987270298704,single_mode_bsv_random_phase_gamma_intensity,shared_fig_iv2_intensity_cases,hhg_intensity_prediction,quantum_light_hhg_bsv_threshold_tdse_dipole_acceleration
BSV - 1e13 W/cm^2,10000000000000.0,0.016880323915389028,34.19916889805098,2.0214160885091857e-07,1.8060896802286684e-05,6.127396967443564e-08,0.01,15.126023203404115,18.613676776582036,22.00238858521466,2.9907608109560786,tdse_dipole_acceleration,raw_fft_harmonic_order_grid,13,1.6079090899617815e-08,0.11079987270298704,single_mode_bsv_random_phase_gamma_intensity,shared_fig_iv2_intensity_cases,hhg_intensity_prediction,quantum_light_hhg_bsv_threshold_tdse_dipole_acceleration
BSV - 1e13 W/cm^2,10000000000000.0,0.016880323915389028,34.23916792600191,2.5316251485009337e-07,2.3817975992626127e-05,7.673962993472035e-08,0.01,15.126023203404115,18.613676776582036,22.00238858521466,2.9907608109560786,tdse_dipole_acceleration,raw_fft_harmonic_order_grid,13,1.6079090899617815e-08,0.11079987270298704,single_mode_bsv_random_phase_gamma_intensity,shared_fig_iv2_intensity_cases,hhg_intensity_prediction,quantum_light_hhg_bsv_threshold_tdse_dipole_acceleration
BSV - 1e13 W/cm^2,10000000000000.0,0.016880323915389028,34.27916695395285,4.676121035842253e-07,3.941331453433862e-05,1.4174444349827226e-07,0.014174444349827226,15.126023203404115,18.613676776582036,22.00238858521466,2.9907608109560786,tdse_dipole_acceleration,raw_fft_harmonic_order_grid,13,1.6079090899617815e-08,0.11079987270298704,single_mode_bsv_random_phase_gamma_intensity,shared_fig_iv2_intensity_cases,hhg_intensity_prediction,quantum_light_hhg_bsv_threshold_tdse_dipole_acceleration
BSV - 1e13 W/cm^2,10000000000000.0,0.016880323915389028,34.31916598190379,4.6807411701096785e-07,3.8154510340089335e-05,1.4188449084854483e-07,0.014188449084854483,15.126023203404115,18.613676776582036,22.00238858521466,2.9907608109560786,tdse_dipole_acceleration,raw_fft_harmonic_order_grid,13,1.6079090899617815e-08,0.11079987270298704,single_mode_bsv_random_phase_gamma_intensity,shared_fig_iv2_intensity_cases,hhg_intensity_prediction,quantum_light_hhg_bsv_threshold_tdse_dipole_acceleration
BSV - 1e13 W/cm^2,10000000000000.0,0.016880323915389028,34.35916500985472,1.1386641263052735e-07,1.0820645671186003e-05,3.451564056564598e-08,0.01,15.126023203404115,18.613676776582036,22.00238858521466,2.9907608109560786,tdse_dipole_acceleration,raw_fft_harmonic_order_grid,13,1.6079090899617815e-08,0.11079987270298704,single_mode_bsv_random_phase_gamma_intensity,shared_fig_iv2_intensity_cases,hhg_intensity_prediction,quantum_light_hhg_bsv_threshold_tdse_dipole_acceleration
BSV - 1e13 W/cm^2,10000000000000.0,0.016880323915389028,34.399164037805654,4.840045626838717e-07,4.2170673175926255e-05,1.4671339099735907e-07,0.014671339099735907,15.126023203404115,18.613676776582036,22.00238858521466,2.9907608109560786,tdse_dipole_acceleration,raw_fft_harmonic_order_grid,13,1.6079090899617815e-08,0.11079987270298704,single_mode_bsv_random_phase_gamma_intensity,shared_fig_iv2_intensity_cases,hhg_intensity_prediction,quantum_light_hhg_bsv_threshold_tdse_dipole_acceleration
BSV - 1e13 W/cm^2,10000000000000.0,0.016880323915389028,34.439163065756595,4.1282758491142735e-07,3.479275028191119e-05,1.251379419725953e-07,0.01251379419725953,15.126023203404115,18.613676776582036,22.00238858521466,2.9907608109560786,tdse_dipole_acceleration,raw_fft_harmonic_order_grid,13,1.6079090899617815e-08,0.11079987270298704,single_mode_bsv_random_phase_gamma_intensity,shared_fig_iv2_intensity_cases,hhg_intensity_prediction,quantum_light_hhg_bsv_threshold_tdse_dipole_acceleration
BSV - 1e13 W/cm^2,10000000000000.0,0.016880323915389028,34.47916209370753,4.313479978422541e-07,3.618555473526858e-05,1.3075192331336142e-07,0.013075192331336142,15.126023203404115,18.613676776582036,22.00238858521466,2.9907608109560786,tdse_dipole_acceleration,raw_fft_harmonic_order_grid,13,1.6079090899617815e-08,0.11079987270298704,single_mode_bsv_random_phase_gamma_intensity,shared_fig_iv2_intensity_cases,hhg_intensity_prediction,quantum_light_hhg_bsv_threshold_tdse_dipole_acceleration
BSV - 1e13 W/cm^2,10000000000000.0,0.016880323915389028,34.51916112165847,4.213058550182488e-07,4.225425440719264e-05,1.2770790897924055e-07,0.012770790897924055,15.126023203404115,18.613676776582036,22.00238858521466,2.9907608109560786,tdse_dipole_acceleration,raw_fft_harmonic_order_grid,13,1.6079090899617815e-08,0.11079987270298704,single_mode_bsv_random_phase_gamma_intensity,shared_fig_iv2_intensity_cases,hhg_intensity_prediction,quantum_light_hhg_bsv_threshold_tdse_dipole_acceleration
BSV - 1e13 W/cm^2,10000000000000.0,0.016880323915389028,34.559160149609404,4.205846250833995e-07,3.3064850318300296e-05,1.2748928688848218e-07,0.012748928688848218,15.126023203404115,18.613676776582036,22.00238858521466,2.9907608109560786,tdse_dipole_acceleration,raw_fft_harmonic_order_grid,13,1.6079090899617815e-08,0.11079987270298704,single_mode_bsv_random_phase_gamma_intensity,shared_fig_iv2_intensity_cases,hhg_intensity_prediction,quantum_light_hhg_bsv_threshold_tdse_dipole_acceleration
BSV - 1e13 W/cm^2,10000000000000.0,0.016880323915389028,34.599159177560345,4.331528322950496e-07,4.70155868179065e-05,1.312990119219691e-07,0.01312990119219691,15.126023203404115,18.613676776582036,22.00238858521466,2.9907608109560786,tdse_dipole_acceleration,raw_fft_harmonic_order_grid,13,1.6079090899617815e-08,0.11079987270298704,single_mode_bsv_random_phase_gamma_intensity,shared_fig_iv2_intensity_cases,hhg_intensity_prediction,quantum_light_hhg_bsv_threshold_tdse_dipole_acceleration
BSV - 1e13 W/cm^2,10000000000000.0,0.016880323915389028,34.639158205511286,4.443895994301642e-07,4.1506849446802596e-05,1.3470514553587292e-07,0.013470514553587292,15.126023203404115,18.613676776582036,22.00238858521466,2.9907608109560786,tdse_dipole_acceleration,raw_fft_harmonic_order_grid,13,1.6079090899617815e-08,0.11079987270298704,single_mode_bsv_random_phase_gamma_intensity,shared_fig_iv2_intensity_cases,hhg_intensity_prediction,quantum_light_hhg_bsv_threshold_tdse_dipole_acceleration
BSV - 1e13 W/cm^2,10000000000000.0,0.016880323915389028,34.67915723346221,1.5589001280002779e-06,0.00016571624631306806,4.725400164347648e-07,0.04725400164347648,15.126023203404115,18.613676776582036,22.00238858521466,2.9907608109560786,tdse_dipole_acceleration,raw_fft_harmonic_order_grid,13,1.6079090899617815e-08,0.11079987270298704,single_mode_bsv_random_phase_gamma_intensity,shared_fig_iv2_intensity_cases,hhg_intensity_prediction,quantum_light_hhg_bsv_threshold_tdse_dipole_acceleration
BSV - 1e13 W/cm^2,10000000000000.0,0.016880323915389028,34.719156261413154,1.7985524724958192e-07,2.3380044629389414e-05,5.4518438971595865e-08,0.01,15.126023203404115,18.613676776582036,22.00238858521466,2.9907608109560786,tdse_dipole_acceleration,raw_fft_harmonic_order_grid,13,1.6079090899617815e-08,0.11079987270298704,single_mode_bsv_random_phase_gamma_intensity,shared_fig_iv2_intensity_cases,hhg_intensity_prediction,quantum_light_hhg_bsv_threshold_tdse_dipole_acceleration
BSV - 1e13 W/cm^2,10000000000000.0,0.016880323915389028,34.75915528936409,3.119113861684948e-06,0.0003435418954445477,9.454782182571257e-07,0.09454782182571257,15.126023203404115,18.613676776582036,22.00238858521466,2.9907608109560786,tdse_dipole_acceleration,raw_fft_harmonic_order_grid,13,1.6079090899617815e-08,0.11079987270298704,single_mode_bsv_random_phase_gamma_intensity,shared_fig_iv2_intensity_cases,hhg_intensity_prediction,quantum_light_hhg_bsv_threshold_tdse_dipole_acceleration
BSV - 1e13 W/cm^2,10000000000000.0,0.016880323915389028,34.79915431731503,1.1573515356861873e-06,0.0001195809368683,3.508210076263806e-07,0.03508210076263806,15.126023203404115,18.613676776582036,22.00238858521466,2.9907608109560786,tdse_dipole_acceleration,raw_fft_harmonic_order_grid,13,1.6079090899617815e-08,0.11079987270298704,single_mode_bsv_random_phase_gamma_intensity,shared_fig_iv2_intensity_cases,hhg_intensity_prediction,quantum_light_hhg_bsv_threshold_tdse_dipole_acceleration
BSV - 1e13 W/cm^2,10000000000000.0,0.016880323915389028,34.83915334526596,1.564511131333935e-06,0.00016218897786037832,4.742408461158189e-07,0.04742408461158189,15.126023203404115,18.613676776582036,22.00238858521466,2.9907608109560786,tdse_dipole_acceleration,raw_fft_harmonic_order_grid,13,1.6079090899617815e-08,0.11079987270298704,single_mode_bsv_random_phase_gamma_intensity,shared_fig_iv2_intensity_cases,hhg_intensity_prediction,quantum_light_hhg_bsv_threshold_tdse_dipole_acceleration
BSV - 1e13 W/cm^2,10000000000000.0,0.016880323915389028,34.8791523732169,1.0468205376095544e-05,0.0009272187139244363,3.1731641120641435e-06,0.31731641120641435,15.126023203404115,18.613676776582036,22.00238858521466,2.9907608109560786,tdse_dipole_acceleration,raw_fft_harmonic_order_grid,13,1.6079090899617815e-08,0.11079987270298704,single_mode_bsv_random_phase_gamma_intensity,shared_fig_iv2_intensity_cases,hhg_intensity_prediction,quantum_light_hhg_bsv_threshold_tdse_dipole_acceleration
BSV - 1e13 W/cm^2,10000000000000.0,0.016880323915389028,34.91915140116784,2.954615830960383e-06,0.00026539967196810517,8.956149199316678e-07,0.08956149199316678,15.126023203404115,18.613676776582036,22.00238858521466,2.9907608109560786,tdse_dipole_acceleration,raw_fft_harmonic_order_grid,13,1.6079090899617815e-08,0.11079987270298704,single_mode_bsv_random_phase_gamma_intensity,shared_fig_iv2_intensity_cases,hhg_intensity_prediction,quantum_light_hhg_bsv_threshold_tdse_dipole_acceleration
BSV - 1e13 W/cm^2,10000000000000.0,0.016880323915389028,34.95915042911877,0.0003849698435005282,0.03569139704810998,0.00011669359242915913,11.669359242915913,15.126023203404115,18.613676776582036,22.00238858521466,2.9907608109560786,tdse_dipole_acceleration,raw_fft_harmonic_order_grid,13,1.6079090899617815e-08,0.11079987270298704,single_mode_bsv_random_phase_gamma_intensity,shared_fig_iv2_intensity_cases,hhg_intensity_prediction,quantum_light_hhg_bsv_threshold_tdse_dipole_acceleration
BSV - 1e13 W/cm^2,10000000000000.0,0.016880323915389028,34.999149457069706,0.0009943567543596178,0.09519521291298168,0.00030141338024640245,30.141338024640245,15.126023203404115,18.613676776582036,22.00238858521466,2.9907608109560786,tdse_dipole_acceleration,raw_fft_harmonic_order_grid,13,1.6079090899617815e-08,0.11079987270298704,single_mode_bsv_random_phase_gamma_intensity,shared_fig_iv2_intensity_cases,hhg_intensity_prediction,quantum_light_hhg_bsv_threshold_tdse_dipole_acceleration
BSV - 1e13 W/cm^2,10000000000000.0,0.016880323915389028,35.03914848502065,0.0004522290027402696,0.0456906725151357,0.00013708145669427145,13.708145669427145,15.126023203404115,18.613676776582036,22.00238858521466,2.9907608109560786,tdse_dipole_acceleration,raw_fft_harmonic_order_grid,13,1.6079090899617815e-08,0.11079987270298704,single_mode_bsv_random_phase_gamma_intensity,shared_fig_iv2_intensity_cases,hhg_intensity_prediction,quantum_light_hhg_bsv_threshold_tdse_dipole_acceleration
BSV - 1e13 W/cm^2,10000000000000.0,0.016880323915389028,35.07914751297158,1.3152277122714076e-05,0.00157118640254766,3.986770631479981e-06,0.3986770631479981,15.126023203404115,18.613676776582036,22.00238858521466,2.9907608109560786,tdse_dipole_acceleration,raw_fft_harmonic_order_grid,13,1.6079090899617815e-08,0.11079987270298704,single_mode_bsv_random_phase_gamma_intensity,shared_fig_iv2_intensity_cases,hhg_intensity_prediction,quantum_light_hhg_bsv_threshold_tdse_dipole_acceleration
BSV - 1e13 W/cm^2,10000000000000.0,0.016880323915389028,35.11914654092252,5.1690053798757144e-06,0.0005503772126625662,1.5668495006739921e-06,0.15668495006739921,15.126023203404115,18.613676776582036,22.00238858521466,2.9907608109560786,tdse_dipole_acceleration,raw_fft_harmonic_order_grid,13,1.6079090899617815e-08,0.11079987270298704,single_mode_bsv_random_phase_gamma_intensity,shared_fig_iv2_intensity_cases,hhg_intensity_prediction,quantum_light_hhg_bsv_threshold_tdse_dipole_acceleration
BSV - 1e13 W/cm^2,10000000000000.0,0.016880323915389028,35.15914556887346,6.739321676154712e-07,6.797519761699846e-05,2.0428500315119267e-07,0.020428500315119266,15.126023203404115,18.613676776582036,22.00238858521466,2.9907608109560786,tdse_dipole_acceleration,raw_fft_harmonic_order_grid,13,1.6079090899617815e-08,0.11079987270298704,single_mode_bsv_random_phase_gamma_intensity,shared_fig_iv2_intensity_cases,hhg_intensity_prediction,quantum_light_hhg_bsv_threshold_tdse_dipole_acceleration
BSV - 1e13 W/cm^2,10000000000000.0,0.016880323915389028,35.1991445968244,1.4518099322499112e-07,1.5343709975110917e-05,4.4007840972183536e-08,0.01,15.126023203404115,18.613676776582036,22.00238858521466,2.9907608109560786,tdse_dipole_acceleration,raw_fft_harmonic_order_grid,13,1.6079090899617815e-08,0.11079987270298704,single_mode_bsv_random_phase_gamma_intensity,shared_fig_iv2_intensity_cases,hhg_intensity_prediction,quantum_light_hhg_bsv_threshold_tdse_dipole_acceleration
BSV - 1e13 W/cm^2,10000000000000.0,0.016880323915389028,35.23914362477533,5.806606481431921e-07,5.2049500341067896e-05,1.7601216863621698e-07,0.017601216863621698,15.126023203404115,18.613676776582036,22.00238858521466,2.9907608109560786,tdse_dipole_acceleration,raw_fft_harmonic_order_grid,13,1.6079090899617815e-08,0.11079987270298704,single_mode_bsv_random_phase_gamma_intensity,shared_fig_iv2_intensity_cases,hhg_intensity_prediction,quantum_light_hhg_bsv_threshold_tdse_dipole_acceleration
BSV - 1e13 W/cm^2,10000000000000.0,0.016880323915389028,35.279142652726264,3.7217522933476785e-07,2.788634174286137e-05,1.1281523801788552e-07,0.011281523801788552,15.126023203404115,18.613676776582036,22.00238858521466,2.9907608109560786,tdse_dipole_acceleration,raw_fft_harmonic_order_grid,13,1.6079090899617815e-08,0.11079987270298704,single_mode_bsv_random_phase_gamma_intensity,shared_fig_iv2_intensity_cases,hhg_intensity_prediction,quantum_light_hhg_bsv_threshold_tdse_dipole_acceleration
BSV - 1e13 W/cm^2,10000000000000.0,0.016880323915389028,35.319141680677205,6.551874418579795e-07,5.723867656851468e-05,1.9860302721289275e-07,0.019860302721289275,15.126023203404115,18.613676776582036,22.00238858521466,2.9907608109560786,tdse_dipole_acceleration,raw_fft_harmonic_order_grid,13,1.6079090899617815e-08,0.11079987270298704,single_mode_bsv_random_phase_gamma_intensity,shared_fig_iv2_intensity_cases,hhg_intensity_prediction,quantum_light_hhg_bsv_threshold_tdse_dipole_acceleration
BSV - 1e13 W/cm^2,10000000000000.0,0.016880323915389028,35.35914070862814,3.809656268400923e-07,3.450293193838999e-05,1.154798183248758e-07,0.01154798183248758,15.126023203404115,18.613676776582036,22.00238858521466,2.9907608109560786,tdse_dipole_acceleration,raw_fft_harmonic_order_grid,13,1.6079090899617815e-08,0.11079987270298704,single_mode_bsv_random_phase_gamma_intensity,shared_fig_iv2_intensity_cases,hhg_intensity_prediction,quantum_light_hhg_bsv_threshold_tdse_dipole_acceleration
BSV - 1e13 W/cm^2,10000000000000.0,0.016880323915389028,35.39913973657907,1.8128390229146494e-08,1.8512082651576754e-06,5.495149857871579e-09,0.01,15.126023203404115,18.613676776582036,22.00238858521466,2.9907608109560786,tdse_dipole_acceleration,raw_fft_harmonic_order_grid,13,1.6079090899617815e-08,0.11079987270298704,single_mode_bsv_random_phase_gamma_intensity,shared_fig_iv2_intensity_cases,hhg_intensity_prediction,quantum_light_hhg_bsv_threshold_tdse_dipole_acceleration
BSV - 1e13 W/cm^2,10000000000000.0,0.016880323915389028,35.43913876453002,3.080860952822548e-07,3.22266175558956e-05,9.338828441482638e-08,0.01,15.126023203404115,18.613676776582036,22.00238858521466,2.9907608109560786,tdse_dipole_acceleration,raw_fft_harmonic_order_grid,13,1.6079090899617815e-08,0.11079987270298704,single_mode_bsv_random_phase_gamma_intensity,shared_fig_iv2_intensity_cases,hhg_intensity_prediction,quantum_light_hhg_bsv_threshold_tdse_dipole_acceleration
BSV - 1e13 W/cm^2,10000000000000.0,0.016880323915389028,35.479137792480955,7.947843370104223e-08,7.888539641098644e-06,2.4091819413394238e-08,0.01,15.126023203404115,18.613676776582036,22.00238858521466,2.9907608109560786,tdse_dipole_acceleration,raw_fft_harmonic_order_grid,13,1.6079090899617815e-08,0.11079987270298704,single_mode_bsv_random_phase_gamma_intensity,shared_fig_iv2_intensity_cases,hhg_intensity_prediction,quantum_light_hhg_bsv_threshold_tdse_dipole_acceleration
BSV - 1e13 W/cm^2,10000000000000.0,0.016880323915389028,35.51913682043189,1.1270823375849588e-07,1.193385244705849e-05,3.4164568772531056e-08,0.01,15.126023203404115,18.613676776582036,22.00238858521466,2.9907608109560786,tdse_dipole_acceleration,raw_fft_harmonic_order_grid,13,1.6079090899617815e-08,0.11079987270298704,single_mode_bsv_random_phase_gamma_intensity,shared_fig_iv2_intensity_cases,hhg_intensity_prediction,quantum_light_hhg_bsv_threshold_tdse_dipole_acceleration
BSV - 1e13 W/cm^2,10000000000000.0,0.016880323915389028,35.55913584838283,1.0810213002739518e-07,1.1277749924435783e-05,3.2768348261864594e-08,0.01,15.126023203404115,18.613676776582036,22.00238858521466,2.9907608109560786,tdse_dipole_acceleration,raw_fft_harmonic_order_grid,13,1.6079090899617815e-08,0.11079987270298704,single_mode_bsv_random_phase_gamma_intensity,shared_fig_iv2_intensity_cases,hhg_intensity_prediction,quantum_light_hhg_bsv_threshold_tdse_dipole_acceleration
BSV - 1e13 W/cm^2,10000000000000.0,0.016880323915389028,35.599134876333764,7.79733791898158e-09,9.189995429058045e-07,2.3635601294801575e-09,0.01,15.126023203404115,18.613676776582036,22.00238858521466,2.9907608109560786,tdse_dipole_acceleration,raw_fft_harmonic_order_grid,13,1.6079090899617815e-08,0.11079987270298704,single_mode_bsv_random_phase_gamma_intensity,shared_fig_iv2_intensity_cases,hhg_intensity_prediction,quantum_light_hhg_bsv_threshold_tdse_dipole_acceleration
BSV - 1e13 W/cm^2,10000000000000.0,0.016880323915389028,35.6391339042847,1.2052563602126472e-07,1.2747722846262856e-05,3.653421088582319e-08,0.01,15.126023203404115,18.613676776582036,22.00238858521466,2.9907608109560786,tdse_dipole_acceleration,raw_fft_harmonic_order_grid,13,1.6079090899617815e-08,0.11079987270298704,single_mode_bsv_random_phase_gamma_intensity,shared_fig_iv2_intensity_cases,hhg_intensity_prediction,quantum_light_hhg_bsv_threshold_tdse_dipole_acceleration
BSV - 1e13 W/cm^2,10000000000000.0,0.016880323915389028,35.67913293223564,2.9354864869210288e-08,3.23436655050643e-06,8.898163569677028e-09,0.01,15.126023203404115,18.613676776582036,22.00238858521466,2.9907608109560786,tdse_dipole_acceleration,raw_fft_harmonic_order_grid,13,1.6079090899617815e-08,0.11079987270298704,single_mode_bsv_random_phase_gamma_intensity,shared_fig_iv2_intensity_cases,hhg_intensity_prediction,quantum_light_hhg_bsv_threshold_tdse_dipole_acceleration
BSV - 1e13 W/cm^2,10000000000000.0,0.016880323915389028,35.71913196018657,3.446637936491865e-08,3.9455653518184364e-06,1.0447586204536251e-08,0.01,15.126023203404115,18.613676776582036,22.00238858521466,2.9907608109560786,tdse_dipole_acceleration,raw_fft_harmonic_order_grid,13,1.6079090899617815e-08,0.11079987270298704,single_mode_bsv_random_phase_gamma_intensity,shared_fig_iv2_intensity_cases,hhg_intensity_prediction,quantum_light_hhg_bsv_threshold_tdse_dipole_acceleration
BSV - 1e13 W/cm^2,10000000000000.0,0.016880323915389028,35.75913098813751,5.0582848383671635e-08,4.235732810509072e-06,1.5332874490939263e-08,0.01,15.126023203404115,18.613676776582036,22.00238858521466,2.9907608109560786,tdse_dipole_acceleration,raw_fft_harmonic_order_grid,13,1.6079090899617815e-08,0.11079987270298704,single_mode_bsv_random_phase_gamma_intensity,shared_fig_iv2_intensity_cases,hhg_intensity_prediction,quantum_light_hhg_bsv_threshold_tdse_dipole_acceleration
BSV - 1e13 W/cm^2,10000000000000.0,0.016880323915389028,35.799130016088455,1.8619375689276773e-08,1.9989288544970587e-06,5.643979326310209e-09,0.01,15.126023203404115,18.613676776582036,22.00238858521466,2.9907608109560786,tdse_dipole_acceleration,raw_fft_harmonic_order_grid,13,1.6079090899617815e-08,0.11079987270298704,single_mode_bsv_random_phase_gamma_intensity,shared_fig_iv2_intensity_cases,hhg_intensity_prediction,quantum_light_hhg_bsv_threshold_tdse_dipole_acceleration
BSV - 1e13 W/cm^2,10000000000000.0,0.016880323915389028,35.83912904403939,5.381638787572837e-08,5.312532470928125e-06,1.631303786207132e-08,0.01,15.126023203404115,18.613676776582036,22.00238858521466,2.9907608109560786,tdse_dipole_acceleration,raw_fft_harmonic_order_grid,13,1.6079090899617815e-08,0.11079987270298704,single_mode_bsv_random_phase_gamma_intensity,shared_fig_iv2_intensity_cases,hhg_intensity_prediction,quantum_light_hhg_bsv_threshold_tdse_dipole_acceleration
BSV - 1e13 W/cm^2,10000000000000.0,0.016880323915389028,35.879128071990316,2.7244062004916976e-08,2.1338291375090028e-06,8.25832859739872e-09,0.01,15.126023203404115,18.613676776582036,22.00238858521466,2.9907608109560786,tdse_dipole_acceleration,raw_fft_harmonic_order_grid,13,1.6079090899617815e-08,0.11079987270298704,single_mode_bsv_random_phase_gamma_intensity,shared_fig_iv2_intensity_cases,hhg_intensity_prediction,quantum_light_hhg_bsv_threshold_tdse_dipole_acceleration
BSV - 1e13 W/cm^2,10000000000000.0,0.016880323915389028,35.91912709994125,1.6353657478076746e-08,1.932760998798428e-06,4.957185796996433e-09,0.01,15.126023203404115,18.613676776582036,22.00238858521466,2.9907608109560786,tdse_dipole_acceleration,raw_fft_harmonic_order_grid,13,1.6079090899617815e-08,0.11079987270298704,single_mode_bsv_random_phase_gamma_intensity,shared_fig_iv2_intensity_cases,hhg_intensity_prediction,quantum_light_hhg_bsv_threshold_tdse_dipole_acceleration
BSV - 1e13 W/cm^2,10000000000000.0,0.016880323915389028,35.9591261278922,8.21269530950121e-08,8.379564837450084e-06,2.489464916205797e-08,0.01,15.126023203404115,18.613676776582036,22.00238858521466,2.9907608109560786,tdse_dipole_acceleration,raw_fft_harmonic_order_grid,13,1.6079090899617815e-08,0.11079987270298704,single_mode_bsv_random_phase_gamma_intensity,shared_fig_iv2_intensity_cases,hhg_intensity_prediction,quantum_light_hhg_bsv_threshold_tdse_dipole_acceleration
BSV - 1e13 W/cm^2,10000000000000.0,0.016880323915389028,35.99912515584313,8.494252148323294e-08,1.0297604459196778e-05,2.574811546727264e-08,0.01,15.126023203404115,18.613676776582036,22.00238858521466,2.9907608109560786,tdse_dipole_acceleration,raw_fft_harmonic_order_grid,13,1.6079090899617815e-08,0.11079987270298704,single_mode_bsv_random_phase_gamma_intensity,shared_fig_iv2_intensity_cases,hhg_intensity_prediction,quantum_light_hhg_bsv_threshold_tdse_dipole_acceleration
BSV - 1e13 W/cm^2,10000000000000.0,0.016880323915389028,36.039124183794065,2.0543488662469537e-07,2.2499241946789774e-05,6.227224115148081e-08,0.01,15.126023203404115,18.613676776582036,22.00238858521466,2.9907608109560786,tdse_dipole_acceleration,raw_fft_harmonic_order_grid,13,1.6079090899617815e-08,0.11079987270298704,single_mode_bsv_random_phase_gamma_intensity,shared_fig_iv2_intensity_cases,hhg_intensity_prediction,quantum_light_hhg_bsv_threshold_tdse_dipole_acceleration
BSV - 1e13 W/cm^2,10000000000000.0,0.016880323915389028,36.07912321174501,1.0804215080255293e-07,1.1463452548279134e-05,3.275016712031253e-08,0.01,15.126023203404115,18.613676776582036,22.00238858521466,2.9907608109560786,tdse_dipole_acceleration,raw_fft_harmonic_order_grid,13,1.6079090899617815e-08,0.11079987270298704,single_mode_bsv_random_phase_gamma_intensity,shared_fig_iv2_intensity_cases,hhg_intensity_prediction,quantum_light_hhg_bsv_threshold_tdse_dipole_acceleration
BSV - 1e13 W/cm^2,10000000000000.0,0.016880323915389028,36.11912223969594,8.604531779896855e-08,8.338934104180743e-06,2.60823994793154e-08,0.01,15.126023203404115,18.613676776582036,22.00238858521466,2.9907608109560786,tdse_dipole_acceleration,raw_fft_harmonic_order_grid,13,1.6079090899617815e-08,0.11079987270298704,single_mode_bsv_random_phase_gamma_intensity,shared_fig_iv2_intensity_cases,hhg_intensity_prediction,quantum_light_hhg_bsv_threshold_tdse_dipole_acceleration
BSV - 1e13 W/cm^2,10000000000000.0,0.016880323915389028,36.15912126764688,2.8668642639883938e-08,2.9688792904238596e-06,8.690153154064491e-09,0.01,15.126023203404115,18.613676776582036,22.00238858521466,2.9907608109560786,tdse_dipole_acceleration,raw_fft_harmonic_order_grid,13,1.6079090899617815e-08,0.11079987270298704,single_mode_bsv_random_phase_gamma_intensity,shared_fig_iv2_intensity_cases,hhg_intensity_prediction,quantum_light_hhg_bsv_threshold_tdse_dipole_acceleration
BSV - 1e13 W/cm^2,10000000000000.0,0.016880323915389028,36.199120295597815,4.0401832280213944e-08,4.635966221280896e-06,1.2246764335170742e-08,0.01,15.126023203404115,18.613676776582036,22.00238858521466,2.9907608109560786,tdse_dipole_acceleration,raw_fft_harmonic_order_grid,13,1.6079090899617815e-08,0.11079987270298704,single_mode_bsv_random_phase_gamma_intensity,shared_fig_iv2_intensity_cases,hhg_intensity_prediction,quantum_light_hhg_bsv_threshold_tdse_dipole_acceleration
BSV - 1e13 W/cm^2,10000000000000.0,0.016880323915389028,36.23911932354875,9.342692935179433e-09,6.545765494920466e-07,2.831994297670533e-09,0.01,15.126023203404115,18.613676776582036,22.00238858521466,2.9907608109560786,tdse_dipole_acceleration,raw_fft_harmonic_order_grid,13,1.6079090899617815e-08,0.11079987270298704,single_mode_bsv_random_phase_gamma_intensity,shared_fig_iv2_intensity_cases,hhg_intensity_prediction,quantum_light_hhg_bsv_threshold_tdse_dipole_acceleration
BSV - 1e13 W/cm^2,10000000000000.0,0.016880323915389028,36.27911835149968,7.273989174124354e-08,7.3588679094894134e-06,2.204920573261003e-08,0.01,15.126023203404115,18.613676776582036,22.00238858521466,2.9907608109560786,tdse_dipole_acceleration,raw_fft_harmonic_order_grid,13,1.6079090899617815e-08,0.11079987270298704,single_mode_bsv_random_phase_gamma_intensity,shared_fig_iv2_intensity_cases,hhg_intensity_prediction,quantum_light_hhg_bsv_threshold_tdse_dipole_acceleration
BSV - 1e13 W/cm^2,10000000000000.0,0.016880323915389028,36.31911737945063,4.2757764143639565e-08,3.728340236946228e-06,1.296090378609914e-08,0.01,15.126023203404115,18.613676776582036,22.00238858521466,2.9907608109560786,tdse_dipole_acceleration,raw_fft_harmonic_order_grid,13,1.6079090899617815e-08,0.11079987270298704,single_mode_bsv_random_phase_gamma_intensity,shared_fig_iv2_intensity_cases,hhg_intensity_prediction,quantum_light_hhg_bsv_threshold_tdse_dipole_acceleration
BSV - 1e13 W/cm^2,10000000000000.0,0.016880323915389028,36.359116407401565,1.7379303363657688e-08,1.9131705689387036e-06,5.268083663334014e-09,0.01,15.126023203404115,18.613676776582036,22.00238858521466,2.9907608109560786,tdse_dipole_acceleration,raw_fft_harmonic_order_grid,13,1.6079090899617815e-08,0.11079987270298704,single_mode_bsv_random_phase_gamma_intensity,shared_fig_iv2_intensity_cases,hhg_intensity_prediction,quantum_light_hhg_bsv_threshold_tdse_dipole_acceleration
BSV - 1e13 W/cm^2,10000000000000.0,0.016880323915389028,36.3991154353525,6.144575597818998e-08,5.813063989528754e-06,1.86256823116864e-08,0.01,15.126023203404115,18.613676776582036,22.00238858521466,2.9907608109560786,tdse_dipole_acceleration,raw_fft_harmonic_order_grid,13,1.6079090899617815e-08,0.11079987270298704,single_mode_bsv_random_phase_gamma_intensity,shared_fig_iv2_intensity_cases,hhg_intensity_prediction,quantum_light_hhg_bsv_threshold_tdse_dipole_acceleration
BSV - 1e13 W/cm^2,10000000000000.0,0.016880323915389028,36.43911446330343,6.335524276854636e-08,6.138506799156723e-06,1.9204493553721792e-08,0.01,15.126023203404115,18.613676776582036,22.00238858521466,2.9907608109560786,tdse_dipole_acceleration,raw_fft_harmonic_order_grid,13,1.6079090899617815e-08,0.11079987270298704,single_mode_bsv_random_phase_gamma_intensity,shared_fig_iv2_intensity_cases,hhg_intensity_prediction,quantum_light_hhg_bsv_threshold_tdse_dipole_acceleration
BSV - 1e13 W/cm^2,10000000000000.0,0.016880323915389028,36.479113491254374,6.83966006168652e-08,6.469993814556879e-06,2.0732650026166246e-08,0.01,15.126023203404115,18.613676776582036,22.00238858521466,2.9907608109560786,tdse_dipole_acceleration,raw_fft_harmonic_order_grid,13,1.6079090899617815e-08,0.11079987270298704,single_mode_bsv_random_phase_gamma_intensity,shared_fig_iv2_intensity_cases,hhg_intensity_prediction,quantum_light_hhg_bsv_threshold_tdse_dipole_acceleration
BSV - 1e13 W/cm^2,10000000000000.0,0.016880323915389028,36.51911251920531,3.6440295938991085e-08,3.8968976521847e-06,1.1045927659257638e-08,0.01,15.126023203404115,18.613676776582036,22.00238858521466,2.9907608109560786,tdse_dipole_acceleration,raw_fft_harmonic_order_grid,13,1.6079090899617815e-08,0.11079987270298704,single_mode_bsv_random_phase_gamma_intensity,shared_fig_iv2_intensity_cases,hhg_intensity_prediction,quantum_light_hhg_bsv_threshold_tdse_dipole_acceleration
BSV - 1e13 W/cm^2,10000000000000.0,0.016880323915389028,36.55911154715624,6.651572622761454e-08,6.263508064056602e-06,2.0162511889127056e-08,0.01,15.126023203404115,18.613676776582036,22.00238858521466,2.9907608109560786,tdse_dipole_acceleration,raw_fft_harmonic_order_grid,13,1.6079090899617815e-08,0.11079987270298704,single_mode_bsv_random_phase_gamma_intensity,shared_fig_iv2_intensity_cases,hhg_intensity_prediction,quantum_light_hhg_bsv_threshold_tdse_dipole_acceleration
BSV - 1e13 W/cm^2,10000000000000.0,0.016880323915389028,36.59911057510718,3.588018652194375e-08,3.996403070041824e-06,1.0876145061653817e-08,0.01,15.126023203404115,18.613676776582036,22.00238858521466,2.9907608109560786,tdse_dipole_acceleration,raw_fft_harmonic_order_grid,13,1.6079090899617815e-08,0.11079987270298704,single_mode_bsv_random_phase_gamma_intensity,shared_fig_iv2_intensity_cases,hhg_intensity_prediction,quantum_light_hhg_bsv_threshold_tdse_dipole_acceleration
BSV - 1e13 W/cm^2,10000000000000.0,0.016880323915389028,36.63910960305812,3.045714022367394e-08,2.367447064170444e-06,9.232289665863865e-09,0.01,15.126023203404115,18.613676776582036,22.00238858521466,2.9907608109560786,tdse_dipole_acceleration,raw_fft_harmonic_order_grid,13,1.6079090899617815e-08,0.11079987270298704,single_mode_bsv_random_phase_gamma_intensity,shared_fig_iv2_intensity_cases,hhg_intensity_prediction,quantum_light_hhg_bsv_threshold_tdse_dipole_acceleration
BSV - 1e13 W/cm^2,10000000000000.0,0.016880323915389028,36.67910863100906,1.4676842964495733e-07,1.5501486201671652e-05,4.4489031023108874e-08,0.01,15.126023203404115,18.613676776582036,22.00238858521466,2.9907608109560786,tdse_dipole_acceleration,raw_fft_harmonic_order_grid,13,1.6079090899617815e-08,0.11079987270298704,single_mode_bsv_random_phase_gamma_intensity,shared_fig_iv2_intensity_cases,hhg_intensity_prediction,quantum_light_hhg_bsv_threshold_tdse_dipole_acceleration
BSV - 1e13 W/cm^2,10000000000000.0,0.016880323915389028,36.71910765896,1.8912521137165354e-08,2.225184706665068e-06,5.732838742173328e-09,0.01,15.126023203404115,18.613676776582036,22.00238858521466,2.9907608109560786,tdse_dipole_acceleration,raw_fft_harmonic_order_grid,13,1.6079090899617815e-08,0.11079987270298704,single_mode_bsv_random_phase_gamma_intensity,shared_fig_iv2_intensity_cases,hhg_intensity_prediction,quantum_light_hhg_bsv_threshold_tdse_dipole_acceleration
BSV - 1e13 W/cm^2,10000000000000.0,0.016880323915389028,36.75910668691093,2.462446025643227e-07,2.7995433369677345e-05,7.464264480623383e-08,0.01,15.126023203404115,18.613676776582036,22.00238858521466,2.9907608109560786,tdse_dipole_acceleration,raw_fft_harmonic_order_grid,13,1.6079090899617815e-08,0.11079987270298704,single_mode_bsv_random_phase_gamma_intensity,shared_fig_iv2_intensity_cases,hhg_intensity_prediction,quantum_light_hhg_bsv_threshold_tdse_dipole_acceleration
BSV - 1e13 W/cm^2,10000000000000.0,0.016880323915389028,36.79910571486187,1.4332989406509968e-07,1.3443505129064077e-05,4.344672842127269e-08,0.01,15.126023203404115,18.613676776582036,22.00238858521466,2.9907608109560786,tdse_dipole_acceleration,raw_fft_harmonic_order_grid,13,1.6079090899617815e-08,0.11079987270298704,single_mode_bsv_random_phase_gamma_intensity,shared_fig_iv2_intensity_cases,hhg_intensity_prediction,quantum_light_hhg_bsv_threshold_tdse_dipole_acceleration
BSV - 1e13 W/cm^2,10000000000000.0,0.016880323915389028,36.8391047428128,2.258344631765927e-07,2.3997814057180356e-05,6.84558420544208e-08,0.01,15.126023203404115,18.613676776582036,22.00238858521466,2.9907608109560786,tdse_dipole_acceleration,raw_fft_harmonic_order_grid,13,1.6079090899617815e-08,0.11079987270298704,single_mode_bsv_random_phase_gamma_intensity,shared_fig_iv2_intensity_cases,hhg_intensity_prediction,quantum_light_hhg_bsv_threshold_tdse_dipole_acceleration
BSV - 1e13 W/cm^2,10000000000000.0,0.016880323915389028,36.87910377076374,1.3757927044451565e-06,0.00012829458009974893,4.1703576482689714e-07,0.041703576482689714,15.126023203404115,18.613676776582036,22.00238858521466,2.9907608109560786,tdse_dipole_acceleration,raw_fft_harmonic_order_grid,13,1.6079090899617815e-08,0.11079987270298704,single_mode_bsv_random_phase_gamma_intensity,shared_fig_iv2_intensity_cases,hhg_intensity_prediction,quantum_light_hhg_bsv_threshold_tdse_dipole_acceleration
BSV - 1e13 W/cm^2,10000000000000.0,0.016880323915389028,36.919102798714675,4.2464476861705763e-07,3.9685770010979746e-05,1.287200137693526e-07,0.012872001376935262,15.126023203404115,18.613676776582036,22.00238858521466,2.9907608109560786,tdse_dipole_acceleration,raw_fft_harmonic_order_grid,13,1.6079090899617815e-08,0.11079987270298704,single_mode_bsv_random_phase_gamma_intensity,shared_fig_iv2_intensity_cases,hhg_intensity_prediction,quantum_light_hhg_bsv_threshold_tdse_dipole_acceleration
BSV - 1e13 W/cm^2,10000000000000.0,0.016880323915389028,36.95910182666561,4.260501828482952e-05,0.004205512635540184,1.2914602852937354e-05,1.2914602852937354,15.126023203404115,18.613676776582036,22.00238858521466,2.9907608109560786,tdse_dipole_acceleration,raw_fft_harmonic_order_grid,13,1.6079090899617815e-08,0.11079987270298704,single_mode_bsv_random_phase_gamma_intensity,shared_fig_iv2_intensity_cases,hhg_intensity_prediction,quantum_light_hhg_bsv_threshold_tdse_dipole_acceleration
BSV - 1e13 W/cm^2,10000000000000.0,0.016880323915389028,36.99910085461655,0.00010611481733781465,0.010723282051564335,3.2165946123249056e-05,3.2165946123249056,15.126023203404115,18.613676776582036,22.00238858521466,2.9907608109560786,tdse_dipole_acceleration,raw_fft_harmonic_order_grid,13,1.6079090899617815e-08,0.11079987270298704,single_mode_bsv_random_phase_gamma_intensity,shared_fig_iv2_intensity_cases,hhg_intensity_prediction,quantum_light_hhg_bsv_threshold_tdse_dipole_acceleration
BSV - 1e13 W/cm^2,10000000000000.0,0.016880323915389028,37.03909988256749,4.4015032498904485e-05,0.004579183770446012,1.3342011978079282e-05,1.3342011978079282,15.126023203404115,18.613676776582036,22.00238858521466,2.9907608109560786,tdse_dipole_acceleration,raw_fft_harmonic_order_grid,13,1.6079090899617815e-08,0.11079987270298704,single_mode_bsv_random_phase_gamma_intensity,shared_fig_iv2_intensity_cases,hhg_intensity_prediction,quantum_light_hhg_bsv_threshold_tdse_dipole_acceleration
BSV - 1e13 W/cm^2,10000000000000.0,0.016880323915389028,37.079098910518425,9.143499287935821e-07,0.00010808605046580187,2.771613925861249e-07,0.027716139258612486,15.126023203404115,18.613676776582036,22.00238858521466,2.9907608109560786,tdse_dipole_acceleration,raw_fft_harmonic_order_grid,13,1.6079090899617815e-08,0.11079987270298704,single_mode_bsv_random_phase_gamma_intensity,shared_fig_iv2_intensity_cases,hhg_intensity_prediction,quantum_light_hhg_bsv_threshold_tdse_dipole_acceleration
BSV - 1e13 W/cm^2,10000000000000.0,0.016880323915389028,37.11909793846936,3.96979293640278e-07,3.839736980049881e-05,1.203339447932901e-07,0.012033394479329008,15.126023203404115,18.613676776582036,22.00238858521466,2.9907608109560786,tdse_dipole_acceleration,raw_fft_harmonic_order_grid,13,1.6079090899617815e-08,0.11079987270298704,single_mode_bsv_random_phase_gamma_intensity,shared_fig_iv2_intensity_cases,hhg_intensity_prediction,quantum_light_hhg_bsv_threshold_tdse_dipole_acceleration
BSV - 1e13 W/cm^2,10000000000000.0,0.016880323915389028,37.1590969664203,4.664468169450065e-08,3.694386367633636e-06,1.4139121717045482e-08,0.01,15.126023203404115,18.613676776582036,22.00238858521466,2.9907608109560786,tdse_dipole_acceleration,raw_fft_harmonic_order_grid,13,1.6079090899617815e-08,0.11079987270298704,single_mode_bsv_random_phase_gamma_intensity,shared_fig_iv2_intensity_cases,hhg_intensity_prediction,quantum_light_hhg_bsv_threshold_tdse_dipole_acceleration
BSV - 1e13 W/cm^2,10000000000000.0,0.016880323915389028,37.199095994371234,1.4400766968666864e-08,1.6930136359794536e-06,4.365217846749606e-09,0.01,15.126023203404115,18.613676776582036,22.00238858521466,2.9907608109560786,tdse_dipole_acceleration,raw_fft_harmonic_order_grid,13,1.6079090899617815e-08,0.11079987270298704,single_mode_bsv_random_phase_gamma_intensity,shared_fig_iv2_intensity_cases,hhg_intensity_prediction,quantum_light_hhg_bsv_threshold_tdse_dipole_acceleration
BSV - 1e13 W/cm^2,10000000000000.0,0.016880323915389028,37.239095022322175,9.784032391657936e-08,9.85674889220109e-06,2.9657748717251296e-08,0.01,15.126023203404115,18.613676776582036,22.00238858521466,2.9907608109560786,tdse_dipole_acceleration,raw_fft_harmonic_order_grid,13,1.6079090899617815e-08,0.11079987270298704,single_mode_bsv_random_phase_gamma_intensity,shared_fig_iv2_intensity_cases,hhg_intensity_prediction,quantum_light_hhg_bsv_threshold_tdse_dipole_acceleration
BSV - 1e13 W/cm^2,10000000000000.0,0.016880323915389028,37.27909405027311,4.150498948037043e-08,3.3332593039006427e-06,1.2581157739936685e-08,0.01,15.126023203404115,18.613676776582036,22.00238858521466,2.9907608109560786,tdse_dipole_acceleration,raw_fft_harmonic_order_grid,13,1.6079090899617815e-08,0.11079987270298704,single_mode_bsv_random_phase_gamma_intensity,shared_fig_iv2_intensity_cases,hhg_intensity_prediction,quantum_light_hhg_bsv_threshold_tdse_dipole_acceleration
BSV - 1e13 W/cm^2,10000000000000.0,0.016880323915389028,37.31909307822404,7.016413110179626e-08,6.798649599487631e-06,2.1268430907440333e-08,0.01,15.126023203404115,18.613676776582036,22.00238858521466,2.9907608109560786,tdse_dipole_acceleration,raw_fft_harmonic_order_grid,13,1.6079090899617815e-08,0.11079987270298704,single_mode_bsv_random_phase_gamma_intensity,shared_fig_iv2_intensity_cases,hhg_intensity_prediction,quantum_light_hhg_bsv_threshold_tdse_dipole_acceleration
BSV - 1e13 W/cm^2,10000000000000.0,0.016880323915389028,37.35909210617499,5.244237148257412e-08,5.517658652682523e-06,1.589654053979858e-08,0.01,15.126023203404115,18.613676776582036,22.00238858521466,2.9907608109560786,tdse_dipole_acceleration,raw_fft_harmonic_order_grid,13,1.6079090899617815e-08,0.11079987270298704,single_mode_bsv_random_phase_gamma_intensity,shared_fig_iv2_intensity_cases,hhg_intensity_prediction,quantum_light_hhg_bsv_threshold_tdse_dipole_acceleration
BSV - 1e13 W/cm^2,10000000000000.0,0.016880323915389028,37.399091134125925,6.342215183502293e-09,8.024275856790838e-07,1.922477529647399e-09,0.01,15.126023203404115,18.613676776582036,22.00238858521466,2.9907608109560786,tdse_dipole_acceleration,raw_fft_harmonic_order_grid,13,1.6079090899617815e-08,0.11079987270298704,single_mode_bsv_random_phase_gamma_intensity,shared_fig_iv2_intensity_cases,hhg_intensity_prediction,quantum_light_hhg_bsv_threshold_tdse_dipole_acceleration
BSV - 1e13 W/cm^2,10000000000000.0,0.016880323915389028,37.43909016207685,3.995134169043112e-08,4.631641965394529e-06,1.2110209833136828e-08,0.01,15.126023203404115,18.613676776582036,22.00238858521466,2.9907608109560786,tdse_dipole_acceleration,raw_fft_harmonic_order_grid,13,1.6079090899617815e-08,0.11079987270298704,single_mode_bsv_random_phase_gamma_intensity,shared_fig_iv2_intensity_cases,hhg_intensity_prediction,quantum_light_hhg_bsv_threshold_tdse_dipole_acceleration
BSV - 1e13 W/cm^2,10000000000000.0,0.016880323915389028,37.479089190027786,1.7238130515511816e-08,2.0547887444910462e-06,5.225290787264033e-09,0.01,15.126023203404115,18.613676776582036,22.00238858521466,2.9907608109560786,tdse_dipole_acceleration,raw_fft_harmonic_order_grid,13,1.6079090899617815e-08,0.11079987270298704,single_mode_bsv_random_phase_gamma_intensity,shared_fig_iv2_intensity_cases,hhg_intensity_prediction,quantum_light_hhg_bsv_threshold_tdse_dipole_acceleration
BSV - 1e13 W/cm^2,10000000000000.0,0.016880323915389028,37.519088217978734,1.1956060532095935e-08,1.416304448070843e-06,3.6241686935897468e-09,0.01,15.126023203404115,18.613676776582036,22.00238858521466,2.9907608109560786,tdse_dipole_acceleration,raw_fft_harmonic_order_grid,13,1.6079090899617815e-08,0.11079987270298704,single_mode_bsv_random_phase_gamma_intensity,shared_fig_iv2_intensity_cases,hhg_intensity_prediction,quantum_light_hhg_bsv_threshold_tdse_dipole_acceleration
BSV - 1e13 W/cm^2,10000000000000.0,0.016880323915389028,37.55908724592967,1.883084117260283e-08,2.1950162058211743e-06,5.7080795859557465e-09,0.01,15.126023203404115,18.613676776582036,22.00238858521466,2.9907608109560786,tdse_dipole_acceleration,raw_fft_harmonic_order_grid,13,1.6079090899617815e-08,0.11079987270298704,single_mode_bsv_random_phase_gamma_intensity,shared_fig_iv2_intensity_cases,hhg_intensity_prediction,quantum_light_hhg_bsv_threshold_tdse_dipole_acceleration
BSV - 1e13 W/cm^2,10000000000000.0,0.016880323915389028,37.5990862738806,1.2991805634453523e-09,1.8125065449857577e-07,3.9381278747453175e-10,0.01,15.126023203404115,18.613676776582036,22.00238858521466,2.9907608109560786,tdse_dipole_acceleration,raw_fft_harmonic_order_grid,13,1.6079090899617815e-08,0.11079987270298704,single_mode_bsv_random_phase_gamma_intensity,shared_fig_iv2_intensity_cases,hhg_intensity_prediction,quantum_light_hhg_bsv_threshold_tdse_dipole_acceleration
BSV - 1e13 W/cm^2,10000000000000.0,0.016880323915389028,37.63908530183154,1.6515958696975942e-08,2.0114261176599116e-06,5.006383188970729e-09,0.01,15.126023203404115,18.613676776582036,22.00238858521466,2.9907608109560786,tdse_dipole_acceleration,raw_fft_harmonic_order_grid,13,1.6079090899617815e-08,0.11079987270298704,single_mode_bsv_random_phase_gamma_intensity,shared_fig_iv2_intensity_cases,hhg_intensity_prediction,quantum_light_hhg_bsv_threshold_tdse_dipole_acceleration
BSV - 1e13 W/cm^2,10000000000000.0,0.016880323915389028,37.67908432978248,7.20323934457838e-09,9.951063612303372e-07,2.183474603108125e-09,0.01,15.126023203404115,18.613676776582036,22.00238858521466,2.9907608109560786,tdse_dipole_acceleration,raw_fft_harmonic_order_grid,13,1.6079090899617815e-08,0.11079987270298704,single_mode_bsv_random_phase_gamma_intensity,shared_fig_iv2_intensity_cases,hhg_intensity_prediction,quantum_light_hhg_bsv_threshold_tdse_dipole_acceleration
BSV - 1e13 W/cm^2,10000000000000.0,0.016880323915389028,37.71908335773342,3.971206384707191e-09,5.214349938347411e-07,1.2037678980131846e-09,0.01,15.126023203404115,18.613676776582036,22.00238858521466,2.9907608109560786,tdse_dipole_acceleration,raw_fft_harmonic_order_grid,13,1.6079090899617815e-08,0.11079987270298704,single_mode_bsv_random_phase_gamma_intensity,shared_fig_iv2_intensity_cases,hhg_intensity_prediction,quantum_light_hhg_bsv_threshold_tdse_dipole_acceleration
BSV - 1e13 W/cm^2,10000000000000.0,0.016880323915389028,37.75908238568435,1.4907768422479926e-08,1.869929388403341e-06,4.518902146990571e-09,0.01,15.126023203404115,18.613676776582036,22.00238858521466,2.9907608109560786,tdse_dipole_acceleration,raw_fft_harmonic_order_grid,13,1.6079090899617815e-08,0.11079987270298704,single_mode_bsv_random_phase_gamma_intensity,shared_fig_iv2_intensity_cases,hhg_intensity_prediction,quantum_light_hhg_bsv_threshold_tdse_dipole_acceleration
BSV - 1e13 W/cm^2,10000000000000.0,0.016880323915389028,37.799081413635285,3.2143425940644686e-09,3.9725298755450585e-07,9.743443309447966e-10,0.01,15.126023203404115,18.613676776582036,22.00238858521466,2.9907608109560786,tdse_dipole_acceleration,raw_fft_harmonic_order_grid,13,1.6079090899617815e-08,0.11079987270298704,single_mode_bsv_random_phase_gamma_intensity,shared_fig_iv2_intensity_cases,hhg_intensity_prediction,quantum_light_hhg_bsv_threshold_tdse_dipole_acceleration
BSV - 1e13 W/cm^2,10000000000000.0,0.016880323915389028,37.83908044158622,5.421024229125499e-09,5.968928770338847e-07,1.6432424581363333e-09,0.01,15.126023203404115,18.613676776582036,22.00238858521466,2.9907608109560786,tdse_dipole_acceleration,raw_fft_harmonic_order_grid,13,1.6079090899617815e-08,0.11079987270298704,single_mode_bsv_random_phase_gamma_intensity,shared_fig_iv2_intensity_cases,hhg_intensity_prediction,quantum_light_hhg_bsv_threshold_tdse_dipole_acceleration
BSV - 1e13 W/cm^2,10000000000000.0,0.016880323915389028,37.87907946953717,5.901822364235649e-09,7.06517797386052e-07,1.7889839040352422e-09,0.01,15.126023203404115,18.613676776582036,22.00238858521466,2.9907608109560786,tdse_dipole_acceleration,raw_fft_harmonic_order_grid,13,1.6079090899617815e-08,0.11079987270298704,single_mode_bsv_random_phase_gamma_intensity,shared_fig_iv2_intensity_cases,hhg_intensity_prediction,quantum_light_hhg_bsv_threshold_tdse_dipole_acceleration
BSV - 1e13 W/cm^2,10000000000000.0,0.016880323915389028,37.9190784974881,1.3973147691113271e-09,1.7742844335358973e-07,4.235596187982919e-10,0.01,15.126023203404115,18.613676776582036,22.00238858521466,2.9907608109560786,tdse_dipole_acceleration,raw_fft_harmonic_order_grid,13,1.6079090899617815e-08,0.11079987270298704,single_mode_bsv_random_phase_gamma_intensity,shared_fig_iv2_intensity_cases,hhg_intensity_prediction,quantum_light_hhg_bsv_threshold_tdse_dipole_acceleration
BSV - 1e13 W/cm^2,10000000000000.0,0.016880323915389028,37.959077525439035,9.056509061964303e-09,1.0745371145330613e-06,2.745245102052776e-09,0.01,15.126023203404115,18.613676776582036,22.00238858521466,2.9907608109560786,tdse_dipole_acceleration,raw_fft_harmonic_order_grid,13,1.6079090899617815e-08,0.11079987270298704,single_mode_bsv_random_phase_gamma_intensity,shared_fig_iv2_intensity_cases,hhg_intensity_prediction,quantum_light_hhg_bsv_threshold_tdse_dipole_acceleration
BSV - 1e13 W/cm^2,10000000000000.0,0.016880323915389028,37.99907655338997,1.556306326112914e-08,2.1269840644429973e-06,4.717537728746621e-09,0.01,15.126023203404115,18.613676776582036,22.00238858521466,2.9907608109560786,tdse_dipole_acceleration,raw_fft_harmonic_order_grid,13,1.6079090899617815e-08,0.11079987270298704,single_mode_bsv_random_phase_gamma_intensity,shared_fig_iv2_intensity_cases,hhg_intensity_prediction,quantum_light_hhg_bsv_threshold_tdse_dipole_acceleration
BSV - 1e13 W/cm^2,10000000000000.0,0.016880323915389028,38.03907558134091,3.74960357831169e-08,4.987099989426357e-06,1.1365947726183926e-08,0.01,15.126023203404115,18.613676776582036,22.00238858521466,2.9907608109560786,tdse_dipole_acceleration,raw_fft_harmonic_order_grid,13,1.6079090899617815e-08,0.11079987270298704,single_mode_bsv_random_phase_gamma_intensity,shared_fig_iv2_intensity_cases,hhg_intensity_prediction,quantum_light_hhg_bsv_threshold_tdse_dipole_acceleration
BSV - 1e13 W/cm^2,10000000000000.0,0.016880323915389028,38.079074609291844,1.8566138420647163e-08,2.304771243907718e-06,5.627841833380852e-09,0.01,15.126023203404115,18.613676776582036,22.00238858521466,2.9907608109560786,tdse_dipole_acceleration,raw_fft_harmonic_order_grid,13,1.6079090899617815e-08,0.11079987270298704,single_mode_bsv_random_phase_gamma_intensity,shared_fig_iv2_intensity_cases,hhg_intensity_prediction,quantum_light_hhg_bsv_threshold_tdse_dipole_acceleration
BSV - 1e13 W/cm^2,10000000000000.0,0.016880323915389028,38.11907363724278,1.0626767396162425e-08,1.254984363614248e-06,3.2212280631938722e-09,0.01,15.126023203404115,18.613676776582036,22.00238858521466,2.9907608109560786,tdse_dipole_acceleration,raw_fft_harmonic_order_grid,13,1.6079090899617815e-08,0.11079987270298704,single_mode_bsv_random_phase_gamma_intensity,shared_fig_iv2_intensity_cases,hhg_intensity_prediction,quantum_light_hhg_bsv_threshold_tdse_dipole_acceleration
BSV - 1e13 W/cm^2,10000000000000.0,0.016880323915389028,38.15907266519372,4.2977315023461475e-09,5.773776400954362e-07,1.3027454923337417e-09,0.01,15.126023203404115,18.613676776582036,22.00238858521466,2.9907608109560786,tdse_dipole_acceleration,raw_fft_harmonic_order_grid,13,1.6079090899617815e-08,0.11079987270298704,single_mode_bsv_random_phase_gamma_intensity,shared_fig_iv2_intensity_cases,hhg_intensity_prediction,quantum_light_hhg_bsv_threshold_tdse_dipole_acceleration
BSV - 1e13 W/cm^2,10000000000000.0,0.016880323915389028,38.19907169314465,4.7114301572406856e-09,6.052719843075173e-07,1.4281474765093888e-09,0.01,15.126023203404115,18.613676776582036,22.00238858521466,2.9907608109560786,tdse_dipole_acceleration,raw_fft_harmonic_order_grid,13,1.6079090899617815e-08,0.11079987270298704,single_mode_bsv_random_phase_gamma_intensity,shared_fig_iv2_intensity_cases,hhg_intensity_prediction,quantum_light_hhg_bsv_threshold_tdse_dipole_acceleration
BSV - 1e13 W/cm^2,10000000000000.0,0.016880323915389028,38.239070721095594,3.406419787229887e-09,4.6371153093502284e-07,1.0325675348466146e-09,0.01,15.126023203404115,18.613676776582036,22.00238858521466,2.9907608109560786,tdse_dipole_acceleration,raw_fft_harmonic_order_grid,13,1.6079090899617815e-08,0.11079987270298704,single_mode_bsv_random_phase_gamma_intensity,shared_fig_iv2_intensity_cases,hhg_intensity_prediction,quantum_light_hhg_bsv_threshold_tdse_dipole_acceleration
BSV - 1e13 W/cm^2,10000000000000.0,0.016880323915389028,38.279069749046535,1.1879478234136009e-08,1.4687377318210144e-06,3.6009547623785043e-09,0.01,15.126023203404115,18.613676776582036,22.00238858521466,2.9907608109560786,tdse_dipole_acceleration,raw_fft_harmonic_order_grid,13,1.6079090899617815e-08,0.11079987270298704,single_mode_bsv_random_phase_gamma_intensity,shared_fig_iv2_intensity_cases,hhg_intensity_prediction,quantum_light_hhg_bsv_threshold_tdse_dipole_acceleration
BSV - 1e13 W/cm^2,10000000000000.0,0.016880323915389028,38.31906877699747,9.115525942144498e-09,1.1115203480609948e-06,2.7631345338575265e-09,0.01,15.126023203404115,18.613676776582036,22.00238858521466,2.9907608109560786,tdse_dipole_acceleration,raw_fft_harmonic_order_grid,13,1.6079090899617815e-08,0.11079987270298704,single_mode_bsv_random_phase_gamma_intensity,shared_fig_iv2_intensity_cases,hhg_intensity_prediction,quantum_light_hhg_bsv_threshold_tdse_dipole_acceleration
BSV - 1e13 W/cm^2,10000000000000.0,0.016880323915389028,38.359067804948396,3.130750969962519e-09,4.03492998587023e-07,9.490057048728274e-10,0.01,15.126023203404115,18.613676776582036,22.00238858521466,2.9907608109560786,tdse_dipole_acceleration,raw_fft_harmonic_order_grid,13,1.6079090899617815e-08,0.11079987270298704,single_mode_bsv_random_phase_gamma_intensity,shared_fig_iv2_intensity_cases,hhg_intensity_prediction,quantum_light_hhg_bsv_threshold_tdse_dipole_acceleration
BSV - 1e13 W/cm^2,10000000000000.0,0.016880323915389028,38.39906683289934,6.9145320359869e-09,7.661840272486416e-07,2.095960493707378e-09,0.01,15.126023203404115,18.613676776582036,22.00238858521466,2.9907608109560786,tdse_dipole_acceleration,raw_fft_harmonic_order_grid,13,1.6079090899617815e-08,0.11079987270298704,single_mode_bsv_random_phase_gamma_intensity,shared_fig_iv2_intensity_cases,hhg_intensity_prediction,quantum_light_hhg_bsv_threshold_tdse_dipole_acceleration
BSV - 1e13 W/cm^2,10000000000000.0,0.016880323915389028,38.43906586085028,7.744892190686538e-09,9.143349291705508e-07,2.347662571409992e-09,0.01,15.126023203404115,18.613676776582036,22.00238858521466,2.9907608109560786,tdse_dipole_acceleration,raw_fft_harmonic_order_grid,13,1.6079090899617815e-08,0.11079987270298704,single_mode_bsv_random_phase_gamma_intensity,shared_fig_iv2_intensity_cases,hhg_intensity_prediction,quantum_light_hhg_bsv_threshold_tdse_dipole_acceleration
BSV - 1e13 W/cm^2,10000000000000.0,0.016880323915389028,38.47906488880121,1.6468258511081868e-08,1.9631020486480447e-06,4.991924118616272e-09,0.01,15.126023203404115,18.613676776582036,22.00238858521466,2.9907608109560786,tdse_dipole_acceleration,raw_fft_harmonic_order_grid,13,1.6079090899617815e-08,0.11079987270298704,single_mode_bsv_random_phase_gamma_intensity,shared_fig_iv2_intensity_cases,hhg_intensity_prediction,quantum_light_hhg_bsv_threshold_tdse_dipole_acceleration
BSV - 1e13 W/cm^2,10000000000000.0,0.016880323915389028,38.519063916752145,2.8540583424435337e-09,3.3884732626624864e-07,8.651335334573817e-10,0.01,15.126023203404115,18.613676776582036,22.00238858521466,2.9907608109560786,tdse_dipole_acceleration,raw_fft_harmonic_order_grid,13,1.6079090899617815e-08,0.11079987270298704,single_mode_bsv_random_phase_gamma_intensity,shared_fig_iv2_intensity_cases,hhg_intensity_prediction,quantum_light_hhg_bsv_threshold_tdse_dipole_acceleration
BSV - 1e13 W/cm^2,10000000000000.0,0.016880323915389028,38.559062944703086,1.3289964493787141e-08,1.6460113086780322e-06,4.028506975855798e-09,0.01,15.126023203404115,18.613676776582036,22.00238858521466,2.9907608109560786,tdse_dipole_acceleration,raw_fft_harmonic_order_grid,13,1.6079090899617815e-08,0.11079987270298704,single_mode_bsv_random_phase_gamma_intensity,shared_fig_iv2_intensity_cases,hhg_intensity_prediction,quantum_light_hhg_bsv_threshold_tdse_dipole_acceleration
BSV - 1e13 W/cm^2,10000000000000.0,0.016880323915389028,38.59906197265403,1.5162780389701591e-09,1.825457856930125e-07,4.5962023902951675e-10,0.01,15.126023203404115,18.613676776582036,22.00238858521466,2.9907608109560786,tdse_dipole_acceleration,raw_fft_harmonic_order_grid,13,1.6079090899617815e-08,0.11079987270298704,single_mode_bsv_random_phase_gamma_intensity,shared_fig_iv2_intensity_cases,hhg_intensity_prediction,quantum_light_hhg_bsv_threshold_tdse_dipole_acceleration
BSV - 1e13 W/cm^2,10000000000000.0,0.016880323915389028,38.63906100060496,8.088760024085044e-09,9.753296412566997e-07,2.451897158813585e-09,0.01,15.126023203404115,18.613676776582036,22.00238858521466,2.9907608109560786,tdse_dipole_acceleration,raw_fft_harmonic_order_grid,13,1.6079090899617815e-08,0.11079987270298704,single_mode_bsv_random_phase_gamma_intensity,shared_fig_iv2_intensity_cases,hhg_intensity_prediction,quantum_light_hhg_bsv_threshold_tdse_dipole_acceleration
BSV - 1e13 W/cm^2,10000000000000.0,0.016880323915389028,38.679060028555895,1.3791612352477188e-08,1.64618051546062e-06,4.180568473017865e-09,0.01,15.126023203404115,18.613676776582036,22.00238858521466,2.9907608109560786,tdse_dipole_acceleration,raw_fft_harmonic_order_grid,13,1.6079090899617815e-08,0.11079987270298704,single_mode_bsv_random_phase_gamma_intensity,shared_fig_iv2_intensity_cases,hhg_intensity_prediction,quantum_light_hhg_bsv_threshold_tdse_dipole_acceleration
BSV - 1e13 W/cm^2,10000000000000.0,0.016880323915389028,38.719059056506836,6.509832991126641e-09,8.278667538291423e-07,1.9732865071738633e-09,0.01,15.126023203404115,18.613676776582036,22.00238858521466,2.9907608109560786,tdse_dipole_acceleration,raw_fft_harmonic_order_grid,13,1.6079090899617815e-08,0.11079987270298704,single_mode_bsv_random_phase_gamma_intensity,shared_fig_iv2_intensity_cases,hhg_intensity_prediction,quantum_light_hhg_bsv_threshold_tdse_dipole_acceleration
BSV - 1e13 W/cm^2,10000000000000.0,0.016880323915389028,38.75905808445777,1.476831573867492e-08,2.015940376604064e-06,4.4766306939876e-09,0.01,15.126023203404115,18.613676776582036,22.00238858521466,2.9907608109560786,tdse_dipole_acceleration,raw_fft_harmonic_order_grid,13,1.6079090899617815e-08,0.11079987270298704,single_mode_bsv_random_phase_gamma_intensity,shared_fig_iv2_intensity_cases,hhg_intensity_prediction,quantum_light_hhg_bsv_threshold_tdse_dipole_acceleration
BSV - 1e13 W/cm^2,10000000000000.0,0.016880323915389028,38.79905711240871,4.0518400891950464e-08,4.742357835098881e-06,1.2282099077093186e-08,0.01,15.126023203404115,18.613676776582036,22.00238858521466,2.9907608109560786,tdse_dipole_acceleration,raw_fft_harmonic_order_grid,13,1.6079090899617815e-08,0.11079987270298704,single_mode_bsv_random_phase_gamma_intensity,shared_fig_iv2_intensity_cases,hhg_intensity_prediction,quantum_light_hhg_bsv_threshold_tdse_dipole_acceleration
BSV - 1e13 W/cm^2,10000000000000.0,0.016880323915389028,38.839056140359645,3.8260334740968845e-08,4.726732690702004e-06,1.1597625070753602e-08,0.01,15.126023203404115,18.613676776582036,22.00238858521466,2.9907608109560786,tdse_dipole_acceleration,raw_fft_harmonic_order_grid,13,1.6079090899617815e-08,0.11079987270298704,single_mode_bsv_random_phase_gamma_intensity,shared_fig_iv2_intensity_cases,hhg_intensity_prediction,quantum_light_hhg_bsv_threshold_tdse_dipole_acceleration
BSV - 1e13 W/cm^2,10000000000000.0,0.016880323915389028,38.87905516831058,2.5423593772592143e-07,3.0213829424772916e-05,7.706501015265382e-08,0.01,15.126023203404115,18.613676776582036,22.00238858521466,2.9907608109560786,tdse_dipole_acceleration,raw_fft_harmonic_order_grid,13,1.6079090899617815e-08,0.11079987270298704,single_mode_bsv_random_phase_gamma_intensity,shared_fig_iv2_intensity_cases,hhg_intensity_prediction,quantum_light_hhg_bsv_threshold_tdse_dipole_acceleration
BSV - 1e13 W/cm^2,10000000000000.0,0.016880323915389028,38.91905419626153,1.0111816307865281e-07,1.1954138680179183e-05,3.0651340380819644e-08,0.01,15.126023203404115,18.613676776582036,22.00238858521466,2.9907608109560786,tdse_dipole_acceleration,raw_fft_harmonic_order_grid,13,1.6079090899617815e-08,0.11079987270298704,single_mode_bsv_random_phase_gamma_intensity,shared_fig_iv2_intensity_cases,hhg_intensity_prediction,quantum_light_hhg_bsv_threshold_tdse_dipole_acceleration
BSV - 1e13 W/cm^2,10000000000000.0,0.016880323915389028,38.959053224212454,7.03792115834606e-06,0.0008818558896714815,2.1333626959781952e-06,0.2133362695978195,15.126023203404115,18.613676776582036,22.00238858521466,2.9907608109560786,tdse_dipole_acceleration,raw_fft_harmonic_order_grid,13,1.6079090899617815e-08,0.11079987270298704,single_mode_bsv_random_phase_gamma_intensity,shared_fig_iv2_intensity_cases,hhg_intensity_prediction,quantum_light_hhg_bsv_threshold_tdse_dipole_acceleration
BSV - 1e13 W/cm^2,10000000000000.0,0.016880323915389028,38.99905225216339,1.745276480223946e-05,0.0022370715020510715,5.290351587219094e-06,0.5290351587219094,15.126023203404115,18.613676776582036,22.00238858521466,2.9907608109560786,tdse_dipole_acceleration,raw_fft_harmonic_order_grid,13,1.6079090899617815e-08,0.11079987270298704,single_mode_bsv_random_phase_gamma_intensity,shared_fig_iv2_intensity_cases,hhg_intensity_prediction,quantum_light_hhg_bsv_threshold_tdse_dipole_acceleration
BSV - 1e13 W/cm^2,10000000000000.0,0.016880323915389028,39.03905128011432,7.606173995796136e-06,0.001012366388962335,2.305613759612538e-06,0.23056137596125378,15.126023203404115,18.613676776582036,22.00238858521466,2.9907608109560786,tdse_dipole_acceleration,raw_fft_harmonic_order_grid,13,1.6079090899617815e-08,0.11079987270298704,single_mode_bsv_random_phase_gamma_intensity,shared_fig_iv2_intensity_cases,hhg_intensity_prediction,quantum_light_hhg_bsv_threshold_tdse_dipole_acceleration
BSV - 1e13 W/cm^2,10000000000000.0,0.016880323915389028,39.07905030806527,1.3940636977115816e-07,2.07194160793588e-05,4.2257414108546556e-08,0.01,15.126023203404115,18.613676776582036,22.00238858521466,2.9907608109560786,tdse_dipole_acceleration,raw_fft_harmonic_order_grid,13,1.6079090899617815e-08,0.11079987270298704,single_mode_bsv_random_phase_gamma_intensity,shared_fig_iv2_intensity_cases,hhg_intensity_prediction,quantum_light_hhg_bsv_threshold_tdse_dipole_acceleration
BSV - 1e13 W/cm^2,10000000000000.0,0.016880323915389028,39.119049336016204,9.786502298132955e-08,1.3387330031719991e-05,2.9665235596143244e-08,0.01,15.126023203404115,18.613676776582036,22.00238858521466,2.9907608109560786,tdse_dipole_acceleration,raw_fft_harmonic_order_grid,13,1.6079090899617815e-08,0.11079987270298704,single_mode_bsv_random_phase_gamma_intensity,shared_fig_iv2_intensity_cases,hhg_intensity_prediction,quantum_light_hhg_bsv_threshold_tdse_dipole_acceleration
BSV - 1e13 W/cm^2,10000000000000.0,0.016880323915389028,39.15904836396714,1.8353475528653943e-08,2.416215306216387e-06,5.563378610450433e-09,0.01,15.126023203404115,18.613676776582036,22.00238858521466,2.9907608109560786,tdse_dipole_acceleration,raw_fft_harmonic_order_grid,13,1.6079090899617815e-08,0.11079987270298704,single_mode_bsv_random_phase_gamma_intensity,shared_fig_iv2_intensity_cases,hhg_intensity_prediction,quantum_light_hhg_bsv_threshold_tdse_dipole_acceleration
BSV - 1e13 W/cm^2,10000000000000.0,0.016880323915389028,39.19904739191808,2.8923500535421055e-09,4.239060904203625e-07,8.767406694546348e-10,0.01,15.126023203404115,18.613676776582036,22.00238858521466,2.9907608109560786,tdse_dipole_acceleration,raw_fft_harmonic_order_grid,13,1.6079090899617815e-08,0.11079987270298704,single_mode_bsv_random_phase_gamma_intensity,shared_fig_iv2_intensity_cases,hhg_intensity_prediction,quantum_light_hhg_bsv_threshold_tdse_dipole_acceleration
BSV - 1e13 W/cm^2,10000000000000.0,0.016880323915389028,39.23904641986901,1.8069004700589956e-08,2.3552952360742e-06,5.477148679902539e-09,0.01,15.126023203404115,18.613676776582036,22.00238858521466,2.9907608109560786,tdse_dipole_acceleration,raw_fft_harmonic_order_grid,13,1.6079090899617815e-08,0.11079987270298704,single_mode_bsv_random_phase_gamma_intensity,shared_fig_iv2_intensity_cases,hhg_intensity_prediction,quantum_light_hhg_bsv_threshold_tdse_dipole_acceleration
BSV - 1e13 W/cm^2,10000000000000.0,0.016880323915389028,39.279045447819946,1.3576341841550199e-08,1.8271285361108283e-06,4.1153148182491985e-09,0.01,15.126023203404115,18.613676776582036,22.00238858521466,2.9907608109560786,tdse_dipole_acceleration,raw_fft_harmonic_order_grid,13,1.6079090899617815e-08,0.11079987270298704,single_mode_bsv_random_phase_gamma_intensity,shared_fig_iv2_intensity_cases,hhg_intensity_prediction,quantum_light_hhg_bsv_threshold_tdse_dipole_acceleration
BSV - 1e13 W/cm^2,10000000000000.0,0.016880323915389028,39.31904447577089,2.478091421930544e-09,1.7830791340040686e-07,7.511689429059436e-10,0.01,15.126023203404115,18.613676776582036,22.00238858521466,2.9907608109560786,tdse_dipole_acceleration,raw_fft_harmonic_order_grid,13,1.6079090899617815e-08,0.11079987270298704,single_mode_bsv_random_phase_gamma_intensity,shared_fig_iv2_intensity_cases,hhg_intensity_prediction,quantum_light_hhg_bsv_threshold_tdse_dipole_acceleration
BSV - 1e13 W/cm^2,10000000000000.0,0.016880323915389028,39.35904350372182,5.6722276160306346e-09,6.785351698170674e-07,1.7193882294044978e-09,0.01,15.126023203404115,18.613676776582036,22.00238858521466,2.9907608109560786,tdse_dipole_acceleration,raw_fft_harmonic_order_grid,13,1.6079090899617815e-08,0.11079987270298704,single_mode_bsv_random_phase_gamma_intensity,shared_fig_iv2_intensity_cases,hhg_intensity_prediction,quantum_light_hhg_bsv_threshold_tdse_dipole_acceleration
BSV - 1e13 W/cm^2,10000000000000.0,0.016880323915389028,39.399042531672755,1.5811890319754754e-09,2.023268457822176e-07,4.792963177920965e-10,0.01,15.126023203404115,18.613676776582036,22.00238858521466,2.9907608109560786,tdse_dipole_acceleration,raw_fft_harmonic_order_grid,13,1.6079090899617815e-08,0.11079987270298704,single_mode_bsv_random_phase_gamma_intensity,shared_fig_iv2_intensity_cases,hhg_intensity_prediction,quantum_light_hhg_bsv_threshold_tdse_dipole_acceleration
BSV - 1e13 W/cm^2,10000000000000.0,0.016880323915389028,39.4390415596237,1.2991507887955678e-09,1.1220619234366938e-07,3.938037620640864e-10,0.01,15.126023203404115,18.613676776582036,22.00238858521466,2.9907608109560786,tdse_dipole_acceleration,raw_fft_harmonic_order_grid,13,1.6079090899617815e-08,0.11079987270298704,single_mode_bsv_random_phase_gamma_intensity,shared_fig_iv2_intensity_cases,hhg_intensity_prediction,quantum_light_hhg_bsv_threshold_tdse_dipole_acceleration
BSV - 1e13 W/cm^2,10000000000000.0,0.016880323915389028,39.47904058757464,1.7006496058263376e-09,2.1989925985627952e-07,5.155076827903183e-10,0.01,15.126023203404115,18.613676776582036,22.00238858521466,2.9907608109560786,tdse_dipole_acceleration,raw_fft_harmonic_order_grid,13,1.6079090899617815e-08,0.11079987270298704,single_mode_bsv_random_phase_gamma_intensity,shared_fig_iv2_intensity_cases,hhg_intensity_prediction,quantum_light_hhg_bsv_threshold_tdse_dipole_acceleration
BSV - 1e13 W/cm^2,10000000000000.0,0.016880323915389028,39.51903961552557,1.0797464990700424e-09,1.3407671930567254e-07,3.2729705979974534e-10,0.01,15.126023203404115,18.613676776582036,22.00238858521466,2.9907608109560786,tdse_dipole_acceleration,raw_fft_harmonic_order_grid,13,1.6079090899617815e-08,0.11079987270298704,single_mode_bsv_random_phase_gamma_intensity,shared_fig_iv2_intensity_cases,hhg_intensity_prediction,quantum_light_hhg_bsv_threshold_tdse_dipole_acceleration
BSV - 1e13 W/cm^2,10000000000000.0,0.016880323915389028,39.559038643476505,1.2671861602942132e-09,1.5880141627611267e-07,3.841145165466477e-10,0.01,15.126023203404115,18.613676776582036,22.00238858521466,2.9907608109560786,tdse_dipole_acceleration,raw_fft_harmonic_order_grid,13,1.6079090899617815e-08,0.11079987270298704,single_mode_bsv_random_phase_gamma_intensity,shared_fig_iv2_intensity_cases,hhg_intensity_prediction,quantum_light_hhg_bsv_threshold_tdse_dipole_acceleration
BSV - 1e13 W/cm^2,10000000000000.0,0.016880323915389028,39.599037671427446,1.969593275281605e-10,2.62165879672894e-08,5.97030959170725e-11,0.01,15.126023203404115,18.613676776582036,22.00238858521466,2.9907608109560786,tdse_dipole_acceleration,raw_fft_harmonic_order_grid,13,1.6079090899617815e-08,0.11079987270298704,single_mode_bsv_random_phase_gamma_intensity,shared_fig_iv2_intensity_cases,hhg_intensity_prediction,quantum_light_hhg_bsv_threshold_tdse_dipole_acceleration
BSV - 1e13 W/cm^2,10000000000000.0,0.016880323915389028,39.63903669937838,6.37378089318576e-10,7.978846745365008e-08,1.9320458533037285e-10,0.01,15.126023203404115,18.613676776582036,22.00238858521466,2.9907608109560786,tdse_dipole_acceleration,raw_fft_harmonic_order_grid,13,1.6079090899617815e-08,0.11079987270298704,single_mode_bsv_random_phase_gamma_intensity,shared_fig_iv2_intensity_cases,hhg_intensity_prediction,quantum_light_hhg_bsv_threshold_tdse_dipole_acceleration
BSV - 1e13 W/cm^2,10000000000000.0,0.016880323915389028,39.679035727329314,7.442275560893389e-10,1.0365184241078912e-07,2.2559322131609853e-10,0.01,15.126023203404115,18.613676776582036,22.00238858521466,2.9907608109560786,tdse_dipole_acceleration,raw_fft_harmonic_order_grid,13,1.6079090899617815e-08,0.11079987270298704,single_mode_bsv_random_phase_gamma_intensity,shared_fig_iv2_intensity_cases,hhg_intensity_prediction,quantum_light_hhg_bsv_threshold_tdse_dipole_acceleration
BSV - 1e13 W/cm^2,10000000000000.0,0.016880323915389028,39.719034755280255,9.035390628411683e-11,1.0833781553080477e-08,2.738843598352322e-11,0.01,15.126023203404115,18.613676776582036,22.00238858521466,2.9907608109560786,tdse_dipole_acceleration,raw_fft_harmonic_order_grid,13,1.6079090899617815e-08,0.11079987270298704,single_mode_bsv_random_phase_gamma_intensity,shared_fig_iv2_intensity_cases,hhg_intensity_prediction,quantum_light_hhg_bsv_threshold_tdse_dipole_acceleration
BSV - 1e13 W/cm^2,10000000000000.0,0.016880323915389028,39.75903378323119,1.2281179404286353e-09,1.5373021059420506e-07,3.7227200211883835e-10,0.01,15.126023203404115,18.613676776582036,22.00238858521466,2.9907608109560786,tdse_dipole_acceleration,raw_fft_harmonic_order_grid,13,1.6079090899617815e-08,0.11079987270298704,single_mode_bsv_random_phase_gamma_intensity,shared_fig_iv2_intensity_cases,hhg_intensity_prediction,quantum_light_hhg_bsv_threshold_tdse_dipole_acceleration
BSV - 1e13 W/cm^2,10000000000000.0,0.016880323915389028,39.79903281118213,2.978258179050188e-10,3.8539933445623975e-08,9.027814826602525e-11,0.01,15.126023203404115,18.613676776582036,22.00238858521466,2.9907608109560786,tdse_dipole_acceleration,raw_fft_harmonic_order_grid,13,1.6079090899617815e-08,0.11079987270298704,single_mode_bsv_random_phase_gamma_intensity,shared_fig_iv2_intensity_cases,hhg_intensity_prediction,quantum_light_hhg_bsv_threshold_tdse_dipole_acceleration
BSV - 1e13 W/cm^2,10000000000000.0,0.016880323915389028,39.83903183913307,7.821793985220432e-10,9.771916849915901e-08,2.3709733496954006e-10,0.01,15.126023203404115,18.613676776582036,22.00238858521466,2.9907608109560786,tdse_dipole_acceleration,raw_fft_harmonic_order_grid,13,1.6079090899617815e-08,0.11079987270298704,single_mode_bsv_random_phase_gamma_intensity,shared_fig_iv2_intensity_cases,hhg_intensity_prediction,quantum_light_hhg_bsv_threshold_tdse_dipole_acceleration
BSV - 1e13 W/cm^2,10000000000000.0,0.016880323915389028,39.879030867084005,2.6978647789748467e-10,3.46301058855939e-08,8.177875183260746e-11,0.01,15.126023203404115,18.613676776582036,22.00238858521466,2.9907608109560786,tdse_dipole_acceleration,raw_fft_harmonic_order_grid,13,1.6079090899617815e-08,0.11079987270298704,single_mode_bsv_random_phase_gamma_intensity,shared_fig_iv2_intensity_cases,hhg_intensity_prediction,quantum_light_hhg_bsv_threshold_tdse_dipole_acceleration
BSV - 1e13 W/cm^2,10000000000000.0,0.016880323915389028,39.91902989503493,2.973823883349346e-10,3.89871975508602e-08,9.014373412840886e-11,0.01,15.126023203404115,18.613676776582036,22.00238858521466,2.9907608109560786,tdse_dipole_acceleration,raw_fft_harmonic_order_grid,13,1.6079090899617815e-08,0.11079987270298704,single_mode_bsv_random_phase_gamma_intensity,shared_fig_iv2_intensity_cases,hhg_intensity_prediction,quantum_light_hhg_bsv_threshold_tdse_dipole_acceleration
BSV - 1e13 W/cm^2,10000000000000.0,0.016880323915389028,39.95902892298587,4.736304067891229e-10,5.530887471020367e-08,1.4356873553871218e-10,0.01,15.126023203404115,18.613676776582036,22.00238858521466,2.9907608109560786,tdse_dipole_acceleration,raw_fft_harmonic_order_grid,13,1.6079090899617815e-08,0.11079987270298704,single_mode_bsv_random_phase_gamma_intensity,shared_fig_iv2_intensity_cases,hhg_intensity_prediction,quantum_light_hhg_bsv_threshold_tdse_dipole_acceleration
BSV - 1e13 W/cm^2,10000000000000.0,0.016880323915389028,39.999027950936814,9.084083533605834e-10,1.1228283555530291e-07,2.7536035857353605e-10,0.01,15.126023203404115,18.613676776582036,22.00238858521466,2.9907608109560786,tdse_dipole_acceleration,raw_fft_harmonic_order_grid,13,1.6079090899617815e-08,0.11079987270298704,single_mode_bsv_random_phase_gamma_intensity,shared_fig_iv2_intensity_cases,hhg_intensity_prediction,quantum_light_hhg_bsv_threshold_tdse_dipole_acceleration
BSV - 2e13 W/cm^2,20000000000000.0,0.023872383018394068,0.0,1.388893653895848e-07,1.9814899938271765e-05,4.210069768099779e-08,0.01,16.372021878116353,23.430389465091444,30.495271637492333,3.032556670062863,tdse_dipole_acceleration,raw_fft_harmonic_order_grid,13,1.6079090899617815e-08,0.11079987270298704,single_mode_bsv_random_phase_gamma_intensity,shared_fig_iv2_intensity_cases,hhg_intensity_prediction,quantum_light_hhg_bsv_threshold_tdse_dipole_acceleration
BSV - 2e13 W/cm^2,20000000000000.0,0.023872383018394068,0.03999902795093681,4.4498410703756154e-07,6.636504940774373e-05,1.3488535504995543e-07,0.013488535504995543,16.372021878116353,23.430389465091444,30.495271637492333,3.032556670062863,tdse_dipole_acceleration,raw_fft_harmonic_order_grid,13,1.6079090899617815e-08,0.11079987270298704,single_mode_bsv_random_phase_gamma_intensity,shared_fig_iv2_intensity_cases,hhg_intensity_prediction,quantum_light_hhg_bsv_threshold_tdse_dipole_acceleration
BSV - 2e13 W/cm^2,20000000000000.0,0.023872383018394068,0.07999805590187362,1.739930865546831e-07,2.397287226590576e-05,5.274147747075607e-08,0.01,16.372021878116353,23.430389465091444,30.495271637492333,3.032556670062863,tdse_dipole_acceleration,raw_fft_harmonic_order_grid,13,1.6079090899617815e-08,0.11079987270298704,single_mode_bsv_random_phase_gamma_intensity,shared_fig_iv2_intensity_cases,hhg_intensity_prediction,quantum_light_hhg_bsv_threshold_tdse_dipole_acceleration
BSV - 2e13 W/cm^2,20000000000000.0,0.023872383018394068,0.11999708385281044,3.156919314449139e-07,3.6347340933050417e-05,9.569379576911271e-08,0.01,16.372021878116353,23.430389465091444,30.495271637492333,3.032556670062863,tdse_dipole_acceleration,raw_fft_harmonic_order_grid,13,1.6079090899617815e-08,0.11079987270298704,single_mode_bsv_random_phase_gamma_intensity,shared_fig_iv2_intensity_cases,hhg_intensity_prediction,quantum_light_hhg_bsv_threshold_tdse_dipole_acceleration
BSV - 2e13 W/cm^2,20000000000000.0,0.023872383018394068,0.15999611180374723,2.9695716603308127e-07,4.793463202602534e-05,9.001483905046442e-08,0.01,16.372021878116353,23.430389465091444,30.495271637492333,3.032556670062863,tdse_dipole_acceleration,raw_fft_harmonic_order_grid,13,1.6079090899617815e-08,0.11079987270298704,single_mode_bsv_random_phase_gamma_intensity,shared_fig_iv2_intensity_cases,hhg_intensity_prediction,quantum_light_hhg_bsv_threshold_tdse_dipole_acceleration
BSV - 2e13 W/cm^2,20000000000000.0,0.023872383018394068,0.19999513975468405,8.34713743373833e-07,0.00011411837116616496,2.5302175484337687e-07,0.025302175484337688,16.372021878116353,23.430389465091444,30.495271637492333,3.032556670062863,tdse_dipole_acceleration,raw_fft_harmonic_order_grid,13,1.6079090899617815e-08,0.11079987270298704,single_mode_bsv_random_phase_gamma_intensity,shared_fig_iv2_intensity_cases,hhg_intensity_prediction,quantum_light_hhg_bsv_threshold_tdse_dipole_acceleration
BSV - 2e13 W/cm^2,20000000000000.0,0.023872383018394068,0.23999416770562088,1.6310510419352435e-07,2.379073932554938e-05,4.9441068886863475e-08,0.01,16.372021878116353,23.430389465091444,30.495271637492333,3.032556670062863,tdse_dipole_acceleration,raw_fft_harmonic_order_grid,13,1.6079090899617815e-08,0.11079987270298704,single_mode_bsv_random_phase_gamma_intensity,shared_fig_iv2_intensity_cases,hhg_intensity_prediction,quantum_light_hhg_bsv_threshold_tdse_dipole_acceleration
BSV - 2e13 W/cm^2,20000000000000.0,0.023872383018394068,0.2799931956565577,2.7545341435968025e-07,3.042402443719364e-05,8.349653618638499e-08,0.01,16.372021878116353,23.430389465091444,30.495271637492333,3.032556670062863,tdse_dipole_acceleration,raw_fft_harmonic_order_grid,13,1.6079090899617815e-08,0.11079987270298704,single_mode_bsv_random_phase_gamma_intensity,shared_fig_iv2_intensity_cases,hhg_intensity_prediction,quantum_light_hhg_bsv_threshold_tdse_dipole_acceleration
BSV - 2e13 W/cm^2,20000000000000.0,0.023872383018394068,0.31999222360749446,4.94572461112116e-07,5.5402064684674354e-05,1.4991677446450226e-07,0.014991677446450226,16.372021878116353,23.430389465091444,30.495271637492333,3.032556670062863,tdse_dipole_acceleration,raw_fft_harmonic_order_grid,13,1.6079090899617815e-08,0.11079987270298704,single_mode_bsv_random_phase_gamma_intensity,shared_fig_iv2_intensity_cases,hhg_intensity_prediction,quantum_light_hhg_bsv_threshold_tdse_dipole_acceleration
BSV - 2e13 W/cm^2,20000000000000.0,0.023872383018394068,0.3599912515584313,1.0201054546765674e-06,0.00015549538017095623,3.0921842885240465e-07,0.030921842885240466,16.372021878116353,23.430389465091444,30.495271637492333,3.032556670062863,tdse_dipole_acceleration,raw_fft_harmonic_order_grid,13,1.6079090899617815e-08,0.11079987270298704,single_mode_bsv_random_phase_gamma_intensity,shared_fig_iv2_intensity_cases,hhg_intensity_prediction,quantum_light_hhg_bsv_threshold_tdse_dipole_acceleration
BSV - 2e13 W/cm^2,20000000000000.0,0.023872383018394068,0.3999902795093681,1.3054156578738318e-06,0.00019349643112356874,3.957027941342178e-07,0.03957027941342178,16.372021878116353,23.430389465091444,30.495271637492333,3.032556670062863,tdse_dipole_acceleration,raw_fft_harmonic_order_grid,13,1.6079090899617815e-08,0.11079987270298704,single_mode_bsv_random_phase_gamma_intensity,shared_fig_iv2_intensity_cases,hhg_intensity_prediction,quantum_light_hhg_bsv_threshold_tdse_dipole_acceleration
BSV - 2e13 W/cm^2,20000000000000.0,0.023872383018394068,0.43998930746030496,1.8439955943334042e-06,0.00023684630307960712,5.589592898229497e-07,0.055895928982294965,16.372021878116353,23.430389465091444,30.495271637492333,3.032556670062863,tdse_dipole_acceleration,raw_fft_harmonic_order_grid,13,1.6079090899617815e-08,0.11079987270298704,single_mode_bsv_random_phase_gamma_intensity,shared_fig_iv2_intensity_cases,hhg_intensity_prediction,quantum_light_hhg_bsv_threshold_tdse_dipole_acceleration
BSV - 2e13 W/cm^2,20000000000000.0,0.023872383018394068,0.47998833541124175,8.190995394528511e-07,0.00011520795210455718,2.482887151541048e-07,0.024828871515410477,16.372021878116353,23.430389465091444,30.495271637492333,3.032556670062863,tdse_dipole_acceleration,raw_fft_harmonic_order_grid,13,1.6079090899617815e-08,0.11079987270298704,single_mode_bsv_random_phase_gamma_intensity,shared_fig_iv2_intensity_cases,hhg_intensity_prediction,quantum_light_hhg_bsv_threshold_tdse_dipole_acceleration
BSV - 2e13 W/cm^2,20000000000000.0,0.023872383018394068,0.5199873633621785,2.6499678429595236e-06,0.00033295072028628595,8.032688082911418e-07,0.08032688082911418,16.372021878116353,23.430389465091444,30.495271637492333,3.032556670062863,tdse_dipole_acceleration,raw_fft_harmonic_order_grid,13,1.6079090899617815e-08,0.11079987270298704,single_mode_bsv_random_phase_gamma_intensity,shared_fig_iv2_intensity_cases,hhg_intensity_prediction,quantum_light_hhg_bsv_threshold_tdse_dipole_acceleration
BSV - 2e13 W/cm^2,20000000000000.0,0.023872383018394068,0.5599863913131155,3.092927600552943e-07,1.9844467968904674e-05,9.375405344739088e-08,0.01,16.372021878116353,23.430389465091444,30.495271637492333,3.032556670062863,tdse_dipole_acceleration,raw_fft_harmonic_order_grid,13,1.6079090899617815e-08,0.11079987270298704,single_mode_bsv_random_phase_gamma_intensity,shared_fig_iv2_intensity_cases,hhg_intensity_prediction,quantum_light_hhg_bsv_threshold_tdse_dipole_acceleration
BSV - 2e13 W/cm^2,20000000000000.0,0.023872383018394068,0.5999854192640521,3.906986427343369e-06,0.00022526497494355772,1.1843012887268873e-06,0.11843012887268874,16.372021878116353,23.430389465091444,30.495271637492333,3.032556670062863,tdse_dipole_acceleration,raw_fft_harmonic_order_grid,13,1.6079090899617815e-08,0.11079987270298704,single_mode_bsv_random_phase_gamma_intensity,shared_fig_iv2_intensity_cases,hhg_intensity_prediction,quantum_light_hhg_bsv_threshold_tdse_dipole_acceleration
BSV - 2e13 W/cm^2,20000000000000.0,0.023872383018394068,0.6399844472149889,4.440698771374754e-06,1.453847573074307e-05,1.3460823004094924e-06,0.13460823004094924,16.372021878116353,23.430389465091444,30.495271637492333,3.032556670062863,tdse_dipole_acceleration,raw_fft_harmonic_order_grid,13,1.6079090899617815e-08,0.11079987270298704,single_mode_bsv_random_phase_gamma_intensity,shared_fig_iv2_intensity_cases,hhg_intensity_prediction,quantum_light_hhg_bsv_threshold_tdse_dipole_acceleration
BSV - 2e13 W/cm^2,20000000000000.0,0.023872383018394068,0.6799834751659258,2.2311020491053367e-05,0.0034835268837889437,6.7630054037155435e-06,0.6763005403715543,16.372021878116353,23.430389465091444,30.495271637492333,3.032556670062863,tdse_dipole_acceleration,raw_fft_harmonic_order_grid,13,1.6079090899617815e-08,0.11079987270298704,single_mode_bsv_random_phase_gamma_intensity,shared_fig_iv2_intensity_cases,hhg_intensity_prediction,quantum_light_hhg_bsv_threshold_tdse_dipole_acceleration
BSV - 2e13 W/cm^2,20000000000000.0,0.023872383018394068,0.7199825031168626,0.00018457327706875525,0.019660846878752275,5.5948586963919e-05,5.5948586963919,16.372021878116353,23.430389465091444,30.495271637492333,3.032556670062863,tdse_dipole_acceleration,raw_fft_harmonic_order_grid,13,1.6079090899617815e-08,0.11079987270298704,single_mode_bsv_random_phase_gamma_intensity,shared_fig_iv2_intensity_cases,hhg_intensity_prediction,quantum_light_hhg_bsv_threshold_tdse_dipole_acceleration
BSV - 2e13 W/cm^2,20000000000000.0,0.023872383018394068,0.7599815310677994,0.0004765826749833471,0.07371348178361262,0.00014446363883364492,14.446363883364493,16.372021878116353,23.430389465091444,30.495271637492333,3.032556670062863,tdse_dipole_acceleration,raw_fft_harmonic_order_grid,13,1.6079090899617815e-08,0.11079987270298704,single_mode_bsv_random_phase_gamma_intensity,shared_fig_iv2_intensity_cases,hhg_intensity_prediction,quantum_light_hhg_bsv_threshold_tdse_dipole_acceleration
BSV - 2e13 W/cm^2,20000000000000.0,0.023872383018394068,0.7999805590187362,0.0006350056667379495,0.040433545198363854,0.00019248544714755834,19.248544714755834,16.372021878116353,23.430389465091444,30.495271637492333,3.032556670062863,tdse_dipole_acceleration,raw_fft_harmonic_order_grid,13,1.6079090899617815e-08,0.11079987270298704,single_mode_bsv_random_phase_gamma_intensity,shared_fig_iv2_intensity_cases,hhg_intensity_prediction,quantum_light_hhg_bsv_threshold_tdse_dipole_acceleration
BSV - 2e13 W/cm^2,20000000000000.0,0.023872383018394068,0.839979586969673,0.002120486016560688,0.04305575119364738,0.0006427701679649217,64.27701679649216,16.372021878116353,23.430389465091444,30.495271637492333,3.032556670062863,tdse_dipole_acceleration,raw_fft_harmonic_order_grid,13,1.6079090899617815e-08,0.11079987270298704,single_mode_bsv_random_phase_gamma_intensity,shared_fig_iv2_intensity_cases,hhg_intensity_prediction,quantum_light_hhg_bsv_threshold_tdse_dipole_acceleration
BSV - 2e13 W/cm^2,20000000000000.0,0.023872383018394068,0.8799786149206099,0.0030082822728302555,0.06445632048784264,0.0009118825055631577,91.18825055631577,16.372021878116353,23.430389465091444,30.495271637492333,3.032556670062863,tdse_dipole_acceleration,raw_fft_harmonic_order_grid,13,1.6079090899617815e-08,0.11079987270298704,single_mode_bsv_random_phase_gamma_intensity,shared_fig_iv2_intensity_cases,hhg_intensity_prediction,quantum_light_hhg_bsv_threshold_tdse_dipole_acceleration
BSV - 2e13 W/cm^2,20000000000000.0,0.023872383018394068,0.9199776428715466,0.0069500439856863445,1.023814831628703,0.002106725017356582,210.67250173565822,16.372021878116353,23.430389465091444,30.495271637492333,3.032556670062863,tdse_dipole_acceleration,raw_fft_harmonic_order_grid,13,1.6079090899617815e-08,0.11079987270298704,single_mode_bsv_random_phase_gamma_intensity,shared_fig_iv2_intensity_cases,hhg_intensity_prediction,quantum_light_hhg_bsv_threshold_tdse_dipole_acceleration
BSV - 2e13 W/cm^2,20000000000000.0,0.023872383018394068,0.9599766708224835,3.1506903641130393,18.960400067893445,0.9550498134531973,95504.98134531973,16.372021878116353,23.430389465091444,30.495271637492333,3.032556670062863,tdse_dipole_acceleration,raw_fft_harmonic_order_grid,13,1.6079090899617815e-08,0.11079987270298704,single_mode_bsv_random_phase_gamma_intensity,shared_fig_iv2_intensity_cases,hhg_intensity_prediction,quantum_light_hhg_bsv_threshold_tdse_dipole_acceleration
BSV - 2e13 W/cm^2,20000000000000.0,0.023872383018394068,0.9999756987734202,10.968464585106924,46.418262993859635,3.324804676204143,332480.46762041433,16.372021878116353,23.430389465091444,30.495271637492333,3.032556670062863,tdse_dipole_acceleration,raw_fft_harmonic_order_grid,13,1.6079090899617815e-08,0.11079987270298704,single_mode_bsv_random_phase_gamma_intensity,shared_fig_iv2_intensity_cases,hhg_intensity_prediction,quantum_light_hhg_bsv_threshold_tdse_dipole_acceleration
BSV - 2e13 W/cm^2,20000000000000.0,0.023872383018394068,1.039974726724357,3.2989801366705787,18.891875716600577,1.0,100000.0,16.372021878116353,23.430389465091444,30.495271637492333,3.032556670062863,tdse_dipole_acceleration,raw_fft_harmonic_order_grid,13,1.6079090899617815e-08,0.11079987270298704,single_mode_bsv_random_phase_gamma_intensity,shared_fig_iv2_intensity_cases,hhg_intensity_prediction,quantum_light_hhg_bsv_threshold_tdse_dipole_acceleration
BSV - 2e13 W/cm^2,20000000000000.0,0.023872383018394068,1.0799737546752939,0.008889274249798003,1.0262976072017969,0.0026945522196351575,269.4552219635157,16.372021878116353,23.430389465091444,30.495271637492333,3.032556670062863,tdse_dipole_acceleration,raw_fft_harmonic_order_grid,13,1.6079090899617815e-08,0.11079987270298704,single_mode_bsv_random_phase_gamma_intensity,shared_fig_iv2_intensity_cases,hhg_intensity_prediction,quantum_light_hhg_bsv_threshold_tdse_dipole_acceleration
BSV - 2e13 W/cm^2,20000000000000.0,0.023872383018394068,1.119972782626231,0.001978154681576142,0.05738672273805155,0.0005996261267497507,59.96261267497507,16.372021878116353,23.430389465091444,30.495271637492333,3.032556670062863,tdse_dipole_acceleration,raw_fft_harmonic_order_grid,13,1.6079090899617815e-08,0.11079987270298704,single_mode_bsv_random_phase_gamma_intensity,shared_fig_iv2_intensity_cases,hhg_intensity_prediction,quantum_light_hhg_bsv_threshold_tdse_dipole_acceleration
BSV - 2e13 W/cm^2,20000000000000.0,0.023872383018394068,1.1599718105771675,0.004584442950595476,0.04439748953029843,0.0013896546085973775,138.96546085973776,16.372021878116353,23.430389465091444,30.495271637492333,3.032556670062863,tdse_dipole_acceleration,raw_fft_harmonic_order_grid,13,1.6079090899617815e-08,0.11079987270298704,single_mode_bsv_random_phase_gamma_intensity,shared_fig_iv2_intensity_cases,hhg_intensity_prediction,quantum_light_hhg_bsv_threshold_tdse_dipole_acceleration
BSV - 2e13 W/cm^2,20000000000000.0,0.023872383018394068,1.1999708385281043,0.0023098347362242467,0.045088984308826345,0.0007001663061104076,70.01663061104077,16.372021878116353,23.430389465091444,30.495271637492333,3.032556670062863,tdse_dipole_acceleration,raw_fft_harmonic_order_grid,13,1.6079090899617815e-08,0.11079987270298704,single_mode_bsv_random_phase_gamma_intensity,shared_fig_iv2_intensity_cases,hhg_intensity_prediction,quantum_light_hhg_bsv_threshold_tdse_dipole_acceleration
BSV - 2e13 W/cm^2,20000000000000.0,0.023872383018394068,1.239969866479041,0.00045150050441537196,0.07661451396996934,0.0001368606313801691,13.68606313801691,16.372021878116353,23.430389465091444,30.495271637492333,3.032556670062863,tdse_dipole_acceleration,raw_fft_harmonic_order_grid,13,1.6079090899617815e-08,0.11079987270298704,single_mode_bsv_random_phase_gamma_intensity,shared_fig_iv2_intensity_cases,hhg_intensity_prediction,quantum_light_hhg_bsv_threshold_tdse_dipole_acceleration
BSV - 2e13 W/cm^2,20000000000000.0,0.023872383018394068,1.2799688944299779,0.000763402470503422,0.024822403575857094,0.00023140559775357384,23.140559775357385,16.372021878116353,23.430389465091444,30.495271637492333,3.032556670062863,tdse_dipole_acceleration,raw_fft_harmonic_order_grid,13,1.6079090899617815e-08,0.11079987270298704,single_mode_bsv_random_phase_gamma_intensity,shared_fig_iv2_intensity_cases,hhg_intensity_prediction,quantum_light_hhg_bsv_threshold_tdse_dipole_acceleration
BSV - 2e13 W/cm^2,20000000000000.0,0.023872383018394068,1.3199679223809149,0.00018040987733095558,0.004646083789391375,5.46865606511442e-05,5.46865606511442,16.372021878116353,23.430389465091444,30.495271637492333,3.032556670062863,tdse_dipole_acceleration,raw_fft_harmonic_order_grid,13,1.6079090899617815e-08,0.11079987270298704,single_mode_bsv_random_phase_gamma_intensity,shared_fig_iv2_intensity_cases,hhg_intensity_prediction,quantum_light_hhg_bsv_threshold_tdse_dipole_acceleration
BSV - 2e13 W/cm^2,20000000000000.0,0.023872383018394068,1.3599669503318517,7.667014258650624e-05,0.0001852169070219144,2.32405590243668e-05,2.32405590243668,16.372021878116353,23.430389465091444,30.495271637492333,3.032556670062863,tdse_dipole_acceleration,raw_fft_harmonic_order_grid,13,1.6079090899617815e-08,0.11079987270298704,single_mode_bsv_random_phase_gamma_intensity,shared_fig_iv2_intensity_cases,hhg_intensity_prediction,quantum_light_hhg_bsv_threshold_tdse_dipole_acceleration
BSV - 2e13 W/cm^2,20000000000000.0,0.023872383018394068,1.3999659782827885,0.00018126199762384256,0.00041056798217492416,5.4944858748612274e-05,5.494485874861227,16.372021878116353,23.430389465091444,30.495271637492333,3.032556670062863,tdse_dipole_acceleration,raw_fft_harmonic_order_grid,13,1.6079090899617815e-08,0.11079987270298704,single_mode_bsv_random_phase_gamma_intensity,shared_fig_iv2_intensity_cases,hhg_intensity_prediction,quantum_light_hhg_bsv_threshold_tdse_dipole_acceleration
BSV - 2e13 W/cm^2,20000000000000.0,0.023872383018394068,1.4399650062337253,3.0041708786223774e-06,8.799516839231298e-06,9.106362433737685e-07,0.09106362433737686,16.372021878116353,23.430389465091444,30.495271637492333,3.032556670062863,tdse_dipole_acceleration,raw_fft_harmonic_order_grid,13,1.6079090899617815e-08,0.11079987270298704,single_mode_bsv_random_phase_gamma_intensity,shared_fig_iv2_intensity_cases,hhg_intensity_prediction,quantum_light_hhg_bsv_threshold_tdse_dipole_acceleration
BSV - 2e13 W/cm^2,20000000000000.0,0.023872383018394068,1.4799640341846618,8.954241174575067e-05,0.0003251644189564294,2.714245252659185e-05,2.714245252659185,16.372021878116353,23.430389465091444,30.495271637492333,3.032556670062863,tdse_dipole_acceleration,raw_fft_harmonic_order_grid,13,1.6079090899617815e-08,0.11079987270298704,single_mode_bsv_random_phase_gamma_intensity,shared_fig_iv2_intensity_cases,hhg_intensity_prediction,quantum_light_hhg_bsv_threshold_tdse_dipole_acceleration
BSV - 2e13 W/cm^2,20000000000000.0,0.023872383018394068,1.5199630621355988,4.4873496978184146e-05,0.00014784432464471687,1.3602233150597783e-05,1.3602233150597782,16.372021878116353,23.430389465091444,30.495271637492333,3.032556670062863,tdse_dipole_acceleration,raw_fft_harmonic_order_grid,13,1.6079090899617815e-08,0.11079987270298704,single_mode_bsv_random_phase_gamma_intensity,shared_fig_iv2_intensity_cases,hhg_intensity_prediction,quantum_light_hhg_bsv_threshold_tdse_dipole_acceleration
BSV - 2e13 W/cm^2,20000000000000.0,0.023872383018394068,1.5599620900865356,1.8919322216663168e-05,0.00022021391784819564,5.734900312481744e-06,0.5734900312481744,16.372021878116353,23.430389465091444,30.495271637492333,3.032556670062863,tdse_dipole_acceleration,raw_fft_harmonic_order_grid,13,1.6079090899617815e-08,0.11079987270298704,single_mode_bsv_random_phase_gamma_intensity,shared_fig_iv2_intensity_cases,hhg_intensity_prediction,quantum_light_hhg_bsv_threshold_tdse_dipole_acceleration
BSV - 2e13 W/cm^2,20000000000000.0,0.023872383018394068,1.5999611180374724,6.640608604769157e-05,0.0002969649630219415,2.0129277321054263e-05,2.0129277321054264,16.372021878116353,23.430389465091444,30.495271637492333,3.032556670062863,tdse_dipole_acceleration,raw_fft_harmonic_order_grid,13,1.6079090899617815e-08,0.11079987270298704,single_mode_bsv_random_phase_gamma_intensity,shared_fig_iv2_intensity_cases,hhg_intensity_prediction,quantum_light_hhg_bsv_threshold_tdse_dipole_acceleration
BSV - 2e13 W/cm^2,20000000000000.0,0.023872383018394068,1.6399601459884094,4.104984611542619e-06,0.0001640836964930867,1.244319287016224e-06,0.1244319287016224,16.372021878116353,23.430389465091444,30.495271637492333,3.032556670062863,tdse_dipole_acceleration,raw_fft_harmonic_order_grid,13,1.6079090899617815e-08,0.11079987270298704,single_mode_bsv_random_phase_gamma_intensity,shared_fig_iv2_intensity_cases,hhg_intensity_prediction,quantum_light_hhg_bsv_threshold_tdse_dipole_acceleration
BSV - 2e13 W/cm^2,20000000000000.0,0.023872383018394068,1.679959173939346,3.55966041329724e-05,0.00013880587922286545,1.0790184438302642e-05,1.0790184438302641,16.372021878116353,23.430389465091444,30.495271637492333,3.032556670062863,tdse_dipole_acceleration,raw_fft_harmonic_order_grid,13,1.6079090899617815e-08,0.11079987270298704,single_mode_bsv_random_phase_gamma_intensity,shared_fig_iv2_intensity_cases,hhg_intensity_prediction,quantum_light_hhg_bsv_threshold_tdse_dipole_acceleration
BSV - 2e13 W/cm^2,20000000000000.0,0.023872383018394068,1.719958201890283,2.0044985859425955e-05,3.190735225302592e-05,6.076115959781408e-06,0.6076115959781409,16.372021878116353,23.430389465091444,30.495271637492333,3.032556670062863,tdse_dipole_acceleration,raw_fft_harmonic_order_grid,13,1.6079090899617815e-08,0.11079987270298704,single_mode_bsv_random_phase_gamma_intensity,shared_fig_iv2_intensity_cases,hhg_intensity_prediction,quantum_light_hhg_bsv_threshold_tdse_dipole_acceleration
BSV - 2e13 W/cm^2,20000000000000.0,0.023872383018394068,1.7599572298412198,6.082056253930526e-06,2.524882209809164e-05,1.8436171186131191e-06,0.18436171186131192,16.372021878116353,23.430389465091444,30.495271637492333,3.032556670062863,tdse_dipole_acceleration,raw_fft_harmonic_order_grid,13,1.6079090899617815e-08,0.11079987270298704,single_mode_bsv_random_phase_gamma_intensity,shared_fig_iv2_intensity_cases,hhg_intensity_prediction,quantum_light_hhg_bsv_threshold_tdse_dipole_acceleration
BSV - 2e13 W/cm^2,20000000000000.0,0.023872383018394068,1.7999562577921564,3.215810725521782e-05,0.00012075756082554685,9.7478935680021e-06,0.97478935680021,16.372021878116353,23.430389465091444,30.495271637492333,3.032556670062863,tdse_dipole_acceleration,raw_fft_harmonic_order_grid,13,1.6079090899617815e-08,0.11079987270298704,single_mode_bsv_random_phase_gamma_intensity,shared_fig_iv2_intensity_cases,hhg_intensity_prediction,quantum_light_hhg_bsv_threshold_tdse_dipole_acceleration
BSV - 2e13 W/cm^2,20000000000000.0,0.023872383018394068,1.8399552857430932,2.4716778178760102e-06,8.204542205336393e-05,7.492248256973428e-07,0.07492248256973427,16.372021878116353,23.430389465091444,30.495271637492333,3.032556670062863,tdse_dipole_acceleration,raw_fft_harmonic_order_grid,13,1.6079090899617815e-08,0.11079987270298704,single_mode_bsv_random_phase_gamma_intensity,shared_fig_iv2_intensity_cases,hhg_intensity_prediction,quantum_light_hhg_bsv_threshold_tdse_dipole_acceleration
BSV - 2e13 W/cm^2,20000000000000.0,0.023872383018394068,1.87995431369403,1.882563836840413e-05,7.71579266536354e-05,5.706502491222479e-06,0.5706502491222479,16.372021878116353,23.430389465091444,30.495271637492333,3.032556670062863,tdse_dipole_acceleration,raw_fft_harmonic_order_grid,13,1.6079090899617815e-08,0.11079987270298704,single_mode_bsv_random_phase_gamma_intensity,shared_fig_iv2_intensity_cases,hhg_intensity_prediction,quantum_light_hhg_bsv_threshold_tdse_dipole_acceleration
BSV - 2e13 W/cm^2,20000000000000.0,0.023872383018394068,1.919953341644967,1.1945761054884432e-05,2.0331133682852754e-05,3.621046675031036e-06,0.3621046675031036,16.372021878116353,23.430389465091444,30.495271637492333,3.032556670062863,tdse_dipole_acceleration,raw_fft_harmonic_order_grid,13,1.6079090899617815e-08,0.11079987270298704,single_mode_bsv_random_phase_gamma_intensity,shared_fig_iv2_intensity_cases,hhg_intensity_prediction,quantum_light_hhg_bsv_threshold_tdse_dipole_acceleration
BSV - 2e13 W/cm^2,20000000000000.0,0.023872383018394068,1.9599523695959038,3.913243438398649e-06,6.280829174655065e-05,1.1861979388417906e-06,0.11861979388417905,16.372021878116353,23.430389465091444,30.495271637492333,3.032556670062863,tdse_dipole_acceleration,raw_fft_harmonic_order_grid,13,1.6079090899617815e-08,0.11079987270298704,single_mode_bsv_random_phase_gamma_intensity,shared_fig_iv2_intensity_cases,hhg_intensity_prediction,quantum_light_hhg_bsv_threshold_tdse_dipole_acceleration
BSV - 2e13 W/cm^2,20000000000000.0,0.023872383018394068,1.9999513975468404,1.7482691057239817e-05,3.390280189881469e-05,5.299422952841368e-06,0.5299422952841368,16.372021878116353,23.430389465091444,30.495271637492333,3.032556670062863,tdse_dipole_acceleration,raw_fft_harmonic_order_grid,13,1.6079090899617815e-08,0.11079987270298704,single_mode_bsv_random_phase_gamma_intensity,shared_fig_iv2_intensity_cases,hhg_intensity_prediction,quantum_light_hhg_bsv_threshold_tdse_dipole_acceleration
BSV - 2e13 W/cm^2,20000000000000.0,0.023872383018394068,2.0399504254977776,1.2162402502067074e-06,6.938852959193341e-06,3.686715893458426e-07,0.03686715893458426,16.372021878116353,23.430389465091444,30.495271637492333,3.032556670062863,tdse_dipole_acceleration,raw_fft_harmonic_order_grid,13,1.6079090899617815e-08,0.11079987270298704,single_mode_bsv_random_phase_gamma_intensity,shared_fig_iv2_intensity_cases,hhg_intensity_prediction,quantum_light_hhg_bsv_threshold_tdse_dipole_acceleration
BSV - 2e13 W/cm^2,20000000000000.0,0.023872383018394068,2.079949453448714,1.129394956829344e-05,3.174243073202432e-05,3.4234669808262633e-06,0.3423466980826263,16.372021878116353,23.430389465091444,30.495271637492333,3.032556670062863,tdse_dipole_acceleration,raw_fft_harmonic_order_grid,13,1.6079090899617815e-08,0.11079987270298704,single_mode_bsv_random_phase_gamma_intensity,shared_fig_iv2_intensity_cases,hhg_intensity_prediction,quantum_light_hhg_bsv_threshold_tdse_dipole_acceleration
BSV - 2e13 W/cm^2,20000000000000.0,0.023872383018394068,2.1199484813996508,8.33643175897609e-06,2.3802414733932086e-05,2.526972401655454e-06,0.2526972401655454,16.372021878116353,23.430389465091444,30.495271637492333,3.032556670062863,tdse_dipole_acceleration,raw_fft_harmonic_order_grid,13,1.6079090899617815e-08,0.11079987270298704,single_mode_bsv_random_phase_gamma_intensity,shared_fig_iv2_intensity_cases,hhg_intensity_prediction,quantum_light_hhg_bsv_threshold_tdse_dipole_acceleration
BSV - 2e13 W/cm^2,20000000000000.0,0.023872383018394068,2.1599475093505878,2.6399200917039374e-06,3.9767401849543395e-05,8.002230939068998e-07,0.08002230939068998,16.372021878116353,23.430389465091444,30.495271637492333,3.032556670062863,tdse_dipole_acceleration,raw_fft_harmonic_order_grid,13,1.6079090899617815e-08,0.11079987270298704,single_mode_bsv_random_phase_gamma_intensity,shared_fig_iv2_intensity_cases,hhg_intensity_prediction,quantum_light_hhg_bsv_threshold_tdse_dipole_acceleration
BSV - 2e13 W/cm^2,20000000000000.0,0.023872383018394068,2.199946537301525,1.2337720294073893e-05,5.2700184257433225e-05,3.7398589209225913e-06,0.37398589209225913,16.372021878116353,23.430389465091444,30.495271637492333,3.032556670062863,tdse_dipole_acceleration,raw_fft_harmonic_order_grid,13,1.6079090899617815e-08,0.11079987270298704,single_mode_bsv_random_phase_gamma_intensity,shared_fig_iv2_intensity_cases,hhg_intensity_prediction,quantum_light_hhg_bsv_threshold_tdse_dipole_acceleration
BSV - 2e13 W/cm^2,20000000000000.0,0.023872383018394068,2.239945565252462,8.07729141761166e-07,2.5994794484516538e-05,2.448420749135969e-07,0.02448420749135969,16.372021878116353,23.430389465091444,30.495271637492333,3.032556670062863,tdse_dipole_acceleration,raw_fft_harmonic_order_grid,13,1.6079090899617815e-08,0.11079987270298704,single_mode_bsv_random_phase_gamma_intensity,shared_fig_iv2_intensity_cases,hhg_intensity_prediction,quantum_light_hhg_bsv_threshold_tdse_dipole_acceleration
BSV - 2e13 W/cm^2,20000000000000.0,0.023872383018394068,2.2799445932033984,7.289858181645518e-06,2.5160503332793135e-05,2.2097308500325325e-06,0.22097308500325324,16.372021878116353,23.430389465091444,30.495271637492333,3.032556670062863,tdse_dipole_acceleration,raw_fft_harmonic_order_grid,13,1.6079090899617815e-08,0.11079987270298704,single_mode_bsv_random_phase_gamma_intensity,shared_fig_iv2_intensity_cases,hhg_intensity_prediction,quantum_light_hhg_bsv_threshold_tdse_dipole_acceleration
BSV - 2e13 W/cm^2,20000000000000.0,0.023872383018394068,2.319943621154335,5.5131614107322324e-06,3.2117684892290956e-05,1.671171447639047e-06,0.1671171447639047,16.372021878116353,23.430389465091444,30.495271637492333,3.032556670062863,tdse_dipole_acceleration,raw_fft_harmonic_order_grid,13,1.6079090899617815e-08,0.11079987270298704,single_mode_bsv_random_phase_gamma_intensity,shared_fig_iv2_intensity_cases,hhg_intensity_prediction,quantum_light_hhg_bsv_threshold_tdse_dipole_acceleration
BSV - 2e13 W/cm^2,20000000000000.0,0.023872383018394068,2.359942649105272,2.252165899214097e-06,3.875899831007401e-05,6.826854985210808e-07,0.06826854985210808,16.372021878116353,23.430389465091444,30.495271637492333,3.032556670062863,tdse_dipole_acceleration,raw_fft_harmonic_order_grid,13,1.6079090899617815e-08,0.11079987270298704,single_mode_bsv_random_phase_gamma_intensity,shared_fig_iv2_intensity_cases,hhg_intensity_prediction,quantum_light_hhg_bsv_threshold_tdse_dipole_acceleration
BSV - 2e13 W/cm^2,20000000000000.0,0.023872383018394068,2.3999416770562085,7.777114076719525e-06,5.406827671295031e-05,2.3574297978551645e-06,0.23574297978551645,16.372021878116353,23.430389465091444,30.495271637492333,3.032556670062863,tdse_dipole_acceleration,raw_fft_harmonic_order_grid,13,1.6079090899617815e-08,0.11079987270298704,single_mode_bsv_random_phase_gamma_intensity,shared_fig_iv2_intensity_cases,hhg_intensity_prediction,quantum_light_hhg_bsv_threshold_tdse_dipole_acceleration
BSV - 2e13 W/cm^2,20000000000000.0,0.023872383018394068,2.439940705007145,8.5431783700372e-07,4.650970025852726e-05,2.58964225794315e-07,0.0258964225794315,16.372021878116353,23.430389465091444,30.495271637492333,3.032556670062863,tdse_dipole_acceleration,raw_fft_harmonic_order_grid,13,1.6079090899617815e-08,0.11079987270298704,single_mode_bsv_random_phase_gamma_intensity,shared_fig_iv2_intensity_cases,hhg_intensity_prediction,quantum_light_hhg_bsv_threshold_tdse_dipole_acceleration
BSV - 2e13 W/cm^2,20000000000000.0,0.023872383018394068,2.479939732958082,5.04103356742774e-06,3.966472842354371e-05,1.528058175129023e-06,0.15280581751290231,16.372021878116353,23.430389465091444,30.495271637492333,3.032556670062863,tdse_dipole_acceleration,raw_fft_harmonic_order_grid,13,1.6079090899617815e-08,0.11079987270298704,single_mode_bsv_random_phase_gamma_intensity,shared_fig_iv2_intensity_cases,hhg_intensity_prediction,quantum_light_hhg_bsv_threshold_tdse_dipole_acceleration
BSV - 2e13 W/cm^2,20000000000000.0,0.023872383018394068,2.519938760909019,2.5654285865819186e-06,5.724969974930723e-05,7.776429321490306e-07,0.07776429321490307,16.372021878116353,23.430389465091444,30.495271637492333,3.032556670062863,tdse_dipole_acceleration,raw_fft_harmonic_order_grid,13,1.6079090899617815e-08,0.11079987270298704,single_mode_bsv_random_phase_gamma_intensity,shared_fig_iv2_intensity_cases,hhg_intensity_prediction,quantum_light_hhg_bsv_threshold_tdse_dipole_acceleration
BSV - 2e13 W/cm^2,20000000000000.0,0.023872383018394068,2.5599377888599557,2.499308652177785e-06,3.390914823364748e-05,7.576003942540121e-07,0.0757600394254012,16.372021878116353,23.430389465091444,30.495271637492333,3.032556670062863,tdse_dipole_acceleration,raw_fft_harmonic_order_grid,13,1.6079090899617815e-08,0.11079987270298704,single_mode_bsv_random_phase_gamma_intensity,shared_fig_iv2_intensity_cases,hhg_intensity_prediction,quantum_light_hhg_bsv_threshold_tdse_dipole_acceleration
BSV - 2e13 W/cm^2,20000000000000.0,0.023872383018394068,2.5999368168108927,3.0588422843787393e-06,2.1940696926337055e-05,9.272084576616478e-07,0.09272084576616478,16.372021878116353,23.430389465091444,30.495271637492333,3.032556670062863,tdse_dipole_acceleration,raw_fft_harmonic_order_grid,13,1.6079090899617815e-08,0.11079987270298704,single_mode_bsv_random_phase_gamma_intensity,shared_fig_iv2_intensity_cases,hhg_intensity_prediction,quantum_light_hhg_bsv_threshold_tdse_dipole_acceleration
BSV - 2e13 W/cm^2,20000000000000.0,0.023872383018394068,2.6399358447618297,3.89303601909385e-06,7.296800885898383e-05,1.1800725854090194e-06,0.11800725854090194,16.372021878116353,23.430389465091444,30.495271637492333,3.032556670062863,tdse_dipole_acceleration,raw_fft_harmonic_order_grid,13,1.6079090899617815e-08,0.11079987270298704,single_mode_bsv_random_phase_gamma_intensity,shared_fig_iv2_intensity_cases,hhg_intensity_prediction,quantum_light_hhg_bsv_threshold_tdse_dipole_acceleration
BSV - 2e13 W/cm^2,20000000000000.0,0.023872383018394068,2.6799348727127663,5.2563248942181794e-06,0.0001701584128096193,1.5933181396851352e-06,0.1593318139685135,16.372021878116353,23.430389465091444,30.495271637492333,3.032556670062863,tdse_dipole_acceleration,raw_fft_harmonic_order_grid,13,1.6079090899617815e-08,0.11079987270298704,single_mode_bsv_random_phase_gamma_intensity,shared_fig_iv2_intensity_cases,hhg_intensity_prediction,quantum_light_hhg_bsv_threshold_tdse_dipole_acceleration
BSV - 2e13 W/cm^2,20000000000000.0,0.023872383018394068,2.7199339006637033,3.129141202445165e-05,0.0015152117150646798,9.485177457307094e-06,0.9485177457307093,16.372021878116353,23.430389465091444,30.495271637492333,3.032556670062863,tdse_dipole_acceleration,raw_fft_harmonic_order_grid,13,1.6079090899617815e-08,0.11079987270298704,single_mode_bsv_random_phase_gamma_intensity,shared_fig_iv2_intensity_cases,hhg_intensity_prediction,quantum_light_hhg_bsv_threshold_tdse_dipole_acceleration
BSV - 2e13 W/cm^2,20000000000000.0,0.023872383018394068,2.7599329286146403,3.985316134287895e-05,0.0012414525668252051,1.2080449015100727e-05,1.2080449015100727,16.372021878116353,23.430389465091444,30.495271637492333,3.032556670062863,tdse_dipole_acceleration,raw_fft_harmonic_order_grid,13,1.6079090899617815e-08,0.11079987270298704,single_mode_bsv_random_phase_gamma_intensity,shared_fig_iv2_intensity_cases,hhg_intensity_prediction,quantum_light_hhg_bsv_threshold_tdse_dipole_acceleration
BSV - 2e13 W/cm^2,20000000000000.0,0.023872383018394068,2.799931956565577,1.6169788080635872e-05,0.000720689865636258,4.9014505728291125e-06,0.49014505728291125,16.372021878116353,23.430389465091444,30.495271637492333,3.032556670062863,tdse_dipole_acceleration,raw_fft_harmonic_order_grid,13,1.6079090899617815e-08,0.11079987270298704,single_mode_bsv_random_phase_gamma_intensity,shared_fig_iv2_intensity_cases,hhg_intensity_prediction,quantum_light_hhg_bsv_threshold_tdse_dipole_acceleration
BSV - 2e13 W/cm^2,20000000000000.0,0.023872383018394068,2.8399309845165135,0.00016114015878018666,0.0010691449347046264,4.884544680611922e-05,4.884544680611922,16.372021878116353,23.430389465091444,30.495271637492333,3.032556670062863,tdse_dipole_acceleration,raw_fft_harmonic_order_grid,13,1.6079090899617815e-08,0.11079987270298704,single_mode_bsv_random_phase_gamma_intensity,shared_fig_iv2_intensity_cases,hhg_intensity_prediction,quantum_light_hhg_bsv_threshold_tdse_dipole_acceleration
BSV - 2e13 W/cm^2,20000000000000.0,0.023872383018394068,2.8799300124674505,0.0002746296048219511,0.0019295284363317299,8.324681975779184e-05,8.324681975779184,16.372021878116353,23.430389465091444,30.495271637492333,3.032556670062863,tdse_dipole_acceleration,raw_fft_harmonic_order_grid,13,1.6079090899617815e-08,0.11079987270298704,single_mode_bsv_random_phase_gamma_intensity,shared_fig_iv2_intensity_cases,hhg_intensity_prediction,quantum_light_hhg_bsv_threshold_tdse_dipole_acceleration
BSV - 2e13 W/cm^2,20000000000000.0,0.023872383018394068,2.919929040418387,5.612583498948549e-05,0.00310368526396089,1.701308667051546e-05,1.7013086670515458,16.372021878116353,23.430389465091444,30.495271637492333,3.032556670062863,tdse_dipole_acceleration,raw_fft_harmonic_order_grid,13,1.6079090899617815e-08,0.11079987270298704,single_mode_bsv_random_phase_gamma_intensity,shared_fig_iv2_intensity_cases,hhg_intensity_prediction,quantum_light_hhg_bsv_threshold_tdse_dipole_acceleration
BSV - 2e13 W/cm^2,20000000000000.0,0.023872383018394068,2.9599280683693237,0.06475753863412546,0.5337349314148987,0.019629563062322816,1962.9563062322816,16.372021878116353,23.430389465091444,30.495271637492333,3.032556670062863,tdse_dipole_acceleration,raw_fft_harmonic_order_grid,13,1.6079090899617815e-08,0.11079987270298704,single_mode_bsv_random_phase_gamma_intensity,shared_fig_iv2_intensity_cases,hhg_intensity_prediction,quantum_light_hhg_bsv_threshold_tdse_dipole_acceleration
BSV - 2e13 W/cm^2,20000000000000.0,0.023872383018394068,2.9999270963202607,0.20690460033634586,1.7897438714582337,0.06271774662613146,6271.774662613146,16.372021878116353,23.430389465091444,30.495271637492333,3.032556670062863,tdse_dipole_acceleration,raw_fft_harmonic_order_grid,13,1.6079090899617815e-08,0.11079987270298704,single_mode_bsv_random_phase_gamma_intensity,shared_fig_iv2_intensity_cases,hhg_intensity_prediction,quantum_light_hhg_bsv_threshold_tdse_dipole_acceleration
BSV - 2e13 W/cm^2,20000000000000.0,0.023872383018394068,3.0399261242711977,0.07177673685150818,0.7161856598926254,0.021757250385856287,2175.7250385856287,16.372021878116353,23.430389465091444,30.495271637492333,3.032556670062863,tdse_dipole_acceleration,raw_fft_harmonic_order_grid,13,1.6079090899617815e-08,0.11079987270298704,single_mode_bsv_random_phase_gamma_intensity,shared_fig_iv2_intensity_cases,hhg_intensity_prediction,quantum_light_hhg_bsv_threshold_tdse_dipole_acceleration
BSV - 2e13 W/cm^2,20000000000000.0,0.023872383018394068,3.0799251522221343,0.00017673069192907835,0.02097759321117235,5.3571311316666435e-05,5.357131131666644,16.372021878116353,23.430389465091444,30.495271637492333,3.032556670062863,tdse_dipole_acceleration,raw_fft_harmonic_order_grid,13,1.6079090899617815e-08,0.11079987270298704,single_mode_bsv_random_phase_gamma_intensity,shared_fig_iv2_intensity_cases,hhg_intensity_prediction,quantum_light_hhg_bsv_threshold_tdse_dipole_acceleration
BSV - 2e13 W/cm^2,20000000000000.0,0.023872383018394068,3.1199241801730713,0.0003115982311764265,0.004860450660472152,9.44528970371128e-05,9.44528970371128,16.372021878116353,23.430389465091444,30.495271637492333,3.032556670062863,tdse_dipole_acceleration,raw_fft_harmonic_order_grid,13,1.6079090899617815e-08,0.11079987270298704,single_mode_bsv_random_phase_gamma_intensity,shared_fig_iv2_intensity_cases,hhg_intensity_prediction,quantum_light_hhg_bsv_threshold_tdse_dipole_acceleration
BSV - 2e13 W/cm^2,20000000000000.0,0.023872383018394068,3.1599232081240083,0.00027318172113667137,0.0021688076790855357,8.280793148769119e-05,8.280793148769119,16.372021878116353,23.430389465091444,30.495271637492333,3.032556670062863,tdse_dipole_acceleration,raw_fft_harmonic_order_grid,13,1.6079090899617815e-08,0.11079987270298704,single_mode_bsv_random_phase_gamma_intensity,shared_fig_iv2_intensity_cases,hhg_intensity_prediction,quantum_light_hhg_bsv_threshold_tdse_dipole_acceleration
BSV - 2e13 W/cm^2,20000000000000.0,0.023872383018394068,3.199922236074945,3.663479927416216e-05,0.00040225165557306074,1.1104886284988366e-05,1.1104886284988367,16.372021878116353,23.430389465091444,30.495271637492333,3.032556670062863,tdse_dipole_acceleration,raw_fft_harmonic_order_grid,13,1.6079090899617815e-08,0.11079987270298704,single_mode_bsv_random_phase_gamma_intensity,shared_fig_iv2_intensity_cases,hhg_intensity_prediction,quantum_light_hhg_bsv_threshold_tdse_dipole_acceleration
BSV - 2e13 W/cm^2,20000000000000.0,0.023872383018394068,3.239921264025882,3.1264198710603166e-05,0.0006333473062252515,9.476928449213353e-06,0.9476928449213353,16.372021878116353,23.430389465091444,30.495271637492333,3.032556670062863,tdse_dipole_acceleration,raw_fft_harmonic_order_grid,13,1.6079090899617815e-08,0.11079987270298704,single_mode_bsv_random_phase_gamma_intensity,shared_fig_iv2_intensity_cases,hhg_intensity_prediction,quantum_light_hhg_bsv_threshold_tdse_dipole_acceleration
BSV - 2e13 W/cm^2,20000000000000.0,0.023872383018394068,3.279920291976819,3.496929326629837e-05,0.00019231898869159468,1.0600031469601493e-05,1.0600031469601494,16.372021878116353,23.430389465091444,30.495271637492333,3.032556670062863,tdse_dipole_acceleration,raw_fft_harmonic_order_grid,13,1.6079090899617815e-08,0.11079987270298704,single_mode_bsv_random_phase_gamma_intensity,shared_fig_iv2_intensity_cases,hhg_intensity_prediction,quantum_light_hhg_bsv_threshold_tdse_dipole_acceleration
BSV - 2e13 W/cm^2,20000000000000.0,0.023872383018394068,3.3199193199277555,2.6253776425822296e-06,3.88133402335827e-05,7.958149288015516e-07,0.07958149288015516,16.372021878116353,23.430389465091444,30.495271637492333,3.032556670062863,tdse_dipole_acceleration,raw_fft_harmonic_order_grid,13,1.6079090899617815e-08,0.11079987270298704,single_mode_bsv_random_phase_gamma_intensity,shared_fig_iv2_intensity_cases,hhg_intensity_prediction,quantum_light_hhg_bsv_threshold_tdse_dipole_acceleration
BSV - 2e13 W/cm^2,20000000000000.0,0.023872383018394068,3.359918347878692,9.462017460510792e-06,0.00010524377405674282,2.8681644230995947e-06,0.28681644230995945,16.372021878116353,23.430389465091444,30.495271637492333,3.032556670062863,tdse_dipole_acceleration,raw_fft_harmonic_order_grid,13,1.6079090899617815e-08,0.11079987270298704,single_mode_bsv_random_phase_gamma_intensity,shared_fig_iv2_intensity_cases,hhg_intensity_prediction,quantum_light_hhg_bsv_threshold_tdse_dipole_acceleration
BSV - 2e13 W/cm^2,20000000000000.0,0.023872383018394068,3.399917375829629,8.249285867093894e-06,0.00013229353323880537,2.5005563917760657e-06,0.2500556391776066,16.372021878116353,23.430389465091444,30.495271637492333,3.032556670062863,tdse_dipole_acceleration,raw_fft_harmonic_order_grid,13,1.6079090899617815e-08,0.11079987270298704,single_mode_bsv_random_phase_gamma_intensity,shared_fig_iv2_intensity_cases,hhg_intensity_prediction,quantum_light_hhg_bsv_threshold_tdse_dipole_acceleration
BSV - 2e13 W/cm^2,20000000000000.0,0.023872383018394068,3.439916403780566,2.1416072396965504e-06,0.00012141525868432491,6.491725172549597e-07,0.06491725172549596,16.372021878116353,23.430389465091444,30.495271637492333,3.032556670062863,tdse_dipole_acceleration,raw_fft_harmonic_order_grid,13,1.6079090899617815e-08,0.11079987270298704,single_mode_bsv_random_phase_gamma_intensity,shared_fig_iv2_intensity_cases,hhg_intensity_prediction,quantum_light_hhg_bsv_threshold_tdse_dipole_acceleration
BSV - 2e13 W/cm^2,20000000000000.0,0.023872383018394068,3.4799154317315026,5.3200225463559285e-06,9.168654208130556e-05,1.6126264257307839e-06,0.16126264257307837,16.372021878116353,23.430389465091444,30.495271637492333,3.032556670062863,tdse_dipole_acceleration,raw_fft_harmonic_order_grid,13,1.6079090899617815e-08,0.11079987270298704,single_mode_bsv_random_phase_gamma_intensity,shared_fig_iv2_intensity_cases,hhg_intensity_prediction,quantum_light_hhg_bsv_threshold_tdse_dipole_acceleration
BSV - 2e13 W/cm^2,20000000000000.0,0.023872383018394068,3.5199144596824397,1.982471717912672e-06,6.865590886522054e-05,6.0093472400032e-07,0.060093472400031996,16.372021878116353,23.430389465091444,30.495271637492333,3.032556670062863,tdse_dipole_acceleration,raw_fft_harmonic_order_grid,13,1.6079090899617815e-08,0.11079987270298704,single_mode_bsv_random_phase_gamma_intensity,shared_fig_iv2_intensity_cases,hhg_intensity_prediction,quantum_light_hhg_bsv_threshold_tdse_dipole_acceleration
BSV - 2e13 W/cm^2,20000000000000.0,0.023872383018394068,3.5599134876333767,1.684211366956646e-06,6.594806782641973e-05,5.105248583449788e-07,0.05105248583449788,16.372021878116353,23.430389465091444,30.495271637492333,3.032556670062863,tdse_dipole_acceleration,raw_fft_harmonic_order_grid,13,1.6079090899617815e-08,0.11079987270298704,single_mode_bsv_random_phase_gamma_intensity,shared_fig_iv2_intensity_cases,hhg_intensity_prediction,quantum_light_hhg_bsv_threshold_tdse_dipole_acceleration
BSV - 2e13 W/cm^2,20000000000000.0,0.023872383018394068,3.599912515584313,2.9653424961175858e-06,8.973609425756453e-05,8.988664294021154e-07,0.08988664294021154,16.372021878116353,23.430389465091444,30.495271637492333,3.032556670062863,tdse_dipole_acceleration,raw_fft_harmonic_order_grid,13,1.6079090899617815e-08,0.11079987270298704,single_mode_bsv_random_phase_gamma_intensity,shared_fig_iv2_intensity_cases,hhg_intensity_prediction,quantum_light_hhg_bsv_threshold_tdse_dipole_acceleration
BSV - 2e13 W/cm^2,20000000000000.0,0.023872383018394068,3.6399115435352494,1.8647584143405304e-06,0.00023866818411475812,5.652529985289623e-07,0.056525299852896234,16.372021878116353,23.430389465091444,30.495271637492333,3.032556670062863,tdse_dipole_acceleration,raw_fft_harmonic_order_grid,13,1.6079090899617815e-08,0.11079987270298704,single_mode_bsv_random_phase_gamma_intensity,shared_fig_iv2_intensity_cases,hhg_intensity_prediction,quantum_light_hhg_bsv_threshold_tdse_dipole_acceleration
BSV - 2e13 W/cm^2,20000000000000.0,0.023872383018394068,3.6799105714861864,3.5178686481740005e-06,0.0002570961575174215,1.066350357515135e-06,0.10663503575151351,16.372021878116353,23.430389465091444,30.495271637492333,3.032556670062863,tdse_dipole_acceleration,raw_fft_harmonic_order_grid,13,1.6079090899617815e-08,0.11079987270298704,single_mode_bsv_random_phase_gamma_intensity,shared_fig_iv2_intensity_cases,hhg_intensity_prediction,quantum_light_hhg_bsv_threshold_tdse_dipole_acceleration
BSV - 2e13 W/cm^2,20000000000000.0,0.023872383018394068,3.7199095994371234,4.3082181009995765e-06,0.0004720106368717118,1.305924231889298e-06,0.1305924231889298,16.372021878116353,23.430389465091444,30.495271637492333,3.032556670062863,tdse_dipole_acceleration,raw_fft_harmonic_order_grid,13,1.6079090899617815e-08,0.11079987270298704,single_mode_bsv_random_phase_gamma_intensity,shared_fig_iv2_intensity_cases,hhg_intensity_prediction,quantum_light_hhg_bsv_threshold_tdse_dipole_acceleration
BSV - 2e13 W/cm^2,20000000000000.0,0.023872383018394068,3.75990862738806,1.148285510942703e-06,0.0001295887952178316,3.480728780930413e-07,0.03480728780930413,16.372021878116353,23.430389465091444,30.495271637492333,3.032556670062863,tdse_dipole_acceleration,raw_fft_harmonic_order_grid,13,1.6079090899617815e-08,0.11079987270298704,single_mode_bsv_random_phase_gamma_intensity,shared_fig_iv2_intensity_cases,hhg_intensity_prediction,quantum_light_hhg_bsv_threshold_tdse_dipole_acceleration
BSV - 2e13 W/cm^2,20000000000000.0,0.023872383018394068,3.799907655338997,3.276545082063422e-06,0.0002691120238357054,9.931993968809407e-07,0.09931993968809408,16.372021878116353,23.430389465091444,30.495271637492333,3.032556670062863,tdse_dipole_acceleration,raw_fft_harmonic_order_grid,13,1.6079090899617815e-08,0.11079987270298704,single_mode_bsv_random_phase_gamma_intensity,shared_fig_iv2_intensity_cases,hhg_intensity_prediction,quantum_light_hhg_bsv_threshold_tdse_dipole_acceleration
BSV - 2e13 W/cm^2,20000000000000.0,0.023872383018394068,3.839906683289934,7.608070021623455e-07,6.665846850188587e-05,2.3061884905138374e-07,0.023061884905138375,16.372021878116353,23.430389465091444,30.495271637492333,3.032556670062863,tdse_dipole_acceleration,raw_fft_harmonic_order_grid,13,1.6079090899617815e-08,0.11079987270298704,single_mode_bsv_random_phase_gamma_intensity,shared_fig_iv2_intensity_cases,hhg_intensity_prediction,quantum_light_hhg_bsv_threshold_tdse_dipole_acceleration
BSV - 2e13 W/cm^2,20000000000000.0,0.023872383018394068,3.8799057112408706,1.6149051668328404e-06,9.856017198981115e-05,4.895164868930211e-07,0.048951648689302116,16.372021878116353,23.430389465091444,30.495271637492333,3.032556670062863,tdse_dipole_acceleration,raw_fft_harmonic_order_grid,13,1.6079090899617815e-08,0.11079987270298704,single_mode_bsv_random_phase_gamma_intensity,shared_fig_iv2_intensity_cases,hhg_intensity_prediction,quantum_light_hhg_bsv_threshold_tdse_dipole_acceleration
BSV - 2e13 W/cm^2,20000000000000.0,0.023872383018394068,3.9199047391918076,2.0397957158749687e-06,0.00010336692726302546,6.183110026038491e-07,0.061831100260384915,16.372021878116353,23.430389465091444,30.495271637492333,3.032556670062863,tdse_dipole_acceleration,raw_fft_harmonic_order_grid,13,1.6079090899617815e-08,0.11079987270298704,single_mode_bsv_random_phase_gamma_intensity,shared_fig_iv2_intensity_cases,hhg_intensity_prediction,quantum_light_hhg_bsv_threshold_tdse_dipole_acceleration
BSV - 2e13 W/cm^2,20000000000000.0,0.023872383018394068,3.9599037671427446,1.543344686176346e-06,0.00015130288550242596,4.678247889464202e-07,0.04678247889464202,16.372021878116353,23.430389465091444,30.495271637492333,3.032556670062863,tdse_dipole_acceleration,raw_fft_harmonic_order_grid,13,1.6079090899617815e-08,0.11079987270298704,single_mode_bsv_random_phase_gamma_intensity,shared_fig_iv2_intensity_cases,hhg_intensity_prediction,quantum_light_hhg_bsv_threshold_tdse_dipole_acceleration
BSV - 2e13 W/cm^2,20000000000000.0,0.023872383018394068,3.9999027950936807,8.77120723070627e-06,0.0007620217679941509,2.6587632745065306e-06,0.26587632745065304,16.372021878116353,23.430389465091444,30.495271637492333,3.032556670062863,tdse_dipole_acceleration,raw_fft_harmonic_order_grid,13,1.6079090899617815e-08,0.11079987270298704,single_mode_bsv_random_phase_gamma_intensity,shared_fig_iv2_intensity_cases,hhg_intensity_prediction,quantum_light_hhg_bsv_threshold_tdse_dipole_acceleration
BSV - 2e13 W/cm^2,20000000000000.0,0.023872383018394068,4.039901823044618,1.2820981265986573e-05,0.0012373554992025288,3.886346911723409e-06,0.38863469117234095,16.372021878116353,23.430389465091444,30.495271637492333,3.032556670062863,tdse_dipole_acceleration,raw_fft_harmonic_order_grid,13,1.6079090899617815e-08,0.11079987270298704,single_mode_bsv_random_phase_gamma_intensity,shared_fig_iv2_intensity_cases,hhg_intensity_prediction,quantum_light_hhg_bsv_threshold_tdse_dipole_acceleration
BSV - 2e13 W/cm^2,20000000000000.0,0.023872383018394068,4.079900850995555,1.1024377897659996e-05,0.0005086854513393915,3.341753342227183e-06,0.3341753342227183,16.372021878116353,23.430389465091444,30.495271637492333,3.032556670062863,tdse_dipole_acceleration,raw_fft_harmonic_order_grid,13,1.6079090899617815e-08,0.11079987270298704,single_mode_bsv_random_phase_gamma_intensity,shared_fig_iv2_intensity_cases,hhg_intensity_prediction,quantum_light_hhg_bsv_threshold_tdse_dipole_acceleration
BSV - 2e13 W/cm^2,20000000000000.0,0.023872383018394068,4.119899878946492,3.5911713519664984e-06,5.445328878954062e-05,1.0885701650785953e-06,0.10885701650785953,16.372021878116353,23.430389465091444,30.495271637492333,3.032556670062863,tdse_dipole_acceleration,raw_fft_harmonic_order_grid,13,1.6079090899617815e-08,0.11079987270298704,single_mode_bsv_random_phase_gamma_intensity,shared_fig_iv2_intensity_cases,hhg_intensity_prediction,quantum_light_hhg_bsv_threshold_tdse_dipole_acceleration
BSV - 2e13 W/cm^2,20000000000000.0,0.023872383018394068,4.159898906897428,2.6516510655221503e-06,0.00020968570111268178,8.037790334191795e-07,0.08037790334191794,16.372021878116353,23.430389465091444,30.495271637492333,3.032556670062863,tdse_dipole_acceleration,raw_fft_harmonic_order_grid,13,1.6079090899617815e-08,0.11079987270298704,single_mode_bsv_random_phase_gamma_intensity,shared_fig_iv2_intensity_cases,hhg_intensity_prediction,quantum_light_hhg_bsv_threshold_tdse_dipole_acceleration
BSV - 2e13 W/cm^2,20000000000000.0,0.023872383018394068,4.199897934848366,5.9105298124433656e-06,0.0005042493828017327,1.791623340420726e-06,0.1791623340420726,16.372021878116353,23.430389465091444,30.495271637492333,3.032556670062863,tdse_dipole_acceleration,raw_fft_harmonic_order_grid,13,1.6079090899617815e-08,0.11079987270298704,single_mode_bsv_random_phase_gamma_intensity,shared_fig_iv2_intensity_cases,hhg_intensity_prediction,quantum_light_hhg_bsv_threshold_tdse_dipole_acceleration
BSV - 2e13 W/cm^2,20000000000000.0,0.023872383018394068,4.2398969627993015,1.4847839008780225e-06,7.282695281444149e-05,4.500736104390453e-07,0.04500736104390453,16.372021878116353,23.430389465091444,30.495271637492333,3.032556670062863,tdse_dipole_acceleration,raw_fft_harmonic_order_grid,13,1.6079090899617815e-08,0.11079987270298704,single_mode_bsv_random_phase_gamma_intensity,shared_fig_iv2_intensity_cases,hhg_intensity_prediction,quantum_light_hhg_bsv_threshold_tdse_dipole_acceleration
BSV - 2e13 W/cm^2,20000000000000.0,0.023872383018394068,4.279895990750239,3.836102659500187e-06,0.00025512278514733613,1.1628147186638377e-06,0.11628147186638377,16.372021878116353,23.430389465091444,30.495271637492333,3.032556670062863,tdse_dipole_acceleration,raw_fft_harmonic_order_grid,13,1.6079090899617815e-08,0.11079987270298704,single_mode_bsv_random_phase_gamma_intensity,shared_fig_iv2_intensity_cases,hhg_intensity_prediction,quantum_light_hhg_bsv_threshold_tdse_dipole_acceleration
BSV - 2e13 W/cm^2,20000000000000.0,0.023872383018394068,4.3198950187011755,2.2331567246916716e-06,0.00011350908187438467,6.769233618197637e-07,0.06769233618197637,16.372021878116353,23.430389465091444,30.495271637492333,3.032556670062863,tdse_dipole_acceleration,raw_fft_harmonic_order_grid,13,1.6079090899617815e-08,0.11079987270298704,single_mode_bsv_random_phase_gamma_intensity,shared_fig_iv2_intensity_cases,hhg_intensity_prediction,quantum_light_hhg_bsv_threshold_tdse_dipole_acceleration
BSV - 2e13 W/cm^2,20000000000000.0,0.023872383018394068,4.359894046652112,3.6343230206414366e-06,8.978776196540477e-05,1.1016504707752788e-06,0.11016504707752788,16.372021878116353,23.430389465091444,30.495271637492333,3.032556670062863,tdse_dipole_acceleration,raw_fft_harmonic_order_grid,13,1.6079090899617815e-08,0.11079987270298704,single_mode_bsv_random_phase_gamma_intensity,shared_fig_iv2_intensity_cases,hhg_intensity_prediction,quantum_light_hhg_bsv_threshold_tdse_dipole_acceleration
BSV - 2e13 W/cm^2,20000000000000.0,0.023872383018394068,4.39989307460305,7.750371467094454e-06,0.00047257891284903717,2.3493234715006018e-06,0.23493234715006017,16.372021878116353,23.430389465091444,30.495271637492333,3.032556670062863,tdse_dipole_acceleration,raw_fft_harmonic_order_grid,13,1.6079090899617815e-08,0.11079987270298704,single_mode_bsv_random_phase_gamma_intensity,shared_fig_iv2_intensity_cases,hhg_intensity_prediction,quantum_light_hhg_bsv_threshold_tdse_dipole_acceleration
BSV - 2e13 W/cm^2,20000000000000.0,0.023872383018394068,4.439892102553986,7.761955197095837e-06,0.00019736517995082395,2.3528347778806013e-06,0.23528347778806014,16.372021878116353,23.430389465091444,30.495271637492333,3.032556670062863,tdse_dipole_acceleration,raw_fft_harmonic_order_grid,13,1.6079090899617815e-08,0.11079987270298704,single_mode_bsv_random_phase_gamma_intensity,shared_fig_iv2_intensity_cases,hhg_intensity_prediction,quantum_light_hhg_bsv_threshold_tdse_dipole_acceleration
BSV - 2e13 W/cm^2,20000000000000.0,0.023872383018394068,4.479891130504924,1.7087503683829445e-05,0.0006951429896033149,5.179632182046001e-06,0.5179632182046001,16.372021878116353,23.430389465091444,30.495271637492333,3.032556670062863,tdse_dipole_acceleration,raw_fft_harmonic_order_grid,13,1.6079090899617815e-08,0.11079987270298704,single_mode_bsv_random_phase_gamma_intensity,shared_fig_iv2_intensity_cases,hhg_intensity_prediction,quantum_light_hhg_bsv_threshold_tdse_dipole_acceleration
BSV - 2e13 W/cm^2,20000000000000.0,0.023872383018394068,4.51989015845586,4.904311549559538e-06,0.0003787833549707392,1.4866144524619976e-06,0.14866144524619976,16.372021878116353,23.430389465091444,30.495271637492333,3.032556670062863,tdse_dipole_acceleration,raw_fft_harmonic_order_grid,13,1.6079090899617815e-08,0.11079987270298704,single_mode_bsv_random_phase_gamma_intensity,shared_fig_iv2_intensity_cases,hhg_intensity_prediction,quantum_light_hhg_bsv_threshold_tdse_dipole_acceleration
BSV - 2e13 W/cm^2,20000000000000.0,0.023872383018394068,4.559889186406797,6.619274316855191e-06,0.00023707329247211947,2.006460797771139e-06,0.2006460797771139,16.372021878116353,23.430389465091444,30.495271637492333,3.032556670062863,tdse_dipole_acceleration,raw_fft_harmonic_order_grid,13,1.6079090899617815e-08,0.11079987270298704,single_mode_bsv_random_phase_gamma_intensity,shared_fig_iv2_intensity_cases,hhg_intensity_prediction,quantum_light_hhg_bsv_threshold_tdse_dipole_acceleration
BSV - 2e13 W/cm^2,20000000000000.0,0.023872383018394068,4.599888214357733,3.505026946292264e-06,0.00022831998721294024,1.062457729687828e-06,0.1062457729687828,16.372021878116353,23.430389465091444,30.495271637492333,3.032556670062863,tdse_dipole_acceleration,raw_fft_harmonic_order_grid,13,1.6079090899617815e-08,0.11079987270298704,single_mode_bsv_random_phase_gamma_intensity,shared_fig_iv2_intensity_cases,hhg_intensity_prediction,quantum_light_hhg_bsv_threshold_tdse_dipole_acceleration
BSV - 2e13 W/cm^2,20000000000000.0,0.023872383018394068,4.63988724230867,1.111971453831043e-05,0.0003878619118006734,3.3706521644997692e-06,0.33706521644997695,16.372021878116353,23.430389465091444,30.495271637492333,3.032556670062863,tdse_dipole_acceleration,raw_fft_harmonic_order_grid,13,1.6079090899617815e-08,0.11079987270298704,single_mode_bsv_random_phase_gamma_intensity,shared_fig_iv2_intensity_cases,hhg_intensity_prediction,quantum_light_hhg_bsv_threshold_tdse_dipole_acceleration
BSV - 2e13 W/cm^2,20000000000000.0,0.023872383018394068,4.6798862702596065,4.480405932632946e-05,0.0029235840882398333,1.3581184932973543e-05,1.3581184932973542,16.372021878116353,23.430389465091444,30.495271637492333,3.032556670062863,tdse_dipole_acceleration,raw_fft_harmonic_order_grid,13,1.6079090899617815e-08,0.11079987270298704,single_mode_bsv_random_phase_gamma_intensity,shared_fig_iv2_intensity_cases,hhg_intensity_prediction,quantum_light_hhg_bsv_threshold_tdse_dipole_acceleration
BSV - 2e13 W/cm^2,20000000000000.0,0.023872383018394068,4.719885298210544,0.0001031017439873238,0.009404125751984654,3.125261132714091e-05,3.1252611327140913,16.372021878116353,23.430389465091444,30.495271637492333,3.032556670062863,tdse_dipole_acceleration,raw_fft_harmonic_order_grid,13,1.6079090899617815e-08,0.11079987270298704,single_mode_bsv_random_phase_gamma_intensity,shared_fig_iv2_intensity_cases,hhg_intensity_prediction,quantum_light_hhg_bsv_threshold_tdse_dipole_acceleration
BSV - 2e13 W/cm^2,20000000000000.0,0.023872383018394068,4.7598843261614805,0.00024001951349520646,0.01638783782356176,7.275567101093271e-05,7.275567101093271,16.372021878116353,23.430389465091444,30.495271637492333,3.032556670062863,tdse_dipole_acceleration,raw_fft_harmonic_order_grid,13,1.6079090899617815e-08,0.11079987270298704,single_mode_bsv_random_phase_gamma_intensity,shared_fig_iv2_intensity_cases,hhg_intensity_prediction,quantum_light_hhg_bsv_threshold_tdse_dipole_acceleration
BSV - 2e13 W/cm^2,20000000000000.0,0.023872383018394068,4.799883354112417,7.530108138855866e-05,0.00886471930545813,2.2825563740603355e-05,2.2825563740603356,16.372021878116353,23.430389465091444,30.495271637492333,3.032556670062863,tdse_dipole_acceleration,raw_fft_harmonic_order_grid,13,1.6079090899617815e-08,0.11079987270298704,single_mode_bsv_random_phase_gamma_intensity,shared_fig_iv2_intensity_cases,hhg_intensity_prediction,quantum_light_hhg_bsv_threshold_tdse_dipole_acceleration
BSV - 2e13 W/cm^2,20000000000000.0,0.023872383018394068,4.8398823820633545,0.00014200847298468793,0.0060930450629918895,4.304617399970367e-05,4.304617399970367,16.372021878116353,23.430389465091444,30.495271637492333,3.032556670062863,tdse_dipole_acceleration,raw_fft_harmonic_order_grid,13,1.6079090899617815e-08,0.11079987270298704,single_mode_bsv_random_phase_gamma_intensity,shared_fig_iv2_intensity_cases,hhg_intensity_prediction,quantum_light_hhg_bsv_threshold_tdse_dipole_acceleration
BSV - 2e13 W/cm^2,20000000000000.0,0.023872383018394068,4.87988141001429,0.00032401300987847657,0.007212029197515011,9.821611420961127e-05,9.821611420961128,16.372021878116353,23.430389465091444,30.495271637492333,3.032556670062863,tdse_dipole_acceleration,raw_fft_harmonic_order_grid,13,1.6079090899617815e-08,0.11079987270298704,single_mode_bsv_random_phase_gamma_intensity,shared_fig_iv2_intensity_cases,hhg_intensity_prediction,quantum_light_hhg_bsv_threshold_tdse_dipole_acceleration
BSV - 2e13 W/cm^2,20000000000000.0,0.023872383018394068,4.919880437965228,0.00017508014236014964,0.008748884855804991,5.3070990156626204e-05,5.3070990156626205,16.372021878116353,23.430389465091444,30.495271637492333,3.032556670062863,tdse_dipole_acceleration,raw_fft_harmonic_order_grid,13,1.6079090899617815e-08,0.11079987270298704,single_mode_bsv_random_phase_gamma_intensity,shared_fig_iv2_intensity_cases,hhg_intensity_prediction,quantum_light_hhg_bsv_threshold_tdse_dipole_acceleration
BSV - 2e13 W/cm^2,20000000000000.0,0.023872383018394068,4.959879465916164,0.010730331789112736,0.07969256188923526,0.003252620914517564,325.2620914517564,16.372021878116353,23.430389465091444,30.495271637492333,3.032556670062863,tdse_dipole_acceleration,raw_fft_harmonic_order_grid,13,1.6079090899617815e-08,0.11079987270298704,single_mode_bsv_random_phase_gamma_intensity,shared_fig_iv2_intensity_cases,hhg_intensity_prediction,quantum_light_hhg_bsv_threshold_tdse_dipole_acceleration
BSV - 2e13 W/cm^2,20000000000000.0,0.023872383018394068,4.999878493867102,0.037976596976338844,0.4675890632010581,0.01151161734931386,1151.161734931386,16.372021878116353,23.430389465091444,30.495271637492333,3.032556670062863,tdse_dipole_acceleration,raw_fft_harmonic_order_grid,13,1.6079090899617815e-08,0.11079987270298704,single_mode_bsv_random_phase_gamma_intensity,shared_fig_iv2_intensity_cases,hhg_intensity_prediction,quantum_light_hhg_bsv_threshold_tdse_dipole_acceleration
BSV - 2e13 W/cm^2,20000000000000.0,0.023872383018394068,5.039877521818038,0.022249252582517014,0.48486641581888557,0.006744282069237183,674.4282069237182,16.372021878116353,23.430389465091444,30.495271637492333,3.032556670062863,tdse_dipole_acceleration,raw_fft_harmonic_order_grid,13,1.6079090899617815e-08,0.11079987270298704,single_mode_bsv_random_phase_gamma_intensity,shared_fig_iv2_intensity_cases,hhg_intensity_prediction,quantum_light_hhg_bsv_threshold_tdse_dipole_acceleration
BSV - 2e13 W/cm^2,20000000000000.0,0.023872383018394068,5.079876549768976,0.0023573516716628787,0.13773693960495575,0.0007145698288568608,71.45698288568609,16.372021878116353,23.430389465091444,30.495271637492333,3.032556670062863,tdse_dipole_acceleration,raw_fft_harmonic_order_grid,13,1.6079090899617815e-08,0.11079987270298704,single_mode_bsv_random_phase_gamma_intensity,shared_fig_iv2_intensity_cases,hhg_intensity_prediction,quantum_light_hhg_bsv_threshold_tdse_dipole_acceleration
BSV - 2e13 W/cm^2,20000000000000.0,0.023872383018394068,5.119875577719911,0.00056085316213595,0.022236644351679605,0.00017000804457767315,17.000804457767316,16.372021878116353,23.430389465091444,30.495271637492333,3.032556670062863,tdse_dipole_acceleration,raw_fft_harmonic_order_grid,13,1.6079090899617815e-08,0.11079987270298704,single_mode_bsv_random_phase_gamma_intensity,shared_fig_iv2_intensity_cases,hhg_intensity_prediction,quantum_light_hhg_bsv_threshold_tdse_dipole_acceleration
BSV - 2e13 W/cm^2,20000000000000.0,0.023872383018394068,5.159874605670849,5.966563075776899e-05,0.0008960974050576358,1.8086083664021446e-05,1.8086083664021446,16.372021878116353,23.430389465091444,30.495271637492333,3.032556670062863,tdse_dipole_acceleration,raw_fft_harmonic_order_grid,13,1.6079090899617815e-08,0.11079987270298704,single_mode_bsv_random_phase_gamma_intensity,shared_fig_iv2_intensity_cases,hhg_intensity_prediction,quantum_light_hhg_bsv_threshold_tdse_dipole_acceleration
BSV - 2e13 W/cm^2,20000000000000.0,0.023872383018394068,5.1998736336217855,0.0001242697042289277,0.001589810241678637,3.766912775484126e-05,3.766912775484126,16.372021878116353,23.430389465091444,30.495271637492333,3.032556670062863,tdse_dipole_acceleration,raw_fft_harmonic_order_grid,13,1.6079090899617815e-08,0.11079987270298704,single_mode_bsv_random_phase_gamma_intensity,shared_fig_iv2_intensity_cases,hhg_intensity_prediction,quantum_light_hhg_bsv_threshold_tdse_dipole_acceleration
BSV - 2e13 W/cm^2,20000000000000.0,0.023872383018394068,5.239872661572723,5.921488467090206e-05,0.0037638224130895318,1.7949451714693666e-05,1.7949451714693665,16.372021878116353,23.430389465091444,30.495271637492333,3.032556670062863,tdse_dipole_acceleration,raw_fft_harmonic_order_grid,13,1.6079090899617815e-08,0.11079987270298704,single_mode_bsv_random_phase_gamma_intensity,shared_fig_iv2_intensity_cases,hhg_intensity_prediction,quantum_light_hhg_bsv_threshold_tdse_dipole_acceleration
BSV - 2e13 W/cm^2,20000000000000.0,0.023872383018394068,5.2798716895236595,0.00023397813270281497,0.0045692663048019335,7.092438360024566e-05,7.092438360024566,16.372021878116353,23.430389465091444,30.495271637492333,3.032556670062863,tdse_dipole_acceleration,raw_fft_harmonic_order_grid,13,1.6079090899617815e-08,0.11079987270298704,single_mode_bsv_random_phase_gamma_intensity,shared_fig_iv2_intensity_cases,hhg_intensity_prediction,quantum_light_hhg_bsv_threshold_tdse_dipole_acceleration
BSV - 2e13 W/cm^2,20000000000000.0,0.023872383018394068,5.319870717474597,5.9343618539981533e-05,0.0010085315238317102,1.7988474037880307e-05,1.7988474037880307,16.372021878116353,23.430389465091444,30.495271637492333,3.032556670062863,tdse_dipole_acceleration,raw_fft_harmonic_order_grid,13,1.6079090899617815e-08,0.11079987270298704,single_mode_bsv_random_phase_gamma_intensity,shared_fig_iv2_intensity_cases,hhg_intensity_prediction,quantum_light_hhg_bsv_threshold_tdse_dipole_acceleration
BSV - 2e13 W/cm^2,20000000000000.0,0.023872383018394068,5.359869745425533,1.3585833797467239e-05,0.0007509633028538296,4.118192057736496e-06,0.4118192057736496,16.372021878116353,23.430389465091444,30.495271637492333,3.032556670062863,tdse_dipole_acceleration,raw_fft_harmonic_order_grid,13,1.6079090899617815e-08,0.11079987270298704,single_mode_bsv_random_phase_gamma_intensity,shared_fig_iv2_intensity_cases,hhg_intensity_prediction,quantum_light_hhg_bsv_threshold_tdse_dipole_acceleration
BSV - 2e13 W/cm^2,20000000000000.0,0.023872383018394068,5.399868773376469,3.9844825164145895e-05,0.00025393324873391885,1.2077922119397295e-05,1.2077922119397295,16.372021878116353,23.430389465091444,30.495271637492333,3.032556670062863,tdse_dipole_acceleration,raw_fft_harmonic_order_grid,13,1.6079090899617815e-08,0.11079987270298704,single_mode_bsv_random_phase_gamma_intensity,shared_fig_iv2_intensity_cases,hhg_intensity_prediction,quantum_light_hhg_bsv_threshold_tdse_dipole_acceleration
BSV - 2e13 W/cm^2,20000000000000.0,0.023872383018394068,5.439867801327407,3.384444575908828e-05,0.0005965407176299247,1.0259063212561512e-05,1.0259063212561512,16.372021878116353,23.430389465091444,30.495271637492333,3.032556670062863,tdse_dipole_acceleration,raw_fft_harmonic_order_grid,13,1.6079090899617815e-08,0.11079987270298704,single_mode_bsv_random_phase_gamma_intensity,shared_fig_iv2_intensity_cases,hhg_intensity_prediction,quantum_light_hhg_bsv_threshold_tdse_dipole_acceleration
BSV - 2e13 W/cm^2,20000000000000.0,0.023872383018394068,5.479866829278343,1.0177856719285094e-05,4.82586848634928e-05,3.0851524706532084e-06,0.30851524706532085,16.372021878116353,23.430389465091444,30.495271637492333,3.032556670062863,tdse_dipole_acceleration,raw_fft_harmonic_order_grid,13,1.6079090899617815e-08,0.11079987270298704,single_mode_bsv_random_phase_gamma_intensity,shared_fig_iv2_intensity_cases,hhg_intensity_prediction,quantum_light_hhg_bsv_threshold_tdse_dipole_acceleration
BSV - 2e13 W/cm^2,20000000000000.0,0.023872383018394068,5.519865857229281,3.130312540070012e-05,0.000531128484827172,9.488728062573937e-06,0.9488728062573937,16.372021878116353,23.430389465091444,30.495271637492333,3.032556670062863,tdse_dipole_acceleration,raw_fft_harmonic_order_grid,13,1.6079090899617815e-08,0.11079987270298704,single_mode_bsv_random_phase_gamma_intensity,shared_fig_iv2_intensity_cases,hhg_intensity_prediction,quantum_light_hhg_bsv_threshold_tdse_dipole_acceleration
BSV - 2e13 W/cm^2,20000000000000.0,0.023872383018394068,5.559864885180217,6.880004596777676e-06,6.599187241350241e-05,2.0854943987996135e-06,0.20854943987996136,16.372021878116353,23.430389465091444,30.495271637492333,3.032556670062863,tdse_dipole_acceleration,raw_fft_harmonic_order_grid,13,1.6079090899617815e-08,0.11079987270298704,single_mode_bsv_random_phase_gamma_intensity,shared_fig_iv2_intensity_cases,hhg_intensity_prediction,quantum_light_hhg_bsv_threshold_tdse_dipole_acceleration
BSV - 2e13 W/cm^2,20000000000000.0,0.023872383018394068,5.599863913131154,3.752960541997488e-05,0.0008511002225419025,1.1376123488227725e-05,1.1376123488227725,16.372021878116353,23.430389465091444,30.495271637492333,3.032556670062863,tdse_dipole_acceleration,raw_fft_harmonic_order_grid,13,1.6079090899617815e-08,0.11079987270298704,single_mode_bsv_random_phase_gamma_intensity,shared_fig_iv2_intensity_cases,hhg_intensity_prediction,quantum_light_hhg_bsv_threshold_tdse_dipole_acceleration
BSV - 2e13 W/cm^2,20000000000000.0,0.023872383018394068,5.6398629410820895,2.871496178928922e-05,0.001078567791714752,8.704193599137322e-06,0.8704193599137322,16.372021878116353,23.430389465091444,30.495271637492333,3.032556670062863,tdse_dipole_acceleration,raw_fft_harmonic_order_grid,13,1.6079090899617815e-08,0.11079987270298704,single_mode_bsv_random_phase_gamma_intensity,shared_fig_iv2_intensity_cases,hhg_intensity_prediction,quantum_light_hhg_bsv_threshold_tdse_dipole_acceleration
BSV - 2e13 W/cm^2,20000000000000.0,0.023872383018394068,5.679861969033027,3.179509664913666e-05,0.0013902211616737862,9.637856347090694e-06,0.9637856347090694,16.372021878116353,23.430389465091444,30.495271637492333,3.032556670062863,tdse_dipole_acceleration,raw_fft_harmonic_order_grid,13,1.6079090899617815e-08,0.11079987270298704,single_mode_bsv_random_phase_gamma_intensity,shared_fig_iv2_intensity_cases,hhg_intensity_prediction,quantum_light_hhg_bsv_threshold_tdse_dipole_acceleration
BSV - 2e13 W/cm^2,20000000000000.0,0.023872383018394068,5.7198609969839636,4.284551358004443e-05,0.0024159862125423966,1.2987502744798367e-05,1.2987502744798367,16.372021878116353,23.430389465091444,30.495271637492333,3.032556670062863,tdse_dipole_acceleration,raw_fft_harmonic_order_grid,13,1.6079090899617815e-08,0.11079987270298704,single_mode_bsv_random_phase_gamma_intensity,shared_fig_iv2_intensity_cases,hhg_intensity_prediction,quantum_light_hhg_bsv_threshold_tdse_dipole_acceleration
BSV - 2e13 W/cm^2,20000000000000.0,0.023872383018394068,5.759860024934901,2.192224227305343e-05,0.0005969758061755382,6.645157401638058e-06,0.6645157401638059,16.372021878116353,23.430389465091444,30.495271637492333,3.032556670062863,tdse_dipole_acceleration,raw_fft_harmonic_order_grid,13,1.6079090899617815e-08,0.11079987270298704,single_mode_bsv_random_phase_gamma_intensity,shared_fig_iv2_intensity_cases,hhg_intensity_prediction,quantum_light_hhg_bsv_threshold_tdse_dipole_acceleration
BSV - 2e13 W/cm^2,20000000000000.0,0.023872383018394068,5.799859052885838,2.2979755022031134e-05,0.0010730805888448005,6.965714878545141e-06,0.6965714878545141,16.372021878116353,23.430389465091444,30.495271637492333,3.032556670062863,tdse_dipole_acceleration,raw_fft_harmonic_order_grid,13,1.6079090899617815e-08,0.11079987270298704,single_mode_bsv_random_phase_gamma_intensity,shared_fig_iv2_intensity_cases,hhg_intensity_prediction,quantum_light_hhg_bsv_threshold_tdse_dipole_acceleration
BSV - 2e13 W/cm^2,20000000000000.0,0.023872383018394068,5.839858080836774,1.8182196827614753e-05,0.0004484858517979709,5.5114599283294645e-06,0.5511459928329464,16.372021878116353,23.430389465091444,30.495271637492333,3.032556670062863,tdse_dipole_acceleration,raw_fft_harmonic_order_grid,13,1.6079090899617815e-08,0.11079987270298704,single_mode_bsv_random_phase_gamma_intensity,shared_fig_iv2_intensity_cases,hhg_intensity_prediction,quantum_light_hhg_bsv_threshold_tdse_dipole_acceleration
BSV - 2e13 W/cm^2,20000000000000.0,0.023872383018394068,5.879857108787712,1.170048148923995e-05,0.00015535846434314217,3.5466965560600183e-06,0.35466965560600183,16.372021878116353,23.430389465091444,30.495271637492333,3.032556670062863,tdse_dipole_acceleration,raw_fft_harmonic_order_grid,13,1.6079090899617815e-08,0.11079987270298704,single_mode_bsv_random_phase_gamma_intensity,shared_fig_iv2_intensity_cases,hhg_intensity_prediction,quantum_light_hhg_bsv_threshold_tdse_dipole_acceleration
BSV - 2e13 W/cm^2,20000000000000.0,0.023872383018394068,5.919856136738647,2.0987190482171032e-05,0.0008322744276257262,6.361720778152936e-06,0.6361720778152936,16.372021878116353,23.430389465091444,30.495271637492333,3.032556670062863,tdse_dipole_acceleration,raw_fft_harmonic_order_grid,13,1.6079090899617815e-08,0.11079987270298704,single_mode_bsv_random_phase_gamma_intensity,shared_fig_iv2_intensity_cases,hhg_intensity_prediction,quantum_light_hhg_bsv_threshold_tdse_dipole_acceleration
BSV - 2e13 W/cm^2,20000000000000.0,0.023872383018394068,5.959855164689585,1.3012223569890977e-05,0.00043163303172976026,3.944317040666777e-06,0.3944317040666777,16.372021878116353,23.430389465091444,30.495271637492333,3.032556670062863,tdse_dipole_acceleration,raw_fft_harmonic_order_grid,13,1.6079090899617815e-08,0.11079987270298704,single_mode_bsv_random_phase_gamma_intensity,shared_fig_iv2_intensity_cases,hhg_intensity_prediction,quantum_light_hhg_bsv_threshold_tdse_dipole_acceleration
BSV - 2e13 W/cm^2,20000000000000.0,0.023872383018394068,5.999854192640521,0.0001065930303357724,0.006817834394894797,3.231090395207684e-05,3.231090395207684,16.372021878116353,23.430389465091444,30.495271637492333,3.032556670062863,tdse_dipole_acceleration,raw_fft_harmonic_order_grid,13,1.6079090899617815e-08,0.11079987270298704,single_mode_bsv_random_phase_gamma_intensity,shared_fig_iv2_intensity_cases,hhg_intensity_prediction,quantum_light_hhg_bsv_threshold_tdse_dipole_acceleration
BSV - 2e13 W/cm^2,20000000000000.0,0.023872383018394068,6.039853220591459,8.635274810835574e-05,0.006530910595464796,2.6175588979297495e-05,2.6175588979297495,16.372021878116353,23.430389465091444,30.495271637492333,3.032556670062863,tdse_dipole_acceleration,raw_fft_harmonic_order_grid,13,1.6079090899617815e-08,0.11079987270298704,single_mode_bsv_random_phase_gamma_intensity,shared_fig_iv2_intensity_cases,hhg_intensity_prediction,quantum_light_hhg_bsv_threshold_tdse_dipole_acceleration
BSV - 2e13 W/cm^2,20000000000000.0,0.023872383018394068,6.079852248542395,0.00014322409649557703,0.003639886774174697,4.341465864057088e-05,4.341465864057088,16.372021878116353,23.430389465091444,30.495271637492333,3.032556670062863,tdse_dipole_acceleration,raw_fft_harmonic_order_grid,13,1.6079090899617815e-08,0.11079987270298704,single_mode_bsv_random_phase_gamma_intensity,shared_fig_iv2_intensity_cases,hhg_intensity_prediction,quantum_light_hhg_bsv_threshold_tdse_dipole_acceleration
BSV - 2e13 W/cm^2,20000000000000.0,0.023872383018394068,6.119851276493333,2.9165404177944286e-05,0.0006735682258479644,8.840733490253388e-06,0.8840733490253389,16.372021878116353,23.430389465091444,30.495271637492333,3.032556670062863,tdse_dipole_acceleration,raw_fft_harmonic_order_grid,13,1.6079090899617815e-08,0.11079987270298704,single_mode_bsv_random_phase_gamma_intensity,shared_fig_iv2_intensity_cases,hhg_intensity_prediction,quantum_light_hhg_bsv_threshold_tdse_dipole_acceleration
BSV - 2e13 W/cm^2,20000000000000.0,0.023872383018394068,6.1598503044442685,3.2567101400989705e-05,0.0018868815631550837,9.87186950263281e-06,0.987186950263281,16.372021878116353,23.430389465091444,30.495271637492333,3.032556670062863,tdse_dipole_acceleration,raw_fft_harmonic_order_grid,13,1.6079090899617815e-08,0.11079987270298704,single_mode_bsv_random_phase_gamma_intensity,shared_fig_iv2_intensity_cases,hhg_intensity_prediction,quantum_light_hhg_bsv_threshold_tdse_dipole_acceleration
BSV - 2e13 W/cm^2,20000000000000.0,0.023872383018394068,6.199849332395206,3.3182651077892055e-05,0.004171484897801608,1.0058457372641502e-05,1.0058457372641503,16.372021878116353,23.430389465091444,30.495271637492333,3.032556670062863,tdse_dipole_acceleration,raw_fft_harmonic_order_grid,13,1.6079090899617815e-08,0.11079987270298704,single_mode_bsv_random_phase_gamma_intensity,shared_fig_iv2_intensity_cases,hhg_intensity_prediction,quantum_light_hhg_bsv_threshold_tdse_dipole_acceleration
BSV - 2e13 W/cm^2,20000000000000.0,0.023872383018394068,6.2398483603461425,1.0327729270828557e-05,0.0006764627770686958,3.130582435470977e-06,0.3130582435470977,16.372021878116353,23.430389465091444,30.495271637492333,3.032556670062863,tdse_dipole_acceleration,raw_fft_harmonic_order_grid,13,1.6079090899617815e-08,0.11079987270298704,single_mode_bsv_random_phase_gamma_intensity,shared_fig_iv2_intensity_cases,hhg_intensity_prediction,quantum_light_hhg_bsv_threshold_tdse_dipole_acceleration
BSV - 2e13 W/cm^2,20000000000000.0,0.023872383018394068,6.27984738829708,2.655250094377222e-05,0.0024272817988919217,8.048699853818984e-06,0.8048699853818985,16.372021878116353,23.430389465091444,30.495271637492333,3.032556670062863,tdse_dipole_acceleration,raw_fft_harmonic_order_grid,13,1.6079090899617815e-08,0.11079987270298704,single_mode_bsv_random_phase_gamma_intensity,shared_fig_iv2_intensity_cases,hhg_intensity_prediction,quantum_light_hhg_bsv_threshold_tdse_dipole_acceleration
BSV - 2e13 W/cm^2,20000000000000.0,0.023872383018394068,6.319846416248017,2.0561395063487846e-05,0.0007628068699485095,6.2326519747521035e-06,0.6232651974752104,16.372021878116353,23.430389465091444,30.495271637492333,3.032556670062863,tdse_dipole_acceleration,raw_fft_harmonic_order_grid,13,1.6079090899617815e-08,0.11079987270298704,single_mode_bsv_random_phase_gamma_intensity,shared_fig_iv2_intensity_cases,hhg_intensity_prediction,quantum_light_hhg_bsv_threshold_tdse_dipole_acceleration
BSV - 2e13 W/cm^2,20000000000000.0,0.023872383018394068,6.359845444198954,4.997158879862378e-05,0.001142631252415773,1.5147587050662416e-05,1.5147587050662417,16.372021878116353,23.430389465091444,30.495271637492333,3.032556670062863,tdse_dipole_acceleration,raw_fft_harmonic_order_grid,13,1.6079090899617815e-08,0.11079987270298704,single_mode_bsv_random_phase_gamma_intensity,shared_fig_iv2_intensity_cases,hhg_intensity_prediction,quantum_light_hhg_bsv_threshold_tdse_dipole_acceleration
BSV - 2e13 W/cm^2,20000000000000.0,0.023872383018394068,6.39984447214989,2.6656514155101815e-05,0.002895407954015726,8.080228752757603e-06,0.8080228752757603,16.372021878116353,23.430389465091444,30.495271637492333,3.032556670062863,tdse_dipole_acceleration,raw_fft_harmonic_order_grid,13,1.6079090899617815e-08,0.11079987270298704,single_mode_bsv_random_phase_gamma_intensity,shared_fig_iv2_intensity_cases,hhg_intensity_prediction,quantum_light_hhg_bsv_threshold_tdse_dipole_acceleration
BSV - 2e13 W/cm^2,20000000000000.0,0.023872383018394068,6.439843500100826,9.539539092408799e-05,0.002400185066812244,2.891663088955838e-05,2.891663088955838,16.372021878116353,23.430389465091444,30.495271637492333,3.032556670062863,tdse_dipole_acceleration,raw_fft_harmonic_order_grid,13,1.6079090899617815e-08,0.11079987270298704,single_mode_bsv_random_phase_gamma_intensity,shared_fig_iv2_intensity_cases,hhg_intensity_prediction,quantum_light_hhg_bsv_threshold_tdse_dipole_acceleration
BSV - 2e13 W/cm^2,20000000000000.0,0.023872383018394068,6.479842528051764,0.00023264317506164957,0.007324934472982276,7.051972592246023e-05,7.051972592246022,16.372021878116353,23.430389465091444,30.495271637492333,3.032556670062863,tdse_dipole_acceleration,raw_fft_harmonic_order_grid,13,1.6079090899617815e-08,0.11079987270298704,single_mode_bsv_random_phase_gamma_intensity,shared_fig_iv2_intensity_cases,hhg_intensity_prediction,quantum_light_hhg_bsv_threshold_tdse_dipole_acceleration
BSV - 2e13 W/cm^2,20000000000000.0,0.023872383018394068,6.5198415560027,9.460147149089908e-05,0.006370761382244585,2.8675974868516027e-05,2.8675974868516025,16.372021878116353,23.430389465091444,30.495271637492333,3.032556670062863,tdse_dipole_acceleration,raw_fft_harmonic_order_grid,13,1.6079090899617815e-08,0.11079987270298704,single_mode_bsv_random_phase_gamma_intensity,shared_fig_iv2_intensity_cases,hhg_intensity_prediction,quantum_light_hhg_bsv_threshold_tdse_dipole_acceleration
BSV - 2e13 W/cm^2,20000000000000.0,0.023872383018394068,6.559840583953638,0.00012032423827613185,0.004864948240456763,3.647316239908203e-05,3.647316239908203,16.372021878116353,23.430389465091444,30.495271637492333,3.032556670062863,tdse_dipole_acceleration,raw_fft_harmonic_order_grid,13,1.6079090899617815e-08,0.11079987270298704,single_mode_bsv_random_phase_gamma_intensity,shared_fig_iv2_intensity_cases,hhg_intensity_prediction,quantum_light_hhg_bsv_threshold_tdse_dipole_acceleration
BSV - 2e13 W/cm^2,20000000000000.0,0.023872383018394068,6.599839611904574,0.00011917845300171957,0.003615043078728433,3.612584740264539e-05,3.6125847402645395,16.372021878116353,23.430389465091444,30.495271637492333,3.032556670062863,tdse_dipole_acceleration,raw_fft_harmonic_order_grid,13,1.6079090899617815e-08,0.11079987270298704,single_mode_bsv_random_phase_gamma_intensity,shared_fig_iv2_intensity_cases,hhg_intensity_prediction,quantum_light_hhg_bsv_threshold_tdse_dipole_acceleration
BSV - 2e13 W/cm^2,20000000000000.0,0.023872383018394068,6.639838639855511,7.486254726317746e-05,0.005379771393014672,2.269263352968557e-05,2.269263352968557,16.372021878116353,23.430389465091444,30.495271637492333,3.032556670062863,tdse_dipole_acceleration,raw_fft_harmonic_order_grid,13,1.6079090899617815e-08,0.11079987270298704,single_mode_bsv_random_phase_gamma_intensity,shared_fig_iv2_intensity_cases,hhg_intensity_prediction,quantum_light_hhg_bsv_threshold_tdse_dipole_acceleration
BSV - 2e13 W/cm^2,20000000000000.0,0.023872383018394068,6.679837667806447,0.0006552965486963875,0.02879130631272846,0.000198636100112361,19.8636100112361,16.372021878116353,23.430389465091444,30.495271637492333,3.032556670062863,tdse_dipole_acceleration,raw_fft_harmonic_order_grid,13,1.6079090899617815e-08,0.11079987270298704,single_mode_bsv_random_phase_gamma_intensity,shared_fig_iv2_intensity_cases,hhg_intensity_prediction,quantum_light_hhg_bsv_threshold_tdse_dipole_acceleration
BSV - 2e13 W/cm^2,20000000000000.0,0.023872383018394068,6.719836695757384,0.00039386690944708186,0.05523019950608326,0.00011939050649895188,11.939050649895188,16.372021878116353,23.430389465091444,30.495271637492333,3.032556670062863,tdse_dipole_acceleration,raw_fft_harmonic_order_grid,13,1.6079090899617815e-08,0.11079987270298704,single_mode_bsv_random_phase_gamma_intensity,shared_fig_iv2_intensity_cases,hhg_intensity_prediction,quantum_light_hhg_bsv_threshold_tdse_dipole_acceleration
BSV - 2e13 W/cm^2,20000000000000.0,0.023872383018394068,6.759835723708321,0.001726383240109366,0.06591696970585935,0.0005233081645201051,52.33081645201051,16.372021878116353,23.430389465091444,30.495271637492333,3.032556670062863,tdse_dipole_acceleration,raw_fft_harmonic_order_grid,13,1.6079090899617815e-08,0.11079987270298704,single_mode_bsv_random_phase_gamma_intensity,shared_fig_iv2_intensity_cases,hhg_intensity_prediction,quantum_light_hhg_bsv_threshold_tdse_dipole_acceleration
BSV - 2e13 W/cm^2,20000000000000.0,0.023872383018394068,6.799834751659258,0.0003300321703952894,0.02095922165317813,0.00010004066612185394,10.004066612185394,16.372021878116353,23.430389465091444,30.495271637492333,3.032556670062863,tdse_dipole_acceleration,raw_fft_harmonic_order_grid,13,1.6079090899617815e-08,0.11079987270298704,single_mode_bsv_random_phase_gamma_intensity,shared_fig_iv2_intensity_cases,hhg_intensity_prediction,quantum_light_hhg_bsv_threshold_tdse_dipole_acceleration
BSV - 2e13 W/cm^2,20000000000000.0,0.023872383018394068,6.839833779610195,0.0008815210511152496,0.02601542095476937,0.000267210172415559,26.7210172415559,16.372021878116353,23.430389465091444,30.495271637492333,3.032556670062863,tdse_dipole_acceleration,raw_fft_harmonic_order_grid,13,1.6079090899617815e-08,0.11079987270298704,single_mode_bsv_random_phase_gamma_intensity,shared_fig_iv2_intensity_cases,hhg_intensity_prediction,quantum_light_hhg_bsv_threshold_tdse_dipole_acceleration
BSV - 2e13 W/cm^2,20000000000000.0,0.023872383018394068,6.879832807561132,0.0042605078542108125,0.056595221919768214,0.0012914621118363672,129.14621118363672,16.372021878116353,23.430389465091444,30.495271637492333,3.032556670062863,tdse_dipole_acceleration,raw_fft_harmonic_order_grid,13,1.6079090899617815e-08,0.11079987270298704,single_mode_bsv_random_phase_gamma_intensity,shared_fig_iv2_intensity_cases,hhg_intensity_prediction,quantum_light_hhg_bsv_threshold_tdse_dipole_acceleration
BSV - 2e13 W/cm^2,20000000000000.0,0.023872383018394068,6.919831835512069,0.0027295456214400395,0.0666899949090574,0.0008273907414898144,82.73907414898144,16.372021878116353,23.430389465091444,30.495271637492333,3.032556670062863,tdse_dipole_acceleration,raw_fft_harmonic_order_grid,13,1.6079090899617815e-08,0.11079987270298704,single_mode_bsv_random_phase_gamma_intensity,shared_fig_iv2_intensity_cases,hhg_intensity_prediction,quantum_light_hhg_bsv_threshold_tdse_dipole_acceleration
BSV - 2e13 W/cm^2,20000000000000.0,0.023872383018394068,6.959830863463005,0.27182148554166413,3.1248607733707314,0.08239561145584642,8239.561145584643,16.372021878116353,23.430389465091444,30.495271637492333,3.032556670062863,tdse_dipole_acceleration,raw_fft_harmonic_order_grid,13,1.6079090899617815e-08,0.11079987270298704,single_mode_bsv_random_phase_gamma_intensity,shared_fig_iv2_intensity_cases,hhg_intensity_prediction,quantum_light_hhg_bsv_threshold_tdse_dipole_acceleration
BSV - 2e13 W/cm^2,20000000000000.0,0.023872383018394068,6.999829891413942,0.7564109493378265,7.870073262847991,0.22928630000822534,22928.630000822533,16.372021878116353,23.430389465091444,30.495271637492333,3.032556670062863,tdse_dipole_acceleration,raw_fft_harmonic_order_grid,13,1.6079090899617815e-08,0.11079987270298704,single_mode_bsv_random_phase_gamma_intensity,shared_fig_iv2_intensity_cases,hhg_intensity_prediction,quantum_light_hhg_bsv_threshold_tdse_dipole_acceleration
BSV - 2e13 W/cm^2,20000000000000.0,0.023872383018394068,7.039828919364879,0.3656382936174369,3.2632771251487314,0.11083373602438512,11083.373602438513,16.372021878116353,23.430389465091444,30.495271637492333,3.032556670062863,tdse_dipole_acceleration,raw_fft_harmonic_order_grid,13,1.6079090899617815e-08,0.11079987270298704,single_mode_bsv_random_phase_gamma_intensity,shared_fig_iv2_intensity_cases,hhg_intensity_prediction,quantum_light_hhg_bsv_threshold_tdse_dipole_acceleration
BSV - 2e13 W/cm^2,20000000000000.0,0.023872383018394068,7.079827947315816,0.01939722788109518,0.20865109558974904,0.00587976498114699,587.976498114699,16.372021878116353,23.430389465091444,30.495271637492333,3.032556670062863,tdse_dipole_acceleration,raw_fft_harmonic_order_grid,13,1.6079090899617815e-08,0.11079987270298704,single_mode_bsv_random_phase_gamma_intensity,shared_fig_iv2_intensity_cases,hhg_intensity_prediction,quantum_light_hhg_bsv_threshold_tdse_dipole_acceleration
BSV - 2e13 W/cm^2,20000000000000.0,0.023872383018394068,7.119826975266753,0.009062633233306402,0.07788052831619448,0.0027471014852646736,274.7101485264674,16.372021878116353,23.430389465091444,30.495271637492333,3.032556670062863,tdse_dipole_acceleration,raw_fft_harmonic_order_grid,13,1.6079090899617815e-08,0.11079987270298704,single_mode_bsv_random_phase_gamma_intensity,shared_fig_iv2_intensity_cases,hhg_intensity_prediction,quantum_light_hhg_bsv_threshold_tdse_dipole_acceleration
BSV - 2e13 W/cm^2,20000000000000.0,0.023872383018394068,7.15982600321769,0.0003533678713104958,0.022838040119391233,0.00010711427673739326,10.711427673739326,16.372021878116353,23.430389465091444,30.495271637492333,3.032556670062863,tdse_dipole_acceleration,raw_fft_harmonic_order_grid,13,1.6079090899617815e-08,0.11079987270298704,single_mode_bsv_random_phase_gamma_intensity,shared_fig_iv2_intensity_cases,hhg_intensity_prediction,quantum_light_hhg_bsv_threshold_tdse_dipole_acceleration
BSV - 2e13 W/cm^2,20000000000000.0,0.023872383018394068,7.199825031168626,0.0017112387099612494,0.017338230761970788,0.0005187174942157362,51.87174942157362,16.372021878116353,23.430389465091444,30.495271637492333,3.032556670062863,tdse_dipole_acceleration,raw_fft_harmonic_order_grid,13,1.6079090899617815e-08,0.11079987270298704,single_mode_bsv_random_phase_gamma_intensity,shared_fig_iv2_intensity_cases,hhg_intensity_prediction,quantum_light_hhg_bsv_threshold_tdse_dipole_acceleration
BSV - 2e13 W/cm^2,20000000000000.0,0.023872383018394068,7.239824059119563,0.0009370860069650095,0.005727636783558874,0.0002840532431670663,28.40532431670663,16.372021878116353,23.430389465091444,30.495271637492333,3.032556670062863,tdse_dipole_acceleration,raw_fft_harmonic_order_grid,13,1.6079090899617815e-08,0.11079987270298704,single_mode_bsv_random_phase_gamma_intensity,shared_fig_iv2_intensity_cases,hhg_intensity_prediction,quantum_light_hhg_bsv_threshold_tdse_dipole_acceleration
BSV - 2e13 W/cm^2,20000000000000.0,0.023872383018394068,7.279823087070499,0.001936270658698511,0.01646043897738509,0.000586930074896616,58.693007489661596,16.372021878116353,23.430389465091444,30.495271637492333,3.032556670062863,tdse_dipole_acceleration,raw_fft_harmonic_order_grid,13,1.6079090899617815e-08,0.11079987270298704,single_mode_bsv_random_phase_gamma_intensity,shared_fig_iv2_intensity_cases,hhg_intensity_prediction,quantum_light_hhg_bsv_threshold_tdse_dipole_acceleration
BSV - 2e13 W/cm^2,20000000000000.0,0.023872383018394068,7.319822115021437,0.001120524673570342,0.008539859373770019,0.0003396579024877689,33.96579024877689,16.372021878116353,23.430389465091444,30.495271637492333,3.032556670062863,tdse_dipole_acceleration,raw_fft_harmonic_order_grid,13,1.6079090899617815e-08,0.11079987270298704,single_mode_bsv_random_phase_gamma_intensity,shared_fig_iv2_intensity_cases,hhg_intensity_prediction,quantum_light_hhg_bsv_threshold_tdse_dipole_acceleration
BSV - 2e13 W/cm^2,20000000000000.0,0.023872383018394068,7.359821142972373,9.974284866253748e-05,0.008503944727862329,3.023444959665647e-05,3.023444959665647,16.372021878116353,23.430389465091444,30.495271637492333,3.032556670062863,tdse_dipole_acceleration,raw_fft_harmonic_order_grid,13,1.6079090899617815e-08,0.11079987270298704,single_mode_bsv_random_phase_gamma_intensity,shared_fig_iv2_intensity_cases,hhg_intensity_prediction,quantum_light_hhg_bsv_threshold_tdse_dipole_acceleration
BSV - 2e13 W/cm^2,20000000000000.0,0.023872383018394068,7.399820170923311,0.0011323191499685616,0.008167079208434914,0.0003432330911550529,34.32330911550529,16.372021878116353,23.430389465091444,30.495271637492333,3.032556670062863,tdse_dipole_acceleration,raw_fft_harmonic_order_grid,13,1.6079090899617815e-08,0.11079987270298704,single_mode_bsv_random_phase_gamma_intensity,shared_fig_iv2_intensity_cases,hhg_intensity_prediction,quantum_light_hhg_bsv_threshold_tdse_dipole_acceleration
BSV - 2e13 W/cm^2,20000000000000.0,0.023872383018394068,7.439819198874247,0.0013722203040092084,0.012672140134048201,0.00041595288457665306,41.595288457665305,16.372021878116353,23.430389465091444,30.495271637492333,3.032556670062863,tdse_dipole_acceleration,raw_fft_harmonic_order_grid,13,1.6079090899617815e-08,0.11079987270298704,single_mode_bsv_random_phase_gamma_intensity,shared_fig_iv2_intensity_cases,hhg_intensity_prediction,quantum_light_hhg_bsv_threshold_tdse_dipole_acceleration
BSV - 2e13 W/cm^2,20000000000000.0,0.023872383018394068,7.479818226825183,0.0003722127268384287,0.003349427912437809,0.00011282660441056066,11.282660441056066,16.372021878116353,23.430389465091444,30.495271637492333,3.032556670062863,tdse_dipole_acceleration,raw_fft_harmonic_order_grid,13,1.6079090899617815e-08,0.11079987270298704,single_mode_bsv_random_phase_gamma_intensity,shared_fig_iv2_intensity_cases,hhg_intensity_prediction,quantum_light_hhg_bsv_threshold_tdse_dipole_acceleration
BSV - 2e13 W/cm^2,20000000000000.0,0.023872383018394068,7.51981725477612,0.0008203875333419036,0.007448250748229769,0.00024867913699227703,24.867913699227703,16.372021878116353,23.430389465091444,30.495271637492333,3.032556670062863,tdse_dipole_acceleration,raw_fft_harmonic_order_grid,13,1.6079090899617815e-08,0.11079987270298704,single_mode_bsv_random_phase_gamma_intensity,shared_fig_iv2_intensity_cases,hhg_intensity_prediction,quantum_light_hhg_bsv_threshold_tdse_dipole_acceleration
BSV - 2e13 W/cm^2,20000000000000.0,0.023872383018394068,7.559816282727057,0.0006166084306878915,0.0047951707530068804,0.00018690880367354672,18.690880367354673,16.372021878116353,23.430389465091444,30.495271637492333,3.032556670062863,tdse_dipole_acceleration,raw_fft_harmonic_order_grid,13,1.6079090899617815e-08,0.11079987270298704,single_mode_bsv_random_phase_gamma_intensity,shared_fig_iv2_intensity_cases,hhg_intensity_prediction,quantum_light_hhg_bsv_threshold_tdse_dipole_acceleration
BSV - 2e13 W/cm^2,20000000000000.0,0.023872383018394068,7.599815310677994,0.0013571329232212718,0.014496389167485234,0.0004113795376139875,41.13795376139875,16.372021878116353,23.430389465091444,30.495271637492333,3.032556670062863,tdse_dipole_acceleration,raw_fft_harmonic_order_grid,13,1.6079090899617815e-08,0.11079987270298704,single_mode_bsv_random_phase_gamma_intensity,shared_fig_iv2_intensity_cases,hhg_intensity_prediction,quantum_light_hhg_bsv_threshold_tdse_dipole_acceleration
BSV - 2e13 W/cm^2,20000000000000.0,0.023872383018394068,7.6398143386289314,0.00110406259989952,0.01129181410153515,0.0003346678531425686,33.46678531425686,16.372021878116353,23.430389465091444,30.495271637492333,3.032556670062863,tdse_dipole_acceleration,raw_fft_harmonic_order_grid,13,1.6079090899617815e-08,0.11079987270298704,single_mode_bsv_random_phase_gamma_intensity,shared_fig_iv2_intensity_cases,hhg_intensity_prediction,quantum_light_hhg_bsv_threshold_tdse_dipole_acceleration
BSV - 2e13 W/cm^2,20000000000000.0,0.023872383018394068,7.679813366579868,0.0014599777850366554,0.013512017379034945,0.0004425542817939198,44.25542817939198,16.372021878116353,23.430389465091444,30.495271637492333,3.032556670062863,tdse_dipole_acceleration,raw_fft_harmonic_order_grid,13,1.6079090899617815e-08,0.11079987270298704,single_mode_bsv_random_phase_gamma_intensity,shared_fig_iv2_intensity_cases,hhg_intensity_prediction,quantum_light_hhg_bsv_threshold_tdse_dipole_acceleration
BSV - 2e13 W/cm^2,20000000000000.0,0.023872383018394068,7.719812394530805,0.001594733571387378,0.02586240169183886,0.00048340199253119086,48.34019925311909,16.372021878116353,23.430389465091444,30.495271637492333,3.032556670062863,tdse_dipole_acceleration,raw_fft_harmonic_order_grid,13,1.6079090899617815e-08,0.11079987270298704,single_mode_bsv_random_phase_gamma_intensity,shared_fig_iv2_intensity_cases,hhg_intensity_prediction,quantum_light_hhg_bsv_threshold_tdse_dipole_acceleration
BSV - 2e13 W/cm^2,20000000000000.0,0.023872383018394068,7.759811422481741,0.0012239634151686933,0.007147473956064223,0.0003710126658731419,37.101266587314186,16.372021878116353,23.430389465091444,30.495271637492333,3.032556670062863,tdse_dipole_acceleration,raw_fft_harmonic_order_grid,13,1.6079090899617815e-08,0.11079987270298704,single_mode_bsv_random_phase_gamma_intensity,shared_fig_iv2_intensity_cases,hhg_intensity_prediction,quantum_light_hhg_bsv_threshold_tdse_dipole_acceleration
BSV - 2e13 W/cm^2,20000000000000.0,0.023872383018394068,7.799810450432679,0.001602022189271694,0.0161559923090037,0.0004856113474173563,48.561134741735636,16.372021878116353,23.430389465091444,30.495271637492333,3.032556670062863,tdse_dipole_acceleration,raw_fft_harmonic_order_grid,13,1.6079090899617815e-08,0.11079987270298704,single_mode_bsv_random_phase_gamma_intensity,shared_fig_iv2_intensity_cases,hhg_intensity_prediction,quantum_light_hhg_bsv_threshold_tdse_dipole_acceleration
BSV - 2e13 W/cm^2,20000000000000.0,0.023872383018394068,7.839809478383615,0.0016872284404251545,0.014864413058703422,0.0005114394056727943,51.14394056727943,16.372021878116353,23.430389465091444,30.495271637492333,3.032556670062863,tdse_dipole_acceleration,raw_fft_harmonic_order_grid,13,1.6079090899617815e-08,0.11079987270298704,single_mode_bsv_random_phase_gamma_intensity,shared_fig_iv2_intensity_cases,hhg_intensity_prediction,quantum_light_hhg_bsv_threshold_tdse_dipole_acceleration
BSV - 2e13 W/cm^2,20000000000000.0,0.023872383018394068,7.879808506334553,0.0013190268555937368,0.007469452917599115,0.00039982867460515686,39.982867460515685,16.372021878116353,23.430389465091444,30.495271637492333,3.032556670062863,tdse_dipole_acceleration,raw_fft_harmonic_order_grid,13,1.6079090899617815e-08,0.11079987270298704,single_mode_bsv_random_phase_gamma_intensity,shared_fig_iv2_intensity_cases,hhg_intensity_prediction,quantum_light_hhg_bsv_threshold_tdse_dipole_acceleration
BSV - 2e13 W/cm^2,20000000000000.0,0.023872383018394068,7.919807534285489,0.0015570364470950304,0.012234968634481152,0.00047197509005508423,47.19750900550842,16.372021878116353,23.430389465091444,30.495271637492333,3.032556670062863,tdse_dipole_acceleration,raw_fft_harmonic_order_grid,13,1.6079090899617815e-08,0.11079987270298704,single_mode_bsv_random_phase_gamma_intensity,shared_fig_iv2_intensity_cases,hhg_intensity_prediction,quantum_light_hhg_bsv_threshold_tdse_dipole_acceleration
BSV - 2e13 W/cm^2,20000000000000.0,0.023872383018394068,7.959806562236426,0.0015867465289275515,0.00846847806589144,0.00048098092840563134,48.09809284056313,16.372021878116353,23.430389465091444,30.495271637492333,3.032556670062863,tdse_dipole_acceleration,raw_fft_harmonic_order_grid,13,1.6079090899617815e-08,0.11079987270298704,single_mode_bsv_random_phase_gamma_intensity,shared_fig_iv2_intensity_cases,hhg_intensity_prediction,quantum_light_hhg_bsv_threshold_tdse_dipole_acceleration
BSV - 2e13 W/cm^2,20000000000000.0,0.023872383018394068,7.9998055901873615,0.0030873493012612114,0.03415360628440263,0.0009358496181723147,93.58496181723146,16.372021878116353,23.430389465091444,30.495271637492333,3.032556670062863,tdse_dipole_acceleration,raw_fft_harmonic_order_grid,13,1.6079090899617815e-08,0.11079987270298704,single_mode_bsv_random_phase_gamma_intensity,shared_fig_iv2_intensity_cases,hhg_intensity_prediction,quantum_light_hhg_bsv_threshold_tdse_dipole_acceleration
BSV - 2e13 W/cm^2,20000000000000.0,0.023872383018394068,8.0398046181383,0.0017956133400706148,0.011278997493621656,0.0005442934681876555,54.429346818765545,16.372021878116353,23.430389465091444,30.495271637492333,3.032556670062863,tdse_dipole_acceleration,raw_fft_harmonic_order_grid,13,1.6079090899617815e-08,0.11079987270298704,single_mode_bsv_random_phase_gamma_intensity,shared_fig_iv2_intensity_cases,hhg_intensity_prediction,quantum_light_hhg_bsv_threshold_tdse_dipole_acceleration
BSV - 2e13 W/cm^2,20000000000000.0,0.023872383018394068,8.079803646089236,0.005654519377886118,0.04219619384837728,0.0017140204377201294,171.40204377201295,16.372021878116353,23.430389465091444,30.495271637492333,3.032556670062863,tdse_dipole_acceleration,raw_fft_harmonic_order_grid,13,1.6079090899617815e-08,0.11079987270298704,single_mode_bsv_random_phase_gamma_intensity,shared_fig_iv2_intensity_cases,hhg_intensity_prediction,quantum_light_hhg_bsv_threshold_tdse_dipole_acceleration
BSV - 2e13 W/cm^2,20000000000000.0,0.023872383018394068,8.119802674040173,0.003775292428399702,0.02031071151943222,0.0011443816791845952,114.43816791845951,16.372021878116353,23.430389465091444,30.495271637492333,3.032556670062863,tdse_dipole_acceleration,raw_fft_harmonic_order_grid,13,1.6079090899617815e-08,0.11079987270298704,single_mode_bsv_random_phase_gamma_intensity,shared_fig_iv2_intensity_cases,hhg_intensity_prediction,quantum_light_hhg_bsv_threshold_tdse_dipole_acceleration
BSV - 2e13 W/cm^2,20000000000000.0,0.023872383018394068,8.15980170199111,0.0012573612712139526,0.005783133873162442,0.00038113635703272713,38.11363570327271,16.372021878116353,23.430389465091444,30.495271637492333,3.032556670062863,tdse_dipole_acceleration,raw_fft_harmonic_order_grid,13,1.6079090899617815e-08,0.11079987270298704,single_mode_bsv_random_phase_gamma_intensity,shared_fig_iv2_intensity_cases,hhg_intensity_prediction,quantum_light_hhg_bsv_threshold_tdse_dipole_acceleration
BSV - 2e13 W/cm^2,20000000000000.0,0.023872383018394068,8.199800729942046,0.0009759209401609881,0.019833771011915663,0.0002958250428103257,29.58250428103257,16.372021878116353,23.430389465091444,30.495271637492333,3.032556670062863,tdse_dipole_acceleration,raw_fft_harmonic_order_grid,13,1.6079090899617815e-08,0.11079987270298704,single_mode_bsv_random_phase_gamma_intensity,shared_fig_iv2_intensity_cases,hhg_intensity_prediction,quantum_light_hhg_bsv_threshold_tdse_dipole_acceleration
BSV - 2e13 W/cm^2,20000000000000.0,0.023872383018394068,8.239799757892984,0.0006293043340264835,0.0026486322389943297,0.00019075723646568986,19.075723646568985,16.372021878116353,23.430389465091444,30.495271637492333,3.032556670062863,tdse_dipole_acceleration,raw_fft_harmonic_order_grid,13,1.6079090899617815e-08,0.11079987270298704,single_mode_bsv_random_phase_gamma_intensity,shared_fig_iv2_intensity_cases,hhg_intensity_prediction,quantum_light_hhg_bsv_threshold_tdse_dipole_acceleration
BSV - 2e13 W/cm^2,20000000000000.0,0.023872383018394068,8.27979878584392,0.000991766164470704,0.00782844568132024,0.00030062811032006444,30.062811032006444,16.372021878116353,23.430389465091444,30.495271637492333,3.032556670062863,tdse_dipole_acceleration,raw_fft_harmonic_order_grid,13,1.6079090899617815e-08,0.11079987270298704,single_mode_bsv_random_phase_gamma_intensity,shared_fig_iv2_intensity_cases,hhg_intensity_prediction,quantum_light_hhg_bsv_threshold_tdse_dipole_acceleration
BSV - 2e13 W/cm^2,20000000000000.0,0.023872383018394068,8.319797813794857,0.0027746172959976128,0.015693607864331677,0.0008410530470176861,84.10530470176862,16.372021878116353,23.430389465091444,30.495271637492333,3.032556670062863,tdse_dipole_acceleration,raw_fft_harmonic_order_grid,13,1.6079090899617815e-08,0.11079987270298704,single_mode_bsv_random_phase_gamma_intensity,shared_fig_iv2_intensity_cases,hhg_intensity_prediction,quantum_light_hhg_bsv_threshold_tdse_dipole_acceleration
BSV - 2e13 W/cm^2,20000000000000.0,0.023872383018394068,8.359796841745792,0.0013002685301726996,0.003669987964393306,0.0003941425762826709,39.41425762826709,16.372021878116353,23.430389465091444,30.495271637492333,3.032556670062863,tdse_dipole_acceleration,raw_fft_harmonic_order_grid,13,1.6079090899617815e-08,0.11079987270298704,single_mode_bsv_random_phase_gamma_intensity,shared_fig_iv2_intensity_cases,hhg_intensity_prediction,quantum_light_hhg_bsv_threshold_tdse_dipole_acceleration
BSV - 2e13 W/cm^2,20000000000000.0,0.023872383018394068,8.399795869696732,0.0023737412438515483,0.01252851888152475,0.0007195379012639928,71.95379012639928,16.372021878116353,23.430389465091444,30.495271637492333,3.032556670062863,tdse_dipole_acceleration,raw_fft_harmonic_order_grid,13,1.6079090899617815e-08,0.11079987270298704,single_mode_bsv_random_phase_gamma_intensity,shared_fig_iv2_intensity_cases,hhg_intensity_prediction,quantum_light_hhg_bsv_threshold_tdse_dipole_acceleration
BSV - 2e13 W/cm^2,20000000000000.0,0.023872383018394068,8.439794897647667,0.0014340500071674848,0.014027266163237047,0.0004346949504869609,43.46949504869609,16.372021878116353,23.430389465091444,30.495271637492333,3.032556670062863,tdse_dipole_acceleration,raw_fft_harmonic_order_grid,13,1.6079090899617815e-08,0.11079987270298704,single_mode_bsv_random_phase_gamma_intensity,shared_fig_iv2_intensity_cases,hhg_intensity_prediction,quantum_light_hhg_bsv_threshold_tdse_dipole_acceleration
BSV - 2e13 W/cm^2,20000000000000.0,0.023872383018394068,8.479793925598603,0.005117505024250566,0.03267569025353882,0.0015512385077332694,155.12385077332695,16.372021878116353,23.430389465091444,30.495271637492333,3.032556670062863,tdse_dipole_acceleration,raw_fft_harmonic_order_grid,13,1.6079090899617815e-08,0.11079987270298704,single_mode_bsv_random_phase_gamma_intensity,shared_fig_iv2_intensity_cases,hhg_intensity_prediction,quantum_light_hhg_bsv_threshold_tdse_dipole_acceleration
BSV - 2e13 W/cm^2,20000000000000.0,0.023872383018394068,8.51979295354954,0.001094560929405544,0.011271647819300653,0.0003317876689340133,33.17876689340133,16.372021878116353,23.430389465091444,30.495271637492333,3.032556670062863,tdse_dipole_acceleration,raw_fft_harmonic_order_grid,13,1.6079090899617815e-08,0.11079987270298704,single_mode_bsv_random_phase_gamma_intensity,shared_fig_iv2_intensity_cases,hhg_intensity_prediction,quantum_light_hhg_bsv_threshold_tdse_dipole_acceleration
BSV - 2e13 W/cm^2,20000000000000.0,0.023872383018394068,8.559791981500478,0.0038664031574054364,0.0328729273777884,0.0011719995262861802,117.19995262861802,16.372021878116353,23.430389465091444,30.495271637492333,3.032556670062863,tdse_dipole_acceleration,raw_fft_harmonic_order_grid,13,1.6079090899617815e-08,0.11079987270298704,single_mode_bsv_random_phase_gamma_intensity,shared_fig_iv2_intensity_cases,hhg_intensity_prediction,quantum_light_hhg_bsv_threshold_tdse_dipole_acceleration
BSV - 2e13 W/cm^2,20000000000000.0,0.023872383018394068,8.599791009451414,0.002281233182702421,0.007232277659663428,0.000691496489277048,69.1496489277048,16.372021878116353,23.430389465091444,30.495271637492333,3.032556670062863,tdse_dipole_acceleration,raw_fft_harmonic_order_grid,13,1.6079090899617815e-08,0.11079987270298704,single_mode_bsv_random_phase_gamma_intensity,shared_fig_iv2_intensity_cases,hhg_intensity_prediction,quantum_light_hhg_bsv_threshold_tdse_dipole_acceleration
BSV - 2e13 W/cm^2,20000000000000.0,0.023872383018394068,8.639790037402351,0.0020656502530296914,0.007027642461902186,0.0006261481328937017,62.61481328937017,16.372021878116353,23.430389465091444,30.495271637492333,3.032556670062863,tdse_dipole_acceleration,raw_fft_harmonic_order_grid,13,1.6079090899617815e-08,0.11079987270298704,single_mode_bsv_random_phase_gamma_intensity,shared_fig_iv2_intensity_cases,hhg_intensity_prediction,quantum_light_hhg_bsv_threshold_tdse_dipole_acceleration
BSV - 2e13 W/cm^2,20000000000000.0,0.023872383018394068,8.679789065353289,0.00532511038698015,0.05959627278897774,0.001614168672247417,161.4168672247417,16.372021878116353,23.430389465091444,30.495271637492333,3.032556670062863,tdse_dipole_acceleration,raw_fft_harmonic_order_grid,13,1.6079090899617815e-08,0.11079987270298704,single_mode_bsv_random_phase_gamma_intensity,shared_fig_iv2_intensity_cases,hhg_intensity_prediction,quantum_light_hhg_bsv_threshold_tdse_dipole_acceleration
BSV - 2e13 W/cm^2,20000000000000.0,0.023872383018394068,8.719788093304224,0.002374527204259831,0.10068474498396572,0.000719776144713702,71.97761447137019,16.372021878116353,23.430389465091444,30.495271637492333,3.032556670062863,tdse_dipole_acceleration,raw_fft_harmonic_order_grid,13,1.6079090899617815e-08,0.11079987270298704,single_mode_bsv_random_phase_gamma_intensity,shared_fig_iv2_intensity_cases,hhg_intensity_prediction,quantum_light_hhg_bsv_threshold_tdse_dipole_acceleration
BSV - 2e13 W/cm^2,20000000000000.0,0.023872383018394068,8.759787121255162,0.012191907390366359,0.2219023267119932,0.003695659532727823,369.5659532727823,16.372021878116353,23.430389465091444,30.495271637492333,3.032556670062863,tdse_dipole_acceleration,raw_fft_harmonic_order_grid,13,1.6079090899617815e-08,0.11079987270298704,single_mode_bsv_random_phase_gamma_intensity,shared_fig_iv2_intensity_cases,hhg_intensity_prediction,quantum_light_hhg_bsv_threshold_tdse_dipole_acceleration
BSV - 2e13 W/cm^2,20000000000000.0,0.023872383018394068,8.7997861492061,0.005581588683165879,0.09675196328513452,0.0016919133950284925,169.19133950284925,16.372021878116353,23.430389465091444,30.495271637492333,3.032556670062863,tdse_dipole_acceleration,raw_fft_harmonic_order_grid,13,1.6079090899617815e-08,0.11079987270298704,single_mode_bsv_random_phase_gamma_intensity,shared_fig_iv2_intensity_cases,hhg_intensity_prediction,quantum_light_hhg_bsv_threshold_tdse_dipole_acceleration
BSV - 2e13 W/cm^2,20000000000000.0,0.023872383018394068,8.839785177157035,0.005577945906689471,0.059776845005525915,0.0016908091821125322,169.08091821125322,16.372021878116353,23.430389465091444,30.495271637492333,3.032556670062863,tdse_dipole_acceleration,raw_fft_harmonic_order_grid,13,1.6079090899617815e-08,0.11079987270298704,single_mode_bsv_random_phase_gamma_intensity,shared_fig_iv2_intensity_cases,hhg_intensity_prediction,quantum_light_hhg_bsv_threshold_tdse_dipole_acceleration
BSV - 2e13 W/cm^2,20000000000000.0,0.023872383018394068,8.879784205107972,0.019721978779496625,0.1370958414861831,0.005978204767064947,597.8204767064947,16.372021878116353,23.430389465091444,30.495271637492333,3.032556670062863,tdse_dipole_acceleration,raw_fft_harmonic_order_grid,13,1.6079090899617815e-08,0.11079987270298704,single_mode_bsv_random_phase_gamma_intensity,shared_fig_iv2_intensity_cases,hhg_intensity_prediction,quantum_light_hhg_bsv_threshold_tdse_dipole_acceleration
BSV - 2e13 W/cm^2,20000000000000.0,0.023872383018394068,8.91978323305891,0.006348842555775562,0.03663994011106788,0.0019244864451299754,192.44864451299753,16.372021878116353,23.430389465091444,30.495271637492333,3.032556670062863,tdse_dipole_acceleration,raw_fft_harmonic_order_grid,13,1.6079090899617815e-08,0.11079987270298704,single_mode_bsv_random_phase_gamma_intensity,shared_fig_iv2_intensity_cases,hhg_intensity_prediction,quantum_light_hhg_bsv_threshold_tdse_dipole_acceleration
BSV - 2e13 W/cm^2,20000000000000.0,0.023872383018394068,8.959782261009847,0.5343923767952118,2.681549162399121,0.16198714592278063,16198.714592278064,16.372021878116353,23.430389465091444,30.495271637492333,3.032556670062863,tdse_dipole_acceleration,raw_fft_harmonic_order_grid,13,1.6079090899617815e-08,0.11079987270298704,single_mode_bsv_random_phase_gamma_intensity,shared_fig_iv2_intensity_cases,hhg_intensity_prediction,quantum_light_hhg_bsv_threshold_tdse_dipole_acceleration
BSV - 2e13 W/cm^2,20000000000000.0,0.023872383018394068,8.999781288960783,1.616878424363089,7.878202079085047,0.49011462857575344,49011.462857575345,16.372021878116353,23.430389465091444,30.495271637492333,3.032556670062863,tdse_dipole_acceleration,raw_fft_harmonic_order_grid,13,1.6079090899617815e-08,0.11079987270298704,single_mode_bsv_random_phase_gamma_intensity,shared_fig_iv2_intensity_cases,hhg_intensity_prediction,quantum_light_hhg_bsv_threshold_tdse_dipole_acceleration
BSV - 2e13 W/cm^2,20000000000000.0,0.023872383018394068,9.03978031691172,1.045042674360573,5.0842733683359365,0.3167774982165424,31677.749821654237,16.372021878116353,23.430389465091444,30.495271637492333,3.032556670062863,tdse_dipole_acceleration,raw_fft_harmonic_order_grid,13,1.6079090899617815e-08,0.11079987270298704,single_mode_bsv_random_phase_gamma_intensity,shared_fig_iv2_intensity_cases,hhg_intensity_prediction,quantum_light_hhg_bsv_threshold_tdse_dipole_acceleration
BSV - 2e13 W/cm^2,20000000000000.0,0.023872383018394068,9.079779344862658,0.09307954355830834,0.5213437156770196,0.02821464201122677,2821.464201122677,16.372021878116353,23.430389465091444,30.495271637492333,3.032556670062863,tdse_dipole_acceleration,raw_fft_harmonic_order_grid,13,1.6079090899617815e-08,0.11079987270298704,single_mode_bsv_random_phase_gamma_intensity,shared_fig_iv2_intensity_cases,hhg_intensity_prediction,quantum_light_hhg_bsv_threshold_tdse_dipole_acceleration
BSV - 2e13 W/cm^2,20000000000000.0,0.023872383018394068,9.119778372813593,0.026467539618269875,0.21269470155570003,0.008022946038402536,802.2946038402536,16.372021878116353,23.430389465091444,30.495271637492333,3.032556670062863,tdse_dipole_acceleration,raw_fft_harmonic_order_grid,13,1.6079090899617815e-08,0.11079987270298704,single_mode_bsv_random_phase_gamma_intensity,shared_fig_iv2_intensity_cases,hhg_intensity_prediction,quantum_light_hhg_bsv_threshold_tdse_dipole_acceleration
BSV - 2e13 W/cm^2,20000000000000.0,0.023872383018394068,9.15977740076453,0.0005094596823509565,0.014106746577319083,0.00015442944826734158,15.442944826734157,16.372021878116353,23.430389465091444,30.495271637492333,3.032556670062863,tdse_dipole_acceleration,raw_fft_harmonic_order_grid,13,1.6079090899617815e-08,0.11079987270298704,single_mode_bsv_random_phase_gamma_intensity,shared_fig_iv2_intensity_cases,hhg_intensity_prediction,quantum_light_hhg_bsv_threshold_tdse_dipole_acceleration
BSV - 2e13 W/cm^2,20000000000000.0,0.023872383018394068,9.199776428715467,0.004851558742119509,0.03882686068767048,0.001470623811338202,147.0623811338202,16.372021878116353,23.430389465091444,30.495271637492333,3.032556670062863,tdse_dipole_acceleration,raw_fft_harmonic_order_grid,13,1.6079090899617815e-08,0.11079987270298704,single_mode_bsv_random_phase_gamma_intensity,shared_fig_iv2_intensity_cases,hhg_intensity_prediction,quantum_light_hhg_bsv_threshold_tdse_dipole_acceleration
BSV - 2e13 W/cm^2,20000000000000.0,0.023872383018394068,9.239775456666402,0.0030047750849293633,0.01693107063789821,0.0009108193927963037,91.08193927963038,16.372021878116353,23.430389465091444,30.495271637492333,3.032556670062863,tdse_dipole_acceleration,raw_fft_harmonic_order_grid,13,1.6079090899617815e-08,0.11079987270298704,single_mode_bsv_random_phase_gamma_intensity,shared_fig_iv2_intensity_cases,hhg_intensity_prediction,quantum_light_hhg_bsv_threshold_tdse_dipole_acceleration
BSV - 2e13 W/cm^2,20000000000000.0,0.023872383018394068,9.27977448461734,0.0009262792450077096,0.009988076243775368,0.0002807774544355202,28.077745443552022,16.372021878116353,23.430389465091444,30.495271637492333,3.032556670062863,tdse_dipole_acceleration,raw_fft_harmonic_order_grid,13,1.6079090899617815e-08,0.11079987270298704,single_mode_bsv_random_phase_gamma_intensity,shared_fig_iv2_intensity_cases,hhg_intensity_prediction,quantum_light_hhg_bsv_threshold_tdse_dipole_acceleration
BSV - 2e13 W/cm^2,20000000000000.0,0.023872383018394068,9.319773512568277,0.0022325403718421824,0.014440992928082147,0.0006767365304888812,67.67365304888811,16.372021878116353,23.430389465091444,30.495271637492333,3.032556670062863,tdse_dipole_acceleration,raw_fft_harmonic_order_grid,13,1.6079090899617815e-08,0.11079987270298704,single_mode_bsv_random_phase_gamma_intensity,shared_fig_iv2_intensity_cases,hhg_intensity_prediction,quantum_light_hhg_bsv_threshold_tdse_dipole_acceleration
BSV - 2e13 W/cm^2,20000000000000.0,0.023872383018394068,9.359772540519213,0.0008026619582732545,0.01462895720142904,0.00024330609007040672,24.33060900704067,16.372021878116353,23.430389465091444,30.495271637492333,3.032556670062863,tdse_dipole_acceleration,raw_fft_harmonic_order_grid,13,1.6079090899617815e-08,0.11079987270298704,single_mode_bsv_random_phase_gamma_intensity,shared_fig_iv2_intensity_cases,hhg_intensity_prediction,quantum_light_hhg_bsv_threshold_tdse_dipole_acceleration
BSV - 2e13 W/cm^2,20000000000000.0,0.023872383018394068,9.39977156847015,0.0013864197414665575,0.009389693501586879,0.0004202570746199674,42.02570746199674,16.372021878116353,23.430389465091444,30.495271637492333,3.032556670062863,tdse_dipole_acceleration,raw_fft_harmonic_order_grid,13,1.6079090899617815e-08,0.11079987270298704,single_mode_bsv_random_phase_gamma_intensity,shared_fig_iv2_intensity_cases,hhg_intensity_prediction,quantum_light_hhg_bsv_threshold_tdse_dipole_acceleration
BSV - 2e13 W/cm^2,20000000000000.0,0.023872383018394068,9.439770596421088,0.0018748510322151063,0.017563035890037,0.0005683123130614716,56.83123130614716,16.372021878116353,23.430389465091444,30.495271637492333,3.032556670062863,tdse_dipole_acceleration,raw_fft_harmonic_order_grid,13,1.6079090899617815e-08,0.11079987270298704,single_mode_bsv_random_phase_gamma_intensity,shared_fig_iv2_intensity_cases,hhg_intensity_prediction,quantum_light_hhg_bsv_threshold_tdse_dipole_acceleration
BSV - 2e13 W/cm^2,20000000000000.0,0.023872383018394068,9.479769624372025,0.0006019297549977384,0.0027191902398686816,0.0001824593450281342,18.24593450281342,16.372021878116353,23.430389465091444,30.495271637492333,3.032556670062863,tdse_dipole_acceleration,raw_fft_harmonic_order_grid,13,1.6079090899617815e-08,0.11079987270298704,single_mode_bsv_random_phase_gamma_intensity,shared_fig_iv2_intensity_cases,hhg_intensity_prediction,quantum_light_hhg_bsv_threshold_tdse_dipole_acceleration
BSV - 2e13 W/cm^2,20000000000000.0,0.023872383018394068,9.519768652322961,0.001433861858554838,0.010454453569442596,0.00043463791813003476,43.463791813003475,16.372021878116353,23.430389465091444,30.495271637492333,3.032556670062863,tdse_dipole_acceleration,raw_fft_harmonic_order_grid,13,1.6079090899617815e-08,0.11079987270298704,single_mode_bsv_random_phase_gamma_intensity,shared_fig_iv2_intensity_cases,hhg_intensity_prediction,quantum_light_hhg_bsv_threshold_tdse_dipole_acceleration
BSV - 2e13 W/cm^2,20000000000000.0,0.023872383018394068,9.559767680273898,0.0007675218371193895,0.004380165598193734,0.0002326542765710598,23.26542765710598,16.372021878116353,23.430389465091444,30.495271637492333,3.032556670062863,tdse_dipole_acceleration,raw_fft_harmonic_order_grid,13,1.6079090899617815e-08,0.11079987270298704,single_mode_bsv_random_phase_gamma_intensity,shared_fig_iv2_intensity_cases,hhg_intensity_prediction,quantum_light_hhg_bsv_threshold_tdse_dipole_acceleration
BSV - 2e13 W/cm^2,20000000000000.0,0.023872383018394068,9.599766708224834,0.0012722413260337303,0.009012795424824806,0.0003856468585220738,38.56468585220738,16.372021878116353,23.430389465091444,30.495271637492333,3.032556670062863,tdse_dipole_acceleration,raw_fft_harmonic_order_grid,13,1.6079090899617815e-08,0.11079987270298704,single_mode_bsv_random_phase_gamma_intensity,shared_fig_iv2_intensity_cases,hhg_intensity_prediction,quantum_light_hhg_bsv_threshold_tdse_dipole_acceleration
BSV - 2e13 W/cm^2,20000000000000.0,0.023872383018394068,9.639765736175772,0.0015645667068785215,0.016446000461195466,0.00047425769239627043,47.425769239627044,16.372021878116353,23.430389465091444,30.495271637492333,3.032556670062863,tdse_dipole_acceleration,raw_fft_harmonic_order_grid,13,1.6079090899617815e-08,0.11079987270298704,single_mode_bsv_random_phase_gamma_intensity,shared_fig_iv2_intensity_cases,hhg_intensity_prediction,quantum_light_hhg_bsv_threshold_tdse_dipole_acceleration
BSV - 2e13 W/cm^2,20000000000000.0,0.023872383018394068,9.679764764126709,0.0011872956307444405,0.0093736164191506,0.0003598977809980668,35.98977809980668,16.372021878116353,23.430389465091444,30.495271637492333,3.032556670062863,tdse_dipole_acceleration,raw_fft_harmonic_order_grid,13,1.6079090899617815e-08,0.11079987270298704,single_mode_bsv_random_phase_gamma_intensity,shared_fig_iv2_intensity_cases,hhg_intensity_prediction,quantum_light_hhg_bsv_threshold_tdse_dipole_acceleration
BSV - 2e13 W/cm^2,20000000000000.0,0.023872383018394068,9.719763792077645,0.0013864154496070443,0.019297354147449538,0.0004202557736544158,42.02557736544158,16.372021878116353,23.430389465091444,30.495271637492333,3.032556670062863,tdse_dipole_acceleration,raw_fft_harmonic_order_grid,13,1.6079090899617815e-08,0.11079987270298704,single_mode_bsv_random_phase_gamma_intensity,shared_fig_iv2_intensity_cases,hhg_intensity_prediction,quantum_light_hhg_bsv_threshold_tdse_dipole_acceleration
BSV - 2e13 W/cm^2,20000000000000.0,0.023872383018394068,9.75976282002858,0.0013044344824504907,0.011016482613424243,0.00039540537633153553,39.540537633153555,16.372021878116353,23.430389465091444,30.495271637492333,3.032556670062863,tdse_dipole_acceleration,raw_fft_harmonic_order_grid,13,1.6079090899617815e-08,0.11079987270298704,single_mode_bsv_random_phase_gamma_intensity,shared_fig_iv2_intensity_cases,hhg_intensity_prediction,quantum_light_hhg_bsv_threshold_tdse_dipole_acceleration
BSV - 2e13 W/cm^2,20000000000000.0,0.023872383018394068,9.79976184797952,0.0008644261334088124,0.005991077591077478,0.0002620282928654475,26.20282928654475,16.372021878116353,23.430389465091444,30.495271637492333,3.032556670062863,tdse_dipole_acceleration,raw_fft_harmonic_order_grid,13,1.6079090899617815e-08,0.11079987270298704,single_mode_bsv_random_phase_gamma_intensity,shared_fig_iv2_intensity_cases,hhg_intensity_prediction,quantum_light_hhg_bsv_threshold_tdse_dipole_acceleration
BSV - 2e13 W/cm^2,20000000000000.0,0.023872383018394068,9.839760875930455,0.0011876952356592058,0.009722386977387112,0.00036001891083159426,36.00189108315943,16.372021878116353,23.430389465091444,30.495271637492333,3.032556670062863,tdse_dipole_acceleration,raw_fft_harmonic_order_grid,13,1.6079090899617815e-08,0.11079987270298704,single_mode_bsv_random_phase_gamma_intensity,shared_fig_iv2_intensity_cases,hhg_intensity_prediction,quantum_light_hhg_bsv_threshold_tdse_dipole_acceleration
BSV - 2e13 W/cm^2,20000000000000.0,0.023872383018394068,9.879759903881393,0.0006528370783423795,0.0028597259526014097,0.0001978905756617379,19.78905756617379,16.372021878116353,23.430389465091444,30.495271637492333,3.032556670062863,tdse_dipole_acceleration,raw_fft_harmonic_order_grid,13,1.6079090899617815e-08,0.11079987270298704,single_mode_bsv_random_phase_gamma_intensity,shared_fig_iv2_intensity_cases,hhg_intensity_prediction,quantum_light_hhg_bsv_threshold_tdse_dipole_acceleration
BSV - 2e13 W/cm^2,20000000000000.0,0.023872383018394068,9.919758931832328,0.0008257279619847278,0.005464758575886207,0.00025029794899525376,25.029794899525378,16.372021878116353,23.430389465091444,30.495271637492333,3.032556670062863,tdse_dipole_acceleration,raw_fft_harmonic_order_grid,13,1.6079090899617815e-08,0.11079987270298704,single_mode_bsv_random_phase_gamma_intensity,shared_fig_iv2_intensity_cases,hhg_intensity_prediction,quantum_light_hhg_bsv_threshold_tdse_dipole_acceleration
BSV - 2e13 W/cm^2,20000000000000.0,0.023872383018394068,9.959757959783268,0.0005893919211305079,0.004122380911483204,0.00017865882688379518,17.865882688379518,16.372021878116353,23.430389465091444,30.495271637492333,3.032556670062863,tdse_dipole_acceleration,raw_fft_harmonic_order_grid,13,1.6079090899617815e-08,0.11079987270298704,single_mode_bsv_random_phase_gamma_intensity,shared_fig_iv2_intensity_cases,hhg_intensity_prediction,quantum_light_hhg_bsv_threshold_tdse_dipole_acceleration
BSV - 2e13 W/cm^2,20000000000000.0,0.023872383018394068,9.999756987734203,0.0010701317486317293,0.02653544539199228,0.0003243825983480263,32.43825983480263,16.372021878116353,23.430389465091444,30.495271637492333,3.032556670062863,tdse_dipole_acceleration,raw_fft_harmonic_order_grid,13,1.6079090899617815e-08,0.11079987270298704,single_mode_bsv_random_phase_gamma_intensity,shared_fig_iv2_intensity_cases,hhg_intensity_prediction,quantum_light_hhg_bsv_threshold_tdse_dipole_acceleration
BSV - 2e13 W/cm^2,20000000000000.0,0.023872383018394068,10.03975601568514,0.0005280738146896988,0.015254645237407879,0.0001600718382083517,16.00718382083517,16.372021878116353,23.430389465091444,30.495271637492333,3.032556670062863,tdse_dipole_acceleration,raw_fft_harmonic_order_grid,13,1.6079090899617815e-08,0.11079987270298704,single_mode_bsv_random_phase_gamma_intensity,shared_fig_iv2_intensity_cases,hhg_intensity_prediction,quantum_light_hhg_bsv_threshold_tdse_dipole_acceleration
BSV - 2e13 W/cm^2,20000000000000.0,0.023872383018394068,10.079755043636077,0.0014263236460859334,0.023790039506694515,0.00043235290513916777,43.23529051391678,16.372021878116353,23.430389465091444,30.495271637492333,3.032556670062863,tdse_dipole_acceleration,raw_fft_harmonic_order_grid,13,1.6079090899617815e-08,0.11079987270298704,single_mode_bsv_random_phase_gamma_intensity,shared_fig_iv2_intensity_cases,hhg_intensity_prediction,quantum_light_hhg_bsv_threshold_tdse_dipole_acceleration
BSV - 2e13 W/cm^2,20000000000000.0,0.023872383018394068,10.119754071587016,0.0006116103647877452,0.005081241881581781,0.00018539377002887904,18.539377002887903,16.372021878116353,23.430389465091444,30.495271637492333,3.032556670062863,tdse_dipole_acceleration,raw_fft_harmonic_order_grid,13,1.6079090899617815e-08,0.11079987270298704,single_mode_bsv_random_phase_gamma_intensity,shared_fig_iv2_intensity_cases,hhg_intensity_prediction,quantum_light_hhg_bsv_threshold_tdse_dipole_acceleration
BSV - 2e13 W/cm^2,20000000000000.0,0.023872383018394068,10.159753099537951,0.00020495930573478184,0.0026704734363339503,6.212808117772798e-05,6.212808117772798,16.372021878116353,23.430389465091444,30.495271637492333,3.032556670062863,tdse_dipole_acceleration,raw_fft_harmonic_order_grid,13,1.6079090899617815e-08,0.11079987270298704,single_mode_bsv_random_phase_gamma_intensity,shared_fig_iv2_intensity_cases,hhg_intensity_prediction,quantum_light_hhg_bsv_threshold_tdse_dipole_acceleration
BSV - 2e13 W/cm^2,20000000000000.0,0.023872383018394068,10.199752127488887,0.0005836942440522526,0.02353276979575955,0.0001769317243120272,17.69317243120272,16.372021878116353,23.430389465091444,30.495271637492333,3.032556670062863,tdse_dipole_acceleration,raw_fft_harmonic_order_grid,13,1.6079090899617815e-08,0.11079987270298704,single_mode_bsv_random_phase_gamma_intensity,shared_fig_iv2_intensity_cases,hhg_intensity_prediction,quantum_light_hhg_bsv_threshold_tdse_dipole_acceleration
BSV - 2e13 W/cm^2,20000000000000.0,0.023872383018394068,10.239751155439823,0.0003680143916836644,0.0064944145314895585,0.00011155398833503575,11.155398833503575,16.372021878116353,23.430389465091444,30.495271637492333,3.032556670062863,tdse_dipole_acceleration,raw_fft_harmonic_order_grid,13,1.6079090899617815e-08,0.11079987270298704,single_mode_bsv_random_phase_gamma_intensity,shared_fig_iv2_intensity_cases,hhg_intensity_prediction,quantum_light_hhg_bsv_threshold_tdse_dipole_acceleration
BSV - 2e13 W/cm^2,20000000000000.0,0.023872383018394068,10.279750183390759,0.0002084053340077064,0.005269395195493183,6.317265499453258e-05,6.317265499453258,16.372021878116353,23.430389465091444,30.495271637492333,3.032556670062863,tdse_dipole_acceleration,raw_fft_harmonic_order_grid,13,1.6079090899617815e-08,0.11079987270298704,single_mode_bsv_random_phase_gamma_intensity,shared_fig_iv2_intensity_cases,hhg_intensity_prediction,quantum_light_hhg_bsv_threshold_tdse_dipole_acceleration
BSV - 2e13 W/cm^2,20000000000000.0,0.023872383018394068,10.319749211341698,0.0012235345383582693,0.018838679388859976,0.0003708826630260023,37.08826630260023,16.372021878116353,23.430389465091444,30.495271637492333,3.032556670062863,tdse_dipole_acceleration,raw_fft_harmonic_order_grid,13,1.6079090899617815e-08,0.11079987270298704,single_mode_bsv_random_phase_gamma_intensity,shared_fig_iv2_intensity_cases,hhg_intensity_prediction,quantum_light_hhg_bsv_threshold_tdse_dipole_acceleration
BSV - 2e13 W/cm^2,20000000000000.0,0.023872383018394068,10.359748239292633,0.00026617104175635266,0.00570142924687078,8.068282642798201e-05,8.0682826427982,16.372021878116353,23.430389465091444,30.495271637492333,3.032556670062863,tdse_dipole_acceleration,raw_fft_harmonic_order_grid,13,1.6079090899617815e-08,0.11079987270298704,single_mode_bsv_random_phase_gamma_intensity,shared_fig_iv2_intensity_cases,hhg_intensity_prediction,quantum_light_hhg_bsv_threshold_tdse_dipole_acceleration
BSV - 2e13 W/cm^2,20000000000000.0,0.023872383018394068,10.399747267243571,0.0005743818862984937,0.00666216882632257,0.0001741089253353843,17.41089253353843,16.372021878116353,23.430389465091444,30.495271637492333,3.032556670062863,tdse_dipole_acceleration,raw_fft_harmonic_order_grid,13,1.6079090899617815e-08,0.11079987270298704,single_mode_bsv_random_phase_gamma_intensity,shared_fig_iv2_intensity_cases,hhg_intensity_prediction,quantum_light_hhg_bsv_threshold_tdse_dipole_acceleration
BSV - 2e13 W/cm^2,20000000000000.0,0.023872383018394068,10.439746295194507,0.0006416212986382053,0.015281656286479425,0.0001944908038415009,19.44908038415009,16.372021878116353,23.430389465091444,30.495271637492333,3.032556670062863,tdse_dipole_acceleration,raw_fft_harmonic_order_grid,13,1.6079090899617815e-08,0.11079987270298704,single_mode_bsv_random_phase_gamma_intensity,shared_fig_iv2_intensity_cases,hhg_intensity_prediction,quantum_light_hhg_bsv_threshold_tdse_dipole_acceleration
BSV - 2e13 W/cm^2,20000000000000.0,0.023872383018394068,10.479745323145446,0.0015473646396034942,0.024524056773592064,0.00046904333324211434,46.904333324211436,16.372021878116353,23.430389465091444,30.495271637492333,3.032556670062863,tdse_dipole_acceleration,raw_fft_harmonic_order_grid,13,1.6079090899617815e-08,0.11079987270298704,single_mode_bsv_random_phase_gamma_intensity,shared_fig_iv2_intensity_cases,hhg_intensity_prediction,quantum_light_hhg_bsv_threshold_tdse_dipole_acceleration
BSV - 2e13 W/cm^2,20000000000000.0,0.023872383018394068,10.519744351096382,0.0007424040264006623,0.019691774131916653,0.00022504046573312101,22.504046573312102,16.372021878116353,23.430389465091444,30.495271637492333,3.032556670062863,tdse_dipole_acceleration,raw_fft_harmonic_order_grid,13,1.6079090899617815e-08,0.11079987270298704,single_mode_bsv_random_phase_gamma_intensity,shared_fig_iv2_intensity_cases,hhg_intensity_prediction,quantum_light_hhg_bsv_threshold_tdse_dipole_acceleration
BSV - 2e13 W/cm^2,20000000000000.0,0.023872383018394068,10.559743379047319,0.001409387318615013,0.03019912724446933,0.0004272190980929656,42.72190980929656,16.372021878116353,23.430389465091444,30.495271637492333,3.032556670062863,tdse_dipole_acceleration,raw_fft_harmonic_order_grid,13,1.6079090899617815e-08,0.11079987270298704,single_mode_bsv_random_phase_gamma_intensity,shared_fig_iv2_intensity_cases,hhg_intensity_prediction,quantum_light_hhg_bsv_threshold_tdse_dipole_acceleration
BSV - 2e13 W/cm^2,20000000000000.0,0.023872383018394068,10.599742406998255,0.001432912163807987,0.016449681586670227,0.0004343500428754086,43.435004287540856,16.372021878116353,23.430389465091444,30.495271637492333,3.032556670062863,tdse_dipole_acceleration,raw_fft_harmonic_order_grid,13,1.6079090899617815e-08,0.11079987270298704,single_mode_bsv_random_phase_gamma_intensity,shared_fig_iv2_intensity_cases,hhg_intensity_prediction,quantum_light_hhg_bsv_threshold_tdse_dipole_acceleration
BSV - 2e13 W/cm^2,20000000000000.0,0.023872383018394068,10.639741434949194,0.0008476286437711963,0.011866729717531926,0.0002569365708963154,25.69365708963154,16.372021878116353,23.430389465091444,30.495271637492333,3.032556670062863,tdse_dipole_acceleration,raw_fft_harmonic_order_grid,13,1.6079090899617815e-08,0.11079987270298704,single_mode_bsv_random_phase_gamma_intensity,shared_fig_iv2_intensity_cases,hhg_intensity_prediction,quantum_light_hhg_bsv_threshold_tdse_dipole_acceleration
BSV - 2e13 W/cm^2,20000000000000.0,0.023872383018394068,10.67974046290013,0.00427517569157672,0.09173678963817984,0.0012959082851257617,129.59082851257617,16.372021878116353,23.430389465091444,30.495271637492333,3.032556670062863,tdse_dipole_acceleration,raw_fft_harmonic_order_grid,13,1.6079090899617815e-08,0.11079987270298704,single_mode_bsv_random_phase_gamma_intensity,shared_fig_iv2_intensity_cases,hhg_intensity_prediction,quantum_light_hhg_bsv_threshold_tdse_dipole_acceleration
BSV - 2e13 W/cm^2,20000000000000.0,0.023872383018394068,10.719739490851065,0.004425681794264676,0.2308797613724516,0.0013415302944901012,134.15302944901012,16.372021878116353,23.430389465091444,30.495271637492333,3.032556670062863,tdse_dipole_acceleration,raw_fft_harmonic_order_grid,13,1.6079090899617815e-08,0.11079987270298704,single_mode_bsv_random_phase_gamma_intensity,shared_fig_iv2_intensity_cases,hhg_intensity_prediction,quantum_light_hhg_bsv_threshold_tdse_dipole_acceleration
BSV - 2e13 W/cm^2,20000000000000.0,0.023872383018394068,10.759738518802001,0.010974142571853142,0.32627137798496597,0.003326525810164031,332.6525810164031,16.372021878116353,23.430389465091444,30.495271637492333,3.032556670062863,tdse_dipole_acceleration,raw_fft_harmonic_order_grid,13,1.6079090899617815e-08,0.11079987270298704,single_mode_bsv_random_phase_gamma_intensity,shared_fig_iv2_intensity_cases,hhg_intensity_prediction,quantum_light_hhg_bsv_threshold_tdse_dipole_acceleration
BSV - 2e13 W/cm^2,20000000000000.0,0.023872383018394068,10.799737546752938,0.00487717110419467,0.1245457923845525,0.001478387532553271,147.8387532553271,16.372021878116353,23.430389465091444,30.495271637492333,3.032556670062863,tdse_dipole_acceleration,raw_fft_harmonic_order_grid,13,1.6079090899617815e-08,0.11079987270298704,single_mode_bsv_random_phase_gamma_intensity,shared_fig_iv2_intensity_cases,hhg_intensity_prediction,quantum_light_hhg_bsv_threshold_tdse_dipole_acceleration
BSV - 2e13 W/cm^2,20000000000000.0,0.023872383018394068,10.839736574703876,0.004070319668495939,0.06977746017469594,0.0012338115113975248,123.38115113975249,16.372021878116353,23.430389465091444,30.495271637492333,3.032556670062863,tdse_dipole_acceleration,raw_fft_harmonic_order_grid,13,1.6079090899617815e-08,0.11079987270298704,single_mode_bsv_random_phase_gamma_intensity,shared_fig_iv2_intensity_cases,hhg_intensity_prediction,quantum_light_hhg_bsv_threshold_tdse_dipole_acceleration
BSV - 2e13 W/cm^2,20000000000000.0,0.023872383018394068,10.879735602654813,0.013542299629885108,0.13348801476794653,0.00410499580744744,410.499580744744,16.372021878116353,23.430389465091444,30.495271637492333,3.032556670062863,tdse_dipole_acceleration,raw_fft_harmonic_order_grid,13,1.6079090899617815e-08,0.11079987270298704,single_mode_bsv_random_phase_gamma_intensity,shared_fig_iv2_intensity_cases,hhg_intensity_prediction,quantum_light_hhg_bsv_threshold_tdse_dipole_acceleration
BSV - 2e13 W/cm^2,20000000000000.0,0.023872383018394068,10.919734630605749,0.008222687477578516,0.1033187732188773,0.0024924937819956316,249.24937819956315,16.372021878116353,23.430389465091444,30.495271637492333,3.032556670062863,tdse_dipole_acceleration,raw_fft_harmonic_order_grid,13,1.6079090899617815e-08,0.11079987270298704,single_mode_bsv_random_phase_gamma_intensity,shared_fig_iv2_intensity_cases,hhg_intensity_prediction,quantum_light_hhg_bsv_threshold_tdse_dipole_acceleration
BSV - 2e13 W/cm^2,20000000000000.0,0.023872383018394068,10.959733658556686,0.5496011504763978,4.280180570907167,0.16659728998279763,16659.728998279763,16.372021878116353,23.430389465091444,30.495271637492333,3.032556670062863,tdse_dipole_acceleration,raw_fft_harmonic_order_grid,13,1.6079090899617815e-08,0.11079987270298704,single_mode_bsv_random_phase_gamma_intensity,shared_fig_iv2_intensity_cases,hhg_intensity_prediction,quantum_light_hhg_bsv_threshold_tdse_dipole_acceleration
BSV - 2e13 W/cm^2,20000000000000.0,0.023872383018394068,10.999732686507624,1.4320740908575553,10.39042467432428,0.4340960028643409,43409.60028643409,16.372021878116353,23.430389465091444,30.495271637492333,3.032556670062863,tdse_dipole_acceleration,raw_fft_harmonic_order_grid,13,1.6079090899617815e-08,0.11079987270298704,single_mode_bsv_random_phase_gamma_intensity,shared_fig_iv2_intensity_cases,hhg_intensity_prediction,quantum_light_hhg_bsv_threshold_tdse_dipole_acceleration
BSV - 2e13 W/cm^2,20000000000000.0,0.023872383018394068,11.039731714458561,0.7136932870492304,4.550783020129852,0.21633755205616645,21633.755205616646,16.372021878116353,23.430389465091444,30.495271637492333,3.032556670062863,tdse_dipole_acceleration,raw_fft_harmonic_order_grid,13,1.6079090899617815e-08,0.11079987270298704,single_mode_bsv_random_phase_gamma_intensity,shared_fig_iv2_intensity_cases,hhg_intensity_prediction,quantum_light_hhg_bsv_threshold_tdse_dipole_acceleration
BSV - 2e13 W/cm^2,20000000000000.0,0.023872383018394068,11.079730742409497,0.045566887269510255,0.33327069541771454,0.013812416377716541,1381.241637771654,16.372021878116353,23.430389465091444,30.495271637492333,3.032556670062863,tdse_dipole_acceleration,raw_fft_harmonic_order_grid,13,1.6079090899617815e-08,0.11079987270298704,single_mode_bsv_random_phase_gamma_intensity,shared_fig_iv2_intensity_cases,hhg_intensity_prediction,quantum_light_hhg_bsv_threshold_tdse_dipole_acceleration
BSV - 2e13 W/cm^2,20000000000000.0,0.023872383018394068,11.119729770360435,0.02192920842262169,0.2194669879925014,0.006647269008643759,664.7269008643759,16.372021878116353,23.430389465091444,30.495271637492333,3.032556670062863,tdse_dipole_acceleration,raw_fft_harmonic_order_grid,13,1.6079090899617815e-08,0.11079987270298704,single_mode_bsv_random_phase_gamma_intensity,shared_fig_iv2_intensity_cases,hhg_intensity_prediction,quantum_light_hhg_bsv_threshold_tdse_dipole_acceleration
BSV - 2e13 W/cm^2,20000000000000.0,0.023872383018394068,11.159728798311372,0.0007688784478770634,0.05043000750635181,0.0002330654978277731,23.30654978277731,16.372021878116353,23.430389465091444,30.495271637492333,3.032556670062863,tdse_dipole_acceleration,raw_fft_harmonic_order_grid,13,1.6079090899617815e-08,0.11079987270298704,single_mode_bsv_random_phase_gamma_intensity,shared_fig_iv2_intensity_cases,hhg_intensity_prediction,quantum_light_hhg_bsv_threshold_tdse_dipole_acceleration
BSV - 2e13 W/cm^2,20000000000000.0,0.023872383018394068,11.199727826262308,0.004081105450475406,0.04789945039103097,0.0012370809405946195,123.70809405946196,16.372021878116353,23.430389465091444,30.495271637492333,3.032556670062863,tdse_dipole_acceleration,raw_fft_harmonic_order_grid,13,1.6079090899617815e-08,0.11079987270298704,single_mode_bsv_random_phase_gamma_intensity,shared_fig_iv2_intensity_cases,hhg_intensity_prediction,quantum_light_hhg_bsv_threshold_tdse_dipole_acceleration
BSV - 2e13 W/cm^2,20000000000000.0,0.023872383018394068,11.239726854213243,0.004174365899574756,0.044210580184225204,0.001265350419414056,126.5350419414056,16.372021878116353,23.430389465091444,30.495271637492333,3.032556670062863,tdse_dipole_acceleration,raw_fft_harmonic_order_grid,13,1.6079090899617815e-08,0.11079987270298704,single_mode_bsv_random_phase_gamma_intensity,shared_fig_iv2_intensity_cases,hhg_intensity_prediction,quantum_light_hhg_bsv_threshold_tdse_dipole_acceleration
BSV - 2e13 W/cm^2,20000000000000.0,0.023872383018394068,11.279725882164179,0.002377636770066938,0.01760240410397521,0.0007207187286876224,72.07187286876224,16.372021878116353,23.430389465091444,30.495271637492333,3.032556670062863,tdse_dipole_acceleration,raw_fft_harmonic_order_grid,13,1.6079090899617815e-08,0.11079987270298704,single_mode_bsv_random_phase_gamma_intensity,shared_fig_iv2_intensity_cases,hhg_intensity_prediction,quantum_light_hhg_bsv_threshold_tdse_dipole_acceleration
BSV - 2e13 W/cm^2,20000000000000.0,0.023872383018394068,11.319724910115117,0.0011520954265884123,0.009880681062446146,0.0003492277548997729,34.92277548997729,16.372021878116353,23.430389465091444,30.495271637492333,3.032556670062863,tdse_dipole_acceleration,raw_fft_harmonic_order_grid,13,1.6079090899617815e-08,0.11079987270298704,single_mode_bsv_random_phase_gamma_intensity,shared_fig_iv2_intensity_cases,hhg_intensity_prediction,quantum_light_hhg_bsv_threshold_tdse_dipole_acceleration
BSV - 2e13 W/cm^2,20000000000000.0,0.023872383018394068,11.359723938066054,0.0014123030729971296,0.033965681267487,0.0004281029331757252,42.81029331757252,16.372021878116353,23.430389465091444,30.495271637492333,3.032556670062863,tdse_dipole_acceleration,raw_fft_harmonic_order_grid,13,1.6079090899617815e-08,0.11079987270298704,single_mode_bsv_random_phase_gamma_intensity,shared_fig_iv2_intensity_cases,hhg_intensity_prediction,quantum_light_hhg_bsv_threshold_tdse_dipole_acceleration
BSV - 2e13 W/cm^2,20000000000000.0,0.023872383018394068,11.399722966016991,0.0013434570489698598,0.011107065193758996,0.00040723405213518915,40.723405213518916,16.372021878116353,23.430389465091444,30.495271637492333,3.032556670062863,tdse_dipole_acceleration,raw_fft_harmonic_order_grid,13,1.6079090899617815e-08,0.11079987270298704,single_mode_bsv_random_phase_gamma_intensity,shared_fig_iv2_intensity_cases,hhg_intensity_prediction,quantum_light_hhg_bsv_threshold_tdse_dipole_acceleration
BSV - 2e13 W/cm^2,20000000000000.0,0.023872383018394068,11.439721993967927,0.002256633243647535,0.02765803254426822,0.0006840396577607136,68.40396577607136,16.372021878116353,23.430389465091444,30.495271637492333,3.032556670062863,tdse_dipole_acceleration,raw_fft_harmonic_order_grid,13,1.6079090899617815e-08,0.11079987270298704,single_mode_bsv_random_phase_gamma_intensity,shared_fig_iv2_intensity_cases,hhg_intensity_prediction,quantum_light_hhg_bsv_threshold_tdse_dipole_acceleration
BSV - 2e13 W/cm^2,20000000000000.0,0.023872383018394068,11.479721021918865,0.00046307152462142525,0.003960687791658255,0.00014036808511638078,14.036808511638078,16.372021878116353,23.430389465091444,30.495271637492333,3.032556670062863,tdse_dipole_acceleration,raw_fft_harmonic_order_grid,13,1.6079090899617815e-08,0.11079987270298704,single_mode_bsv_random_phase_gamma_intensity,shared_fig_iv2_intensity_cases,hhg_intensity_prediction,quantum_light_hhg_bsv_threshold_tdse_dipole_acceleration
BSV - 2e13 W/cm^2,20000000000000.0,0.023872383018394068,11.519720049869802,0.0017897033410442644,0.014558296589740307,0.0005425020057412295,54.25020057412295,16.372021878116353,23.430389465091444,30.495271637492333,3.032556670062863,tdse_dipole_acceleration,raw_fft_harmonic_order_grid,13,1.6079090899617815e-08,0.11079987270298704,single_mode_bsv_random_phase_gamma_intensity,shared_fig_iv2_intensity_cases,hhg_intensity_prediction,quantum_light_hhg_bsv_threshold_tdse_dipole_acceleration
BSV - 2e13 W/cm^2,20000000000000.0,0.023872383018394068,11.55971907782074,0.0005971714275544376,0.00397153580161004,0.00018101698185946623,18.101698185946624,16.372021878116353,23.430389465091444,30.495271637492333,3.032556670062863,tdse_dipole_acceleration,raw_fft_harmonic_order_grid,13,1.6079090899617815e-08,0.11079987270298704,single_mode_bsv_random_phase_gamma_intensity,shared_fig_iv2_intensity_cases,hhg_intensity_prediction,quantum_light_hhg_bsv_threshold_tdse_dipole_acceleration
BSV - 2e13 W/cm^2,20000000000000.0,0.023872383018394068,11.599718105771675,0.001309633591161764,0.013737089293499635,0.0003969813508739347,39.69813508739347,16.372021878116353,23.430389465091444,30.495271637492333,3.032556670062863,tdse_dipole_acceleration,raw_fft_harmonic_order_grid,13,1.6079090899617815e-08,0.11079987270298704,single_mode_bsv_random_phase_gamma_intensity,shared_fig_iv2_intensity_cases,hhg_intensity_prediction,quantum_light_hhg_bsv_threshold_tdse_dipole_acceleration
BSV - 2e13 W/cm^2,20000000000000.0,0.023872383018394068,11.639717133722613,0.0015099144644353873,0.023037085431957437,0.00045769128696823084,45.76912869682308,16.372021878116353,23.430389465091444,30.495271637492333,3.032556670062863,tdse_dipole_acceleration,raw_fft_harmonic_order_grid,13,1.6079090899617815e-08,0.11079987270298704,single_mode_bsv_random_phase_gamma_intensity,shared_fig_iv2_intensity_cases,hhg_intensity_prediction,quantum_light_hhg_bsv_threshold_tdse_dipole_acceleration
BSV - 2e13 W/cm^2,20000000000000.0,0.023872383018394068,11.679716161673548,0.000943795918382557,0.010643483191617427,0.00028608717824383807,28.608717824383806,16.372021878116353,23.430389465091444,30.495271637492333,3.032556670062863,tdse_dipole_acceleration,raw_fft_harmonic_order_grid,13,1.6079090899617815e-08,0.11079987270298704,single_mode_bsv_random_phase_gamma_intensity,shared_fig_iv2_intensity_cases,hhg_intensity_prediction,quantum_light_hhg_bsv_threshold_tdse_dipole_acceleration
BSV - 2e13 W/cm^2,20000000000000.0,0.023872383018394068,11.719715189624486,0.0015330883415040936,0.031856893650848574,0.0004647158448948191,46.471584489481906,16.372021878116353,23.430389465091444,30.495271637492333,3.032556670062863,tdse_dipole_acceleration,raw_fft_harmonic_order_grid,13,1.6079090899617815e-08,0.11079987270298704,single_mode_bsv_random_phase_gamma_intensity,shared_fig_iv2_intensity_cases,hhg_intensity_prediction,quantum_light_hhg_bsv_threshold_tdse_dipole_acceleration
BSV - 2e13 W/cm^2,20000000000000.0,0.023872383018394068,11.759714217575423,0.0011055684675418548,0.012481921303106292,0.00033512431774070176,33.51243177407018,16.372021878116353,23.430389465091444,30.495271637492333,3.032556670062863,tdse_dipole_acceleration,raw_fft_harmonic_order_grid,13,1.6079090899617815e-08,0.11079987270298704,single_mode_bsv_random_phase_gamma_intensity,shared_fig_iv2_intensity_cases,hhg_intensity_prediction,quantum_light_hhg_bsv_threshold_tdse_dipole_acceleration
BSV - 2e13 W/cm^2,20000000000000.0,0.023872383018394068,11.799713245526359,0.0007914560890218704,0.008015343031804957,0.00023990932234609622,23.990932234609623,16.372021878116353,23.430389465091444,30.495271637492333,3.032556670062863,tdse_dipole_acceleration,raw_fft_harmonic_order_grid,13,1.6079090899617815e-08,0.11079987270298704,single_mode_bsv_random_phase_gamma_intensity,shared_fig_iv2_intensity_cases,hhg_intensity_prediction,quantum_light_hhg_bsv_threshold_tdse_dipole_acceleration
BSV - 2e13 W/cm^2,20000000000000.0,0.023872383018394068,11.839712273477295,0.0012145315363274354,0.016194754108464503,0.0003681536371883627,36.81536371883627,16.372021878116353,23.430389465091444,30.495271637492333,3.032556670062863,tdse_dipole_acceleration,raw_fft_harmonic_order_grid,13,1.6079090899617815e-08,0.11079987270298704,single_mode_bsv_random_phase_gamma_intensity,shared_fig_iv2_intensity_cases,hhg_intensity_prediction,quantum_light_hhg_bsv_threshold_tdse_dipole_acceleration
BSV - 2e13 W/cm^2,20000000000000.0,0.023872383018394068,11.879711301428234,0.0005707922393864577,0.0038243583507666158,0.00017302081726460982,17.302081726460983,16.372021878116353,23.430389465091444,30.495271637492333,3.032556670062863,tdse_dipole_acceleration,raw_fft_harmonic_order_grid,13,1.6079090899617815e-08,0.11079987270298704,single_mode_bsv_random_phase_gamma_intensity,shared_fig_iv2_intensity_cases,hhg_intensity_prediction,quantum_light_hhg_bsv_threshold_tdse_dipole_acceleration
BSV - 2e13 W/cm^2,20000000000000.0,0.023872383018394068,11.91971032937917,0.0007595524786309822,0.008807644094499615,0.00023023857288135825,23.023857288135826,16.372021878116353,23.430389465091444,30.495271637492333,3.032556670062863,tdse_dipole_acceleration,raw_fft_harmonic_order_grid,13,1.6079090899617815e-08,0.11079987270298704,single_mode_bsv_random_phase_gamma_intensity,shared_fig_iv2_intensity_cases,hhg_intensity_prediction,quantum_light_hhg_bsv_threshold_tdse_dipole_acceleration
BSV - 2e13 W/cm^2,20000000000000.0,0.023872383018394068,11.959709357330107,0.0006449193880291573,0.010699095774725293,0.00019549053383511052,19.54905338351105,16.372021878116353,23.430389465091444,30.495271637492333,3.032556670062863,tdse_dipole_acceleration,raw_fft_harmonic_order_grid,13,1.6079090899617815e-08,0.11079987270298704,single_mode_bsv_random_phase_gamma_intensity,shared_fig_iv2_intensity_cases,hhg_intensity_prediction,quantum_light_hhg_bsv_threshold_tdse_dipole_acceleration
BSV - 2e13 W/cm^2,20000000000000.0,0.023872383018394068,11.999708385281043,0.0011743066113973227,0.023610284784666116,0.0003559604977138375,35.59604977138375,16.372021878116353,23.430389465091444,30.495271637492333,3.032556670062863,tdse_dipole_acceleration,raw_fft_harmonic_order_grid,13,1.6079090899617815e-08,0.11079987270298704,single_mode_bsv_random_phase_gamma_intensity,shared_fig_iv2_intensity_cases,hhg_intensity_prediction,quantum_light_hhg_bsv_threshold_tdse_dipole_acceleration
BSV - 2e13 W/cm^2,20000000000000.0,0.023872383018394068,12.039707413231982,0.0009105984516921727,0.01569363613978317,0.0002760242299037222,27.60242299037222,16.372021878116353,23.430389465091444,30.495271637492333,3.032556670062863,tdse_dipole_acceleration,raw_fft_harmonic_order_grid,13,1.6079090899617815e-08,0.11079987270298704,single_mode_bsv_random_phase_gamma_intensity,shared_fig_iv2_intensity_cases,hhg_intensity_prediction,quantum_light_hhg_bsv_threshold_tdse_dipole_acceleration
BSV - 2e13 W/cm^2,20000000000000.0,0.023872383018394068,12.079706441182918,0.002515846797204791,0.03554829134434444,0.0007626135026517172,76.26135026517173,16.372021878116353,23.430389465091444,30.495271637492333,3.032556670062863,tdse_dipole_acceleration,raw_fft_harmonic_order_grid,13,1.6079090899617815e-08,0.11079987270298704,single_mode_bsv_random_phase_gamma_intensity,shared_fig_iv2_intensity_cases,hhg_intensity_prediction,quantum_light_hhg_bsv_threshold_tdse_dipole_acceleration
BSV - 2e13 W/cm^2,20000000000000.0,0.023872383018394068,12.119705469133855,0.0015530434121180628,0.011775367621837701,0.0004707647053872343,47.07647053872343,16.372021878116353,23.430389465091444,30.495271637492333,3.032556670062863,tdse_dipole_acceleration,raw_fft_harmonic_order_grid,13,1.6079090899617815e-08,0.11079987270298704,single_mode_bsv_random_phase_gamma_intensity,shared_fig_iv2_intensity_cases,hhg_intensity_prediction,quantum_light_hhg_bsv_threshold_tdse_dipole_acceleration
BSV - 2e13 W/cm^2,20000000000000.0,0.023872383018394068,12.15970449708479,0.00031861806871491977,0.005212935431195512,9.658077815420795e-05,9.658077815420796,16.372021878116353,23.430389465091444,30.495271637492333,3.032556670062863,tdse_dipole_acceleration,raw_fft_harmonic_order_grid,13,1.6079090899617815e-08,0.11079987270298704,single_mode_bsv_random_phase_gamma_intensity,shared_fig_iv2_intensity_cases,hhg_intensity_prediction,quantum_light_hhg_bsv_threshold_tdse_dipole_acceleration
BSV - 2e13 W/cm^2,20000000000000.0,0.023872383018394068,12.19970352503573,0.0007483282484605404,0.029403820241956886,0.0002268362395221251,22.68362395221251,16.372021878116353,23.430389465091444,30.495271637492333,3.032556670062863,tdse_dipole_acceleration,raw_fft_harmonic_order_grid,13,1.6079090899617815e-08,0.11079987270298704,single_mode_bsv_random_phase_gamma_intensity,shared_fig_iv2_intensity_cases,hhg_intensity_prediction,quantum_light_hhg_bsv_threshold_tdse_dipole_acceleration
BSV - 2e13 W/cm^2,20000000000000.0,0.023872383018394068,12.239702552986666,0.0005565776897552124,0.013700566563482668,0.00016871204635894712,16.871204635894713,16.372021878116353,23.430389465091444,30.495271637492333,3.032556670062863,tdse_dipole_acceleration,raw_fft_harmonic_order_grid,13,1.6079090899617815e-08,0.11079987270298704,single_mode_bsv_random_phase_gamma_intensity,shared_fig_iv2_intensity_cases,hhg_intensity_prediction,quantum_light_hhg_bsv_threshold_tdse_dipole_acceleration
BSV - 2e13 W/cm^2,20000000000000.0,0.023872383018394068,12.279701580937601,0.00018197442189592656,0.005067346316618307,5.516081163179726e-05,5.5160811631797255,16.372021878116353,23.430389465091444,30.495271637492333,3.032556670062863,tdse_dipole_acceleration,raw_fft_harmonic_order_grid,13,1.6079090899617815e-08,0.11079987270298704,single_mode_bsv_random_phase_gamma_intensity,shared_fig_iv2_intensity_cases,hhg_intensity_prediction,quantum_light_hhg_bsv_threshold_tdse_dipole_acceleration
BSV - 2e13 W/cm^2,20000000000000.0,0.023872383018394068,12.319700608888537,0.0018709489901107738,0.03163497017449893,0.0005671295105156307,56.712951051563074,16.372021878116353,23.430389465091444,30.495271637492333,3.032556670062863,tdse_dipole_acceleration,raw_fft_harmonic_order_grid,13,1.6079090899617815e-08,0.11079987270298704,single_mode_bsv_random_phase_gamma_intensity,shared_fig_iv2_intensity_cases,hhg_intensity_prediction,quantum_light_hhg_bsv_threshold_tdse_dipole_acceleration
BSV - 2e13 W/cm^2,20000000000000.0,0.023872383018394068,12.359699636839473,0.0001940368537937018,0.006064328926884101,5.881722403746545e-05,5.8817224037465445,16.372021878116353,23.430389465091444,30.495271637492333,3.032556670062863,tdse_dipole_acceleration,raw_fft_harmonic_order_grid,13,1.6079090899617815e-08,0.11079987270298704,single_mode_bsv_random_phase_gamma_intensity,shared_fig_iv2_intensity_cases,hhg_intensity_prediction,quantum_light_hhg_bsv_threshold_tdse_dipole_acceleration
BSV - 2e13 W/cm^2,20000000000000.0,0.023872383018394068,12.399698664790412,0.0006915895341852829,0.007506056529918344,0.00020963737444119746,20.963737444119747,16.372021878116353,23.430389465091444,30.495271637492333,3.032556670062863,tdse_dipole_acceleration,raw_fft_harmonic_order_grid,13,1.6079090899617815e-08,0.11079987270298704,single_mode_bsv_random_phase_gamma_intensity,shared_fig_iv2_intensity_cases,hhg_intensity_prediction,quantum_light_hhg_bsv_threshold_tdse_dipole_acceleration
BSV - 2e13 W/cm^2,20000000000000.0,0.023872383018394068,12.439697692741348,0.0004889595661407857,0.015826578797793686,0.00014821537138270165,14.821537138270166,16.372021878116353,23.430389465091444,30.495271637492333,3.032556670062863,tdse_dipole_acceleration,raw_fft_harmonic_order_grid,13,1.6079090899617815e-08,0.11079987270298704,single_mode_bsv_random_phase_gamma_intensity,shared_fig_iv2_intensity_cases,hhg_intensity_prediction,quantum_light_hhg_bsv_threshold_tdse_dipole_acceleration
BSV - 2e13 W/cm^2,20000000000000.0,0.023872383018394068,12.479696720692285,0.0014681040255707695,0.022547098807729107,0.00044501754019423117,44.50175401942312,16.372021878116353,23.430389465091444,30.495271637492333,3.032556670062863,tdse_dipole_acceleration,raw_fft_harmonic_order_grid,13,1.6079090899617815e-08,0.11079987270298704,single_mode_bsv_random_phase_gamma_intensity,shared_fig_iv2_intensity_cases,hhg_intensity_prediction,quantum_light_hhg_bsv_threshold_tdse_dipole_acceleration
BSV - 2e13 W/cm^2,20000000000000.0,0.023872383018394068,12.51969574864322,0.0008073576616091526,0.019186613910476453,0.0002447294703701854,24.472947037018542,16.372021878116353,23.430389465091444,30.495271637492333,3.032556670062863,tdse_dipole_acceleration,raw_fft_harmonic_order_grid,13,1.6079090899617815e-08,0.11079987270298704,single_mode_bsv_random_phase_gamma_intensity,shared_fig_iv2_intensity_cases,hhg_intensity_prediction,quantum_light_hhg_bsv_threshold_tdse_dipole_acceleration
BSV - 2e13 W/cm^2,20000000000000.0,0.023872383018394068,12.55969477659416,0.0011881254649754218,0.02611521865625919,0.000360149323655677,36.0149323655677,16.372021878116353,23.430389465091444,30.495271637492333,3.032556670062863,tdse_dipole_acceleration,raw_fft_harmonic_order_grid,13,1.6079090899617815e-08,0.11079987270298704,single_mode_bsv_random_phase_gamma_intensity,shared_fig_iv2_intensity_cases,hhg_intensity_prediction,quantum_light_hhg_bsv_threshold_tdse_dipole_acceleration
BSV - 2e13 W/cm^2,20000000000000.0,0.023872383018394068,12.599693804545096,0.0009007513365655204,0.011680373600353514,0.00027303933314208536,27.303933314208535,16.372021878116353,23.430389465091444,30.495271637492333,3.032556670062863,tdse_dipole_acceleration,raw_fft_harmonic_order_grid,13,1.6079090899617815e-08,0.11079987270298704,single_mode_bsv_random_phase_gamma_intensity,shared_fig_iv2_intensity_cases,hhg_intensity_prediction,quantum_light_hhg_bsv_threshold_tdse_dipole_acceleration
BSV - 2e13 W/cm^2,20000000000000.0,0.023872383018394068,12.639692832496033,0.0006301654831894182,0.00864696842778626,0.0001910182714302119,19.10182714302119,16.372021878116353,23.430389465091444,30.495271637492333,3.032556670062863,tdse_dipole_acceleration,raw_fft_harmonic_order_grid,13,1.6079090899617815e-08,0.11079987270298704,single_mode_bsv_random_phase_gamma_intensity,shared_fig_iv2_intensity_cases,hhg_intensity_prediction,quantum_light_hhg_bsv_threshold_tdse_dipole_acceleration
BSV - 2e13 W/cm^2,20000000000000.0,0.023872383018394068,12.679691860446969,0.0022276585522166574,0.07153266077896496,0.0006752567338780256,67.52567338780256,16.372021878116353,23.430389465091444,30.495271637492333,3.032556670062863,tdse_dipole_acceleration,raw_fft_harmonic_order_grid,13,1.6079090899617815e-08,0.11079987270298704,single_mode_bsv_random_phase_gamma_intensity,shared_fig_iv2_intensity_cases,hhg_intensity_prediction,quantum_light_hhg_bsv_threshold_tdse_dipole_acceleration
BSV - 2e13 W/cm^2,20000000000000.0,0.023872383018394068,12.719690888397908,0.003800469047690613,0.23798497568326987,0.0011520133163111892,115.20133163111892,16.372021878116353,23.430389465091444,30.495271637492333,3.032556670062863,tdse_dipole_acceleration,raw_fft_harmonic_order_grid,13,1.6079090899617815e-08,0.11079987270298704,single_mode_bsv_random_phase_gamma_intensity,shared_fig_iv2_intensity_cases,hhg_intensity_prediction,quantum_light_hhg_bsv_threshold_tdse_dipole_acceleration
BSV - 2e13 W/cm^2,20000000000000.0,0.023872383018394068,12.759689916348844,0.006819688055316609,0.3484912824678644,0.0020672110084904074,206.72110084904074,16.372021878116353,23.430389465091444,30.495271637492333,3.032556670062863,tdse_dipole_acceleration,raw_fft_harmonic_order_grid,13,1.6079090899617815e-08,0.11079987270298704,single_mode_bsv_random_phase_gamma_intensity,shared_fig_iv2_intensity_cases,hhg_intensity_prediction,quantum_light_hhg_bsv_threshold_tdse_dipole_acceleration
BSV - 2e13 W/cm^2,20000000000000.0,0.023872383018394068,12.79968894429978,0.003965716162327512,0.1778542479771415,0.0012021036799360124,120.21036799360124,16.372021878116353,23.430389465091444,30.495271637492333,3.032556670062863,tdse_dipole_acceleration,raw_fft_harmonic_order_grid,13,1.6079090899617815e-08,0.11079987270298704,single_mode_bsv_random_phase_gamma_intensity,shared_fig_iv2_intensity_cases,hhg_intensity_prediction,quantum_light_hhg_bsv_threshold_tdse_dipole_acceleration
BSV - 2e13 W/cm^2,20000000000000.0,0.023872383018394068,12.839687972250715,0.0032548375649991495,0.12335651866472414,0.0009866193278399125,98.66193278399126,16.372021878116353,23.430389465091444,30.495271637492333,3.032556670062863,tdse_dipole_acceleration,raw_fft_harmonic_order_grid,13,1.6079090899617815e-08,0.11079987270298704,single_mode_bsv_random_phase_gamma_intensity,shared_fig_iv2_intensity_cases,hhg_intensity_prediction,quantum_light_hhg_bsv_threshold_tdse_dipole_acceleration
BSV - 2e13 W/cm^2,20000000000000.0,0.023872383018394068,12.879687000201653,0.00584850338983154,0.15340819362550998,0.0017728216441260571,177.2821644126057,16.372021878116353,23.430389465091444,30.495271637492333,3.032556670062863,tdse_dipole_acceleration,raw_fft_harmonic_order_grid,13,1.6079090899617815e-08,0.11079987270298704,single_mode_bsv_random_phase_gamma_intensity,shared_fig_iv2_intensity_cases,hhg_intensity_prediction,quantum_light_hhg_bsv_threshold_tdse_dipole_acceleration
BSV - 2e13 W/cm^2,20000000000000.0,0.023872383018394068,12.91968602815259,0.0038434006169014517,0.15170631152396727,0.001165026904581583,116.5026904581583,16.372021878116353,23.430389465091444,30.495271637492333,3.032556670062863,tdse_dipole_acceleration,raw_fft_harmonic_order_grid,13,1.6079090899617815e-08,0.11079987270298704,single_mode_bsv_random_phase_gamma_intensity,shared_fig_iv2_intensity_cases,hhg_intensity_prediction,quantum_light_hhg_bsv_threshold_tdse_dipole_acceleration
BSV - 2e13 W/cm^2,20000000000000.0,0.023872383018394068,12.959685056103528,0.16498182062325883,3.1265398331087026,0.05000994664665154,5000.994664665153,16.372021878116353,23.430389465091444,30.495271637492333,3.032556670062863,tdse_dipole_acceleration,raw_fft_harmonic_order_grid,13,1.6079090899617815e-08,0.11079987270298704,single_mode_bsv_random_phase_gamma_intensity,shared_fig_iv2_intensity_cases,hhg_intensity_prediction,quantum_light_hhg_bsv_threshold_tdse_dipole_acceleration
BSV - 2e13 W/cm^2,20000000000000.0,0.023872383018394068,12.999684084054463,0.42360545755158246,6.438536231775776,0.12840497365925238,12840.497365925237,16.372021878116353,23.430389465091444,30.495271637492333,3.032556670062863,tdse_dipole_acceleration,raw_fft_harmonic_order_grid,13,1.6079090899617815e-08,0.11079987270298704,single_mode_bsv_random_phase_gamma_intensity,shared_fig_iv2_intensity_cases,hhg_intensity_prediction,quantum_light_hhg_bsv_threshold_tdse_dipole_acceleration
BSV - 2e13 W/cm^2,20000000000000.0,0.023872383018394068,13.0396831120054,0.21219480973752583,1.8518121583682854,0.06432133597254049,6432.133597254048,16.372021878116353,23.430389465091444,30.495271637492333,3.032556670062863,tdse_dipole_acceleration,raw_fft_harmonic_order_grid,13,1.6079090899617815e-08,0.11079987270298704,single_mode_bsv_random_phase_gamma_intensity,shared_fig_iv2_intensity_cases,hhg_intensity_prediction,quantum_light_hhg_bsv_threshold_tdse_dipole_acceleration
BSV - 2e13 W/cm^2,20000000000000.0,0.023872383018394068,13.079682139956338,0.02187037939107482,0.29862881551964476,0.006629436518265008,662.9436518265009,16.372021878116353,23.430389465091444,30.495271637492333,3.032556670062863,tdse_dipole_acceleration,raw_fft_harmonic_order_grid,13,1.6079090899617815e-08,0.11079987270298704,single_mode_bsv_random_phase_gamma_intensity,shared_fig_iv2_intensity_cases,hhg_intensity_prediction,quantum_light_hhg_bsv_threshold_tdse_dipole_acceleration
BSV - 2e13 W/cm^2,20000000000000.0,0.023872383018394068,13.119681167907276,0.007629507721068865,0.22263008591630798,0.0023126867713634596,231.26867713634596,16.372021878116353,23.430389465091444,30.495271637492333,3.032556670062863,tdse_dipole_acceleration,raw_fft_harmonic_order_grid,13,1.6079090899617815e-08,0.11079987270298704,single_mode_bsv_random_phase_gamma_intensity,shared_fig_iv2_intensity_cases,hhg_intensity_prediction,quantum_light_hhg_bsv_threshold_tdse_dipole_acceleration
BSV - 2e13 W/cm^2,20000000000000.0,0.023872383018394068,13.159680195858211,0.0008692460089896259,0.09318616809455792,0.0002634893127507257,26.34893127507257,16.372021878116353,23.430389465091444,30.495271637492333,3.032556670062863,tdse_dipole_acceleration,raw_fft_harmonic_order_grid,13,1.6079090899617815e-08,0.11079987270298704,single_mode_bsv_random_phase_gamma_intensity,shared_fig_iv2_intensity_cases,hhg_intensity_prediction,quantum_light_hhg_bsv_threshold_tdse_dipole_acceleration
BSV - 2e13 W/cm^2,20000000000000.0,0.023872383018394068,13.199679223809149,0.0012809211460870925,0.045716157748866434,0.0003882779201513572,38.82779201513572,16.372021878116353,23.430389465091444,30.495271637492333,3.032556670062863,tdse_dipole_acceleration,raw_fft_harmonic_order_grid,13,1.6079090899617815e-08,0.11079987270298704,single_mode_bsv_random_phase_gamma_intensity,shared_fig_iv2_intensity_cases,hhg_intensity_prediction,quantum_light_hhg_bsv_threshold_tdse_dipole_acceleration
BSV - 2e13 W/cm^2,20000000000000.0,0.023872383018394068,13.239678251760086,0.0018222047401185455,0.0599546462181698,0.0005523539592928754,55.23539592928754,16.372021878116353,23.430389465091444,30.495271637492333,3.032556670062863,tdse_dipole_acceleration,raw_fft_harmonic_order_grid,13,1.6079090899617815e-08,0.11079987270298704,single_mode_bsv_random_phase_gamma_intensity,shared_fig_iv2_intensity_cases,hhg_intensity_prediction,quantum_light_hhg_bsv_threshold_tdse_dipole_acceleration
BSV - 2e13 W/cm^2,20000000000000.0,0.023872383018394068,13.279677279711022,0.0015726351532108407,0.01154423780238968,0.00047670343198791954,47.670343198791954,16.372021878116353,23.430389465091444,30.495271637492333,3.032556670062863,tdse_dipole_acceleration,raw_fft_harmonic_order_grid,13,1.6079090899617815e-08,0.11079987270298704,single_mode_bsv_random_phase_gamma_intensity,shared_fig_iv2_intensity_cases,hhg_intensity_prediction,quantum_light_hhg_bsv_threshold_tdse_dipole_acceleration
BSV - 2e13 W/cm^2,20000000000000.0,0.023872383018394068,13.319676307661958,0.0013608007268301353,0.010535572432671938,0.0004124913368540293,41.24913368540293,16.372021878116353,23.430389465091444,30.495271637492333,3.032556670062863,tdse_dipole_acceleration,raw_fft_harmonic_order_grid,13,1.6079090899617815e-08,0.11079987270298704,single_mode_bsv_random_phase_gamma_intensity,shared_fig_iv2_intensity_cases,hhg_intensity_prediction,quantum_light_hhg_bsv_threshold_tdse_dipole_acceleration
BSV - 2e13 W/cm^2,20000000000000.0,0.023872383018394068,13.359675335612893,0.0010483991355121163,0.029550470126983305,0.00031779492209073725,31.779492209073723,16.372021878116353,23.430389465091444,30.495271637492333,3.032556670062863,tdse_dipole_acceleration,raw_fft_harmonic_order_grid,13,1.6079090899617815e-08,0.11079987270298704,single_mode_bsv_random_phase_gamma_intensity,shared_fig_iv2_intensity_cases,hhg_intensity_prediction,quantum_light_hhg_bsv_threshold_tdse_dipole_acceleration
BSV - 2e13 W/cm^2,20000000000000.0,0.023872383018394068,13.39967436356383,0.00020041323532919364,0.006415171999812236,6.075005820782425e-05,6.075005820782425,16.372021878116353,23.430389465091444,30.495271637492333,3.032556670062863,tdse_dipole_acceleration,raw_fft_harmonic_order_grid,13,1.6079090899617815e-08,0.11079987270298704,single_mode_bsv_random_phase_gamma_intensity,shared_fig_iv2_intensity_cases,hhg_intensity_prediction,quantum_light_hhg_bsv_threshold_tdse_dipole_acceleration
BSV - 2e13 W/cm^2,20000000000000.0,0.023872383018394068,13.439673391514768,0.00030703614989425365,0.012381544118812668,9.30700207865219e-05,9.307002078652191,16.372021878116353,23.430389465091444,30.495271637492333,3.032556670062863,tdse_dipole_acceleration,raw_fft_harmonic_order_grid,13,1.6079090899617815e-08,0.11079987270298704,single_mode_bsv_random_phase_gamma_intensity,shared_fig_iv2_intensity_cases,hhg_intensity_prediction,quantum_light_hhg_bsv_threshold_tdse_dipole_acceleration
BSV - 2e13 W/cm^2,20000000000000.0,0.023872383018394068,13.479672419465706,4.807963245119779e-05,0.00031978873793969947,1.4574089706317866e-05,1.4574089706317865,16.372021878116353,23.430389465091444,30.495271637492333,3.032556670062863,tdse_dipole_acceleration,raw_fft_harmonic_order_grid,13,1.6079090899617815e-08,0.11079987270298704,single_mode_bsv_random_phase_gamma_intensity,shared_fig_iv2_intensity_cases,hhg_intensity_prediction,quantum_light_hhg_bsv_threshold_tdse_dipole_acceleration
BSV - 2e13 W/cm^2,20000000000000.0,0.023872383018394068,13.519671447416641,0.00022203711416303164,0.004208410851568406,6.730477449528314e-05,6.730477449528314,16.372021878116353,23.430389465091444,30.495271637492333,3.032556670062863,tdse_dipole_acceleration,raw_fft_harmonic_order_grid,13,1.6079090899617815e-08,0.11079987270298704,single_mode_bsv_random_phase_gamma_intensity,shared_fig_iv2_intensity_cases,hhg_intensity_prediction,quantum_light_hhg_bsv_threshold_tdse_dipole_acceleration
BSV - 2e13 W/cm^2,20000000000000.0,0.023872383018394068,13.559670475367579,3.477693857955761e-05,0.0007340412357401954,1.0541724150741764e-05,1.0541724150741765,16.372021878116353,23.430389465091444,30.495271637492333,3.032556670062863,tdse_dipole_acceleration,raw_fft_harmonic_order_grid,13,1.6079090899617815e-08,0.11079987270298704,single_mode_bsv_random_phase_gamma_intensity,shared_fig_iv2_intensity_cases,hhg_intensity_prediction,quantum_light_hhg_bsv_threshold_tdse_dipole_acceleration
BSV - 2e13 W/cm^2,20000000000000.0,0.023872383018394068,13.599669503318516,0.00020193133502118378,0.010275242807356335,6.121023063357346e-05,6.121023063357345,16.372021878116353,23.430389465091444,30.495271637492333,3.032556670062863,tdse_dipole_acceleration,raw_fft_harmonic_order_grid,13,1.6079090899617815e-08,0.11079987270298704,single_mode_bsv_random_phase_gamma_intensity,shared_fig_iv2_intensity_cases,hhg_intensity_prediction,quantum_light_hhg_bsv_threshold_tdse_dipole_acceleration
BSV - 2e13 W/cm^2,20000000000000.0,0.023872383018394068,13.639668531269454,0.0003057040956494128,0.016304639086904334,9.266624319779558e-05,9.266624319779558,16.372021878116353,23.430389465091444,30.495271637492333,3.032556670062863,tdse_dipole_acceleration,raw_fft_harmonic_order_grid,13,1.6079090899617815e-08,0.11079987270298704,single_mode_bsv_random_phase_gamma_intensity,shared_fig_iv2_intensity_cases,hhg_intensity_prediction,quantum_light_hhg_bsv_threshold_tdse_dipole_acceleration
BSV - 2e13 W/cm^2,20000000000000.0,0.023872383018394068,13.67966755922039,0.00021817360464651943,0.01798000201052371,6.613365210095087e-05,6.613365210095087,16.372021878116353,23.430389465091444,30.495271637492333,3.032556670062863,tdse_dipole_acceleration,raw_fft_harmonic_order_grid,13,1.6079090899617815e-08,0.11079987270298704,single_mode_bsv_random_phase_gamma_intensity,shared_fig_iv2_intensity_cases,hhg_intensity_prediction,quantum_light_hhg_bsv_threshold_tdse_dipole_acceleration
BSV - 2e13 W/cm^2,20000000000000.0,0.023872383018394068,13.719666587171327,0.0004412473975777228,0.028834241120342767,0.00013375266879389028,13.375266879389027,16.372021878116353,23.430389465091444,30.495271637492333,3.032556670062863,tdse_dipole_acceleration,raw_fft_harmonic_order_grid,13,1.6079090899617815e-08,0.11079987270298704,single_mode_bsv_random_phase_gamma_intensity,shared_fig_iv2_intensity_cases,hhg_intensity_prediction,quantum_light_hhg_bsv_threshold_tdse_dipole_acceleration
BSV - 2e13 W/cm^2,20000000000000.0,0.023872383018394068,13.759665615122264,0.00015314350966950845,0.011465660419987934,4.642147067428696e-05,4.642147067428696,16.372021878116353,23.430389465091444,30.495271637492333,3.032556670062863,tdse_dipole_acceleration,raw_fft_harmonic_order_grid,13,1.6079090899617815e-08,0.11079987270298704,single_mode_bsv_random_phase_gamma_intensity,shared_fig_iv2_intensity_cases,hhg_intensity_prediction,quantum_light_hhg_bsv_threshold_tdse_dipole_acceleration
BSV - 2e13 W/cm^2,20000000000000.0,0.023872383018394068,13.7996646430732,0.00013347591900708777,0.00726824915468682,4.045975224991665e-05,4.045975224991665,16.372021878116353,23.430389465091444,30.495271637492333,3.032556670062863,tdse_dipole_acceleration,raw_fft_harmonic_order_grid,13,1.6079090899617815e-08,0.11079987270298704,single_mode_bsv_random_phase_gamma_intensity,shared_fig_iv2_intensity_cases,hhg_intensity_prediction,quantum_light_hhg_bsv_threshold_tdse_dipole_acceleration
BSV - 2e13 W/cm^2,20000000000000.0,0.023872383018394068,13.839663671024137,0.00016530719457414717,0.009225105569358285,5.010857529472115e-05,5.010857529472115,16.372021878116353,23.430389465091444,30.495271637492333,3.032556670062863,tdse_dipole_acceleration,raw_fft_harmonic_order_grid,13,1.6079090899617815e-08,0.11079987270298704,single_mode_bsv_random_phase_gamma_intensity,shared_fig_iv2_intensity_cases,hhg_intensity_prediction,quantum_light_hhg_bsv_threshold_tdse_dipole_acceleration
BSV - 2e13 W/cm^2,20000000000000.0,0.023872383018394068,13.879662698975073,8.449800037622272e-05,0.002071629780323261,2.5613370458635265e-05,2.5613370458635263,16.372021878116353,23.430389465091444,30.495271637492333,3.032556670062863,tdse_dipole_acceleration,raw_fft_harmonic_order_grid,13,1.6079090899617815e-08,0.11079987270298704,single_mode_bsv_random_phase_gamma_intensity,shared_fig_iv2_intensity_cases,hhg_intensity_prediction,quantum_light_hhg_bsv_threshold_tdse_dipole_acceleration
BSV - 2e13 W/cm^2,20000000000000.0,0.023872383018394068,13.91966172692601,0.0001554108018593378,0.00419060385636153,4.710874131427255e-05,4.710874131427255,16.372021878116353,23.430389465091444,30.495271637492333,3.032556670062863,tdse_dipole_acceleration,raw_fft_harmonic_order_grid,13,1.6079090899617815e-08,0.11079987270298704,single_mode_bsv_random_phase_gamma_intensity,shared_fig_iv2_intensity_cases,hhg_intensity_prediction,quantum_light_hhg_bsv_threshold_tdse_dipole_acceleration
BSV - 2e13 W/cm^2,20000000000000.0,0.023872383018394068,13.959660754876946,0.00022227204308356788,0.008656866600487707,6.737598708547877e-05,6.737598708547877,16.372021878116353,23.430389465091444,30.495271637492333,3.032556670062863,tdse_dipole_acceleration,raw_fft_harmonic_order_grid,13,1.6079090899617815e-08,0.11079987270298704,single_mode_bsv_random_phase_gamma_intensity,shared_fig_iv2_intensity_cases,hhg_intensity_prediction,quantum_light_hhg_bsv_threshold_tdse_dipole_acceleration
BSV - 2e13 W/cm^2,20000000000000.0,0.023872383018394068,13.999659782827884,0.00027860124818394693,0.010853465776185511,8.445072011410137e-05,8.445072011410137,16.372021878116353,23.430389465091444,30.495271637492333,3.032556670062863,tdse_dipole_acceleration,raw_fft_harmonic_order_grid,13,1.6079090899617815e-08,0.11079987270298704,single_mode_bsv_random_phase_gamma_intensity,shared_fig_iv2_intensity_cases,hhg_intensity_prediction,quantum_light_hhg_bsv_threshold_tdse_dipole_acceleration
BSV - 2e13 W/cm^2,20000000000000.0,0.023872383018394068,14.039658810778821,0.000328663586410921,0.01153298911341954,9.962581549297151e-05,9.962581549297152,16.372021878116353,23.430389465091444,30.495271637492333,3.032556670062863,tdse_dipole_acceleration,raw_fft_harmonic_order_grid,13,1.6079090899617815e-08,0.11079987270298704,single_mode_bsv_random_phase_gamma_intensity,shared_fig_iv2_intensity_cases,hhg_intensity_prediction,quantum_light_hhg_bsv_threshold_tdse_dipole_acceleration
BSV - 2e13 W/cm^2,20000000000000.0,0.023872383018394068,14.079657838729759,0.0007030587904404971,0.017685359451238464,0.00021311398108326998,21.311398108326998,16.372021878116353,23.430389465091444,30.495271637492333,3.032556670062863,tdse_dipole_acceleration,raw_fft_harmonic_order_grid,13,1.6079090899617815e-08,0.11079987270298704,single_mode_bsv_random_phase_gamma_intensity,shared_fig_iv2_intensity_cases,hhg_intensity_prediction,quantum_light_hhg_bsv_threshold_tdse_dipole_acceleration
BSV - 2e13 W/cm^2,20000000000000.0,0.023872383018394068,14.119656866680694,0.0002480795180956324,0.001979431859298155,7.5198851711184e-05,7.5198851711184,16.372021878116353,23.430389465091444,30.495271637492333,3.032556670062863,tdse_dipole_acceleration,raw_fft_harmonic_order_grid,13,1.6079090899617815e-08,0.11079987270298704,single_mode_bsv_random_phase_gamma_intensity,shared_fig_iv2_intensity_cases,hhg_intensity_prediction,quantum_light_hhg_bsv_threshold_tdse_dipole_acceleration
BSV - 2e13 W/cm^2,20000000000000.0,0.023872383018394068,14.159655894631632,0.00018001099497354911,0.0031589585594623618,5.4565649842081544e-05,5.456564984208154,16.372021878116353,23.430389465091444,30.495271637492333,3.032556670062863,tdse_dipole_acceleration,raw_fft_harmonic_order_grid,13,1.6079090899617815e-08,0.11079987270298704,single_mode_bsv_random_phase_gamma_intensity,shared_fig_iv2_intensity_cases,hhg_intensity_prediction,quantum_light_hhg_bsv_threshold_tdse_dipole_acceleration
BSV - 2e13 W/cm^2,20000000000000.0,0.023872383018394068,14.19965492258257,0.00016569221357831275,0.017249288402859043,5.022528378892692e-05,5.022528378892693,16.372021878116353,23.430389465091444,30.495271637492333,3.032556670062863,tdse_dipole_acceleration,raw_fft_harmonic_order_grid,13,1.6079090899617815e-08,0.11079987270298704,single_mode_bsv_random_phase_gamma_intensity,shared_fig_iv2_intensity_cases,hhg_intensity_prediction,quantum_light_hhg_bsv_threshold_tdse_dipole_acceleration
BSV - 2e13 W/cm^2,20000000000000.0,0.023872383018394068,14.239653950533507,0.0001264796432548385,0.007085176828909936,3.8339013275322485e-05,3.8339013275322484,16.372021878116353,23.430389465091444,30.495271637492333,3.032556670062863,tdse_dipole_acceleration,raw_fft_harmonic_order_grid,13,1.6079090899617815e-08,0.11079987270298704,single_mode_bsv_random_phase_gamma_intensity,shared_fig_iv2_intensity_cases,hhg_intensity_prediction,quantum_light_hhg_bsv_threshold_tdse_dipole_acceleration
BSV - 2e13 W/cm^2,20000000000000.0,0.023872383018394068,14.27965297848444,0.00014896584428552076,0.008369716066051006,4.5155120102014675e-05,4.515512010201467,16.372021878116353,23.430389465091444,30.495271637492333,3.032556670062863,tdse_dipole_acceleration,raw_fft_harmonic_order_grid,13,1.6079090899617815e-08,0.11079987270298704,single_mode_bsv_random_phase_gamma_intensity,shared_fig_iv2_intensity_cases,hhg_intensity_prediction,quantum_light_hhg_bsv_threshold_tdse_dipole_acceleration
BSV - 2e13 W/cm^2,20000000000000.0,0.023872383018394068,14.31965200643538,0.00044121153123801896,0.020309848643441406,0.00013374179684613128,13.374179684613129,16.372021878116353,23.430389465091444,30.495271637492333,3.032556670062863,tdse_dipole_acceleration,raw_fft_harmonic_order_grid,13,1.6079090899617815e-08,0.11079987270298704,single_mode_bsv_random_phase_gamma_intensity,shared_fig_iv2_intensity_cases,hhg_intensity_prediction,quantum_light_hhg_bsv_threshold_tdse_dipole_acceleration
BSV - 2e13 W/cm^2,20000000000000.0,0.023872383018394068,14.359651034386316,0.00010734362379022789,0.005447982789007653,3.253842682986325e-05,3.253842682986325,16.372021878116353,23.430389465091444,30.495271637492333,3.032556670062863,tdse_dipole_acceleration,raw_fft_harmonic_order_grid,13,1.6079090899617815e-08,0.11079987270298704,single_mode_bsv_random_phase_gamma_intensity,shared_fig_iv2_intensity_cases,hhg_intensity_prediction,quantum_light_hhg_bsv_threshold_tdse_dipole_acceleration
BSV - 2e13 W/cm^2,20000000000000.0,0.023872383018394068,14.399650062337251,0.00018475869765524942,0.009154401526016723,5.6004792390691075e-05,5.600479239069108,16.372021878116353,23.430389465091444,30.495271637492333,3.032556670062863,tdse_dipole_acceleration,raw_fft_harmonic_order_grid,13,1.6079090899617815e-08,0.11079987270298704,single_mode_bsv_random_phase_gamma_intensity,shared_fig_iv2_intensity_cases,hhg_intensity_prediction,quantum_light_hhg_bsv_threshold_tdse_dipole_acceleration
BSV - 2e13 W/cm^2,20000000000000.0,0.023872383018394068,14.439649090288187,0.0002250397047978394,0.0081698539737662,6.821493172885716e-05,6.821493172885716,16.372021878116353,23.430389465091444,30.495271637492333,3.032556670062863,tdse_dipole_acceleration,raw_fft_harmonic_order_grid,13,1.6079090899617815e-08,0.11079987270298704,single_mode_bsv_random_phase_gamma_intensity,shared_fig_iv2_intensity_cases,hhg_intensity_prediction,quantum_light_hhg_bsv_threshold_tdse_dipole_acceleration
BSV - 2e13 W/cm^2,20000000000000.0,0.023872383018394068,14.479648118239126,0.00030364269491787164,0.008971600413724827,9.20413831967828e-05,9.20413831967828,16.372021878116353,23.430389465091444,30.495271637492333,3.032556670062863,tdse_dipole_acceleration,raw_fft_harmonic_order_grid,13,1.6079090899617815e-08,0.11079987270298704,single_mode_bsv_random_phase_gamma_intensity,shared_fig_iv2_intensity_cases,hhg_intensity_prediction,quantum_light_hhg_bsv_threshold_tdse_dipole_acceleration
BSV - 2e13 W/cm^2,20000000000000.0,0.023872383018394068,14.519647146190064,0.00031132400423000873,0.017933113074474448,9.436977227277442e-05,9.436977227277442,16.372021878116353,23.430389465091444,30.495271637492333,3.032556670062863,tdse_dipole_acceleration,raw_fft_harmonic_order_grid,13,1.6079090899617815e-08,0.11079987270298704,single_mode_bsv_random_phase_gamma_intensity,shared_fig_iv2_intensity_cases,hhg_intensity_prediction,quantum_light_hhg_bsv_threshold_tdse_dipole_acceleration
BSV - 2e13 W/cm^2,20000000000000.0,0.023872383018394068,14.559646174140997,0.0003075989099363782,0.010059588385273203,9.32406068521575e-05,9.32406068521575,16.372021878116353,23.430389465091444,30.495271637492333,3.032556670062863,tdse_dipole_acceleration,raw_fft_harmonic_order_grid,13,1.6079090899617815e-08,0.11079987270298704,single_mode_bsv_random_phase_gamma_intensity,shared_fig_iv2_intensity_cases,hhg_intensity_prediction,quantum_light_hhg_bsv_threshold_tdse_dipole_acceleration
BSV - 2e13 W/cm^2,20000000000000.0,0.023872383018394068,14.599645202091935,0.00023869955175166865,0.005068304178030814,7.235555894936996e-05,7.235555894936996,16.372021878116353,23.430389465091444,30.495271637492333,3.032556670062863,tdse_dipole_acceleration,raw_fft_harmonic_order_grid,13,1.6079090899617815e-08,0.11079987270298704,single_mode_bsv_random_phase_gamma_intensity,shared_fig_iv2_intensity_cases,hhg_intensity_prediction,quantum_light_hhg_bsv_threshold_tdse_dipole_acceleration
BSV - 2e13 W/cm^2,20000000000000.0,0.023872383018394068,14.639644230042874,0.0002437790972852216,0.006313179901340045,7.389529102507727e-05,7.389529102507727,16.372021878116353,23.430389465091444,30.495271637492333,3.032556670062863,tdse_dipole_acceleration,raw_fft_harmonic_order_grid,13,1.6079090899617815e-08,0.11079987270298704,single_mode_bsv_random_phase_gamma_intensity,shared_fig_iv2_intensity_cases,hhg_intensity_prediction,quantum_light_hhg_bsv_threshold_tdse_dipole_acceleration
BSV - 2e13 W/cm^2,20000000000000.0,0.023872383018394068,14.679643257993812,0.0005893198006055847,0.03506158613838877,0.0001786369654229996,17.86369654229996,16.372021878116353,23.430389465091444,30.495271637492333,3.032556670062863,tdse_dipole_acceleration,raw_fft_harmonic_order_grid,13,1.6079090899617815e-08,0.11079987270298704,single_mode_bsv_random_phase_gamma_intensity,shared_fig_iv2_intensity_cases,hhg_intensity_prediction,quantum_light_hhg_bsv_threshold_tdse_dipole_acceleration
BSV - 2e13 W/cm^2,20000000000000.0,0.023872383018394068,14.719642285944746,0.0014682620885508456,0.14386118033408174,0.00044506545287437106,44.506545287437106,16.372021878116353,23.430389465091444,30.495271637492333,3.032556670062863,tdse_dipole_acceleration,raw_fft_harmonic_order_grid,13,1.6079090899617815e-08,0.11079987270298704,single_mode_bsv_random_phase_gamma_intensity,shared_fig_iv2_intensity_cases,hhg_intensity_prediction,quantum_light_hhg_bsv_threshold_tdse_dipole_acceleration
BSV - 2e13 W/cm^2,20000000000000.0,0.023872383018394068,14.759641313895683,0.0019723369957725845,0.2164303649296068,0.000597862646655133,59.7862646655133,16.372021878116353,23.430389465091444,30.495271637492333,3.032556670062863,tdse_dipole_acceleration,raw_fft_harmonic_order_grid,13,1.6079090899617815e-08,0.11079987270298704,single_mode_bsv_random_phase_gamma_intensity,shared_fig_iv2_intensity_cases,hhg_intensity_prediction,quantum_light_hhg_bsv_threshold_tdse_dipole_acceleration
BSV - 2e13 W/cm^2,20000000000000.0,0.023872383018394068,14.799640341846622,0.0011098820912170976,0.10862833242411131,0.00033643188053178794,33.6431880531788,16.372021878116353,23.430389465091444,30.495271637492333,3.032556670062863,tdse_dipole_acceleration,raw_fft_harmonic_order_grid,13,1.6079090899617815e-08,0.11079987270298704,single_mode_bsv_random_phase_gamma_intensity,shared_fig_iv2_intensity_cases,hhg_intensity_prediction,quantum_light_hhg_bsv_threshold_tdse_dipole_acceleration
BSV - 2e13 W/cm^2,20000000000000.0,0.023872383018394068,14.839639369797558,0.0007223882995554689,0.06308406825775889,0.00021897321888228252,21.89732188822825,16.372021878116353,23.430389465091444,30.495271637492333,3.032556670062863,tdse_dipole_acceleration,raw_fft_harmonic_order_grid,13,1.6079090899617815e-08,0.11079987270298704,single_mode_bsv_random_phase_gamma_intensity,shared_fig_iv2_intensity_cases,hhg_intensity_prediction,quantum_light_hhg_bsv_threshold_tdse_dipole_acceleration
BSV - 2e13 W/cm^2,20000000000000.0,0.023872383018394068,14.879638397748494,0.0007234128377617278,0.058219723007342114,0.00021928378098445175,21.928378098445176,16.372021878116353,23.430389465091444,30.495271637492333,3.032556670062863,tdse_dipole_acceleration,raw_fft_harmonic_order_grid,13,1.6079090899617815e-08,0.11079987270298704,single_mode_bsv_random_phase_gamma_intensity,shared_fig_iv2_intensity_cases,hhg_intensity_prediction,quantum_light_hhg_bsv_threshold_tdse_dipole_acceleration
BSV - 2e13 W/cm^2,20000000000000.0,0.023872383018394068,14.91963742569943,0.0015660582931121775,0.05100714846725344,0.0004747098279569172,47.47098279569172,16.372021878116353,23.430389465091444,30.495271637492333,3.032556670062863,tdse_dipole_acceleration,raw_fft_harmonic_order_grid,13,1.6079090899617815e-08,0.11079987270298704,single_mode_bsv_random_phase_gamma_intensity,shared_fig_iv2_intensity_cases,hhg_intensity_prediction,quantum_light_hhg_bsv_threshold_tdse_dipole_acceleration
BSV - 2e13 W/cm^2,20000000000000.0,0.023872383018394068,14.959636453650367,0.042355016088547144,1.1120526747091157,0.012838821191355517,1283.8821191355516,16.372021878116353,23.430389465091444,30.495271637492333,3.032556670062863,tdse_dipole_acceleration,raw_fft_harmonic_order_grid,13,1.6079090899617815e-08,0.11079987270298704,single_mode_bsv_random_phase_gamma_intensity,shared_fig_iv2_intensity_cases,hhg_intensity_prediction,quantum_light_hhg_bsv_threshold_tdse_dipole_acceleration
BSV - 2e13 W/cm^2,20000000000000.0,0.023872383018394068,14.999635481601306,0.12815030702674488,3.0493120239019142,0.03884543153269109,3884.543153269109,16.372021878116353,23.430389465091444,30.495271637492333,3.032556670062863,tdse_dipole_acceleration,raw_fft_harmonic_order_grid,13,1.6079090899617815e-08,0.11079987270298704,single_mode_bsv_random_phase_gamma_intensity,shared_fig_iv2_intensity_cases,hhg_intensity_prediction,quantum_light_hhg_bsv_threshold_tdse_dipole_acceleration
BSV - 2e13 W/cm^2,20000000000000.0,0.023872383018394068,15.03963450955224,0.05353444723092731,1.1727194596748658,0.016227574890752675,1622.7574890752674,16.372021878116353,23.430389465091444,30.495271637492333,3.032556670062863,tdse_dipole_acceleration,raw_fft_harmonic_order_grid,13,1.6079090899617815e-08,0.11079987270298704,single_mode_bsv_random_phase_gamma_intensity,shared_fig_iv2_intensity_cases,hhg_intensity_prediction,quantum_light_hhg_bsv_threshold_tdse_dipole_acceleration
BSV - 2e13 W/cm^2,20000000000000.0,0.023872383018394068,15.079633537503177,0.00472592822646318,0.2478963460957763,0.0014325421890029068,143.25421890029068,16.372021878116353,23.430389465091444,30.495271637492333,3.032556670062863,tdse_dipole_acceleration,raw_fft_harmonic_order_grid,13,1.6079090899617815e-08,0.11079987270298704,single_mode_bsv_random_phase_gamma_intensity,shared_fig_iv2_intensity_cases,hhg_intensity_prediction,quantum_light_hhg_bsv_threshold_tdse_dipole_acceleration
BSV - 2e13 W/cm^2,20000000000000.0,0.023872383018394068,15.119632565454115,0.0021457772996283046,0.11968779017326275,0.0006504365624322558,65.04365624322558,16.372021878116353,23.430389465091444,30.495271637492333,3.032556670062863,tdse_dipole_acceleration,raw_fft_harmonic_order_grid,13,1.6079090899617815e-08,0.11079987270298704,single_mode_bsv_random_phase_gamma_intensity,shared_fig_iv2_intensity_cases,hhg_intensity_prediction,quantum_light_hhg_bsv_threshold_tdse_dipole_acceleration
BSV - 2e13 W/cm^2,20000000000000.0,0.023872383018394068,15.159631593405054,0.0005856581566232512,0.043931715916138696,0.00017752703331348746,17.752703331348748,16.372021878116353,23.430389465091444,30.495271637492333,3.032556670062863,tdse_dipole_acceleration,raw_fft_harmonic_order_grid,13,1.6079090899617815e-08,0.11079987270298704,single_mode_bsv_random_phase_gamma_intensity,shared_fig_iv2_intensity_cases,hhg_intensity_prediction,quantum_light_hhg_bsv_threshold_tdse_dipole_acceleration
BSV - 2e13 W/cm^2,20000000000000.0,0.023872383018394068,15.199630621355988,0.0004626880224083225,0.03136678780692344,0.00014025183639792386,14.025183639792386,16.372021878116353,23.430389465091444,30.495271637492333,3.032556670062863,tdse_dipole_acceleration,raw_fft_harmonic_order_grid,13,1.6079090899617815e-08,0.11079987270298704,single_mode_bsv_random_phase_gamma_intensity,shared_fig_iv2_intensity_cases,hhg_intensity_prediction,quantum_light_hhg_bsv_threshold_tdse_dipole_acceleration
BSV - 2e13 W/cm^2,20000000000000.0,0.023872383018394068,15.239629649306925,0.0005989158217145838,0.03677285899418944,0.00018154574956581163,18.15457495658116,16.372021878116353,23.430389465091444,30.495271637492333,3.032556670062863,tdse_dipole_acceleration,raw_fft_harmonic_order_grid,13,1.6079090899617815e-08,0.11079987270298704,single_mode_bsv_random_phase_gamma_intensity,shared_fig_iv2_intensity_cases,hhg_intensity_prediction,quantum_light_hhg_bsv_threshold_tdse_dipole_acceleration
BSV - 2e13 W/cm^2,20000000000000.0,0.023872383018394068,15.279628677257863,0.00042026878948145987,0.0037675582690456524,0.0001273935495427404,12.73935495427404,16.372021878116353,23.430389465091444,30.495271637492333,3.032556670062863,tdse_dipole_acceleration,raw_fft_harmonic_order_grid,13,1.6079090899617815e-08,0.11079987270298704,single_mode_bsv_random_phase_gamma_intensity,shared_fig_iv2_intensity_cases,hhg_intensity_prediction,quantum_light_hhg_bsv_threshold_tdse_dipole_acceleration
BSV - 2e13 W/cm^2,20000000000000.0,0.023872383018394068,15.3196277052088,0.0001437543446016823,0.0019018356881820866,4.357538955865407e-05,4.357538955865407,16.372021878116353,23.430389465091444,30.495271637492333,3.032556670062863,tdse_dipole_acceleration,raw_fft_harmonic_order_grid,13,1.6079090899617815e-08,0.11079987270298704,single_mode_bsv_random_phase_gamma_intensity,shared_fig_iv2_intensity_cases,hhg_intensity_prediction,quantum_light_hhg_bsv_threshold_tdse_dipole_acceleration
BSV - 2e13 W/cm^2,20000000000000.0,0.023872383018394068,15.359626733159736,0.00036363502193583613,0.006698199048463223,0.00011022649633253827,11.022649633253828,16.372021878116353,23.430389465091444,30.495271637492333,3.032556670062863,tdse_dipole_acceleration,raw_fft_harmonic_order_grid,13,1.6079090899617815e-08,0.11079987270298704,single_mode_bsv_random_phase_gamma_intensity,shared_fig_iv2_intensity_cases,hhg_intensity_prediction,quantum_light_hhg_bsv_threshold_tdse_dipole_acceleration
BSV - 2e13 W/cm^2,20000000000000.0,0.023872383018394068,15.399625761110672,0.00048730595366676947,0.006458363341975116,0.0001477141217826707,14.771412178267068,16.372021878116353,23.430389465091444,30.495271637492333,3.032556670062863,tdse_dipole_acceleration,raw_fft_harmonic_order_grid,13,1.6079090899617815e-08,0.11079987270298704,single_mode_bsv_random_phase_gamma_intensity,shared_fig_iv2_intensity_cases,hhg_intensity_prediction,quantum_light_hhg_bsv_threshold_tdse_dipole_acceleration
BSV - 2e13 W/cm^2,20000000000000.0,0.023872383018394068,15.43962478906161,0.0006853131528999364,0.005588381139694143,0.00020773485274499812,20.773485274499812,16.372021878116353,23.430389465091444,30.495271637492333,3.032556670062863,tdse_dipole_acceleration,raw_fft_harmonic_order_grid,13,1.6079090899617815e-08,0.11079987270298704,single_mode_bsv_random_phase_gamma_intensity,shared_fig_iv2_intensity_cases,hhg_intensity_prediction,quantum_light_hhg_bsv_threshold_tdse_dipole_acceleration
BSV - 2e13 W/cm^2,20000000000000.0,0.023872383018394068,15.479623817012545,0.00039300413864509326,0.0022590891067072443,0.00011912897997674027,11.912897997674028,16.372021878116353,23.430389465091444,30.495271637492333,3.032556670062863,tdse_dipole_acceleration,raw_fft_harmonic_order_grid,13,1.6079090899617815e-08,0.11079987270298704,single_mode_bsv_random_phase_gamma_intensity,shared_fig_iv2_intensity_cases,hhg_intensity_prediction,quantum_light_hhg_bsv_threshold_tdse_dipole_acceleration
BSV - 2e13 W/cm^2,20000000000000.0,0.023872383018394068,15.519622844963482,0.0005738290616637155,0.0034196818634070706,0.00017394135092999968,17.394135092999967,16.372021878116353,23.430389465091444,30.495271637492333,3.032556670062863,tdse_dipole_acceleration,raw_fft_harmonic_order_grid,13,1.6079090899617815e-08,0.11079987270298704,single_mode_bsv_random_phase_gamma_intensity,shared_fig_iv2_intensity_cases,hhg_intensity_prediction,quantum_light_hhg_bsv_threshold_tdse_dipole_acceleration
BSV - 2e13 W/cm^2,20000000000000.0,0.023872383018394068,15.55962187291442,0.0005434117003529638,0.0041719723656647055,0.00016472111920667393,16.472111920667395,16.372021878116353,23.430389465091444,30.495271637492333,3.032556670062863,tdse_dipole_acceleration,raw_fft_harmonic_order_grid,13,1.6079090899617815e-08,0.11079987270298704,single_mode_bsv_random_phase_gamma_intensity,shared_fig_iv2_intensity_cases,hhg_intensity_prediction,quantum_light_hhg_bsv_threshold_tdse_dipole_acceleration
BSV - 2e13 W/cm^2,20000000000000.0,0.023872383018394068,15.599620900865357,0.0006793526711191752,0.008104041204359735,0.00020592808776496503,20.592808776496504,16.372021878116353,23.430389465091444,30.495271637492333,3.032556670062863,tdse_dipole_acceleration,raw_fft_harmonic_order_grid,13,1.6079090899617815e-08,0.11079987270298704,single_mode_bsv_random_phase_gamma_intensity,shared_fig_iv2_intensity_cases,hhg_intensity_prediction,quantum_light_hhg_bsv_threshold_tdse_dipole_acceleration
BSV - 2e13 W/cm^2,20000000000000.0,0.023872383018394068,15.639619928816291,0.0008111663962147321,0.00794774635755633,0.00024588398917532847,24.588398917532846,16.372021878116353,23.430389465091444,30.495271637492333,3.032556670062863,tdse_dipole_acceleration,raw_fft_harmonic_order_grid,13,1.6079090899617815e-08,0.11079987270298704,single_mode_bsv_random_phase_gamma_intensity,shared_fig_iv2_intensity_cases,hhg_intensity_prediction,quantum_light_hhg_bsv_threshold_tdse_dipole_acceleration
BSV - 2e13 W/cm^2,20000000000000.0,0.023872383018394068,15.67961895676723,0.0008500401130609632,0.017490244135163795,0.000257667545073141,25.766754507314104,16.372021878116353,23.430389465091444,30.495271637492333,3.032556670062863,tdse_dipole_acceleration,raw_fft_harmonic_order_grid,13,1.6079090899617815e-08,0.11079987270298704,single_mode_bsv_random_phase_gamma_intensity,shared_fig_iv2_intensity_cases,hhg_intensity_prediction,quantum_light_hhg_bsv_threshold_tdse_dipole_acceleration
BSV - 2e13 W/cm^2,20000000000000.0,0.023872383018394068,15.719617984718168,0.0007120268827558161,0.010989416983625681,0.0002158324249488853,21.58324249488853,16.372021878116353,23.430389465091444,30.495271637492333,3.032556670062863,tdse_dipole_acceleration,raw_fft_harmonic_order_grid,13,1.6079090899617815e-08,0.11079987270298704,single_mode_bsv_random_phase_gamma_intensity,shared_fig_iv2_intensity_cases,hhg_intensity_prediction,quantum_light_hhg_bsv_threshold_tdse_dipole_acceleration
BSV - 2e13 W/cm^2,20000000000000.0,0.023872383018394068,15.759617012669105,0.0006364362125579814,0.00932941813660897,0.0001929190798948824,19.29190798948824,16.372021878116353,23.430389465091444,30.495271637492333,3.032556670062863,tdse_dipole_acceleration,raw_fft_harmonic_order_grid,13,1.6079090899617815e-08,0.11079987270298704,single_mode_bsv_random_phase_gamma_intensity,shared_fig_iv2_intensity_cases,hhg_intensity_prediction,quantum_light_hhg_bsv_threshold_tdse_dipole_acceleration
BSV - 2e13 W/cm^2,20000000000000.0,0.023872383018394068,15.79961604062004,0.00039935412390076295,0.0058061680484556835,0.00012105381280161393,12.105381280161394,16.372021878116353,23.430389465091444,30.495271637492333,3.032556670062863,tdse_dipole_acceleration,raw_fft_harmonic_order_grid,13,1.6079090899617815e-08,0.11079987270298704,single_mode_bsv_random_phase_gamma_intensity,shared_fig_iv2_intensity_cases,hhg_intensity_prediction,quantum_light_hhg_bsv_threshold_tdse_dipole_acceleration
BSV - 2e13 W/cm^2,20000000000000.0,0.023872383018394068,15.839615068570978,0.00027150160936958913,0.003388853280424608,8.229864931639025e-05,8.229864931639025,16.372021878116353,23.430389465091444,30.495271637492333,3.032556670062863,tdse_dipole_acceleration,raw_fft_harmonic_order_grid,13,1.6079090899617815e-08,0.11079987270298704,single_mode_bsv_random_phase_gamma_intensity,shared_fig_iv2_intensity_cases,hhg_intensity_prediction,quantum_light_hhg_bsv_threshold_tdse_dipole_acceleration
BSV - 2e13 W/cm^2,20000000000000.0,0.023872383018394068,15.879614096521916,0.00022404618458968725,0.0026217658599812753,6.791377192582942e-05,6.791377192582942,16.372021878116353,23.430389465091444,30.495271637492333,3.032556670062863,tdse_dipole_acceleration,raw_fft_harmonic_order_grid,13,1.6079090899617815e-08,0.11079987270298704,single_mode_bsv_random_phase_gamma_intensity,shared_fig_iv2_intensity_cases,hhg_intensity_prediction,quantum_light_hhg_bsv_threshold_tdse_dipole_acceleration
BSV - 2e13 W/cm^2,20000000000000.0,0.023872383018394068,15.919613124472852,7.577242728275964e-05,0.0009041481532678,2.296843998558635e-05,2.296843998558635,16.372021878116353,23.430389465091444,30.495271637492333,3.032556670062863,tdse_dipole_acceleration,raw_fft_harmonic_order_grid,13,1.6079090899617815e-08,0.11079987270298704,single_mode_bsv_random_phase_gamma_intensity,shared_fig_iv2_intensity_cases,hhg_intensity_prediction,quantum_light_hhg_bsv_threshold_tdse_dipole_acceleration
BSV - 2e13 W/cm^2,20000000000000.0,0.023872383018394068,15.959612152423787,0.00013775099573699312,0.0022884329598309985,4.1755630537386385e-05,4.175563053738639,16.372021878116353,23.430389465091444,30.495271637492333,3.032556670062863,tdse_dipole_acceleration,raw_fft_harmonic_order_grid,13,1.6079090899617815e-08,0.11079987270298704,single_mode_bsv_random_phase_gamma_intensity,shared_fig_iv2_intensity_cases,hhg_intensity_prediction,quantum_light_hhg_bsv_threshold_tdse_dipole_acceleration
BSV - 2e13 W/cm^2,20000000000000.0,0.023872383018394068,15.999611180374723,0.00015278784887981547,0.004049013412376148,4.6313661358995985e-05,4.631366135899598,16.372021878116353,23.430389465091444,30.495271637492333,3.032556670062863,tdse_dipole_acceleration,raw_fft_harmonic_order_grid,13,1.6079090899617815e-08,0.11079987270298704,single_mode_bsv_random_phase_gamma_intensity,shared_fig_iv2_intensity_cases,hhg_intensity_prediction,quantum_light_hhg_bsv_threshold_tdse_dipole_acceleration
BSV - 2e13 W/cm^2,20000000000000.0,0.023872383018394068,16.039610208325662,0.00035391970674583634,0.0058882523392927025,0.000107281551292704,10.7281551292704,16.372021878116353,23.430389465091444,30.495271637492333,3.032556670062863,tdse_dipole_acceleration,raw_fft_harmonic_order_grid,13,1.6079090899617815e-08,0.11079987270298704,single_mode_bsv_random_phase_gamma_intensity,shared_fig_iv2_intensity_cases,hhg_intensity_prediction,quantum_light_hhg_bsv_threshold_tdse_dipole_acceleration
BSV - 2e13 W/cm^2,20000000000000.0,0.023872383018394068,16.0796092362766,0.000623703643183578,0.004145591969115703,0.00018905953274791064,18.905953274791063,16.372021878116353,23.430389465091444,30.495271637492333,3.032556670062863,tdse_dipole_acceleration,raw_fft_harmonic_order_grid,13,1.6079090899617815e-08,0.11079987270298704,single_mode_bsv_random_phase_gamma_intensity,shared_fig_iv2_intensity_cases,hhg_intensity_prediction,quantum_light_hhg_bsv_threshold_tdse_dipole_acceleration
BSV - 2e13 W/cm^2,20000000000000.0,0.023872383018394068,16.119608264227534,0.0005682784765080968,0.00330057904437283,0.00017225883544773904,17.225883544773904,16.372021878116353,23.430389465091444,30.495271637492333,3.032556670062863,tdse_dipole_acceleration,raw_fft_harmonic_order_grid,13,1.6079090899617815e-08,0.11079987270298704,single_mode_bsv_random_phase_gamma_intensity,shared_fig_iv2_intensity_cases,hhg_intensity_prediction,quantum_light_hhg_bsv_threshold_tdse_dipole_acceleration
BSV - 2e13 W/cm^2,20000000000000.0,0.023872383018394068,16.15960729217847,0.00023282326437995175,0.0018352804377385333,7.057431531398166e-05,7.057431531398167,16.372021878116353,23.430389465091444,30.495271637492333,3.032556670062863,tdse_dipole_acceleration,raw_fft_harmonic_order_grid,13,1.6079090899617815e-08,0.11079987270298704,single_mode_bsv_random_phase_gamma_intensity,shared_fig_iv2_intensity_cases,hhg_intensity_prediction,quantum_light_hhg_bsv_threshold_tdse_dipole_acceleration
BSV - 2e13 W/cm^2,20000000000000.0,0.023872383018394068,16.19960632012941,0.0001671551410011908,0.004192083043684862,5.066873217669275e-05,5.066873217669276,16.372021878116353,23.430389465091444,30.495271637492333,3.032556670062863,tdse_dipole_acceleration,raw_fft_harmonic_order_grid,13,1.6079090899617815e-08,0.11079987270298704,single_mode_bsv_random_phase_gamma_intensity,shared_fig_iv2_intensity_cases,hhg_intensity_prediction,quantum_light_hhg_bsv_threshold_tdse_dipole_acceleration
BSV - 2e13 W/cm^2,20000000000000.0,0.023872383018394068,16.239605348080346,0.00017554900060390448,0.001277350682186904,5.32131123350968e-05,5.32131123350968,16.372021878116353,23.430389465091444,30.495271637492333,3.032556670062863,tdse_dipole_acceleration,raw_fft_harmonic_order_grid,13,1.6079090899617815e-08,0.11079987270298704,single_mode_bsv_random_phase_gamma_intensity,shared_fig_iv2_intensity_cases,hhg_intensity_prediction,quantum_light_hhg_bsv_threshold_tdse_dipole_acceleration
BSV - 2e13 W/cm^2,20000000000000.0,0.023872383018394068,16.279604376031283,0.0002919122091462741,0.006923591468441259,8.848559162313718e-05,8.848559162313718,16.372021878116353,23.430389465091444,30.495271637492333,3.032556670062863,tdse_dipole_acceleration,raw_fft_harmonic_order_grid,13,1.6079090899617815e-08,0.11079987270298704,single_mode_bsv_random_phase_gamma_intensity,shared_fig_iv2_intensity_cases,hhg_intensity_prediction,quantum_light_hhg_bsv_threshold_tdse_dipole_acceleration
BSV - 2e13 W/cm^2,20000000000000.0,0.023872383018394068,16.31960340398222,0.0011176163685116668,0.00977584361807824,0.00033877632547360407,33.877632547360406,16.372021878116353,23.430389465091444,30.495271637492333,3.032556670062863,tdse_dipole_acceleration,raw_fft_harmonic_order_grid,13,1.6079090899617815e-08,0.11079987270298704,single_mode_bsv_random_phase_gamma_intensity,shared_fig_iv2_intensity_cases,hhg_intensity_prediction,quantum_light_hhg_bsv_threshold_tdse_dipole_acceleration
BSV - 2e13 W/cm^2,20000000000000.0,0.023872383018394068,16.35960243193316,0.0005719000623576996,0.005307578805701672,0.00017335662497649254,17.335662497649253,16.372021878116353,23.430389465091444,30.495271637492333,3.032556670062863,tdse_dipole_acceleration,raw_fft_harmonic_order_grid,13,1.6079090899617815e-08,0.11079987270298704,single_mode_bsv_random_phase_gamma_intensity,shared_fig_iv2_intensity_cases,hhg_intensity_prediction,quantum_light_hhg_bsv_threshold_tdse_dipole_acceleration
BSV - 2e13 W/cm^2,20000000000000.0,0.023872383018394068,16.399601459884092,0.0003528419292130968,0.005958792420082307,0.00010695485107382144,10.695485107382144,16.372021878116353,23.430389465091444,30.495271637492333,3.032556670062863,tdse_dipole_acceleration,raw_fft_harmonic_order_grid,13,1.6079090899617815e-08,0.11079987270298704,single_mode_bsv_random_phase_gamma_intensity,shared_fig_iv2_intensity_cases,hhg_intensity_prediction,quantum_light_hhg_bsv_threshold_tdse_dipole_acceleration
BSV - 2e13 W/cm^2,20000000000000.0,0.023872383018394068,16.43960048783503,0.0003125733846860529,0.002526358450109316,9.474848945332254e-05,9.474848945332253,16.372021878116353,23.430389465091444,30.495271637492333,3.032556670062863,tdse_dipole_acceleration,raw_fft_harmonic_order_grid,13,1.6079090899617815e-08,0.11079987270298704,single_mode_bsv_random_phase_gamma_intensity,shared_fig_iv2_intensity_cases,hhg_intensity_prediction,quantum_light_hhg_bsv_threshold_tdse_dipole_acceleration
BSV - 2e13 W/cm^2,20000000000000.0,0.023872383018394068,16.479599515785967,7.719551959183254e-05,0.0038295841461264937,2.33998133949786e-05,2.33998133949786,16.372021878116353,23.430389465091444,30.495271637492333,3.032556670062863,tdse_dipole_acceleration,raw_fft_harmonic_order_grid,13,1.6079090899617815e-08,0.11079987270298704,single_mode_bsv_random_phase_gamma_intensity,shared_fig_iv2_intensity_cases,hhg_intensity_prediction,quantum_light_hhg_bsv_threshold_tdse_dipole_acceleration
BSV - 2e13 W/cm^2,20000000000000.0,0.023872383018394068,16.519598543736905,0.0004978971757092166,0.008083683490585587,0.00015092457519665702,15.092457519665702,16.372021878116353,23.430389465091444,30.495271637492333,3.032556670062863,tdse_dipole_acceleration,raw_fft_harmonic_order_grid,13,1.6079090899617815e-08,0.11079987270298704,single_mode_bsv_random_phase_gamma_intensity,shared_fig_iv2_intensity_cases,hhg_intensity_prediction,quantum_light_hhg_bsv_threshold_tdse_dipole_acceleration
BSV - 2e13 W/cm^2,20000000000000.0,0.023872383018394068,16.55959757168784,0.00023111146596606084,0.0021757750773237243,7.005542816008128e-05,7.005542816008128,16.372021878116353,23.430389465091444,30.495271637492333,3.032556670062863,tdse_dipole_acceleration,raw_fft_harmonic_order_grid,13,1.6079090899617815e-08,0.11079987270298704,single_mode_bsv_random_phase_gamma_intensity,shared_fig_iv2_intensity_cases,hhg_intensity_prediction,quantum_light_hhg_bsv_threshold_tdse_dipole_acceleration
BSV - 2e13 W/cm^2,20000000000000.0,0.023872383018394068,16.599596599638776,0.00015014577324715906,0.0025191008249653905,4.551278486892931e-05,4.551278486892931,16.372021878116353,23.430389465091444,30.495271637492333,3.032556670062863,tdse_dipole_acceleration,raw_fft_harmonic_order_grid,13,1.6079090899617815e-08,0.11079987270298704,single_mode_bsv_random_phase_gamma_intensity,shared_fig_iv2_intensity_cases,hhg_intensity_prediction,quantum_light_hhg_bsv_threshold_tdse_dipole_acceleration
BSV - 2e13 W/cm^2,20000000000000.0,0.023872383018394068,16.639595627589713,0.00031066505324114956,0.003613291307050568,9.417002842420302e-05,9.4170028424203,16.372021878116353,23.430389465091444,30.495271637492333,3.032556670062863,tdse_dipole_acceleration,raw_fft_harmonic_order_grid,13,1.6079090899617815e-08,0.11079987270298704,single_mode_bsv_random_phase_gamma_intensity,shared_fig_iv2_intensity_cases,hhg_intensity_prediction,quantum_light_hhg_bsv_threshold_tdse_dipole_acceleration
BSV - 2e13 W/cm^2,20000000000000.0,0.023872383018394068,16.67959465554065,0.00016890056271802957,0.007426294701049713,5.119781136011588e-05,5.1197811360115875,16.372021878116353,23.430389465091444,30.495271637492333,3.032556670062863,tdse_dipole_acceleration,raw_fft_harmonic_order_grid,13,1.6079090899617815e-08,0.11079987270298704,single_mode_bsv_random_phase_gamma_intensity,shared_fig_iv2_intensity_cases,hhg_intensity_prediction,quantum_light_hhg_bsv_threshold_tdse_dipole_acceleration
BSV - 2e13 W/cm^2,20000000000000.0,0.023872383018394068,16.719593683491585,0.0009344373293066817,0.028772744262632887,0.00028325036544467997,28.325036544468,16.372021878116353,23.430389465091444,30.495271637492333,3.032556670062863,tdse_dipole_acceleration,raw_fft_harmonic_order_grid,13,1.6079090899617815e-08,0.11079987270298704,single_mode_bsv_random_phase_gamma_intensity,shared_fig_iv2_intensity_cases,hhg_intensity_prediction,quantum_light_hhg_bsv_threshold_tdse_dipole_acceleration
BSV - 2e13 W/cm^2,20000000000000.0,0.023872383018394068,16.759592711442522,0.0014763241271257383,0.04105992824848048,0.0004475092501210647,44.75092501210647,16.372021878116353,23.430389465091444,30.495271637492333,3.032556670062863,tdse_dipole_acceleration,raw_fft_harmonic_order_grid,13,1.6079090899617815e-08,0.11079987270298704,single_mode_bsv_random_phase_gamma_intensity,shared_fig_iv2_intensity_cases,hhg_intensity_prediction,quantum_light_hhg_bsv_threshold_tdse_dipole_acceleration
BSV - 2e13 W/cm^2,20000000000000.0,0.023872383018394068,16.799591739393463,0.0007641129271067714,0.013677815985570815,0.0002316209541891741,23.16209541891741,16.372021878116353,23.430389465091444,30.495271637492333,3.032556670062863,tdse_dipole_acceleration,raw_fft_harmonic_order_grid,13,1.6079090899617815e-08,0.11079987270298704,single_mode_bsv_random_phase_gamma_intensity,shared_fig_iv2_intensity_cases,hhg_intensity_prediction,quantum_light_hhg_bsv_threshold_tdse_dipole_acceleration
BSV - 2e13 W/cm^2,20000000000000.0,0.023872383018394068,16.8395907673444,0.000672077614171603,0.005707342114396073,0.0002037228435239632,20.37228435239632,16.372021878116353,23.430389465091444,30.495271637492333,3.032556670062863,tdse_dipole_acceleration,raw_fft_harmonic_order_grid,13,1.6079090899617815e-08,0.11079987270298704,single_mode_bsv_random_phase_gamma_intensity,shared_fig_iv2_intensity_cases,hhg_intensity_prediction,quantum_light_hhg_bsv_threshold_tdse_dipole_acceleration
BSV - 2e13 W/cm^2,20000000000000.0,0.023872383018394068,16.879589795295335,0.0010568393384620981,0.007411765035514468,0.00032035335002916673,32.035335002916675,16.372021878116353,23.430389465091444,30.495271637492333,3.032556670062863,tdse_dipole_acceleration,raw_fft_harmonic_order_grid,13,1.6079090899617815e-08,0.11079987270298704,single_mode_bsv_random_phase_gamma_intensity,shared_fig_iv2_intensity_cases,hhg_intensity_prediction,quantum_light_hhg_bsv_threshold_tdse_dipole_acceleration
BSV - 2e13 W/cm^2,20000000000000.0,0.023872383018394068,16.919588823246272,0.0017593997201486426,0.008861341422158199,0.0005333162514656051,53.33162514656051,16.372021878116353,23.430389465091444,30.495271637492333,3.032556670062863,tdse_dipole_acceleration,raw_fft_harmonic_order_grid,13,1.6079090899617815e-08,0.11079987270298704,single_mode_bsv_random_phase_gamma_intensity,shared_fig_iv2_intensity_cases,hhg_intensity_prediction,quantum_light_hhg_bsv_threshold_tdse_dipole_acceleration
BSV - 2e13 W/cm^2,20000000000000.0,0.023872383018394068,16.959587851197206,0.0736414652747551,0.38427099057899433,0.02232249429336549,2232.249429336549,16.372021878116353,23.430389465091444,30.495271637492333,3.032556670062863,tdse_dipole_acceleration,raw_fft_harmonic_order_grid,13,1.6079090899617815e-08,0.11079987270298704,single_mode_bsv_random_phase_gamma_intensity,shared_fig_iv2_intensity_cases,hhg_intensity_prediction,quantum_light_hhg_bsv_threshold_tdse_dipole_acceleration
BSV - 2e13 W/cm^2,20000000000000.0,0.023872383018394068,16.999586879148147,0.24683873005398152,1.2743933702727641,0.07482273909751332,7482.273909751331,16.372021878116353,23.430389465091444,30.495271637492333,3.032556670062863,tdse_dipole_acceleration,raw_fft_harmonic_order_grid,13,1.6079090899617815e-08,0.11079987270298704,single_mode_bsv_random_phase_gamma_intensity,shared_fig_iv2_intensity_cases,hhg_intensity_prediction,quantum_light_hhg_bsv_threshold_tdse_dipole_acceleration
BSV - 2e13 W/cm^2,20000000000000.0,0.023872383018394068,17.03958590709908,0.17954970965162717,0.8675015188198012,0.05442582319784249,5442.582319784249,16.372021878116353,23.430389465091444,30.495271637492333,3.032556670062863,tdse_dipole_acceleration,raw_fft_harmonic_order_grid,13,1.6079090899617815e-08,0.11079987270298704,single_mode_bsv_random_phase_gamma_intensity,shared_fig_iv2_intensity_cases,hhg_intensity_prediction,quantum_light_hhg_bsv_threshold_tdse_dipole_acceleration
BSV - 2e13 W/cm^2,20000000000000.0,0.023872383018394068,17.07958493505002,0.020218785125846156,0.1003795355283823,0.006128798685720948,612.8798685720948,16.372021878116353,23.430389465091444,30.495271637492333,3.032556670062863,tdse_dipole_acceleration,raw_fft_harmonic_order_grid,13,1.6079090899617815e-08,0.11079987270298704,single_mode_bsv_random_phase_gamma_intensity,shared_fig_iv2_intensity_cases,hhg_intensity_prediction,quantum_light_hhg_bsv_threshold_tdse_dipole_acceleration
BSV - 2e13 W/cm^2,20000000000000.0,0.023872383018394068,17.119583963000956,0.003216660491084154,0.022989427515739836,0.0009750469411223846,97.50469411223845,16.372021878116353,23.430389465091444,30.495271637492333,3.032556670062863,tdse_dipole_acceleration,raw_fft_harmonic_order_grid,13,1.6079090899617815e-08,0.11079987270298704,single_mode_bsv_random_phase_gamma_intensity,shared_fig_iv2_intensity_cases,hhg_intensity_prediction,quantum_light_hhg_bsv_threshold_tdse_dipole_acceleration
BSV - 2e13 W/cm^2,20000000000000.0,0.023872383018394068,17.159582990951893,7.035101175273413e-05,0.0016133591761453663,2.1325078914762518e-05,2.132507891476252,16.372021878116353,23.430389465091444,30.495271637492333,3.032556670062863,tdse_dipole_acceleration,raw_fft_harmonic_order_grid,13,1.6079090899617815e-08,0.11079987270298704,single_mode_bsv_random_phase_gamma_intensity,shared_fig_iv2_intensity_cases,hhg_intensity_prediction,quantum_light_hhg_bsv_threshold_tdse_dipole_acceleration
BSV - 2e13 W/cm^2,20000000000000.0,0.023872383018394068,17.199582018902827,0.0009253015312621223,0.006988595679866293,0.0002804810859503877,28.048108595038773,16.372021878116353,23.430389465091444,30.495271637492333,3.032556670062863,tdse_dipole_acceleration,raw_fft_harmonic_order_grid,13,1.6079090899617815e-08,0.11079987270298704,single_mode_bsv_random_phase_gamma_intensity,shared_fig_iv2_intensity_cases,hhg_intensity_prediction,quantum_light_hhg_bsv_threshold_tdse_dipole_acceleration
BSV - 2e13 W/cm^2,20000000000000.0,0.023872383018394068,17.239581046853765,0.0015804891921312018,0.01085185254850527,0.00047908417955079747,47.90841795507975,16.372021878116353,23.430389465091444,30.495271637492333,3.032556670062863,tdse_dipole_acceleration,raw_fft_harmonic_order_grid,13,1.6079090899617815e-08,0.11079987270298704,single_mode_bsv_random_phase_gamma_intensity,shared_fig_iv2_intensity_cases,hhg_intensity_prediction,quantum_light_hhg_bsv_threshold_tdse_dipole_acceleration
BSV - 2e13 W/cm^2,20000000000000.0,0.023872383018394068,17.279580074804702,0.003455013410013359,0.022489118958176842,0.0010472974273498517,104.72974273498517,16.372021878116353,23.430389465091444,30.495271637492333,3.032556670062863,tdse_dipole_acceleration,raw_fft_harmonic_order_grid,13,1.6079090899617815e-08,0.11079987270298704,single_mode_bsv_random_phase_gamma_intensity,shared_fig_iv2_intensity_cases,hhg_intensity_prediction,quantum_light_hhg_bsv_threshold_tdse_dipole_acceleration
BSV - 2e13 W/cm^2,20000000000000.0,0.023872383018394068,17.319579102755643,0.002625772399404812,0.019235312552743414,0.000795934589062065,79.5934589062065,16.372021878116353,23.430389465091444,30.495271637492333,3.032556670062863,tdse_dipole_acceleration,raw_fft_harmonic_order_grid,13,1.6079090899617815e-08,0.11079987270298704,single_mode_bsv_random_phase_gamma_intensity,shared_fig_iv2_intensity_cases,hhg_intensity_prediction,quantum_light_hhg_bsv_threshold_tdse_dipole_acceleration
BSV - 2e13 W/cm^2,20000000000000.0,0.023872383018394068,17.359578130706577,0.00044578672946143726,0.0031333485417845857,0.00013512864915620179,13.51286491562018,16.372021878116353,23.430389465091444,30.495271637492333,3.032556670062863,tdse_dipole_acceleration,raw_fft_harmonic_order_grid,13,1.6079090899617815e-08,0.11079987270298704,single_mode_bsv_random_phase_gamma_intensity,shared_fig_iv2_intensity_cases,hhg_intensity_prediction,quantum_light_hhg_bsv_threshold_tdse_dipole_acceleration
BSV - 2e13 W/cm^2,20000000000000.0,0.023872383018394068,17.399577158657515,0.00019852322836762704,0.002667677478198476,6.017715176908647e-05,6.017715176908647,16.372021878116353,23.430389465091444,30.495271637492333,3.032556670062863,tdse_dipole_acceleration,raw_fft_harmonic_order_grid,13,1.6079090899617815e-08,0.11079987270298704,single_mode_bsv_random_phase_gamma_intensity,shared_fig_iv2_intensity_cases,hhg_intensity_prediction,quantum_light_hhg_bsv_threshold_tdse_dipole_acceleration
BSV - 2e13 W/cm^2,20000000000000.0,0.023872383018394068,17.43957618660845,4.789925783375522e-05,0.00045196759252419237,1.4519413833784541e-05,1.4519413833784542,16.372021878116353,23.430389465091444,30.495271637492333,3.032556670062863,tdse_dipole_acceleration,raw_fft_harmonic_order_grid,13,1.6079090899617815e-08,0.11079987270298704,single_mode_bsv_random_phase_gamma_intensity,shared_fig_iv2_intensity_cases,hhg_intensity_prediction,quantum_light_hhg_bsv_threshold_tdse_dipole_acceleration
BSV - 2e13 W/cm^2,20000000000000.0,0.023872383018394068,17.479575214559386,0.00023250972512846768,0.0024997456190882896,7.047927404713714e-05,7.047927404713715,16.372021878116353,23.430389465091444,30.495271637492333,3.032556670062863,tdse_dipole_acceleration,raw_fft_harmonic_order_grid,13,1.6079090899617815e-08,0.11079987270298704,single_mode_bsv_random_phase_gamma_intensity,shared_fig_iv2_intensity_cases,hhg_intensity_prediction,quantum_light_hhg_bsv_threshold_tdse_dipole_acceleration
BSV - 2e13 W/cm^2,20000000000000.0,0.023872383018394068,17.519574242510323,0.0002111967652053086,0.0019195397833314885,6.40188047383802e-05,6.401880473838021,16.372021878116353,23.430389465091444,30.495271637492333,3.032556670062863,tdse_dipole_acceleration,raw_fft_harmonic_order_grid,13,1.6079090899617815e-08,0.11079987270298704,single_mode_bsv_random_phase_gamma_intensity,shared_fig_iv2_intensity_cases,hhg_intensity_prediction,quantum_light_hhg_bsv_threshold_tdse_dipole_acceleration
BSV - 2e13 W/cm^2,20000000000000.0,0.023872383018394068,17.55957327046126,3.500674287770324e-05,0.0008854755156235807,1.0611383344985218e-05,1.061138334498522,16.372021878116353,23.430389465091444,30.495271637492333,3.032556670062863,tdse_dipole_acceleration,raw_fft_harmonic_order_grid,13,1.6079090899617815e-08,0.11079987270298704,single_mode_bsv_random_phase_gamma_intensity,shared_fig_iv2_intensity_cases,hhg_intensity_prediction,quantum_light_hhg_bsv_threshold_tdse_dipole_acceleration
BSV - 2e13 W/cm^2,20000000000000.0,0.023872383018394068,17.5995722984122,5.6395840970260346e-05,0.0016092644914295902,1.709493195893461e-05,1.7094931958934612,16.372021878116353,23.430389465091444,30.495271637492333,3.032556670062863,tdse_dipole_acceleration,raw_fft_harmonic_order_grid,13,1.6079090899617815e-08,0.11079987270298704,single_mode_bsv_random_phase_gamma_intensity,shared_fig_iv2_intensity_cases,hhg_intensity_prediction,quantum_light_hhg_bsv_threshold_tdse_dipole_acceleration
BSV - 2e13 W/cm^2,20000000000000.0,0.023872383018394068,17.639571326363132,0.00012539893733857677,0.0009752976039551396,3.8011425393161905e-05,3.8011425393161904,16.372021878116353,23.430389465091444,30.495271637492333,3.032556670062863,tdse_dipole_acceleration,raw_fft_harmonic_order_grid,13,1.6079090899617815e-08,0.11079987270298704,single_mode_bsv_random_phase_gamma_intensity,shared_fig_iv2_intensity_cases,hhg_intensity_prediction,quantum_light_hhg_bsv_threshold_tdse_dipole_acceleration
BSV - 2e13 W/cm^2,20000000000000.0,0.023872383018394068,17.67957035431407,8.140777100479508e-05,0.0016886523564628995,2.4676647822121792e-05,2.467664782212179,16.372021878116353,23.430389465091444,30.495271637492333,3.032556670062863,tdse_dipole_acceleration,raw_fft_harmonic_order_grid,13,1.6079090899617815e-08,0.11079987270298704,single_mode_bsv_random_phase_gamma_intensity,shared_fig_iv2_intensity_cases,hhg_intensity_prediction,quantum_light_hhg_bsv_threshold_tdse_dipole_acceleration
BSV - 2e13 W/cm^2,20000000000000.0,0.023872383018394068,17.71956938226501,0.00022555931412180229,0.0021894680671407825,6.837243777691943e-05,6.837243777691943,16.372021878116353,23.430389465091444,30.495271637492333,3.032556670062863,tdse_dipole_acceleration,raw_fft_harmonic_order_grid,13,1.6079090899617815e-08,0.11079987270298704,single_mode_bsv_random_phase_gamma_intensity,shared_fig_iv2_intensity_cases,hhg_intensity_prediction,quantum_light_hhg_bsv_threshold_tdse_dipole_acceleration
BSV - 2e13 W/cm^2,20000000000000.0,0.023872383018394068,17.759568410215945,0.00017074692502646447,0.001347326450392008,5.1757488057744703e-05,5.175748805774471,16.372021878116353,23.430389465091444,30.495271637492333,3.032556670062863,tdse_dipole_acceleration,raw_fft_harmonic_order_grid,13,1.6079090899617815e-08,0.11079987270298704,single_mode_bsv_random_phase_gamma_intensity,shared_fig_iv2_intensity_cases,hhg_intensity_prediction,quantum_light_hhg_bsv_threshold_tdse_dipole_acceleration
BSV - 2e13 W/cm^2,20000000000000.0,0.023872383018394068,17.799567438166882,0.00017541610689958208,0.0021620672040576416,5.317282906608126e-05,5.317282906608126,16.372021878116353,23.430389465091444,30.495271637492333,3.032556670062863,tdse_dipole_acceleration,raw_fft_harmonic_order_grid,13,1.6079090899617815e-08,0.11079987270298704,single_mode_bsv_random_phase_gamma_intensity,shared_fig_iv2_intensity_cases,hhg_intensity_prediction,quantum_light_hhg_bsv_threshold_tdse_dipole_acceleration
BSV - 2e13 W/cm^2,20000000000000.0,0.023872383018394068,17.83956646611782,0.00022068726744528994,0.0022992149627002042,6.689560358129758e-05,6.689560358129757,16.372021878116353,23.430389465091444,30.495271637492333,3.032556670062863,tdse_dipole_acceleration,raw_fft_harmonic_order_grid,13,1.6079090899617815e-08,0.11079987270298704,single_mode_bsv_random_phase_gamma_intensity,shared_fig_iv2_intensity_cases,hhg_intensity_prediction,quantum_light_hhg_bsv_threshold_tdse_dipole_acceleration
BSV - 2e13 W/cm^2,20000000000000.0,0.023872383018394068,17.879565494068753,0.00028545571045885955,0.002569220042415409,8.652847202255339e-05,8.652847202255339,16.372021878116353,23.430389465091444,30.495271637492333,3.032556670062863,tdse_dipole_acceleration,raw_fft_harmonic_order_grid,13,1.6079090899617815e-08,0.11079987270298704,single_mode_bsv_random_phase_gamma_intensity,shared_fig_iv2_intensity_cases,hhg_intensity_prediction,quantum_light_hhg_bsv_threshold_tdse_dipole_acceleration
BSV - 2e13 W/cm^2,20000000000000.0,0.023872383018394068,17.919564522019694,0.00012289569887118462,0.002412436030207256,3.725263377766631e-05,3.725263377766631,16.372021878116353,23.430389465091444,30.495271637492333,3.032556670062863,tdse_dipole_acceleration,raw_fft_harmonic_order_grid,13,1.6079090899617815e-08,0.11079987270298704,single_mode_bsv_random_phase_gamma_intensity,shared_fig_iv2_intensity_cases,hhg_intensity_prediction,quantum_light_hhg_bsv_threshold_tdse_dipole_acceleration
BSV - 2e13 W/cm^2,20000000000000.0,0.023872383018394068,17.959563549970625,0.0002563946994362054,0.0026164865739250276,7.77193826013654e-05,7.77193826013654,16.372021878116353,23.430389465091444,30.495271637492333,3.032556670062863,tdse_dipole_acceleration,raw_fft_harmonic_order_grid,13,1.6079090899617815e-08,0.11079987270298704,single_mode_bsv_random_phase_gamma_intensity,shared_fig_iv2_intensity_cases,hhg_intensity_prediction,quantum_light_hhg_bsv_threshold_tdse_dipole_acceleration
BSV - 2e13 W/cm^2,20000000000000.0,0.023872383018394068,17.999562577921566,0.00033542512440454627,0.003789401078233462,0.00010167539982313034,10.167539982313034,16.372021878116353,23.430389465091444,30.495271637492333,3.032556670062863,tdse_dipole_acceleration,raw_fft_harmonic_order_grid,13,1.6079090899617815e-08,0.11079987270298704,single_mode_bsv_random_phase_gamma_intensity,shared_fig_iv2_intensity_cases,hhg_intensity_prediction,quantum_light_hhg_bsv_threshold_tdse_dipole_acceleration
BSV - 2e13 W/cm^2,20000000000000.0,0.023872383018394068,18.039561605872503,0.0002093818715647205,0.002534645723399991,6.346866694869962e-05,6.346866694869962,16.372021878116353,23.430389465091444,30.495271637492333,3.032556670062863,tdse_dipole_acceleration,raw_fft_harmonic_order_grid,13,1.6079090899617815e-08,0.11079987270298704,single_mode_bsv_random_phase_gamma_intensity,shared_fig_iv2_intensity_cases,hhg_intensity_prediction,quantum_light_hhg_bsv_threshold_tdse_dipole_acceleration
BSV - 2e13 W/cm^2,20000000000000.0,0.023872383018394068,18.07956063382344,0.0013453133076461116,0.010603644676857206,0.00040779672865925125,40.77967286592512,16.372021878116353,23.430389465091444,30.495271637492333,3.032556670062863,tdse_dipole_acceleration,raw_fft_harmonic_order_grid,13,1.6079090899617815e-08,0.11079987270298704,single_mode_bsv_random_phase_gamma_intensity,shared_fig_iv2_intensity_cases,hhg_intensity_prediction,quantum_light_hhg_bsv_threshold_tdse_dipole_acceleration
BSV - 2e13 W/cm^2,20000000000000.0,0.023872383018394068,18.119559661774375,0.0005699685689598208,0.00520369026910834,0.00017277114300392506,17.277114300392505,16.372021878116353,23.430389465091444,30.495271637492333,3.032556670062863,tdse_dipole_acceleration,raw_fft_harmonic_order_grid,13,1.6079090899617815e-08,0.11079987270298704,single_mode_bsv_random_phase_gamma_intensity,shared_fig_iv2_intensity_cases,hhg_intensity_prediction,quantum_light_hhg_bsv_threshold_tdse_dipole_acceleration
BSV - 2e13 W/cm^2,20000000000000.0,0.023872383018394068,18.159558689725316,0.00039456904537918283,0.0036741947982789395,0.0001196033407395392,11.96033407395392,16.372021878116353,23.430389465091444,30.495271637492333,3.032556670062863,tdse_dipole_acceleration,raw_fft_harmonic_order_grid,13,1.6079090899617815e-08,0.11079987270298704,single_mode_bsv_random_phase_gamma_intensity,shared_fig_iv2_intensity_cases,hhg_intensity_prediction,quantum_light_hhg_bsv_threshold_tdse_dipole_acceleration
BSV - 2e13 W/cm^2,20000000000000.0,0.023872383018394068,18.19955771767625,8.441907458764179e-05,0.0030500941052096584,2.5589446159212052e-05,2.558944615921205,16.372021878116353,23.430389465091444,30.495271637492333,3.032556670062863,tdse_dipole_acceleration,raw_fft_harmonic_order_grid,13,1.6079090899617815e-08,0.11079987270298704,single_mode_bsv_random_phase_gamma_intensity,shared_fig_iv2_intensity_cases,hhg_intensity_prediction,quantum_light_hhg_bsv_threshold_tdse_dipole_acceleration
BSV - 2e13 W/cm^2,20000000000000.0,0.023872383018394068,18.239556745627187,0.00021384062523078397,0.002967266784227625,6.4820222120706e-05,6.4820222120706,16.372021878116353,23.430389465091444,30.495271637492333,3.032556670062863,tdse_dipole_acceleration,raw_fft_harmonic_order_grid,13,1.6079090899617815e-08,0.11079987270298704,single_mode_bsv_random_phase_gamma_intensity,shared_fig_iv2_intensity_cases,hhg_intensity_prediction,quantum_light_hhg_bsv_threshold_tdse_dipole_acceleration
BSV - 2e13 W/cm^2,20000000000000.0,0.023872383018394068,18.27955577357812,0.0006927716303470667,0.0051254326017698805,0.0002099956961384529,20.999569613845292,16.372021878116353,23.430389465091444,30.495271637492333,3.032556670062863,tdse_dipole_acceleration,raw_fft_harmonic_order_grid,13,1.6079090899617815e-08,0.11079987270298704,single_mode_bsv_random_phase_gamma_intensity,shared_fig_iv2_intensity_cases,hhg_intensity_prediction,quantum_light_hhg_bsv_threshold_tdse_dipole_acceleration
BSV - 2e13 W/cm^2,20000000000000.0,0.023872383018394068,18.31955480152906,0.0015724694779991396,0.012717408867778586,0.00047665321185780734,47.66532118578073,16.372021878116353,23.430389465091444,30.495271637492333,3.032556670062863,tdse_dipole_acceleration,raw_fft_harmonic_order_grid,13,1.6079090899617815e-08,0.11079987270298704,single_mode_bsv_random_phase_gamma_intensity,shared_fig_iv2_intensity_cases,hhg_intensity_prediction,quantum_light_hhg_bsv_threshold_tdse_dipole_acceleration
BSV - 2e13 W/cm^2,20000000000000.0,0.023872383018394068,18.35955382948,0.0004984188278510379,0.0032114676194915765,0.00015108270047180575,15.108270047180575,16.372021878116353,23.430389465091444,30.495271637492333,3.032556670062863,tdse_dipole_acceleration,raw_fft_harmonic_order_grid,13,1.6079090899617815e-08,0.11079987270298704,single_mode_bsv_random_phase_gamma_intensity,shared_fig_iv2_intensity_cases,hhg_intensity_prediction,quantum_light_hhg_bsv_threshold_tdse_dipole_acceleration
BSV - 2e13 W/cm^2,20000000000000.0,0.023872383018394068,18.399552857430933,0.0003679141045714214,0.0037047552979472685,0.00011152358890609461,11.152358890609461,16.372021878116353,23.430389465091444,30.495271637492333,3.032556670062863,tdse_dipole_acceleration,raw_fft_harmonic_order_grid,13,1.6079090899617815e-08,0.11079987270298704,single_mode_bsv_random_phase_gamma_intensity,shared_fig_iv2_intensity_cases,hhg_intensity_prediction,quantum_light_hhg_bsv_threshold_tdse_dipole_acceleration
BSV - 2e13 W/cm^2,20000000000000.0,0.023872383018394068,18.43955188538187,0.0002706320252660414,0.002054258449939266,8.203505751907033e-05,8.203505751907032,16.372021878116353,23.430389465091444,30.495271637492333,3.032556670062863,tdse_dipole_acceleration,raw_fft_harmonic_order_grid,13,1.6079090899617815e-08,0.11079987270298704,single_mode_bsv_random_phase_gamma_intensity,shared_fig_iv2_intensity_cases,hhg_intensity_prediction,quantum_light_hhg_bsv_threshold_tdse_dipole_acceleration
BSV - 2e13 W/cm^2,20000000000000.0,0.023872383018394068,18.479550913332805,0.000735334008603816,0.0051871266029278875,0.00022289737377622872,22.28973737762287,16.372021878116353,23.430389465091444,30.495271637492333,3.032556670062863,tdse_dipole_acceleration,raw_fft_harmonic_order_grid,13,1.6079090899617815e-08,0.11079987270298704,single_mode_bsv_random_phase_gamma_intensity,shared_fig_iv2_intensity_cases,hhg_intensity_prediction,quantum_light_hhg_bsv_threshold_tdse_dipole_acceleration
BSV - 2e13 W/cm^2,20000000000000.0,0.023872383018394068,18.519549941283746,0.0002302159834660977,0.003221206210808502,6.97839859376777e-05,6.9783985937677695,16.372021878116353,23.430389465091444,30.495271637492333,3.032556670062863,tdse_dipole_acceleration,raw_fft_harmonic_order_grid,13,1.6079090899617815e-08,0.11079987270298704,single_mode_bsv_random_phase_gamma_intensity,shared_fig_iv2_intensity_cases,hhg_intensity_prediction,quantum_light_hhg_bsv_threshold_tdse_dipole_acceleration
BSV - 2e13 W/cm^2,20000000000000.0,0.023872383018394068,18.55954896923468,6.637988945880745e-05,0.0003606100641215476,2.0121336506681687e-05,2.0121336506681686,16.372021878116353,23.430389465091444,30.495271637492333,3.032556670062863,tdse_dipole_acceleration,raw_fft_harmonic_order_grid,13,1.6079090899617815e-08,0.11079987270298704,single_mode_bsv_random_phase_gamma_intensity,shared_fig_iv2_intensity_cases,hhg_intensity_prediction,quantum_light_hhg_bsv_threshold_tdse_dipole_acceleration
BSV - 2e13 W/cm^2,20000000000000.0,0.023872383018394068,18.599547997185617,5.625778476515337e-05,0.002360626112814407,1.705308381211724e-05,1.705308381211724,16.372021878116353,23.430389465091444,30.495271637492333,3.032556670062863,tdse_dipole_acceleration,raw_fft_harmonic_order_grid,13,1.6079090899617815e-08,0.11079987270298704,single_mode_bsv_random_phase_gamma_intensity,shared_fig_iv2_intensity_cases,hhg_intensity_prediction,quantum_light_hhg_bsv_threshold_tdse_dipole_acceleration
BSV - 2e13 W/cm^2,20000000000000.0,0.023872383018394068,18.639547025136554,0.00017368172091650533,0.0028221618272344464,5.264709507823521e-05,5.264709507823521,16.372021878116353,23.430389465091444,30.495271637492333,3.032556670062863,tdse_dipole_acceleration,raw_fft_harmonic_order_grid,13,1.6079090899617815e-08,0.11079987270298704,single_mode_bsv_random_phase_gamma_intensity,shared_fig_iv2_intensity_cases,hhg_intensity_prediction,quantum_light_hhg_bsv_threshold_tdse_dipole_acceleration
BSV - 2e13 W/cm^2,20000000000000.0,0.023872383018394068,18.679546053087495,6.0549900607152e-05,0.0003502019375536017,1.8354127063117336e-05,1.8354127063117336,16.372021878116353,23.430389465091444,30.495271637492333,3.032556670062863,tdse_dipole_acceleration,raw_fft_harmonic_order_grid,13,1.6079090899617815e-08,0.11079987270298704,single_mode_bsv_random_phase_gamma_intensity,shared_fig_iv2_intensity_cases,hhg_intensity_prediction,quantum_light_hhg_bsv_threshold_tdse_dipole_acceleration
BSV - 2e13 W/cm^2,20000000000000.0,0.023872383018394068,18.719545081038426,0.0005955838585316468,0.02486565327563785,0.0001805357516134445,18.05357516134445,16.372021878116353,23.430389465091444,30.495271637492333,3.032556670062863,tdse_dipole_acceleration,raw_fft_harmonic_order_grid,13,1.6079090899617815e-08,0.11079987270298704,single_mode_bsv_random_phase_gamma_intensity,shared_fig_iv2_intensity_cases,hhg_intensity_prediction,quantum_light_hhg_bsv_threshold_tdse_dipole_acceleration
BSV - 2e13 W/cm^2,20000000000000.0,0.023872383018394068,18.759544108989367,0.0003620883326939528,0.01732973071763976,0.00010975765772854342,10.975765772854341,16.372021878116353,23.430389465091444,30.495271637492333,3.032556670062863,tdse_dipole_acceleration,raw_fft_harmonic_order_grid,13,1.6079090899617815e-08,0.11079987270298704,single_mode_bsv_random_phase_gamma_intensity,shared_fig_iv2_intensity_cases,hhg_intensity_prediction,quantum_light_hhg_bsv_threshold_tdse_dipole_acceleration
BSV - 2e13 W/cm^2,20000000000000.0,0.023872383018394068,18.7995431369403,0.000516352236342181,0.026035397128980578,0.00015651874668857446,15.651874668857447,16.372021878116353,23.430389465091444,30.495271637492333,3.032556670062863,tdse_dipole_acceleration,raw_fft_harmonic_order_grid,13,1.6079090899617815e-08,0.11079987270298704,single_mode_bsv_random_phase_gamma_intensity,shared_fig_iv2_intensity_cases,hhg_intensity_prediction,quantum_light_hhg_bsv_threshold_tdse_dipole_acceleration
BSV - 2e13 W/cm^2,20000000000000.0,0.023872383018394068,18.83954216489124,0.000627673366347768,0.020252769470257375,0.0001902628510462125,19.026285104621248,16.372021878116353,23.430389465091444,30.495271637492333,3.032556670062863,tdse_dipole_acceleration,raw_fft_harmonic_order_grid,13,1.6079090899617815e-08,0.11079987270298704,single_mode_bsv_random_phase_gamma_intensity,shared_fig_iv2_intensity_cases,hhg_intensity_prediction,quantum_light_hhg_bsv_threshold_tdse_dipole_acceleration
BSV - 2e13 W/cm^2,20000000000000.0,0.023872383018394068,18.879541192842176,0.0003769704649712095,0.0097492631938634,0.00011426878894507635,11.426878894507634,16.372021878116353,23.430389465091444,30.495271637492333,3.032556670062863,tdse_dipole_acceleration,raw_fft_harmonic_order_grid,13,1.6079090899617815e-08,0.11079987270298704,single_mode_bsv_random_phase_gamma_intensity,shared_fig_iv2_intensity_cases,hhg_intensity_prediction,quantum_light_hhg_bsv_threshold_tdse_dipole_acceleration
BSV - 2e13 W/cm^2,20000000000000.0,0.023872383018394068,18.91954022079311,0.0009866609594693329,0.03473511906708867,0.0002990806002442616,29.90806002442616,16.372021878116353,23.430389465091444,30.495271637492333,3.032556670062863,tdse_dipole_acceleration,raw_fft_harmonic_order_grid,13,1.6079090899617815e-08,0.11079987270298704,single_mode_bsv_random_phase_gamma_intensity,shared_fig_iv2_intensity_cases,hhg_intensity_prediction,quantum_light_hhg_bsv_threshold_tdse_dipole_acceleration
BSV - 2e13 W/cm^2,20000000000000.0,0.023872383018394068,18.95953924874405,0.03366539808683009,0.7044066493422134,0.010204789568938156,1020.4789568938156,16.372021878116353,23.430389465091444,30.495271637492333,3.032556670062863,tdse_dipole_acceleration,raw_fft_harmonic_order_grid,13,1.6079090899617815e-08,0.11079987270298704,single_mode_bsv_random_phase_gamma_intensity,shared_fig_iv2_intensity_cases,hhg_intensity_prediction,quantum_light_hhg_bsv_threshold_tdse_dipole_acceleration
BSV - 2e13 W/cm^2,20000000000000.0,0.023872383018394068,18.999538276694985,0.12476674184147338,2.3865334335248938,0.037819791775827845,3781.9791775827844,16.372021878116353,23.430389465091444,30.495271637492333,3.032556670062863,tdse_dipole_acceleration,raw_fft_harmonic_order_grid,13,1.6079090899617815e-08,0.11079987270298704,single_mode_bsv_random_phase_gamma_intensity,shared_fig_iv2_intensity_cases,hhg_intensity_prediction,quantum_light_hhg_bsv_threshold_tdse_dipole_acceleration
BSV - 2e13 W/cm^2,20000000000000.0,0.023872383018394068,19.039537304645922,0.06766066185549076,0.9216549550691273,0.02050956933732125,2050.956933732125,16.372021878116353,23.430389465091444,30.495271637492333,3.032556670062863,tdse_dipole_acceleration,raw_fft_harmonic_order_grid,13,1.6079090899617815e-08,0.11079987270298704,single_mode_bsv_random_phase_gamma_intensity,shared_fig_iv2_intensity_cases,hhg_intensity_prediction,quantum_light_hhg_bsv_threshold_tdse_dipole_acceleration
BSV - 2e13 W/cm^2,20000000000000.0,0.023872383018394068,19.07953633259686,0.010359025832611396,0.16649397211321187,0.0031400691739435597,314.006917394356,16.372021878116353,23.430389465091444,30.495271637492333,3.032556670062863,tdse_dipole_acceleration,raw_fft_harmonic_order_grid,13,1.6079090899617815e-08,0.11079987270298704,single_mode_bsv_random_phase_gamma_intensity,shared_fig_iv2_intensity_cases,hhg_intensity_prediction,quantum_light_hhg_bsv_threshold_tdse_dipole_acceleration
BSV - 2e13 W/cm^2,20000000000000.0,0.023872383018394068,19.119535360547797,0.0008270508201829807,0.04027725912087039,0.00025069893904170734,25.069893904170733,16.372021878116353,23.430389465091444,30.495271637492333,3.032556670062863,tdse_dipole_acceleration,raw_fft_harmonic_order_grid,13,1.6079090899617815e-08,0.11079987270298704,single_mode_bsv_random_phase_gamma_intensity,shared_fig_iv2_intensity_cases,hhg_intensity_prediction,quantum_light_hhg_bsv_threshold_tdse_dipole_acceleration
BSV - 2e13 W/cm^2,20000000000000.0,0.023872383018394068,19.159534388498734,0.0006458851618558022,0.030192322826721796,0.00019578328304445242,19.578328304445243,16.372021878116353,23.430389465091444,30.495271637492333,3.032556670062863,tdse_dipole_acceleration,raw_fft_harmonic_order_grid,13,1.6079090899617815e-08,0.11079987270298704,single_mode_bsv_random_phase_gamma_intensity,shared_fig_iv2_intensity_cases,hhg_intensity_prediction,quantum_light_hhg_bsv_threshold_tdse_dipole_acceleration
BSV - 2e13 W/cm^2,20000000000000.0,0.023872383018394068,19.19953341644967,0.0007621515274607027,0.023683939944507085,0.00023102640691552843,23.102640691552843,16.372021878116353,23.430389465091444,30.495271637492333,3.032556670062863,tdse_dipole_acceleration,raw_fft_harmonic_order_grid,13,1.6079090899617815e-08,0.11079987270298704,single_mode_bsv_random_phase_gamma_intensity,shared_fig_iv2_intensity_cases,hhg_intensity_prediction,quantum_light_hhg_bsv_threshold_tdse_dipole_acceleration
BSV - 2e13 W/cm^2,20000000000000.0,0.023872383018394068,19.239532444400606,0.0009584384497067415,0.029577894183971852,0.0002905256806650627,29.05256806650627,16.372021878116353,23.430389465091444,30.495271637492333,3.032556670062863,tdse_dipole_acceleration,raw_fft_harmonic_order_grid,13,1.6079090899617815e-08,0.11079987270298704,single_mode_bsv_random_phase_gamma_intensity,shared_fig_iv2_intensity_cases,hhg_intensity_prediction,quantum_light_hhg_bsv_threshold_tdse_dipole_acceleration
BSV - 2e13 W/cm^2,20000000000000.0,0.023872383018394068,19.279531472351543,0.0024477146753311,0.01603451285686878,0.0007419610224756918,74.19610224756919,16.372021878116353,23.430389465091444,30.495271637492333,3.032556670062863,tdse_dipole_acceleration,raw_fft_harmonic_order_grid,13,1.6079090899617815e-08,0.11079987270298704,single_mode_bsv_random_phase_gamma_intensity,shared_fig_iv2_intensity_cases,hhg_intensity_prediction,quantum_light_hhg_bsv_threshold_tdse_dipole_acceleration
BSV - 2e13 W/cm^2,20000000000000.0,0.023872383018394068,19.31953050030248,0.0005185759734112044,0.003522714166409757,0.0001571928147268463,15.71928147268463,16.372021878116353,23.430389465091444,30.495271637492333,3.032556670062863,tdse_dipole_acceleration,raw_fft_harmonic_order_grid,13,1.6079090899617815e-08,0.11079987270298704,single_mode_bsv_random_phase_gamma_intensity,shared_fig_iv2_intensity_cases,hhg_intensity_prediction,quantum_light_hhg_bsv_threshold_tdse_dipole_acceleration
BSV - 2e13 W/cm^2,20000000000000.0,0.023872383018394068,19.359529528253418,0.00039082133270215306,0.004812949315646401,0.0001184673191444495,11.84673191444495,16.372021878116353,23.430389465091444,30.495271637492333,3.032556670062863,tdse_dipole_acceleration,raw_fft_harmonic_order_grid,13,1.6079090899617815e-08,0.11079987270298704,single_mode_bsv_random_phase_gamma_intensity,shared_fig_iv2_intensity_cases,hhg_intensity_prediction,quantum_light_hhg_bsv_threshold_tdse_dipole_acceleration
BSV - 2e13 W/cm^2,20000000000000.0,0.023872383018394068,19.399528556204356,0.00022197592965042724,0.0023156197196686013,6.728622800210353e-05,6.728622800210353,16.372021878116353,23.430389465091444,30.495271637492333,3.032556670062863,tdse_dipole_acceleration,raw_fft_harmonic_order_grid,13,1.6079090899617815e-08,0.11079987270298704,single_mode_bsv_random_phase_gamma_intensity,shared_fig_iv2_intensity_cases,hhg_intensity_prediction,quantum_light_hhg_bsv_threshold_tdse_dipole_acceleration
BSV - 2e13 W/cm^2,20000000000000.0,0.023872383018394068,19.43952758415529,2.4447380664468607e-05,0.001661339954820092,7.410587409338443e-06,0.7410587409338443,16.372021878116353,23.430389465091444,30.495271637492333,3.032556670062863,tdse_dipole_acceleration,raw_fft_harmonic_order_grid,13,1.6079090899617815e-08,0.11079987270298704,single_mode_bsv_random_phase_gamma_intensity,shared_fig_iv2_intensity_cases,hhg_intensity_prediction,quantum_light_hhg_bsv_threshold_tdse_dipole_acceleration
BSV - 2e13 W/cm^2,20000000000000.0,0.023872383018394068,19.479526612106227,0.00011835694762683624,0.0007584424648663011,3.587682942107233e-05,3.587682942107233,16.372021878116353,23.430389465091444,30.495271637492333,3.032556670062863,tdse_dipole_acceleration,raw_fft_harmonic_order_grid,13,1.6079090899617815e-08,0.11079987270298704,single_mode_bsv_random_phase_gamma_intensity,shared_fig_iv2_intensity_cases,hhg_intensity_prediction,quantum_light_hhg_bsv_threshold_tdse_dipole_acceleration
BSV - 2e13 W/cm^2,20000000000000.0,0.023872383018394068,19.51952564005716,8.115633802634144e-05,0.0023429511416550885,2.46004324561489e-05,2.46004324561489,16.372021878116353,23.430389465091444,30.495271637492333,3.032556670062863,tdse_dipole_acceleration,raw_fft_harmonic_order_grid,13,1.6079090899617815e-08,0.11079987270298704,single_mode_bsv_random_phase_gamma_intensity,shared_fig_iv2_intensity_cases,hhg_intensity_prediction,quantum_light_hhg_bsv_threshold_tdse_dipole_acceleration
BSV - 2e13 W/cm^2,20000000000000.0,0.023872383018394068,19.559524668008102,0.0001215703340640227,0.0017964260790037658,3.6850883917935565e-05,3.6850883917935566,16.372021878116353,23.430389465091444,30.495271637492333,3.032556670062863,tdse_dipole_acceleration,raw_fft_harmonic_order_grid,13,1.6079090899617815e-08,0.11079987270298704,single_mode_bsv_random_phase_gamma_intensity,shared_fig_iv2_intensity_cases,hhg_intensity_prediction,quantum_light_hhg_bsv_threshold_tdse_dipole_acceleration
BSV - 2e13 W/cm^2,20000000000000.0,0.023872383018394068,19.59952369595904,0.0001525852611392669,0.0051760833731713295,4.625225215610426e-05,4.625225215610426,16.372021878116353,23.430389465091444,30.495271637492333,3.032556670062863,tdse_dipole_acceleration,raw_fft_harmonic_order_grid,13,1.6079090899617815e-08,0.11079987270298704,single_mode_bsv_random_phase_gamma_intensity,shared_fig_iv2_intensity_cases,hhg_intensity_prediction,quantum_light_hhg_bsv_threshold_tdse_dipole_acceleration
BSV - 2e13 W/cm^2,20000000000000.0,0.023872383018394068,19.639522723909973,0.00014427499619314637,0.007981274025620867,4.3733211542993e-05,4.3733211542993,16.372021878116353,23.430389465091444,30.495271637492333,3.032556670062863,tdse_dipole_acceleration,raw_fft_harmonic_order_grid,13,1.6079090899617815e-08,0.11079987270298704,single_mode_bsv_random_phase_gamma_intensity,shared_fig_iv2_intensity_cases,hhg_intensity_prediction,quantum_light_hhg_bsv_threshold_tdse_dipole_acceleration
BSV - 2e13 W/cm^2,20000000000000.0,0.023872383018394068,19.67952175186091,0.0002664818278913038,0.012824606783721193,8.077703315917646e-05,8.077703315917645,16.372021878116353,23.430389465091444,30.495271637492333,3.032556670062863,tdse_dipole_acceleration,raw_fft_harmonic_order_grid,13,1.6079090899617815e-08,0.11079987270298704,single_mode_bsv_random_phase_gamma_intensity,shared_fig_iv2_intensity_cases,hhg_intensity_prediction,quantum_light_hhg_bsv_threshold_tdse_dipole_acceleration
BSV - 2e13 W/cm^2,20000000000000.0,0.023872383018394068,19.71952077981185,0.0001934404790589539,0.012439989865466771,5.8636448552303e-05,5.8636448552303,16.372021878116353,23.430389465091444,30.495271637492333,3.032556670062863,tdse_dipole_acceleration,raw_fft_harmonic_order_grid,13,1.6079090899617815e-08,0.11079987270298704,single_mode_bsv_random_phase_gamma_intensity,shared_fig_iv2_intensity_cases,hhg_intensity_prediction,quantum_light_hhg_bsv_threshold_tdse_dipole_acceleration
BSV - 2e13 W/cm^2,20000000000000.0,0.023872383018394068,19.759519807762786,0.00025533689238407576,0.010475359900507485,7.739873591411458e-05,7.739873591411458,16.372021878116353,23.430389465091444,30.495271637492333,3.032556670062863,tdse_dipole_acceleration,raw_fft_harmonic_order_grid,13,1.6079090899617815e-08,0.11079987270298704,single_mode_bsv_random_phase_gamma_intensity,shared_fig_iv2_intensity_cases,hhg_intensity_prediction,quantum_light_hhg_bsv_threshold_tdse_dipole_acceleration
BSV - 2e13 W/cm^2,20000000000000.0,0.023872383018394068,19.799518835713723,0.0001812013933452051,0.0044310767037719755,5.4926488138264004e-05,5.4926488138264,16.372021878116353,23.430389465091444,30.495271637492333,3.032556670062863,tdse_dipole_acceleration,raw_fft_harmonic_order_grid,13,1.6079090899617815e-08,0.11079987270298704,single_mode_bsv_random_phase_gamma_intensity,shared_fig_iv2_intensity_cases,hhg_intensity_prediction,quantum_light_hhg_bsv_threshold_tdse_dipole_acceleration
BSV - 2e13 W/cm^2,20000000000000.0,0.023872383018394068,19.839517863664657,0.00019764464328860345,0.005950041510610686,5.9910831560226325e-05,5.991083156022633,16.372021878116353,23.430389465091444,30.495271637492333,3.032556670062863,tdse_dipole_acceleration,raw_fft_harmonic_order_grid,13,1.6079090899617815e-08,0.11079987270298704,single_mode_bsv_random_phase_gamma_intensity,shared_fig_iv2_intensity_cases,hhg_intensity_prediction,quantum_light_hhg_bsv_threshold_tdse_dipole_acceleration
BSV - 2e13 W/cm^2,20000000000000.0,0.023872383018394068,19.879516891615594,0.0002643346539250813,0.005162639492666526,8.012617323360277e-05,8.012617323360276,16.372021878116353,23.430389465091444,30.495271637492333,3.032556670062863,tdse_dipole_acceleration,raw_fft_harmonic_order_grid,13,1.6079090899617815e-08,0.11079987270298704,single_mode_bsv_random_phase_gamma_intensity,shared_fig_iv2_intensity_cases,hhg_intensity_prediction,quantum_light_hhg_bsv_threshold_tdse_dipole_acceleration
BSV - 2e13 W/cm^2,20000000000000.0,0.023872383018394068,19.919515919566535,0.00015121700622463296,0.0017999872509248697,4.583750127615055e-05,4.583750127615055,16.372021878116353,23.430389465091444,30.495271637492333,3.032556670062863,tdse_dipole_acceleration,raw_fft_harmonic_order_grid,13,1.6079090899617815e-08,0.11079987270298704,single_mode_bsv_random_phase_gamma_intensity,shared_fig_iv2_intensity_cases,hhg_intensity_prediction,quantum_light_hhg_bsv_threshold_tdse_dipole_acceleration
BSV - 2e13 W/cm^2,20000000000000.0,0.023872383018394068,19.959514947517466,0.0003537923760525352,0.011520763019926612,0.00010724295430574863,10.724295430574863,16.372021878116353,23.430389465091444,30.495271637492333,3.032556670062863,tdse_dipole_acceleration,raw_fft_harmonic_order_grid,13,1.6079090899617815e-08,0.11079987270298704,single_mode_bsv_random_phase_gamma_intensity,shared_fig_iv2_intensity_cases,hhg_intensity_prediction,quantum_light_hhg_bsv_threshold_tdse_dipole_acceleration
BSV - 2e13 W/cm^2,20000000000000.0,0.023872383018394068,19.999513975468407,0.00029873990544549984,0.0038802976863483015,9.055523012242092e-05,9.055523012242093,16.372021878116353,23.430389465091444,30.495271637492333,3.032556670062863,tdse_dipole_acceleration,raw_fft_harmonic_order_grid,13,1.6079090899617815e-08,0.11079987270298704,single_mode_bsv_random_phase_gamma_intensity,shared_fig_iv2_intensity_cases,hhg_intensity_prediction,quantum_light_hhg_bsv_threshold_tdse_dipole_acceleration
BSV - 2e13 W/cm^2,20000000000000.0,0.023872383018394068,20.03951300341934,0.00015148402013546078,0.01002840844096938,4.591843959640891e-05,4.591843959640891,16.372021878116353,23.430389465091444,30.495271637492333,3.032556670062863,tdse_dipole_acceleration,raw_fft_harmonic_order_grid,13,1.6079090899617815e-08,0.11079987270298704,single_mode_bsv_random_phase_gamma_intensity,shared_fig_iv2_intensity_cases,hhg_intensity_prediction,quantum_light_hhg_bsv_threshold_tdse_dipole_acceleration
BSV - 2e13 W/cm^2,20000000000000.0,0.023872383018394068,20.07951203137028,0.0005589010740582229,0.008656766216568742,0.00016941631986371435,16.941631986371434,16.372021878116353,23.430389465091444,30.495271637492333,3.032556670062863,tdse_dipole_acceleration,raw_fft_harmonic_order_grid,13,1.6079090899617815e-08,0.11079987270298704,single_mode_bsv_random_phase_gamma_intensity,shared_fig_iv2_intensity_cases,hhg_intensity_prediction,quantum_light_hhg_bsv_threshold_tdse_dipole_acceleration
BSV - 2e13 W/cm^2,20000000000000.0,0.023872383018394068,20.119511059321216,3.397769459744868e-05,0.00024209773652992308,1.0299454131221264e-05,1.0299454131221264,16.372021878116353,23.430389465091444,30.495271637492333,3.032556670062863,tdse_dipole_acceleration,raw_fft_harmonic_order_grid,13,1.6079090899617815e-08,0.11079987270298704,single_mode_bsv_random_phase_gamma_intensity,shared_fig_iv2_intensity_cases,hhg_intensity_prediction,quantum_light_hhg_bsv_threshold_tdse_dipole_acceleration
BSV - 2e13 W/cm^2,20000000000000.0,0.023872383018394068,20.159510087272153,0.00030050225541410026,0.010719997147053345,9.108944066494908e-05,9.108944066494908,16.372021878116353,23.430389465091444,30.495271637492333,3.032556670062863,tdse_dipole_acceleration,raw_fft_harmonic_order_grid,13,1.6079090899617815e-08,0.11079987270298704,single_mode_bsv_random_phase_gamma_intensity,shared_fig_iv2_intensity_cases,hhg_intensity_prediction,quantum_light_hhg_bsv_threshold_tdse_dipole_acceleration
BSV - 2e13 W/cm^2,20000000000000.0,0.023872383018394068,20.19950911522309,0.0002619455009846763,0.007418661377209592,7.94019636774894e-05,7.940196367748941,16.372021878116353,23.430389465091444,30.495271637492333,3.032556670062863,tdse_dipole_acceleration,raw_fft_harmonic_order_grid,13,1.6079090899617815e-08,0.11079987270298704,single_mode_bsv_random_phase_gamma_intensity,shared_fig_iv2_intensity_cases,hhg_intensity_prediction,quantum_light_hhg_bsv_threshold_tdse_dipole_acceleration
BSV - 2e13 W/cm^2,20000000000000.0,0.023872383018394068,20.23950814317403,6.018556714071323e-05,0.006181475756902415,1.8243688851504925e-05,1.8243688851504924,16.372021878116353,23.430389465091444,30.495271637492333,3.032556670062863,tdse_dipole_acceleration,raw_fft_harmonic_order_grid,13,1.6079090899617815e-08,0.11079987270298704,single_mode_bsv_random_phase_gamma_intensity,shared_fig_iv2_intensity_cases,hhg_intensity_prediction,quantum_light_hhg_bsv_threshold_tdse_dipole_acceleration
BSV - 2e13 W/cm^2,20000000000000.0,0.023872383018394068,20.279507171124962,0.0005850732487853217,0.007004680321619629,0.00017734973371976521,17.734973371976523,16.372021878116353,23.430389465091444,30.495271637492333,3.032556670062863,tdse_dipole_acceleration,raw_fft_harmonic_order_grid,13,1.6079090899617815e-08,0.11079987270298704,single_mode_bsv_random_phase_gamma_intensity,shared_fig_iv2_intensity_cases,hhg_intensity_prediction,quantum_light_hhg_bsv_threshold_tdse_dipole_acceleration
BSV - 2e13 W/cm^2,20000000000000.0,0.023872383018394068,20.319506199075903,0.0012801327746056342,0.02338346932843239,0.00038803894584754287,38.80389458475429,16.372021878116353,23.430389465091444,30.495271637492333,3.032556670062863,tdse_dipole_acceleration,raw_fft_harmonic_order_grid,13,1.6079090899617815e-08,0.11079987270298704,single_mode_bsv_random_phase_gamma_intensity,shared_fig_iv2_intensity_cases,hhg_intensity_prediction,quantum_light_hhg_bsv_threshold_tdse_dipole_acceleration
BSV - 2e13 W/cm^2,20000000000000.0,0.023872383018394068,20.359505227026837,0.0007208389926574502,0.005305170823646061,0.00021850358680393288,21.85035868039329,16.372021878116353,23.430389465091444,30.495271637492333,3.032556670062863,tdse_dipole_acceleration,raw_fft_harmonic_order_grid,13,1.6079090899617815e-08,0.11079987270298704,single_mode_bsv_random_phase_gamma_intensity,shared_fig_iv2_intensity_cases,hhg_intensity_prediction,quantum_light_hhg_bsv_threshold_tdse_dipole_acceleration
BSV - 2e13 W/cm^2,20000000000000.0,0.023872383018394068,20.399504254977774,0.0005761212875370596,0.016443814607394906,0.00017463617956745171,17.46361795674517,16.372021878116353,23.430389465091444,30.495271637492333,3.032556670062863,tdse_dipole_acceleration,raw_fft_harmonic_order_grid,13,1.6079090899617815e-08,0.11079987270298704,single_mode_bsv_random_phase_gamma_intensity,shared_fig_iv2_intensity_cases,hhg_intensity_prediction,quantum_light_hhg_bsv_threshold_tdse_dipole_acceleration
BSV - 2e13 W/cm^2,20000000000000.0,0.023872383018394068,20.43950328292871,0.0007718689274664638,0.00794217992716446,0.0002339719839130208,23.39719839130208,16.372021878116353,23.430389465091444,30.495271637492333,3.032556670062863,tdse_dipole_acceleration,raw_fft_harmonic_order_grid,13,1.6079090899617815e-08,0.11079987270298704,single_mode_bsv_random_phase_gamma_intensity,shared_fig_iv2_intensity_cases,hhg_intensity_prediction,quantum_light_hhg_bsv_threshold_tdse_dipole_acceleration
BSV - 2e13 W/cm^2,20000000000000.0,0.023872383018394068,20.479502310879646,0.001657361553121379,0.017569071102685272,0.0005023860358231904,50.23860358231904,16.372021878116353,23.430389465091444,30.495271637492333,3.032556670062863,tdse_dipole_acceleration,raw_fft_harmonic_order_grid,13,1.6079090899617815e-08,0.11079987270298704,single_mode_bsv_random_phase_gamma_intensity,shared_fig_iv2_intensity_cases,hhg_intensity_prediction,quantum_light_hhg_bsv_threshold_tdse_dipole_acceleration
BSV - 2e13 W/cm^2,20000000000000.0,0.023872383018394068,20.519501338830587,0.0006279197128213078,0.02095309518225912,0.00019033752457055461,19.03375245705546,16.372021878116353,23.430389465091444,30.495271637492333,3.032556670062863,tdse_dipole_acceleration,raw_fft_harmonic_order_grid,13,1.6079090899617815e-08,0.11079987270298704,single_mode_bsv_random_phase_gamma_intensity,shared_fig_iv2_intensity_cases,hhg_intensity_prediction,quantum_light_hhg_bsv_threshold_tdse_dipole_acceleration
BSV - 2e13 W/cm^2,20000000000000.0,0.023872383018394068,20.559500366781517,8.23630015265539e-05,0.001518614224811997,2.4966201102889e-05,2.4966201102889003,16.372021878116353,23.430389465091444,30.495271637492333,3.032556670062863,tdse_dipole_acceleration,raw_fft_harmonic_order_grid,13,1.6079090899617815e-08,0.11079987270298704,single_mode_bsv_random_phase_gamma_intensity,shared_fig_iv2_intensity_cases,hhg_intensity_prediction,quantum_light_hhg_bsv_threshold_tdse_dipole_acceleration
BSV - 2e13 W/cm^2,20000000000000.0,0.023872383018394068,20.599499394732458,0.0001601302089615759,0.011459834883878747,4.853930679412447e-05,4.853930679412447,16.372021878116353,23.430389465091444,30.495271637492333,3.032556670062863,tdse_dipole_acceleration,raw_fft_harmonic_order_grid,13,1.6079090899617815e-08,0.11079987270298704,single_mode_bsv_random_phase_gamma_intensity,shared_fig_iv2_intensity_cases,hhg_intensity_prediction,quantum_light_hhg_bsv_threshold_tdse_dipole_acceleration
BSV - 2e13 W/cm^2,20000000000000.0,0.023872383018394068,20.639498422683396,0.00023565766449213182,0.007957437747626549,7.14334899663761e-05,7.143348996637609,16.372021878116353,23.430389465091444,30.495271637492333,3.032556670062863,tdse_dipole_acceleration,raw_fft_harmonic_order_grid,13,1.6079090899617815e-08,0.11079987270298704,single_mode_bsv_random_phase_gamma_intensity,shared_fig_iv2_intensity_cases,hhg_intensity_prediction,quantum_light_hhg_bsv_threshold_tdse_dipole_acceleration
BSV - 2e13 W/cm^2,20000000000000.0,0.023872383018394068,20.679497450634333,0.00015197202212885265,0.0036299347982230805,4.606636470452562e-05,4.606636470452562,16.372021878116353,23.430389465091444,30.495271637492333,3.032556670062863,tdse_dipole_acceleration,raw_fft_harmonic_order_grid,13,1.6079090899617815e-08,0.11079987270298704,single_mode_bsv_random_phase_gamma_intensity,shared_fig_iv2_intensity_cases,hhg_intensity_prediction,quantum_light_hhg_bsv_threshold_tdse_dipole_acceleration
BSV - 2e13 W/cm^2,20000000000000.0,0.023872383018394068,20.719496478585267,0.00148629402006276,0.09326847045147844,0.000450531363781647,45.0531363781647,16.372021878116353,23.430389465091444,30.495271637492333,3.032556670062863,tdse_dipole_acceleration,raw_fft_harmonic_order_grid,13,1.6079090899617815e-08,0.11079987270298704,single_mode_bsv_random_phase_gamma_intensity,shared_fig_iv2_intensity_cases,hhg_intensity_prediction,quantum_light_hhg_bsv_threshold_tdse_dipole_acceleration
BSV - 2e13 W/cm^2,20000000000000.0,0.023872383018394068,20.759495506536204,0.0011976010273739813,0.0675703004604548,0.0003630215938743521,36.30215938743521,16.372021878116353,23.430389465091444,30.495271637492333,3.032556670062863,tdse_dipole_acceleration,raw_fft_harmonic_order_grid,13,1.6079090899617815e-08,0.11079987270298704,single_mode_bsv_random_phase_gamma_intensity,shared_fig_iv2_intensity_cases,hhg_intensity_prediction,quantum_light_hhg_bsv_threshold_tdse_dipole_acceleration
BSV - 2e13 W/cm^2,20000000000000.0,0.023872383018394068,20.799494534487142,0.0012327730415404477,0.07504605191369242,0.00037368307491071953,37.36830749107195,16.372021878116353,23.430389465091444,30.495271637492333,3.032556670062863,tdse_dipole_acceleration,raw_fft_harmonic_order_grid,13,1.6079090899617815e-08,0.11079987270298704,single_mode_bsv_random_phase_gamma_intensity,shared_fig_iv2_intensity_cases,hhg_intensity_prediction,quantum_light_hhg_bsv_threshold_tdse_dipole_acceleration
BSV - 2e13 W/cm^2,20000000000000.0,0.023872383018394068,20.83949356243808,0.00042635655210520755,0.03320197517637884,0.00012923889639890294,12.923889639890294,16.372021878116353,23.430389465091444,30.495271637492333,3.032556670062863,tdse_dipole_acceleration,raw_fft_harmonic_order_grid,13,1.6079090899617815e-08,0.11079987270298704,single_mode_bsv_random_phase_gamma_intensity,shared_fig_iv2_intensity_cases,hhg_intensity_prediction,quantum_light_hhg_bsv_threshold_tdse_dipole_acceleration
BSV - 2e13 W/cm^2,20000000000000.0,0.023872383018394068,20.879492590389013,0.0008457207152951986,0.02361093622116942,0.00025635823201673567,25.635823201673567,16.372021878116353,23.430389465091444,30.495271637492333,3.032556670062863,tdse_dipole_acceleration,raw_fft_harmonic_order_grid,13,1.6079090899617815e-08,0.11079987270298704,single_mode_bsv_random_phase_gamma_intensity,shared_fig_iv2_intensity_cases,hhg_intensity_prediction,quantum_light_hhg_bsv_threshold_tdse_dipole_acceleration
BSV - 2e13 W/cm^2,20000000000000.0,0.023872383018394068,20.91949161833995,0.0010150571160868573,0.05279786892312572,0.000307688156349823,30.7688156349823,16.372021878116353,23.430389465091444,30.495271637492333,3.032556670062863,tdse_dipole_acceleration,raw_fft_harmonic_order_grid,13,1.6079090899617815e-08,0.11079987270298704,single_mode_bsv_random_phase_gamma_intensity,shared_fig_iv2_intensity_cases,hhg_intensity_prediction,quantum_light_hhg_bsv_threshold_tdse_dipole_acceleration
BSV - 2e13 W/cm^2,20000000000000.0,0.023872383018394068,20.95949064629089,0.05147231172799299,0.7958767080837665,0.015602492162908342,1560.2492162908343,16.372021878116353,23.430389465091444,30.495271637492333,3.032556670062863,tdse_dipole_acceleration,raw_fft_harmonic_order_grid,13,1.6079090899617815e-08,0.11079987270298704,single_mode_bsv_random_phase_gamma_intensity,shared_fig_iv2_intensity_cases,hhg_intensity_prediction,quantum_light_hhg_bsv_threshold_tdse_dipole_acceleration
BSV - 2e13 W/cm^2,20000000000000.0,0.023872383018394068,20.999489674241826,0.17989363097307404,3.066233913149941,0.05453007399875636,5453.007399875636,16.372021878116353,23.430389465091444,30.495271637492333,3.032556670062863,tdse_dipole_acceleration,raw_fft_harmonic_order_grid,13,1.6079090899617815e-08,0.11079987270298704,single_mode_bsv_random_phase_gamma_intensity,shared_fig_iv2_intensity_cases,hhg_intensity_prediction,quantum_light_hhg_bsv_threshold_tdse_dipole_acceleration
BSV - 2e13 W/cm^2,20000000000000.0,0.023872383018394068,21.039488702192763,0.10212052453586076,1.520385290270187,0.030955180178478918,3095.5180178478918,16.372021878116353,23.430389465091444,30.495271637492333,3.032556670062863,tdse_dipole_acceleration,raw_fft_harmonic_order_grid,13,1.6079090899617815e-08,0.11079987270298704,single_mode_bsv_random_phase_gamma_intensity,shared_fig_iv2_intensity_cases,hhg_intensity_prediction,quantum_light_hhg_bsv_threshold_tdse_dipole_acceleration
BSV - 2e13 W/cm^2,20000000000000.0,0.023872383018394068,21.079487730143697,0.013796197506782524,0.5047971821408399,0.004181958343255144,418.19583432551445,16.372021878116353,23.430389465091444,30.495271637492333,3.032556670062863,tdse_dipole_acceleration,raw_fft_harmonic_order_grid,13,1.6079090899617815e-08,0.11079987270298704,single_mode_bsv_random_phase_gamma_intensity,shared_fig_iv2_intensity_cases,hhg_intensity_prediction,quantum_light_hhg_bsv_threshold_tdse_dipole_acceleration
BSV - 2e13 W/cm^2,20000000000000.0,0.023872383018394068,21.119486758094638,0.006744814425149143,0.14428712037262945,0.002044515015466627,204.45150154666268,16.372021878116353,23.430389465091444,30.495271637492333,3.032556670062863,tdse_dipole_acceleration,raw_fft_harmonic_order_grid,13,1.6079090899617815e-08,0.11079987270298704,single_mode_bsv_random_phase_gamma_intensity,shared_fig_iv2_intensity_cases,hhg_intensity_prediction,quantum_light_hhg_bsv_threshold_tdse_dipole_acceleration
BSV - 2e13 W/cm^2,20000000000000.0,0.023872383018394068,21.159485786045575,0.0010917997581286632,0.07405888338669588,0.00033095069169787047,33.095069169787045,16.372021878116353,23.430389465091444,30.495271637492333,3.032556670062863,tdse_dipole_acceleration,raw_fft_harmonic_order_grid,13,1.6079090899617815e-08,0.11079987270298704,single_mode_bsv_random_phase_gamma_intensity,shared_fig_iv2_intensity_cases,hhg_intensity_prediction,quantum_light_hhg_bsv_threshold_tdse_dipole_acceleration
BSV - 2e13 W/cm^2,20000000000000.0,0.023872383018394068,21.19948481399651,0.0021134672894507723,0.08862657914034454,0.0006406426234453602,64.06426234453602,16.372021878116353,23.430389465091444,30.495271637492333,3.032556670062863,tdse_dipole_acceleration,raw_fft_harmonic_order_grid,13,1.6079090899617815e-08,0.11079987270298704,single_mode_bsv_random_phase_gamma_intensity,shared_fig_iv2_intensity_cases,hhg_intensity_prediction,quantum_light_hhg_bsv_threshold_tdse_dipole_acceleration
BSV - 2e13 W/cm^2,20000000000000.0,0.023872383018394068,21.239483841947447,0.004754442114471939,0.11401701638961878,0.001441185432316744,144.1185432316744,16.372021878116353,23.430389465091444,30.495271637492333,3.032556670062863,tdse_dipole_acceleration,raw_fft_harmonic_order_grid,13,1.6079090899617815e-08,0.11079987270298704,single_mode_bsv_random_phase_gamma_intensity,shared_fig_iv2_intensity_cases,hhg_intensity_prediction,quantum_light_hhg_bsv_threshold_tdse_dipole_acceleration
BSV - 2e13 W/cm^2,20000000000000.0,0.023872383018394068,21.279482869898388,0.009033207509895178,0.06938919082039785,0.0027381818427714873,273.8181842771487,16.372021878116353,23.430389465091444,30.495271637492333,3.032556670062863,tdse_dipole_acceleration,raw_fft_harmonic_order_grid,13,1.6079090899617815e-08,0.11079987270298704,single_mode_bsv_random_phase_gamma_intensity,shared_fig_iv2_intensity_cases,hhg_intensity_prediction,quantum_light_hhg_bsv_threshold_tdse_dipole_acceleration
BSV - 2e13 W/cm^2,20000000000000.0,0.023872383018394068,21.31948189784932,0.005983204880033866,0.04309596260013893,0.001813652896398546,181.36528963985458,16.372021878116353,23.430389465091444,30.495271637492333,3.032556670062863,tdse_dipole_acceleration,raw_fft_harmonic_order_grid,13,1.6079090899617815e-08,0.11079987270298704,single_mode_bsv_random_phase_gamma_intensity,shared_fig_iv2_intensity_cases,hhg_intensity_prediction,quantum_light_hhg_bsv_threshold_tdse_dipole_acceleration
BSV - 2e13 W/cm^2,20000000000000.0,0.023872383018394068,21.35948092580026,0.0010510338067837948,0.01059726875418048,0.00031859355414141016,31.859355414141017,16.372021878116353,23.430389465091444,30.495271637492333,3.032556670062863,tdse_dipole_acceleration,raw_fft_harmonic_order_grid,13,1.6079090899617815e-08,0.11079987270298704,single_mode_bsv_random_phase_gamma_intensity,shared_fig_iv2_intensity_cases,hhg_intensity_prediction,quantum_light_hhg_bsv_threshold_tdse_dipole_acceleration
BSV - 2e13 W/cm^2,20000000000000.0,0.023872383018394068,21.399479953751193,9.868233477292898e-05,0.0009462869449139397,2.9912982402046805e-05,2.9912982402046806,16.372021878116353,23.430389465091444,30.495271637492333,3.032556670062863,tdse_dipole_acceleration,raw_fft_harmonic_order_grid,13,1.6079090899617815e-08,0.11079987270298704,single_mode_bsv_random_phase_gamma_intensity,shared_fig_iv2_intensity_cases,hhg_intensity_prediction,quantum_light_hhg_bsv_threshold_tdse_dipole_acceleration
BSV - 2e13 W/cm^2,20000000000000.0,0.023872383018394068,21.43947898170213,0.0006954403739169152,0.007628186649315113,0.00021080465631986882,21.080465631986883,16.372021878116353,23.430389465091444,30.495271637492333,3.032556670062863,tdse_dipole_acceleration,raw_fft_harmonic_order_grid,13,1.6079090899617815e-08,0.11079987270298704,single_mode_bsv_random_phase_gamma_intensity,shared_fig_iv2_intensity_cases,hhg_intensity_prediction,quantum_light_hhg_bsv_threshold_tdse_dipole_acceleration
BSV - 2e13 W/cm^2,20000000000000.0,0.023872383018394068,21.47947800965307,0.00025465530966810714,0.0018372568607916574,7.719213184627182e-05,7.719213184627182,16.372021878116353,23.430389465091444,30.495271637492333,3.032556670062863,tdse_dipole_acceleration,raw_fft_harmonic_order_grid,13,1.6079090899617815e-08,0.11079987270298704,single_mode_bsv_random_phase_gamma_intensity,shared_fig_iv2_intensity_cases,hhg_intensity_prediction,quantum_light_hhg_bsv_threshold_tdse_dipole_acceleration
BSV - 2e13 W/cm^2,20000000000000.0,0.023872383018394068,21.519477037604002,0.0003074403962197902,0.0070909851398507215,9.319255754297068e-05,9.319255754297068,16.372021878116353,23.430389465091444,30.495271637492333,3.032556670062863,tdse_dipole_acceleration,raw_fft_harmonic_order_grid,13,1.6079090899617815e-08,0.11079987270298704,single_mode_bsv_random_phase_gamma_intensity,shared_fig_iv2_intensity_cases,hhg_intensity_prediction,quantum_light_hhg_bsv_threshold_tdse_dipole_acceleration
BSV - 2e13 W/cm^2,20000000000000.0,0.023872383018394068,21.559476065554943,6.47528893446171e-05,0.0012922999728115121,1.9628153751167318e-05,1.9628153751167319,16.372021878116353,23.430389465091444,30.495271637492333,3.032556670062863,tdse_dipole_acceleration,raw_fft_harmonic_order_grid,13,1.6079090899617815e-08,0.11079987270298704,single_mode_bsv_random_phase_gamma_intensity,shared_fig_iv2_intensity_cases,hhg_intensity_prediction,quantum_light_hhg_bsv_threshold_tdse_dipole_acceleration
BSV - 2e13 W/cm^2,20000000000000.0,0.023872383018394068,21.599475093505877,0.0002321613261647531,0.015277943962259517,7.03736659654631e-05,7.03736659654631,16.372021878116353,23.430389465091444,30.495271637492333,3.032556670062863,tdse_dipole_acceleration,raw_fft_harmonic_order_grid,13,1.6079090899617815e-08,0.11079987270298704,single_mode_bsv_random_phase_gamma_intensity,shared_fig_iv2_intensity_cases,hhg_intensity_prediction,quantum_light_hhg_bsv_threshold_tdse_dipole_acceleration
BSV - 2e13 W/cm^2,20000000000000.0,0.023872383018394068,21.639474121456814,0.00016064936955512767,0.012730666391001585,4.869667682123707e-05,4.8696676821237075,16.372021878116353,23.430389465091444,30.495271637492333,3.032556670062863,tdse_dipole_acceleration,raw_fft_harmonic_order_grid,13,1.6079090899617815e-08,0.11079987270298704,single_mode_bsv_random_phase_gamma_intensity,shared_fig_iv2_intensity_cases,hhg_intensity_prediction,quantum_light_hhg_bsv_threshold_tdse_dipole_acceleration
BSV - 2e13 W/cm^2,20000000000000.0,0.023872383018394068,21.67947314940775,0.00029459612774440023,0.031056486198319275,8.929915171957195e-05,8.929915171957195,16.372021878116353,23.430389465091444,30.495271637492333,3.032556670062863,tdse_dipole_acceleration,raw_fft_harmonic_order_grid,13,1.6079090899617815e-08,0.11079987270298704,single_mode_bsv_random_phase_gamma_intensity,shared_fig_iv2_intensity_cases,hhg_intensity_prediction,quantum_light_hhg_bsv_threshold_tdse_dipole_acceleration
BSV - 2e13 W/cm^2,20000000000000.0,0.023872383018394068,21.71947217735869,0.0002324562481364498,0.02563313263351425,7.046306388829944e-05,7.046306388829945,16.372021878116353,23.430389465091444,30.495271637492333,3.032556670062863,tdse_dipole_acceleration,raw_fft_harmonic_order_grid,13,1.6079090899617815e-08,0.11079987270298704,single_mode_bsv_random_phase_gamma_intensity,shared_fig_iv2_intensity_cases,hhg_intensity_prediction,quantum_light_hhg_bsv_threshold_tdse_dipole_acceleration
BSV - 2e13 W/cm^2,20000000000000.0,0.023872383018394068,21.759471205309627,0.00015321862601642576,0.017679584451389632,4.644424024057878e-05,4.644424024057877,16.372021878116353,23.430389465091444,30.495271637492333,3.032556670062863,tdse_dipole_acceleration,raw_fft_harmonic_order_grid,13,1.6079090899617815e-08,0.11079987270298704,single_mode_bsv_random_phase_gamma_intensity,shared_fig_iv2_intensity_cases,hhg_intensity_prediction,quantum_light_hhg_bsv_threshold_tdse_dipole_acceleration
BSV - 2e13 W/cm^2,20000000000000.0,0.023872383018394068,21.79947023326056,0.0001640335460281334,0.01651147817066602,4.9722501874073295e-05,4.9722501874073295,16.372021878116353,23.430389465091444,30.495271637492333,3.032556670062863,tdse_dipole_acceleration,raw_fft_harmonic_order_grid,13,1.6079090899617815e-08,0.11079987270298704,single_mode_bsv_random_phase_gamma_intensity,shared_fig_iv2_intensity_cases,hhg_intensity_prediction,quantum_light_hhg_bsv_threshold_tdse_dipole_acceleration
BSV - 2e13 W/cm^2,20000000000000.0,0.023872383018394068,21.839469261211498,7.059660288942283e-05,0.00443528472471442,2.1399523478389555e-05,2.1399523478389555,16.372021878116353,23.430389465091444,30.495271637492333,3.032556670062863,tdse_dipole_acceleration,raw_fft_harmonic_order_grid,13,1.6079090899617815e-08,0.11079987270298704,single_mode_bsv_random_phase_gamma_intensity,shared_fig_iv2_intensity_cases,hhg_intensity_prediction,quantum_light_hhg_bsv_threshold_tdse_dipole_acceleration
BSV - 2e13 W/cm^2,20000000000000.0,0.023872383018394068,21.87946828916244,5.884809326897473e-05,0.005920272148545374,1.7838268443885157e-05,1.7838268443885157,16.372021878116353,23.430389465091444,30.495271637492333,3.032556670062863,tdse_dipole_acceleration,raw_fft_harmonic_order_grid,13,1.6079090899617815e-08,0.11079987270298704,single_mode_bsv_random_phase_gamma_intensity,shared_fig_iv2_intensity_cases,hhg_intensity_prediction,quantum_light_hhg_bsv_threshold_tdse_dipole_acceleration
BSV - 2e13 W/cm^2,20000000000000.0,0.023872383018394068,21.919467317113373,0.00012133669606970978,0.004380261141916494,3.6780062638438954e-05,3.6780062638438955,16.372021878116353,23.430389465091444,30.495271637492333,3.032556670062863,tdse_dipole_acceleration,raw_fft_harmonic_order_grid,13,1.6079090899617815e-08,0.11079987270298704,single_mode_bsv_random_phase_gamma_intensity,shared_fig_iv2_intensity_cases,hhg_intensity_prediction,quantum_light_hhg_bsv_threshold_tdse_dipole_acceleration
BSV - 2e13 W/cm^2,20000000000000.0,0.023872383018394068,21.95946634506431,0.000125959383034418,0.007614588504500488,3.8181309924933244e-05,3.8181309924933244,16.372021878116353,23.430389465091444,30.495271637492333,3.032556670062863,tdse_dipole_acceleration,raw_fft_harmonic_order_grid,13,1.6079090899617815e-08,0.11079987270298704,single_mode_bsv_random_phase_gamma_intensity,shared_fig_iv2_intensity_cases,hhg_intensity_prediction,quantum_light_hhg_bsv_threshold_tdse_dipole_acceleration
BSV - 2e13 W/cm^2,20000000000000.0,0.023872383018394068,21.999465373015248,0.0002083216121389381,0.016033168717611387,6.314727688817853e-05,6.314727688817853,16.372021878116353,23.430389465091444,30.495271637492333,3.032556670062863,tdse_dipole_acceleration,raw_fft_harmonic_order_grid,13,1.6079090899617815e-08,0.11079987270298704,single_mode_bsv_random_phase_gamma_intensity,shared_fig_iv2_intensity_cases,hhg_intensity_prediction,quantum_light_hhg_bsv_threshold_tdse_dipole_acceleration
BSV - 2e13 W/cm^2,20000000000000.0,0.023872383018394068,22.03946440096618,0.0003287500777881018,0.008929839226861616,9.965203310374746e-05,9.965203310374745,16.372021878116353,23.430389465091444,30.495271637492333,3.032556670062863,tdse_dipole_acceleration,raw_fft_harmonic_order_grid,13,1.6079090899617815e-08,0.11079987270298704,single_mode_bsv_random_phase_gamma_intensity,shared_fig_iv2_intensity_cases,hhg_intensity_prediction,quantum_light_hhg_bsv_threshold_tdse_dipole_acceleration
BSV - 2e13 W/cm^2,20000000000000.0,0.023872383018394068,22.079463428917123,8.906579068163205e-05,0.0024354676740412514,2.6997977251090603e-05,2.69979772510906,16.372021878116353,23.430389465091444,30.495271637492333,3.032556670062863,tdse_dipole_acceleration,raw_fft_harmonic_order_grid,13,1.6079090899617815e-08,0.11079987270298704,single_mode_bsv_random_phase_gamma_intensity,shared_fig_iv2_intensity_cases,hhg_intensity_prediction,quantum_light_hhg_bsv_threshold_tdse_dipole_acceleration
BSV - 2e13 W/cm^2,20000000000000.0,0.023872383018394068,22.119462456868053,0.00027056562710117666,0.006862606030653431,8.20149306428498e-05,8.20149306428498,16.372021878116353,23.430389465091444,30.495271637492333,3.032556670062863,tdse_dipole_acceleration,raw_fft_harmonic_order_grid,13,1.6079090899617815e-08,0.11079987270298704,single_mode_bsv_random_phase_gamma_intensity,shared_fig_iv2_intensity_cases,hhg_intensity_prediction,quantum_light_hhg_bsv_threshold_tdse_dipole_acceleration
BSV - 2e13 W/cm^2,20000000000000.0,0.023872383018394068,22.159461484818994,0.00013347001918098466,0.01194358221341482,4.0457963871127237e-05,4.045796387112723,16.372021878116353,23.430389465091444,30.495271637492333,3.032556670062863,tdse_dipole_acceleration,raw_fft_harmonic_order_grid,13,1.6079090899617815e-08,0.11079987270298704,single_mode_bsv_random_phase_gamma_intensity,shared_fig_iv2_intensity_cases,hhg_intensity_prediction,quantum_light_hhg_bsv_threshold_tdse_dipole_acceleration
BSV - 2e13 W/cm^2,20000000000000.0,0.023872383018394068,22.19946051276993,7.633432439858141e-05,0.0021859610533961384,2.3138764477563695e-05,2.3138764477563694,16.372021878116353,23.430389465091444,30.495271637492333,3.032556670062863,tdse_dipole_acceleration,raw_fft_harmonic_order_grid,13,1.6079090899617815e-08,0.11079987270298704,single_mode_bsv_random_phase_gamma_intensity,shared_fig_iv2_intensity_cases,hhg_intensity_prediction,quantum_light_hhg_bsv_threshold_tdse_dipole_acceleration
BSV - 2e13 W/cm^2,20000000000000.0,0.023872383018394068,22.23945954072087,0.0001465447387423432,0.004253121544887346,4.4421224945670686e-05,4.4421224945670685,16.372021878116353,23.430389465091444,30.495271637492333,3.032556670062863,tdse_dipole_acceleration,raw_fft_harmonic_order_grid,13,1.6079090899617815e-08,0.11079987270298704,single_mode_bsv_random_phase_gamma_intensity,shared_fig_iv2_intensity_cases,hhg_intensity_prediction,quantum_light_hhg_bsv_threshold_tdse_dipole_acceleration
BSV - 2e13 W/cm^2,20000000000000.0,0.023872383018394068,22.279458568671803,5.400005211179137e-05,0.001789960049613434,1.6368710896904552e-05,1.6368710896904552,16.372021878116353,23.430389465091444,30.495271637492333,3.032556670062863,tdse_dipole_acceleration,raw_fft_harmonic_order_grid,13,1.6079090899617815e-08,0.11079987270298704,single_mode_bsv_random_phase_gamma_intensity,shared_fig_iv2_intensity_cases,hhg_intensity_prediction,quantum_light_hhg_bsv_threshold_tdse_dipole_acceleration
BSV - 2e13 W/cm^2,20000000000000.0,0.023872383018394068,22.319457596622744,0.0005658240146257285,0.010569843914739523,0.00017151482918498977,17.151482918498978,16.372021878116353,23.430389465091444,30.495271637492333,3.032556670062863,tdse_dipole_acceleration,raw_fft_harmonic_order_grid,13,1.6079090899617815e-08,0.11079987270298704,single_mode_bsv_random_phase_gamma_intensity,shared_fig_iv2_intensity_cases,hhg_intensity_prediction,quantum_light_hhg_bsv_threshold_tdse_dipole_acceleration
BSV - 2e13 W/cm^2,20000000000000.0,0.023872383018394068,22.359456624573678,0.00030371975316995217,0.004208300789303499,9.206474140110298e-05,9.206474140110299,16.372021878116353,23.430389465091444,30.495271637492333,3.032556670062863,tdse_dipole_acceleration,raw_fft_harmonic_order_grid,13,1.6079090899617815e-08,0.11079987270298704,single_mode_bsv_random_phase_gamma_intensity,shared_fig_iv2_intensity_cases,hhg_intensity_prediction,quantum_light_hhg_bsv_threshold_tdse_dipole_acceleration
BSV - 2e13 W/cm^2,20000000000000.0,0.023872383018394068,22.399455652524615,5.86407812628782e-05,0.0037075342222564847,1.777542720280216e-05,1.777542720280216,16.372021878116353,23.430389465091444,30.495271637492333,3.032556670062863,tdse_dipole_acceleration,raw_fft_harmonic_order_grid,13,1.6079090899617815e-08,0.11079987270298704,single_mode_bsv_random_phase_gamma_intensity,shared_fig_iv2_intensity_cases,hhg_intensity_prediction,quantum_light_hhg_bsv_threshold_tdse_dipole_acceleration
BSV - 2e13 W/cm^2,20000000000000.0,0.023872383018394068,22.43945468047555,0.0003693896180391763,0.0054054044991392654,0.00011197085242591803,11.197085242591804,16.372021878116353,23.430389465091444,30.495271637492333,3.032556670062863,tdse_dipole_acceleration,raw_fft_harmonic_order_grid,13,1.6079090899617815e-08,0.11079987270298704,single_mode_bsv_random_phase_gamma_intensity,shared_fig_iv2_intensity_cases,hhg_intensity_prediction,quantum_light_hhg_bsv_threshold_tdse_dipole_acceleration
BSV - 2e13 W/cm^2,20000000000000.0,0.023872383018394068,22.479453708426487,0.00020561904318468604,0.005591006285692125,6.232806342150408e-05,6.2328063421504085,16.372021878116353,23.430389465091444,30.495271637492333,3.032556670062863,tdse_dipole_acceleration,raw_fft_harmonic_order_grid,13,1.6079090899617815e-08,0.11079987270298704,single_mode_bsv_random_phase_gamma_intensity,shared_fig_iv2_intensity_cases,hhg_intensity_prediction,quantum_light_hhg_bsv_threshold_tdse_dipole_acceleration
BSV - 2e13 W/cm^2,20000000000000.0,0.023872383018394068,22.519452736377428,0.0002597938388799112,0.010124460636226197,7.874974328948287e-05,7.874974328948287,16.372021878116353,23.430389465091444,30.495271637492333,3.032556670062863,tdse_dipole_acceleration,raw_fft_harmonic_order_grid,13,1.6079090899617815e-08,0.11079987270298704,single_mode_bsv_random_phase_gamma_intensity,shared_fig_iv2_intensity_cases,hhg_intensity_prediction,quantum_light_hhg_bsv_threshold_tdse_dipole_acceleration
BSV - 2e13 W/cm^2,20000000000000.0,0.023872383018394068,22.559451764328358,0.00017196776846090805,0.006963756293995647,5.212755498263249e-05,5.212755498263249,16.372021878116353,23.430389465091444,30.495271637492333,3.032556670062863,tdse_dipole_acceleration,raw_fft_harmonic_order_grid,13,1.6079090899617815e-08,0.11079987270298704,single_mode_bsv_random_phase_gamma_intensity,shared_fig_iv2_intensity_cases,hhg_intensity_prediction,quantum_light_hhg_bsv_threshold_tdse_dipole_acceleration
BSV - 2e13 W/cm^2,20000000000000.0,0.023872383018394068,22.5994507922793,0.00014953522213851563,0.0033657343467778326,4.532771218484228e-05,4.5327712184842275,16.372021878116353,23.430389465091444,30.495271637492333,3.032556670062863,tdse_dipole_acceleration,raw_fft_harmonic_order_grid,13,1.6079090899617815e-08,0.11079987270298704,single_mode_bsv_random_phase_gamma_intensity,shared_fig_iv2_intensity_cases,hhg_intensity_prediction,quantum_light_hhg_bsv_threshold_tdse_dipole_acceleration
BSV - 2e13 W/cm^2,20000000000000.0,0.023872383018394068,22.639449820230233,0.0001089418870986006,0.0037794187988795017,3.3022898770329594e-05,3.302289877032959,16.372021878116353,23.430389465091444,30.495271637492333,3.032556670062863,tdse_dipole_acceleration,raw_fft_harmonic_order_grid,13,1.6079090899617815e-08,0.11079987270298704,single_mode_bsv_random_phase_gamma_intensity,shared_fig_iv2_intensity_cases,hhg_intensity_prediction,quantum_light_hhg_bsv_threshold_tdse_dipole_acceleration
BSV - 2e13 W/cm^2,20000000000000.0,0.023872383018394068,22.679448848181174,0.00036085603548194426,0.01271616526591057,0.00010938411888897582,10.938411888897582,16.372021878116353,23.430389465091444,30.495271637492333,3.032556670062863,tdse_dipole_acceleration,raw_fft_harmonic_order_grid,13,1.6079090899617815e-08,0.11079987270298704,single_mode_bsv_random_phase_gamma_intensity,shared_fig_iv2_intensity_cases,hhg_intensity_prediction,quantum_light_hhg_bsv_threshold_tdse_dipole_acceleration
BSV - 2e13 W/cm^2,20000000000000.0,0.023872383018394068,22.719447876132108,0.00032337411669884056,0.025743047180189358,9.802245036406876e-05,9.802245036406875,16.372021878116353,23.430389465091444,30.495271637492333,3.032556670062863,tdse_dipole_acceleration,raw_fft_harmonic_order_grid,13,1.6079090899617815e-08,0.11079987270298704,single_mode_bsv_random_phase_gamma_intensity,shared_fig_iv2_intensity_cases,hhg_intensity_prediction,quantum_light_hhg_bsv_threshold_tdse_dipole_acceleration
BSV - 2e13 W/cm^2,20000000000000.0,0.023872383018394068,22.759446904083045,0.0011947226371700173,0.04841637424747277,0.00036214908477010845,36.214908477010844,16.372021878116353,23.430389465091444,30.495271637492333,3.032556670062863,tdse_dipole_acceleration,raw_fft_harmonic_order_grid,13,1.6079090899617815e-08,0.11079987270298704,single_mode_bsv_random_phase_gamma_intensity,shared_fig_iv2_intensity_cases,hhg_intensity_prediction,quantum_light_hhg_bsv_threshold_tdse_dipole_acceleration
BSV - 2e13 W/cm^2,20000000000000.0,0.023872383018394068,22.799445932033983,0.0001665767053763804,0.009806262582941613,5.04933944659922e-05,5.04933944659922,16.372021878116353,23.430389465091444,30.495271637492333,3.032556670062863,tdse_dipole_acceleration,raw_fft_harmonic_order_grid,13,1.6079090899617815e-08,0.11079987270298704,single_mode_bsv_random_phase_gamma_intensity,shared_fig_iv2_intensity_cases,hhg_intensity_prediction,quantum_light_hhg_bsv_threshold_tdse_dipole_acceleration
BSV - 2e13 W/cm^2,20000000000000.0,0.023872383018394068,22.839444959984924,0.000603029048572338,0.009743841917703697,0.00018279256727533118,18.279256727533117,16.372021878116353,23.430389465091444,30.495271637492333,3.032556670062863,tdse_dipole_acceleration,raw_fft_harmonic_order_grid,13,1.6079090899617815e-08,0.11079987270298704,single_mode_bsv_random_phase_gamma_intensity,shared_fig_iv2_intensity_cases,hhg_intensity_prediction,quantum_light_hhg_bsv_threshold_tdse_dipole_acceleration
BSV - 2e13 W/cm^2,20000000000000.0,0.023872383018394068,22.879443987935854,0.0009906828128869094,0.013453870523746303,0.0003002997204726227,30.029972047262273,16.372021878116353,23.430389465091444,30.495271637492333,3.032556670062863,tdse_dipole_acceleration,raw_fft_harmonic_order_grid,13,1.6079090899617815e-08,0.11079987270298704,single_mode_bsv_random_phase_gamma_intensity,shared_fig_iv2_intensity_cases,hhg_intensity_prediction,quantum_light_hhg_bsv_threshold_tdse_dipole_acceleration
BSV - 2e13 W/cm^2,20000000000000.0,0.023872383018394068,22.919443015886795,0.0001962612177801761,0.001641059818147119,5.949148210945226e-05,5.949148210945226,16.372021878116353,23.430389465091444,30.495271637492333,3.032556670062863,tdse_dipole_acceleration,raw_fft_harmonic_order_grid,13,1.6079090899617815e-08,0.11079987270298704,single_mode_bsv_random_phase_gamma_intensity,shared_fig_iv2_intensity_cases,hhg_intensity_prediction,quantum_light_hhg_bsv_threshold_tdse_dipole_acceleration
BSV - 2e13 W/cm^2,20000000000000.0,0.023872383018394068,22.95944204383773,0.031193212760921338,0.21424693474595768,0.009455410905384348,945.5410905384348,16.372021878116353,23.430389465091444,30.495271637492333,3.032556670062863,tdse_dipole_acceleration,raw_fft_harmonic_order_grid,13,1.6079090899617815e-08,0.11079987270298704,single_mode_bsv_random_phase_gamma_intensity,shared_fig_iv2_intensity_cases,hhg_intensity_prediction,quantum_light_hhg_bsv_threshold_tdse_dipole_acceleration
BSV - 2e13 W/cm^2,20000000000000.0,0.023872383018394068,22.999441071788667,0.11673434093710162,0.8085314065741044,0.03538497841787951,3538.4978417879515,16.372021878116353,23.430389465091444,30.495271637492333,3.032556670062863,tdse_dipole_acceleration,raw_fft_harmonic_order_grid,13,1.6079090899617815e-08,0.11079987270298704,single_mode_bsv_random_phase_gamma_intensity,shared_fig_iv2_intensity_cases,hhg_intensity_prediction,quantum_light_hhg_bsv_threshold_tdse_dipole_acceleration
BSV - 2e13 W/cm^2,20000000000000.0,0.023872383018394068,23.039440099739604,0.0683325736447562,0.5235344155448434,0.020713241915339117,2071.3241915339117,16.372021878116353,23.430389465091444,30.495271637492333,3.032556670062863,tdse_dipole_acceleration,raw_fft_harmonic_order_grid,13,1.6079090899617815e-08,0.11079987270298704,single_mode_bsv_random_phase_gamma_intensity,shared_fig_iv2_intensity_cases,hhg_intensity_prediction,quantum_light_hhg_bsv_threshold_tdse_dipole_acceleration
BSV - 2e13 W/cm^2,20000000000000.0,0.023872383018394068,23.079439127690538,0.004630698952810861,0.12317257799583856,0.0014036759122424696,140.36759122424695,16.372021878116353,23.430389465091444,30.495271637492333,3.032556670062863,tdse_dipole_acceleration,raw_fft_harmonic_order_grid,13,1.6079090899617815e-08,0.11079987270298704,single_mode_bsv_random_phase_gamma_intensity,shared_fig_iv2_intensity_cases,hhg_intensity_prediction,quantum_light_hhg_bsv_threshold_tdse_dipole_acceleration
BSV - 2e13 W/cm^2,20000000000000.0,0.023872383018394068,23.11943815564148,0.0019252214911437947,0.050447832462129104,0.0005835808072147961,58.35808072147961,16.372021878116353,23.430389465091444,30.495271637492333,3.032556670062863,tdse_dipole_acceleration,raw_fft_harmonic_order_grid,13,1.6079090899617815e-08,0.11079987270298704,single_mode_bsv_random_phase_gamma_intensity,shared_fig_iv2_intensity_cases,hhg_intensity_prediction,quantum_light_hhg_bsv_threshold_tdse_dipole_acceleration
BSV - 2e13 W/cm^2,20000000000000.0,0.023872383018394068,23.159437183592413,0.0003437673874896528,0.021181912562657206,0.00010420413983959064,10.420413983959063,16.372021878116353,23.430389465091444,30.495271637492333,3.032556670062863,tdse_dipole_acceleration,raw_fft_harmonic_order_grid,13,1.6079090899617815e-08,0.11079987270298704,single_mode_bsv_random_phase_gamma_intensity,shared_fig_iv2_intensity_cases,hhg_intensity_prediction,quantum_light_hhg_bsv_threshold_tdse_dipole_acceleration
BSV - 2e13 W/cm^2,20000000000000.0,0.023872383018394068,23.19943621154335,0.00018950950103247032,0.021118030133888206,5.744487483447794e-05,5.744487483447794,16.372021878116353,23.430389465091444,30.495271637492333,3.032556670062863,tdse_dipole_acceleration,raw_fft_harmonic_order_grid,13,1.6079090899617815e-08,0.11079987270298704,single_mode_bsv_random_phase_gamma_intensity,shared_fig_iv2_intensity_cases,hhg_intensity_prediction,quantum_light_hhg_bsv_threshold_tdse_dipole_acceleration
BSV - 2e13 W/cm^2,20000000000000.0,0.023872383018394068,23.239435239494288,0.0015766858105058824,0.05695210922920009,0.0004779312833623536,47.79312833623536,16.372021878116353,23.430389465091444,30.495271637492333,3.032556670062863,tdse_dipole_acceleration,raw_fft_harmonic_order_grid,13,1.6079090899617815e-08,0.11079987270298704,single_mode_bsv_random_phase_gamma_intensity,shared_fig_iv2_intensity_cases,hhg_intensity_prediction,quantum_light_hhg_bsv_threshold_tdse_dipole_acceleration
BSV - 2e13 W/cm^2,20000000000000.0,0.023872383018394068,23.279434267445225,0.004760404607607958,0.038051576881971146,0.0014429928069867948,144.29928069867947,16.372021878116353,23.430389465091444,30.495271637492333,3.032556670062863,tdse_dipole_acceleration,raw_fft_harmonic_order_grid,13,1.6079090899617815e-08,0.11079987270298704,single_mode_bsv_random_phase_gamma_intensity,shared_fig_iv2_intensity_cases,hhg_intensity_prediction,quantum_light_hhg_bsv_threshold_tdse_dipole_acceleration
BSV - 2e13 W/cm^2,20000000000000.0,0.023872383018394068,23.319433295396163,0.004350801984378392,0.035109953266717536,0.0013188324282453366,131.88324282453365,16.372021878116353,23.430389465091444,30.495271637492333,3.032556670062863,tdse_dipole_acceleration,raw_fft_harmonic_order_grid,13,1.6079090899617815e-08,0.11079987270298704,single_mode_bsv_random_phase_gamma_intensity,shared_fig_iv2_intensity_cases,hhg_intensity_prediction,quantum_light_hhg_bsv_threshold_tdse_dipole_acceleration
BSV - 2e13 W/cm^2,20000000000000.0,0.023872383018394068,23.359432323347097,0.0005265254740337666,0.004506494082631875,0.0001596024990211522,15.96024990211522,16.372021878116353,23.430389465091444,30.495271637492333,3.032556670062863,tdse_dipole_acceleration,raw_fft_harmonic_order_grid,13,1.6079090899617815e-08,0.11079987270298704,single_mode_bsv_random_phase_gamma_intensity,shared_fig_iv2_intensity_cases,hhg_intensity_prediction,quantum_light_hhg_bsv_threshold_tdse_dipole_acceleration
BSV - 2e13 W/cm^2,20000000000000.0,0.023872383018394068,23.399431351298034,0.00027995941739734063,0.0037804593716648646,8.486241377612033e-05,8.486241377612034,16.372021878116353,23.430389465091444,30.495271637492333,3.032556670062863,tdse_dipole_acceleration,raw_fft_harmonic_order_grid,13,1.6079090899617815e-08,0.11079987270298704,single_mode_bsv_random_phase_gamma_intensity,shared_fig_iv2_intensity_cases,hhg_intensity_prediction,quantum_light_hhg_bsv_threshold_tdse_dipole_acceleration
BSV - 2e13 W/cm^2,20000000000000.0,0.023872383018394068,23.43943037924897,0.0009661814926486505,0.007873994425031932,0.0002928727826848171,29.28727826848171,16.372021878116353,23.430389465091444,30.495271637492333,3.032556670062863,tdse_dipole_acceleration,raw_fft_harmonic_order_grid,13,1.6079090899617815e-08,0.11079987270298704,single_mode_bsv_random_phase_gamma_intensity,shared_fig_iv2_intensity_cases,hhg_intensity_prediction,quantum_light_hhg_bsv_threshold_tdse_dipole_acceleration
BSV - 2e13 W/cm^2,20000000000000.0,0.023872383018394068,23.47942940719991,0.00023874877098138732,0.0021273045234968518,7.237047847833941e-05,7.237047847833941,16.372021878116353,23.430389465091444,30.495271637492333,3.032556670062863,tdse_dipole_acceleration,raw_fft_harmonic_order_grid,13,1.6079090899617815e-08,0.11079987270298704,single_mode_bsv_random_phase_gamma_intensity,shared_fig_iv2_intensity_cases,hhg_intensity_prediction,quantum_light_hhg_bsv_threshold_tdse_dipole_acceleration
BSV - 2e13 W/cm^2,20000000000000.0,0.023872383018394068,23.519428435150846,0.00035029972594345687,0.0035984722629926027,0.00010618424829225828,10.618424829225829,16.372021878116353,23.430389465091444,30.495271637492333,3.032556670062863,tdse_dipole_acceleration,raw_fft_harmonic_order_grid,13,1.6079090899617815e-08,0.11079987270298704,single_mode_bsv_random_phase_gamma_intensity,shared_fig_iv2_intensity_cases,hhg_intensity_prediction,quantum_light_hhg_bsv_threshold_tdse_dipole_acceleration
BSV - 2e13 W/cm^2,20000000000000.0,0.023872383018394068,23.559427463101784,3.683459462350676e-05,0.00041183851334771474,1.1165449047135289e-05,1.116544904713529,16.372021878116353,23.430389465091444,30.495271637492333,3.032556670062863,tdse_dipole_acceleration,raw_fft_harmonic_order_grid,13,1.6079090899617815e-08,0.11079987270298704,single_mode_bsv_random_phase_gamma_intensity,shared_fig_iv2_intensity_cases,hhg_intensity_prediction,quantum_light_hhg_bsv_threshold_tdse_dipole_acceleration
BSV - 2e13 W/cm^2,20000000000000.0,0.023872383018394068,23.599426491052718,8.228141133235181e-05,0.0037316680948839276,2.494146915822066e-05,2.494146915822066,16.372021878116353,23.430389465091444,30.495271637492333,3.032556670062863,tdse_dipole_acceleration,raw_fft_harmonic_order_grid,13,1.6079090899617815e-08,0.11079987270298704,single_mode_bsv_random_phase_gamma_intensity,shared_fig_iv2_intensity_cases,hhg_intensity_prediction,quantum_light_hhg_bsv_threshold_tdse_dipole_acceleration
BSV - 2e13 W/cm^2,20000000000000.0,0.023872383018394068,23.639425519003655,7.18289893601067e-05,0.0017455039057009322,2.1773089374402386e-05,2.177308937440239,16.372021878116353,23.430389465091444,30.495271637492333,3.032556670062863,tdse_dipole_acceleration,raw_fft_harmonic_order_grid,13,1.6079090899617815e-08,0.11079987270298704,single_mode_bsv_random_phase_gamma_intensity,shared_fig_iv2_intensity_cases,hhg_intensity_prediction,quantum_light_hhg_bsv_threshold_tdse_dipole_acceleration
BSV - 2e13 W/cm^2,20000000000000.0,0.023872383018394068,23.67942454695459,6.758054290562508e-05,0.005093128338764752,2.0485283362096633e-05,2.0485283362096633,16.372021878116353,23.430389465091444,30.495271637492333,3.032556670062863,tdse_dipole_acceleration,raw_fft_harmonic_order_grid,13,1.6079090899617815e-08,0.11079987270298704,single_mode_bsv_random_phase_gamma_intensity,shared_fig_iv2_intensity_cases,hhg_intensity_prediction,quantum_light_hhg_bsv_threshold_tdse_dipole_acceleration
BSV - 2e13 W/cm^2,20000000000000.0,0.023872383018394068,23.71942357490553,0.00011958216196010552,0.004685762369151332,3.624822127022296e-05,3.624822127022296,16.372021878116353,23.430389465091444,30.495271637492333,3.032556670062863,tdse_dipole_acceleration,raw_fft_harmonic_order_grid,13,1.6079090899617815e-08,0.11079987270298704,single_mode_bsv_random_phase_gamma_intensity,shared_fig_iv2_intensity_cases,hhg_intensity_prediction,quantum_light_hhg_bsv_threshold_tdse_dipole_acceleration
BSV - 2e13 W/cm^2,20000000000000.0,0.023872383018394068,23.759422602856468,5.094393022504018e-05,0.0017110440265692228,1.5442327057008048e-05,1.5442327057008047,16.372021878116353,23.430389465091444,30.495271637492333,3.032556670062863,tdse_dipole_acceleration,raw_fft_harmonic_order_grid,13,1.6079090899617815e-08,0.11079987270298704,single_mode_bsv_random_phase_gamma_intensity,shared_fig_iv2_intensity_cases,hhg_intensity_prediction,quantum_light_hhg_bsv_threshold_tdse_dipole_acceleration
BSV - 2e13 W/cm^2,20000000000000.0,0.023872383018394068,23.7994216308074,6.407260992840052e-05,0.002986281029595297,1.9421944744736885e-05,1.9421944744736885,16.372021878116353,23.430389465091444,30.495271637492333,3.032556670062863,tdse_dipole_acceleration,raw_fft_harmonic_order_grid,13,1.6079090899617815e-08,0.11079987270298704,single_mode_bsv_random_phase_gamma_intensity,shared_fig_iv2_intensity_cases,hhg_intensity_prediction,quantum_light_hhg_bsv_threshold_tdse_dipole_acceleration
BSV - 2e13 W/cm^2,20000000000000.0,0.023872383018394068,23.83942065875834,3.782881432041138e-05,0.0005741873460414635,1.1466820881979987e-05,1.1466820881979987,16.372021878116353,23.430389465091444,30.495271637492333,3.032556670062863,tdse_dipole_acceleration,raw_fft_harmonic_order_grid,13,1.6079090899617815e-08,0.11079987270298704,single_mode_bsv_random_phase_gamma_intensity,shared_fig_iv2_intensity_cases,hhg_intensity_prediction,quantum_light_hhg_bsv_threshold_tdse_dipole_acceleration
BSV - 2e13 W/cm^2,20000000000000.0,0.023872383018394068,23.87941968670928,3.648551760012101e-05,0.0010434921530944217,1.1059635429312768e-05,1.1059635429312769,16.372021878116353,23.430389465091444,30.495271637492333,3.032556670062863,tdse_dipole_acceleration,raw_fft_harmonic_order_grid,13,1.6079090899617815e-08,0.11079987270298704,single_mode_bsv_random_phase_gamma_intensity,shared_fig_iv2_intensity_cases,hhg_intensity_prediction,quantum_light_hhg_bsv_threshold_tdse_dipole_acceleration
BSV - 2e13 W/cm^2,20000000000000.0,0.023872383018394068,23.919418714660214,5.58326459346375e-05,0.0019498963106267303,1.69242140363371e-05,1.6924214036337102,16.372021878116353,23.430389465091444,30.495271637492333,3.032556670062863,tdse_dipole_acceleration,raw_fft_harmonic_order_grid,13,1.6079090899617815e-08,0.11079987270298704,single_mode_bsv_random_phase_gamma_intensity,shared_fig_iv2_intensity_cases,hhg_intensity_prediction,quantum_light_hhg_bsv_threshold_tdse_dipole_acceleration
BSV - 2e13 W/cm^2,20000000000000.0,0.023872383018394068,23.95941774261115,1.9941408218895838e-05,0.00015616076656825705,6.0447190927985565e-06,0.6044719092798556,16.372021878116353,23.430389465091444,30.495271637492333,3.032556670062863,tdse_dipole_acceleration,raw_fft_harmonic_order_grid,13,1.6079090899617815e-08,0.11079987270298704,single_mode_bsv_random_phase_gamma_intensity,shared_fig_iv2_intensity_cases,hhg_intensity_prediction,quantum_light_hhg_bsv_threshold_tdse_dipole_acceleration
BSV - 2e13 W/cm^2,20000000000000.0,0.023872383018394068,23.999416770562085,7.170159556284021e-05,0.0038848061134839377,2.173447325912166e-05,2.173447325912166,16.372021878116353,23.430389465091444,30.495271637492333,3.032556670062863,tdse_dipole_acceleration,raw_fft_harmonic_order_grid,13,1.6079090899617815e-08,0.11079987270298704,single_mode_bsv_random_phase_gamma_intensity,shared_fig_iv2_intensity_cases,hhg_intensity_prediction,quantum_light_hhg_bsv_threshold_tdse_dipole_acceleration
BSV - 2e13 W/cm^2,20000000000000.0,0.023872383018394068,24.039415798513023,7.457471518341143e-05,0.0006498914753095544,2.260538472313273e-05,2.260538472313273,16.372021878116353,23.430389465091444,30.495271637492333,3.032556670062863,tdse_dipole_acceleration,raw_fft_harmonic_order_grid,13,1.6079090899617815e-08,0.11079987270298704,single_mode_bsv_random_phase_gamma_intensity,shared_fig_iv2_intensity_cases,hhg_intensity_prediction,quantum_light_hhg_bsv_threshold_tdse_dipole_acceleration
BSV - 2e13 W/cm^2,20000000000000.0,0.023872383018394068,24.079414826463964,0.00022133880079040243,0.002509668413108655,6.709309896414946e-05,6.709309896414946,16.372021878116353,23.430389465091444,30.495271637492333,3.032556670062863,tdse_dipole_acceleration,raw_fft_harmonic_order_grid,13,1.6079090899617815e-08,0.11079987270298704,single_mode_bsv_random_phase_gamma_intensity,shared_fig_iv2_intensity_cases,hhg_intensity_prediction,quantum_light_hhg_bsv_threshold_tdse_dipole_acceleration
BSV - 2e13 W/cm^2,20000000000000.0,0.023872383018394068,24.119413854414894,0.00018012911561940008,0.004876237290191176,5.4601455042767045e-05,5.460145504276705,16.372021878116353,23.430389465091444,30.495271637492333,3.032556670062863,tdse_dipole_acceleration,raw_fft_harmonic_order_grid,13,1.6079090899617815e-08,0.11079987270298704,single_mode_bsv_random_phase_gamma_intensity,shared_fig_iv2_intensity_cases,hhg_intensity_prediction,quantum_light_hhg_bsv_threshold_tdse_dipole_acceleration
BSV - 2e13 W/cm^2,20000000000000.0,0.023872383018394068,24.159412882365835,8.527027901100218e-05,0.0010508522147806027,2.5847466634661004e-05,2.5847466634661003,16.372021878116353,23.430389465091444,30.495271637492333,3.032556670062863,tdse_dipole_acceleration,raw_fft_harmonic_order_grid,13,1.6079090899617815e-08,0.11079987270298704,single_mode_bsv_random_phase_gamma_intensity,shared_fig_iv2_intensity_cases,hhg_intensity_prediction,quantum_light_hhg_bsv_threshold_tdse_dipole_acceleration
BSV - 2e13 W/cm^2,20000000000000.0,0.023872383018394068,24.19941191031677,0.00010927045556370882,0.004157717601133504,3.312249575227439e-05,3.312249575227439,16.372021878116353,23.430389465091444,30.495271637492333,3.032556670062863,tdse_dipole_acceleration,raw_fft_harmonic_order_grid,13,1.6079090899617815e-08,0.11079987270298704,single_mode_bsv_random_phase_gamma_intensity,shared_fig_iv2_intensity_cases,hhg_intensity_prediction,quantum_light_hhg_bsv_threshold_tdse_dipole_acceleration
BSV - 2e13 W/cm^2,20000000000000.0,0.023872383018394068,24.23941093826771,3.213215320132741e-05,0.002590639366006167,9.740026271802914e-06,0.9740026271802914,16.372021878116353,23.430389465091444,30.495271637492333,3.032556670062863,tdse_dipole_acceleration,raw_fft_harmonic_order_grid,13,1.6079090899617815e-08,0.11079987270298704,single_mode_bsv_random_phase_gamma_intensity,shared_fig_iv2_intensity_cases,hhg_intensity_prediction,quantum_light_hhg_bsv_threshold_tdse_dipole_acceleration
BSV - 2e13 W/cm^2,20000000000000.0,0.023872383018394068,24.279409966218644,0.0003157069512615783,0.004264393456539233,9.569834863576913e-05,9.569834863576913,16.372021878116353,23.430389465091444,30.495271637492333,3.032556670062863,tdse_dipole_acceleration,raw_fft_harmonic_order_grid,13,1.6079090899617815e-08,0.11079987270298704,single_mode_bsv_random_phase_gamma_intensity,shared_fig_iv2_intensity_cases,hhg_intensity_prediction,quantum_light_hhg_bsv_threshold_tdse_dipole_acceleration
BSV - 2e13 W/cm^2,20000000000000.0,0.023872383018394068,24.31940899416958,0.0003401550054099059,0.004114747005597207,0.00010310914019421762,10.310914019421762,16.372021878116353,23.430389465091444,30.495271637492333,3.032556670062863,tdse_dipole_acceleration,raw_fft_harmonic_order_grid,13,1.6079090899617815e-08,0.11079987270298704,single_mode_bsv_random_phase_gamma_intensity,shared_fig_iv2_intensity_cases,hhg_intensity_prediction,quantum_light_hhg_bsv_threshold_tdse_dipole_acceleration
BSV - 2e13 W/cm^2,20000000000000.0,0.023872383018394068,24.35940802212052,0.00042213817296681016,0.00618186891000033,0.00012796020451121709,12.79602045112171,16.372021878116353,23.430389465091444,30.495271637492333,3.032556670062863,tdse_dipole_acceleration,raw_fft_harmonic_order_grid,13,1.6079090899617815e-08,0.11079987270298704,single_mode_bsv_random_phase_gamma_intensity,shared_fig_iv2_intensity_cases,hhg_intensity_prediction,quantum_light_hhg_bsv_threshold_tdse_dipole_acceleration
BSV - 2e13 W/cm^2,20000000000000.0,0.023872383018394068,24.39940705007146,0.00021918894933845744,0.003516936302636102,6.644142742843822e-05,6.6441427428438224,16.372021878116353,23.430389465091444,30.495271637492333,3.032556670062863,tdse_dipole_acceleration,raw_fft_harmonic_order_grid,13,1.6079090899617815e-08,0.11079987270298704,single_mode_bsv_random_phase_gamma_intensity,shared_fig_iv2_intensity_cases,hhg_intensity_prediction,quantum_light_hhg_bsv_threshold_tdse_dipole_acceleration
BSV - 2e13 W/cm^2,20000000000000.0,0.023872383018394068,24.43940607802239,0.00022775798423961457,0.004499868224280752,6.90389074210899e-05,6.90389074210899,16.372021878116353,23.430389465091444,30.495271637492333,3.032556670062863,tdse_dipole_acceleration,raw_fft_harmonic_order_grid,13,1.6079090899617815e-08,0.11079987270298704,single_mode_bsv_random_phase_gamma_intensity,shared_fig_iv2_intensity_cases,hhg_intensity_prediction,quantum_light_hhg_bsv_threshold_tdse_dipole_acceleration
BSV - 2e13 W/cm^2,20000000000000.0,0.023872383018394068,24.47940510597333,0.000775411511813745,0.009711893747592666,0.00023504582619170045,23.504582619170044,16.372021878116353,23.430389465091444,30.495271637492333,3.032556670062863,tdse_dipole_acceleration,raw_fft_harmonic_order_grid,13,1.6079090899617815e-08,0.11079987270298704,single_mode_bsv_random_phase_gamma_intensity,shared_fig_iv2_intensity_cases,hhg_intensity_prediction,quantum_light_hhg_bsv_threshold_tdse_dipole_acceleration
BSV - 2e13 W/cm^2,20000000000000.0,0.023872383018394068,24.519404133924265,9.785900295959966e-05,0.0027980887189955617,2.966341078317666e-05,2.966341078317666,16.372021878116353,23.430389465091444,30.495271637492333,3.032556670062863,tdse_dipole_acceleration,raw_fft_harmonic_order_grid,13,1.6079090899617815e-08,0.11079987270298704,single_mode_bsv_random_phase_gamma_intensity,shared_fig_iv2_intensity_cases,hhg_intensity_prediction,quantum_light_hhg_bsv_threshold_tdse_dipole_acceleration
BSV - 2e13 W/cm^2,20000000000000.0,0.023872383018394068,24.559403161875203,0.0002395457196410916,0.007563872554368057,7.261205273058955e-05,7.261205273058955,16.372021878116353,23.430389465091444,30.495271637492333,3.032556670062863,tdse_dipole_acceleration,raw_fft_harmonic_order_grid,13,1.6079090899617815e-08,0.11079987270298704,single_mode_bsv_random_phase_gamma_intensity,shared_fig_iv2_intensity_cases,hhg_intensity_prediction,quantum_light_hhg_bsv_threshold_tdse_dipole_acceleration
BSV - 2e13 W/cm^2,20000000000000.0,0.023872383018394068,24.59940218982614,0.00024364880321030934,0.006795029371379375,7.385579576608375e-05,7.385579576608375,16.372021878116353,23.430389465091444,30.495271637492333,3.032556670062863,tdse_dipole_acceleration,raw_fft_harmonic_order_grid,13,1.6079090899617815e-08,0.11079987270298704,single_mode_bsv_random_phase_gamma_intensity,shared_fig_iv2_intensity_cases,hhg_intensity_prediction,quantum_light_hhg_bsv_threshold_tdse_dipole_acceleration
BSV - 2e13 W/cm^2,20000000000000.0,0.023872383018394068,24.639401217777074,8.943919935123084e-05,0.0033034103603907577,2.7111166374434535e-05,2.7111166374434537,16.372021878116353,23.430389465091444,30.495271637492333,3.032556670062863,tdse_dipole_acceleration,raw_fft_harmonic_order_grid,13,1.6079090899617815e-08,0.11079987270298704,single_mode_bsv_random_phase_gamma_intensity,shared_fig_iv2_intensity_cases,hhg_intensity_prediction,quantum_light_hhg_bsv_threshold_tdse_dipole_acceleration
BSV - 2e13 W/cm^2,20000000000000.0,0.023872383018394068,24.679400245728015,0.0005501215843857992,0.012802617504347361,0.00016675504598248262,16.675504598248263,16.372021878116353,23.430389465091444,30.495271637492333,3.032556670062863,tdse_dipole_acceleration,raw_fft_harmonic_order_grid,13,1.6079090899617815e-08,0.11079987270298704,single_mode_bsv_random_phase_gamma_intensity,shared_fig_iv2_intensity_cases,hhg_intensity_prediction,quantum_light_hhg_bsv_threshold_tdse_dipole_acceleration
BSV - 2e13 W/cm^2,20000000000000.0,0.023872383018394068,24.719399273678945,5.152125777138834e-05,0.0015582934089702243,1.561732888255126e-05,1.5617328882551262,16.372021878116353,23.430389465091444,30.495271637492333,3.032556670062863,tdse_dipole_acceleration,raw_fft_harmonic_order_grid,13,1.6079090899617815e-08,0.11079987270298704,single_mode_bsv_random_phase_gamma_intensity,shared_fig_iv2_intensity_cases,hhg_intensity_prediction,quantum_light_hhg_bsv_threshold_tdse_dipole_acceleration
BSV - 2e13 W/cm^2,20000000000000.0,0.023872383018394068,24.759398301629886,0.00118743340447363,0.015264765561636463,0.0003599395435196589,35.99395435196589,16.372021878116353,23.430389465091444,30.495271637492333,3.032556670062863,tdse_dipole_acceleration,raw_fft_harmonic_order_grid,13,1.6079090899617815e-08,0.11079987270298704,single_mode_bsv_random_phase_gamma_intensity,shared_fig_iv2_intensity_cases,hhg_intensity_prediction,quantum_light_hhg_bsv_threshold_tdse_dipole_acceleration
BSV - 2e13 W/cm^2,20000000000000.0,0.023872383018394068,24.799397329580824,8.43137617892315e-05,0.004010417365584513,2.555752332426083e-05,2.555752332426083,16.372021878116353,23.430389465091444,30.495271637492333,3.032556670062863,tdse_dipole_acceleration,raw_fft_harmonic_order_grid,13,1.6079090899617815e-08,0.11079987270298704,single_mode_bsv_random_phase_gamma_intensity,shared_fig_iv2_intensity_cases,hhg_intensity_prediction,quantum_light_hhg_bsv_threshold_tdse_dipole_acceleration
BSV - 2e13 W/cm^2,20000000000000.0,0.023872383018394068,24.83939635753176,0.001007121567049139,0.015693716238249982,0.0003052827011154889,30.52827011154889,16.372021878116353,23.430389465091444,30.495271637492333,3.032556670062863,tdse_dipole_acceleration,raw_fft_harmonic_order_grid,13,1.6079090899617815e-08,0.11079987270298704,single_mode_bsv_random_phase_gamma_intensity,shared_fig_iv2_intensity_cases,hhg_intensity_prediction,quantum_light_hhg_bsv_threshold_tdse_dipole_acceleration
BSV - 2e13 W/cm^2,20000000000000.0,0.023872383018394068,24.879395385482695,0.0005718949109802957,0.003619172057180397,0.00017335506347045416,17.335506347045417,16.372021878116353,23.430389465091444,30.495271637492333,3.032556670062863,tdse_dipole_acceleration,raw_fft_harmonic_order_grid,13,1.6079090899617815e-08,0.11079987270298704,single_mode_bsv_random_phase_gamma_intensity,shared_fig_iv2_intensity_cases,hhg_intensity_prediction,quantum_light_hhg_bsv_threshold_tdse_dipole_acceleration
BSV - 2e13 W/cm^2,20000000000000.0,0.023872383018394068,24.919394413433636,0.00025477453699525765,0.01702747929277764,7.722827250860113e-05,7.722827250860114,16.372021878116353,23.430389465091444,30.495271637492333,3.032556670062863,tdse_dipole_acceleration,raw_fft_harmonic_order_grid,13,1.6079090899617815e-08,0.11079987270298704,single_mode_bsv_random_phase_gamma_intensity,shared_fig_iv2_intensity_cases,hhg_intensity_prediction,quantum_light_hhg_bsv_threshold_tdse_dipole_acceleration
BSV - 2e13 W/cm^2,20000000000000.0,0.023872383018394068,24.95939344138457,0.05242119792833643,0.4378349410973762,0.015890122327696505,1589.0122327696504,16.372021878116353,23.430389465091444,30.495271637492333,3.032556670062863,tdse_dipole_acceleration,raw_fft_harmonic_order_grid,13,1.6079090899617815e-08,0.11079987270298704,single_mode_bsv_random_phase_gamma_intensity,shared_fig_iv2_intensity_cases,hhg_intensity_prediction,quantum_light_hhg_bsv_threshold_tdse_dipole_acceleration
BSV - 2e13 W/cm^2,20000000000000.0,0.023872383018394068,24.999392469335508,0.15401516789887132,1.4720552978790182,0.04668569118888592,4668.569118888592,16.372021878116353,23.430389465091444,30.495271637492333,3.032556670062863,tdse_dipole_acceleration,raw_fft_harmonic_order_grid,13,1.6079090899617815e-08,0.11079987270298704,single_mode_bsv_random_phase_gamma_intensity,shared_fig_iv2_intensity_cases,hhg_intensity_prediction,quantum_light_hhg_bsv_threshold_tdse_dipole_acceleration
BSV - 2e13 W/cm^2,20000000000000.0,0.023872383018394068,25.03939149728644,0.06824737547101568,0.6177410673051258,0.020687416305541266,2068.7416305541265,16.372021878116353,23.430389465091444,30.495271637492333,3.032556670062863,tdse_dipole_acceleration,raw_fft_harmonic_order_grid,13,1.6079090899617815e-08,0.11079987270298704,single_mode_bsv_random_phase_gamma_intensity,shared_fig_iv2_intensity_cases,hhg_intensity_prediction,quantum_light_hhg_bsv_threshold_tdse_dipole_acceleration
BSV - 2e13 W/cm^2,20000000000000.0,0.023872383018394068,25.07939052523738,0.0061537999312413,0.17804243283322424,0.0018653643478593004,186.53643478593003,16.372021878116353,23.430389465091444,30.495271637492333,3.032556670062863,tdse_dipole_acceleration,raw_fft_harmonic_order_grid,13,1.6079090899617815e-08,0.11079987270298704,single_mode_bsv_random_phase_gamma_intensity,shared_fig_iv2_intensity_cases,hhg_intensity_prediction,quantum_light_hhg_bsv_threshold_tdse_dipole_acceleration
BSV - 2e13 W/cm^2,20000000000000.0,0.023872383018394068,25.11938955318832,0.0010036646672940562,0.025640924271451943,0.00030423483189170766,30.423483189170767,16.372021878116353,23.430389465091444,30.495271637492333,3.032556670062863,tdse_dipole_acceleration,raw_fft_harmonic_order_grid,13,1.6079090899617815e-08,0.11079987270298704,single_mode_bsv_random_phase_gamma_intensity,shared_fig_iv2_intensity_cases,hhg_intensity_prediction,quantum_light_hhg_bsv_threshold_tdse_dipole_acceleration
BSV - 2e13 W/cm^2,20000000000000.0,0.023872383018394068,25.159388581139254,0.0002714550979494174,0.019232267913678165,8.228455058943681e-05,8.22845505894368,16.372021878116353,23.430389465091444,30.495271637492333,3.032556670062863,tdse_dipole_acceleration,raw_fft_harmonic_order_grid,13,1.6079090899617815e-08,0.11079987270298704,single_mode_bsv_random_phase_gamma_intensity,shared_fig_iv2_intensity_cases,hhg_intensity_prediction,quantum_light_hhg_bsv_threshold_tdse_dipole_acceleration
BSV - 2e13 W/cm^2,20000000000000.0,0.023872383018394068,25.19938760909019,0.0003305707798602861,0.01915695805879356,0.00010020393156835044,10.020393156835045,16.372021878116353,23.430389465091444,30.495271637492333,3.032556670062863,tdse_dipole_acceleration,raw_fft_harmonic_order_grid,13,1.6079090899617815e-08,0.11079987270298704,single_mode_bsv_random_phase_gamma_intensity,shared_fig_iv2_intensity_cases,hhg_intensity_prediction,quantum_light_hhg_bsv_threshold_tdse_dipole_acceleration
BSV - 2e13 W/cm^2,20000000000000.0,0.023872383018394068,25.239386637041125,0.00012054554865536423,0.015384892569314565,3.65402468827903e-05,3.65402468827903,16.372021878116353,23.430389465091444,30.495271637492333,3.032556670062863,tdse_dipole_acceleration,raw_fft_harmonic_order_grid,13,1.6079090899617815e-08,0.11079987270298704,single_mode_bsv_random_phase_gamma_intensity,shared_fig_iv2_intensity_cases,hhg_intensity_prediction,quantum_light_hhg_bsv_threshold_tdse_dipole_acceleration
BSV - 2e13 W/cm^2,20000000000000.0,0.023872383018394068,25.279385664992066,0.0005713766559013694,0.005480378352343584,0.0001731979679265418,17.31979679265418,16.372021878116353,23.430389465091444,30.495271637492333,3.032556670062863,tdse_dipole_acceleration,raw_fft_harmonic_order_grid,13,1.6079090899617815e-08,0.11079987270298704,single_mode_bsv_random_phase_gamma_intensity,shared_fig_iv2_intensity_cases,hhg_intensity_prediction,quantum_light_hhg_bsv_threshold_tdse_dipole_acceleration
BSV - 2e13 W/cm^2,20000000000000.0,0.023872383018394068,25.319384692943004,0.0004364754818079745,0.005765494260292446,0.0001323061866775826,13.230618667758261,16.372021878116353,23.430389465091444,30.495271637492333,3.032556670062863,tdse_dipole_acceleration,raw_fft_harmonic_order_grid,13,1.6079090899617815e-08,0.11079987270298704,single_mode_bsv_random_phase_gamma_intensity,shared_fig_iv2_intensity_cases,hhg_intensity_prediction,quantum_light_hhg_bsv_threshold_tdse_dipole_acceleration
BSV - 2e13 W/cm^2,20000000000000.0,0.023872383018394068,25.359383720893938,5.026474169931736e-05,0.0027993544392755083,1.5236448725649472e-05,1.5236448725649472,16.372021878116353,23.430389465091444,30.495271637492333,3.032556670062863,tdse_dipole_acceleration,raw_fft_harmonic_order_grid,13,1.6079090899617815e-08,0.11079987270298704,single_mode_bsv_random_phase_gamma_intensity,shared_fig_iv2_intensity_cases,hhg_intensity_prediction,quantum_light_hhg_bsv_threshold_tdse_dipole_acceleration
BSV - 2e13 W/cm^2,20000000000000.0,0.023872383018394068,25.399382748844875,0.0001253588379686322,0.001632979077117844,3.799927031241473e-05,3.7999270312414732,16.372021878116353,23.430389465091444,30.495271637492333,3.032556670062863,tdse_dipole_acceleration,raw_fft_harmonic_order_grid,13,1.6079090899617815e-08,0.11079987270298704,single_mode_bsv_random_phase_gamma_intensity,shared_fig_iv2_intensity_cases,hhg_intensity_prediction,quantum_light_hhg_bsv_threshold_tdse_dipole_acceleration
BSV - 2e13 W/cm^2,20000000000000.0,0.023872383018394068,25.439381776795816,0.00039088675929233155,0.005717489706154063,0.000118487151513081,11.8487151513081,16.372021878116353,23.430389465091444,30.495271637492333,3.032556670062863,tdse_dipole_acceleration,raw_fft_harmonic_order_grid,13,1.6079090899617815e-08,0.11079987270298704,single_mode_bsv_random_phase_gamma_intensity,shared_fig_iv2_intensity_cases,hhg_intensity_prediction,quantum_light_hhg_bsv_threshold_tdse_dipole_acceleration
BSV - 2e13 W/cm^2,20000000000000.0,0.023872383018394068,25.47938080474675,0.00012123106708124394,0.0008890621879212006,3.67480439586986e-05,3.67480439586986,16.372021878116353,23.430389465091444,30.495271637492333,3.032556670062863,tdse_dipole_acceleration,raw_fft_harmonic_order_grid,13,1.6079090899617815e-08,0.11079987270298704,single_mode_bsv_random_phase_gamma_intensity,shared_fig_iv2_intensity_cases,hhg_intensity_prediction,quantum_light_hhg_bsv_threshold_tdse_dipole_acceleration
BSV - 2e13 W/cm^2,20000000000000.0,0.023872383018394068,25.519379832697688,0.0003221326126850305,0.006282029973317282,9.764612072206522e-05,9.764612072206521,16.372021878116353,23.430389465091444,30.495271637492333,3.032556670062863,tdse_dipole_acceleration,raw_fft_harmonic_order_grid,13,1.6079090899617815e-08,0.11079987270298704,single_mode_bsv_random_phase_gamma_intensity,shared_fig_iv2_intensity_cases,hhg_intensity_prediction,quantum_light_hhg_bsv_threshold_tdse_dipole_acceleration
BSV - 2e13 W/cm^2,20000000000000.0,0.023872383018394068,25.55937886064862,4.360173277148168e-05,0.000544157687340551,1.3216730918387932e-05,1.3216730918387931,16.372021878116353,23.430389465091444,30.495271637492333,3.032556670062863,tdse_dipole_acceleration,raw_fft_harmonic_order_grid,13,1.6079090899617815e-08,0.11079987270298704,single_mode_bsv_random_phase_gamma_intensity,shared_fig_iv2_intensity_cases,hhg_intensity_prediction,quantum_light_hhg_bsv_threshold_tdse_dipole_acceleration
BSV - 2e13 W/cm^2,20000000000000.0,0.023872383018394068,25.59937788859956,0.0001556472850065106,0.007661188693103839,4.718042502783727e-05,4.718042502783727,16.372021878116353,23.430389465091444,30.495271637492333,3.032556670062863,tdse_dipole_acceleration,raw_fft_harmonic_order_grid,13,1.6079090899617815e-08,0.11079987270298704,single_mode_bsv_random_phase_gamma_intensity,shared_fig_iv2_intensity_cases,hhg_intensity_prediction,quantum_light_hhg_bsv_threshold_tdse_dipole_acceleration
BSV - 2e13 W/cm^2,20000000000000.0,0.023872383018394068,25.639376916550496,0.00018614564486551618,0.006313647018134299,5.642520935375485e-05,5.642520935375485,16.372021878116353,23.430389465091444,30.495271637492333,3.032556670062863,tdse_dipole_acceleration,raw_fft_harmonic_order_grid,13,1.6079090899617815e-08,0.11079987270298704,single_mode_bsv_random_phase_gamma_intensity,shared_fig_iv2_intensity_cases,hhg_intensity_prediction,quantum_light_hhg_bsv_threshold_tdse_dipole_acceleration
BSV - 2e13 W/cm^2,20000000000000.0,0.023872383018394068,25.67937594450143,0.00023658127554021188,0.014060009578032034,7.171345862633057e-05,7.171345862633057,16.372021878116353,23.430389465091444,30.495271637492333,3.032556670062863,tdse_dipole_acceleration,raw_fft_harmonic_order_grid,13,1.6079090899617815e-08,0.11079987270298704,single_mode_bsv_random_phase_gamma_intensity,shared_fig_iv2_intensity_cases,hhg_intensity_prediction,quantum_light_hhg_bsv_threshold_tdse_dipole_acceleration
BSV - 2e13 W/cm^2,20000000000000.0,0.023872383018394068,25.71937497245237,0.00026120410339016087,0.015123254019547373,7.91772282853983e-05,7.917722828539829,16.372021878116353,23.430389465091444,30.495271637492333,3.032556670062863,tdse_dipole_acceleration,raw_fft_harmonic_order_grid,13,1.6079090899617815e-08,0.11079987270298704,single_mode_bsv_random_phase_gamma_intensity,shared_fig_iv2_intensity_cases,hhg_intensity_prediction,quantum_light_hhg_bsv_threshold_tdse_dipole_acceleration
BSV - 2e13 W/cm^2,20000000000000.0,0.023872383018394068,25.759374000403305,0.00018532483600146153,0.008737378292345272,5.617640250131862e-05,5.617640250131862,16.372021878116353,23.430389465091444,30.495271637492333,3.032556670062863,tdse_dipole_acceleration,raw_fft_harmonic_order_grid,13,1.6079090899617815e-08,0.11079987270298704,single_mode_bsv_random_phase_gamma_intensity,shared_fig_iv2_intensity_cases,hhg_intensity_prediction,quantum_light_hhg_bsv_threshold_tdse_dipole_acceleration
BSV - 2e13 W/cm^2,20000000000000.0,0.023872383018394068,25.799373028354243,0.00021329551236815174,0.01406238756578148,6.465498533841293e-05,6.465498533841293,16.372021878116353,23.430389465091444,30.495271637492333,3.032556670062863,tdse_dipole_acceleration,raw_fft_harmonic_order_grid,13,1.6079090899617815e-08,0.11079987270298704,single_mode_bsv_random_phase_gamma_intensity,shared_fig_iv2_intensity_cases,hhg_intensity_prediction,quantum_light_hhg_bsv_threshold_tdse_dipole_acceleration
BSV - 2e13 W/cm^2,20000000000000.0,0.023872383018394068,25.83937205630518,4.670873931039271e-05,0.0005347018388677968,1.4158539116738198e-05,1.4158539116738198,16.372021878116353,23.430389465091444,30.495271637492333,3.032556670062863,tdse_dipole_acceleration,raw_fft_harmonic_order_grid,13,1.6079090899617815e-08,0.11079987270298704,single_mode_bsv_random_phase_gamma_intensity,shared_fig_iv2_intensity_cases,hhg_intensity_prediction,quantum_light_hhg_bsv_threshold_tdse_dipole_acceleration
BSV - 2e13 W/cm^2,20000000000000.0,0.023872383018394068,25.879371084256118,0.00019255438936585136,0.00901648231566616,5.836785351492978e-05,5.836785351492978,16.372021878116353,23.430389465091444,30.495271637492333,3.032556670062863,tdse_dipole_acceleration,raw_fft_harmonic_order_grid,13,1.6079090899617815e-08,0.11079987270298704,single_mode_bsv_random_phase_gamma_intensity,shared_fig_iv2_intensity_cases,hhg_intensity_prediction,quantum_light_hhg_bsv_threshold_tdse_dipole_acceleration
BSV - 2e13 W/cm^2,20000000000000.0,0.023872383018394068,25.919370112207055,8.060036747726298e-05,0.004932208076197198,2.443190444869034e-05,2.443190444869034,16.372021878116353,23.430389465091444,30.495271637492333,3.032556670062863,tdse_dipole_acceleration,raw_fft_harmonic_order_grid,13,1.6079090899617815e-08,0.11079987270298704,single_mode_bsv_random_phase_gamma_intensity,shared_fig_iv2_intensity_cases,hhg_intensity_prediction,quantum_light_hhg_bsv_threshold_tdse_dipole_acceleration
BSV - 2e13 W/cm^2,20000000000000.0,0.023872383018394068,25.95936914015799,0.00010396565298602387,0.003000783118607786,3.151448286407352e-05,3.151448286407352,16.372021878116353,23.430389465091444,30.495271637492333,3.032556670062863,tdse_dipole_acceleration,raw_fft_harmonic_order_grid,13,1.6079090899617815e-08,0.11079987270298704,single_mode_bsv_random_phase_gamma_intensity,shared_fig_iv2_intensity_cases,hhg_intensity_prediction,quantum_light_hhg_bsv_threshold_tdse_dipole_acceleration
BSV - 2e13 W/cm^2,20000000000000.0,0.023872383018394068,25.999368168108926,0.00030305048786983624,0.020929073510991415,9.186187103741798e-05,9.186187103741798,16.372021878116353,23.430389465091444,30.495271637492333,3.032556670062863,tdse_dipole_acceleration,raw_fft_harmonic_order_grid,13,1.6079090899617815e-08,0.11079987270298704,single_mode_bsv_random_phase_gamma_intensity,shared_fig_iv2_intensity_cases,hhg_intensity_prediction,quantum_light_hhg_bsv_threshold_tdse_dipole_acceleration
BSV - 2e13 W/cm^2,20000000000000.0,0.023872383018394068,26.039367196059867,8.518696285195689e-05,0.005161132686864556,2.582221150865428e-05,2.5822211508654282,16.372021878116353,23.430389465091444,30.495271637492333,3.032556670062863,tdse_dipole_acceleration,raw_fft_harmonic_order_grid,13,1.6079090899617815e-08,0.11079987270298704,single_mode_bsv_random_phase_gamma_intensity,shared_fig_iv2_intensity_cases,hhg_intensity_prediction,quantum_light_hhg_bsv_threshold_tdse_dipole_acceleration
BSV - 2e13 W/cm^2,20000000000000.0,0.023872383018394068,26.0793662240108,0.0001381672942781204,0.001177768324229225,4.1881820609433135e-05,4.188182060943314,16.372021878116353,23.430389465091444,30.495271637492333,3.032556670062863,tdse_dipole_acceleration,raw_fft_harmonic_order_grid,13,1.6079090899617815e-08,0.11079987270298704,single_mode_bsv_random_phase_gamma_intensity,shared_fig_iv2_intensity_cases,hhg_intensity_prediction,quantum_light_hhg_bsv_threshold_tdse_dipole_acceleration
BSV - 2e13 W/cm^2,20000000000000.0,0.023872383018394068,26.11936525196174,0.00015654163150203117,0.011885196334439902,4.745152290004913e-05,4.7451522900049135,16.372021878116353,23.430389465091444,30.495271637492333,3.032556670062863,tdse_dipole_acceleration,raw_fft_harmonic_order_grid,13,1.6079090899617815e-08,0.11079987270298704,single_mode_bsv_random_phase_gamma_intensity,shared_fig_iv2_intensity_cases,hhg_intensity_prediction,quantum_light_hhg_bsv_threshold_tdse_dipole_acceleration
BSV - 2e13 W/cm^2,20000000000000.0,0.023872383018394068,26.159364279912676,0.00023641503299171975,0.021290916370281774,7.166306652283038e-05,7.166306652283039,16.372021878116353,23.430389465091444,30.495271637492333,3.032556670062863,tdse_dipole_acceleration,raw_fft_harmonic_order_grid,13,1.6079090899617815e-08,0.11079987270298704,single_mode_bsv_random_phase_gamma_intensity,shared_fig_iv2_intensity_cases,hhg_intensity_prediction,quantum_light_hhg_bsv_threshold_tdse_dipole_acceleration
BSV - 2e13 W/cm^2,20000000000000.0,0.023872383018394068,26.19936330786361,5.0851531195599014e-05,0.0036646539906682253,1.541431869514673e-05,1.5414318695146731,16.372021878116353,23.430389465091444,30.495271637492333,3.032556670062863,tdse_dipole_acceleration,raw_fft_harmonic_order_grid,13,1.6079090899617815e-08,0.11079987270298704,single_mode_bsv_random_phase_gamma_intensity,shared_fig_iv2_intensity_cases,hhg_intensity_prediction,quantum_light_hhg_bsv_threshold_tdse_dipole_acceleration
BSV - 2e13 W/cm^2,20000000000000.0,0.023872383018394068,26.23936233581455,5.348950135989423e-05,0.004394622024027355,1.6213950719290266e-05,1.6213950719290267,16.372021878116353,23.430389465091444,30.495271637492333,3.032556670062863,tdse_dipole_acceleration,raw_fft_harmonic_order_grid,13,1.6079090899617815e-08,0.11079987270298704,single_mode_bsv_random_phase_gamma_intensity,shared_fig_iv2_intensity_cases,hhg_intensity_prediction,quantum_light_hhg_bsv_threshold_tdse_dipole_acceleration
BSV - 2e13 W/cm^2,20000000000000.0,0.023872383018394068,26.27936136376548,2.2780873959049202e-05,0.0006106149157484408,6.905429258522389e-06,0.6905429258522389,16.372021878116353,23.430389465091444,30.495271637492333,3.032556670062863,tdse_dipole_acceleration,raw_fft_harmonic_order_grid,13,1.6079090899617815e-08,0.11079987270298704,single_mode_bsv_random_phase_gamma_intensity,shared_fig_iv2_intensity_cases,hhg_intensity_prediction,quantum_light_hhg_bsv_threshold_tdse_dipole_acceleration
BSV - 2e13 W/cm^2,20000000000000.0,0.023872383018394068,26.319360391716422,0.00014347936574015185,0.003687589741911915,4.349203687081159e-05,4.349203687081159,16.372021878116353,23.430389465091444,30.495271637492333,3.032556670062863,tdse_dipole_acceleration,raw_fft_harmonic_order_grid,13,1.6079090899617815e-08,0.11079987270298704,single_mode_bsv_random_phase_gamma_intensity,shared_fig_iv2_intensity_cases,hhg_intensity_prediction,quantum_light_hhg_bsv_threshold_tdse_dipole_acceleration
BSV - 2e13 W/cm^2,20000000000000.0,0.023872383018394068,26.35935941966736,4.400025292071323e-05,0.00028035967407617524,1.3337531933465804e-05,1.3337531933465805,16.372021878116353,23.430389465091444,30.495271637492333,3.032556670062863,tdse_dipole_acceleration,raw_fft_harmonic_order_grid,13,1.6079090899617815e-08,0.11079987270298704,single_mode_bsv_random_phase_gamma_intensity,shared_fig_iv2_intensity_cases,hhg_intensity_prediction,quantum_light_hhg_bsv_threshold_tdse_dipole_acceleration
BSV - 2e13 W/cm^2,20000000000000.0,0.023872383018394068,26.399358447618297,6.230475068593386e-05,0.003229983442533856,1.8886064209169057e-05,1.8886064209169058,16.372021878116353,23.430389465091444,30.495271637492333,3.032556670062863,tdse_dipole_acceleration,raw_fft_harmonic_order_grid,13,1.6079090899617815e-08,0.11079987270298704,single_mode_bsv_random_phase_gamma_intensity,shared_fig_iv2_intensity_cases,hhg_intensity_prediction,quantum_light_hhg_bsv_threshold_tdse_dipole_acceleration
BSV - 2e13 W/cm^2,20000000000000.0,0.023872383018394068,26.43935747556923,0.00022664029604157646,0.0026496078042704983,6.870010932236411e-05,6.870010932236411,16.372021878116353,23.430389465091444,30.495271637492333,3.032556670062863,tdse_dipole_acceleration,raw_fft_harmonic_order_grid,13,1.6079090899617815e-08,0.11079987270298704,single_mode_bsv_random_phase_gamma_intensity,shared_fig_iv2_intensity_cases,hhg_intensity_prediction,quantum_light_hhg_bsv_threshold_tdse_dipole_acceleration
BSV - 2e13 W/cm^2,20000000000000.0,0.023872383018394068,26.479356503520172,0.000194923828015786,0.0023600383920701316,5.908608719678697e-05,5.908608719678697,16.372021878116353,23.430389465091444,30.495271637492333,3.032556670062863,tdse_dipole_acceleration,raw_fft_harmonic_order_grid,13,1.6079090899617815e-08,0.11079987270298704,single_mode_bsv_random_phase_gamma_intensity,shared_fig_iv2_intensity_cases,hhg_intensity_prediction,quantum_light_hhg_bsv_threshold_tdse_dipole_acceleration
BSV - 2e13 W/cm^2,20000000000000.0,0.023872383018394068,26.519355531471106,0.00029341652165111636,0.012051624255781424,8.894158482179901e-05,8.8941584821799,16.372021878116353,23.430389465091444,30.495271637492333,3.032556670062863,tdse_dipole_acceleration,raw_fft_harmonic_order_grid,13,1.6079090899617815e-08,0.11079987270298704,single_mode_bsv_random_phase_gamma_intensity,shared_fig_iv2_intensity_cases,hhg_intensity_prediction,quantum_light_hhg_bsv_threshold_tdse_dipole_acceleration
BSV - 2e13 W/cm^2,20000000000000.0,0.023872383018394068,26.559354559422044,8.130336496675222e-05,0.006114208856335521,2.4644999847985083e-05,2.464499984798508,16.372021878116353,23.430389465091444,30.495271637492333,3.032556670062863,tdse_dipole_acceleration,raw_fft_harmonic_order_grid,13,1.6079090899617815e-08,0.11079987270298704,single_mode_bsv_random_phase_gamma_intensity,shared_fig_iv2_intensity_cases,hhg_intensity_prediction,quantum_light_hhg_bsv_threshold_tdse_dipole_acceleration
BSV - 2e13 W/cm^2,20000000000000.0,0.023872383018394068,26.599353587372978,0.00010770637876614314,0.009963087841434832,3.26483865631405e-05,3.2648386563140503,16.372021878116353,23.430389465091444,30.495271637492333,3.032556670062863,tdse_dipole_acceleration,raw_fft_harmonic_order_grid,13,1.6079090899617815e-08,0.11079987270298704,single_mode_bsv_random_phase_gamma_intensity,shared_fig_iv2_intensity_cases,hhg_intensity_prediction,quantum_light_hhg_bsv_threshold_tdse_dipole_acceleration
BSV - 2e13 W/cm^2,20000000000000.0,0.023872383018394068,26.639352615323915,0.0002763915908114538,0.012247685591799536,8.378091996952604e-05,8.378091996952604,16.372021878116353,23.430389465091444,30.495271637492333,3.032556670062863,tdse_dipole_acceleration,raw_fft_harmonic_order_grid,13,1.6079090899617815e-08,0.11079987270298704,single_mode_bsv_random_phase_gamma_intensity,shared_fig_iv2_intensity_cases,hhg_intensity_prediction,quantum_light_hhg_bsv_threshold_tdse_dipole_acceleration
BSV - 2e13 W/cm^2,20000000000000.0,0.023872383018394068,26.679351643274856,0.0003655458883356427,0.022807820957435825,0.00011080572576728565,11.080572576728565,16.372021878116353,23.430389465091444,30.495271637492333,3.032556670062863,tdse_dipole_acceleration,raw_fft_harmonic_order_grid,13,1.6079090899617815e-08,0.11079987270298704,single_mode_bsv_random_phase_gamma_intensity,shared_fig_iv2_intensity_cases,hhg_intensity_prediction,quantum_light_hhg_bsv_threshold_tdse_dipole_acceleration
BSV - 2e13 W/cm^2,20000000000000.0,0.023872383018394068,26.719350671225786,0.0007250289530422801,0.058604320918267554,0.00021977366428583571,21.977366428583572,16.372021878116353,23.430389465091444,30.495271637492333,3.032556670062863,tdse_dipole_acceleration,raw_fft_harmonic_order_grid,13,1.6079090899617815e-08,0.11079987270298704,single_mode_bsv_random_phase_gamma_intensity,shared_fig_iv2_intensity_cases,hhg_intensity_prediction,quantum_light_hhg_bsv_threshold_tdse_dipole_acceleration
BSV - 2e13 W/cm^2,20000000000000.0,0.023872383018394068,26.759349699176727,0.0012236244500584007,0.05784226133660352,0.00037090991741869537,37.09099174186954,16.372021878116353,23.430389465091444,30.495271637492333,3.032556670062863,tdse_dipole_acceleration,raw_fft_harmonic_order_grid,13,1.6079090899617815e-08,0.11079987270298704,single_mode_bsv_random_phase_gamma_intensity,shared_fig_iv2_intensity_cases,hhg_intensity_prediction,quantum_light_hhg_bsv_threshold_tdse_dipole_acceleration
BSV - 2e13 W/cm^2,20000000000000.0,0.023872383018394068,26.79934872712766,0.00028118207683086187,0.014602648489890136,8.523303117388228e-05,8.52330311738823,16.372021878116353,23.430389465091444,30.495271637492333,3.032556670062863,tdse_dipole_acceleration,raw_fft_harmonic_order_grid,13,1.6079090899617815e-08,0.11079987270298704,single_mode_bsv_random_phase_gamma_intensity,shared_fig_iv2_intensity_cases,hhg_intensity_prediction,quantum_light_hhg_bsv_threshold_tdse_dipole_acceleration
BSV - 2e13 W/cm^2,20000000000000.0,0.023872383018394068,26.839347755078602,0.0003133212517479672,0.008935467753649553,9.49751858961417e-05,9.49751858961417,16.372021878116353,23.430389465091444,30.495271637492333,3.032556670062863,tdse_dipole_acceleration,raw_fft_harmonic_order_grid,13,1.6079090899617815e-08,0.11079987270298704,single_mode_bsv_random_phase_gamma_intensity,shared_fig_iv2_intensity_cases,hhg_intensity_prediction,quantum_light_hhg_bsv_threshold_tdse_dipole_acceleration
BSV - 2e13 W/cm^2,20000000000000.0,0.023872383018394068,26.879346783029536,0.0010817839732525946,0.017617483542709655,0.0003279146670899209,32.79146670899209,16.372021878116353,23.430389465091444,30.495271637492333,3.032556670062863,tdse_dipole_acceleration,raw_fft_harmonic_order_grid,13,1.6079090899617815e-08,0.11079987270298704,single_mode_bsv_random_phase_gamma_intensity,shared_fig_iv2_intensity_cases,hhg_intensity_prediction,quantum_light_hhg_bsv_threshold_tdse_dipole_acceleration
BSV - 2e13 W/cm^2,20000000000000.0,0.023872383018394068,26.919345810980474,0.0006103290432133676,0.01456154788033611,0.00018500537072930923,18.50053707293092,16.372021878116353,23.430389465091444,30.495271637492333,3.032556670062863,tdse_dipole_acceleration,raw_fft_harmonic_order_grid,13,1.6079090899617815e-08,0.11079987270298704,single_mode_bsv_random_phase_gamma_intensity,shared_fig_iv2_intensity_cases,hhg_intensity_prediction,quantum_light_hhg_bsv_threshold_tdse_dipole_acceleration
BSV - 2e13 W/cm^2,20000000000000.0,0.023872383018394068,26.95934483893141,0.05280156721589171,0.4964419065874267,0.016005421381281942,1600.5421381281942,16.372021878116353,23.430389465091444,30.495271637492333,3.032556670062863,tdse_dipole_acceleration,raw_fft_harmonic_order_grid,13,1.6079090899617815e-08,0.11079987270298704,single_mode_bsv_random_phase_gamma_intensity,shared_fig_iv2_intensity_cases,hhg_intensity_prediction,quantum_light_hhg_bsv_threshold_tdse_dipole_acceleration
BSV - 2e13 W/cm^2,20000000000000.0,0.023872383018394068,26.999343866882352,0.1462851092358067,1.4558089569472812,0.044342525015455735,4434.252501545573,16.372021878116353,23.430389465091444,30.495271637492333,3.032556670062863,tdse_dipole_acceleration,raw_fft_harmonic_order_grid,13,1.6079090899617815e-08,0.11079987270298704,single_mode_bsv_random_phase_gamma_intensity,shared_fig_iv2_intensity_cases,hhg_intensity_prediction,quantum_light_hhg_bsv_threshold_tdse_dipole_acceleration
BSV - 2e13 W/cm^2,20000000000000.0,0.023872383018394068,27.039342894833283,0.08933958826847051,1.532515547569281,0.027080971866243024,2708.0971866243026,16.372021878116353,23.430389465091444,30.495271637492333,3.032556670062863,tdse_dipole_acceleration,raw_fft_harmonic_order_grid,13,1.6079090899617815e-08,0.11079987270298704,single_mode_bsv_random_phase_gamma_intensity,shared_fig_iv2_intensity_cases,hhg_intensity_prediction,quantum_light_hhg_bsv_threshold_tdse_dipole_acceleration
BSV - 2e13 W/cm^2,20000000000000.0,0.023872383018394068,27.079341922784224,0.00887996022941931,0.6094017514312017,0.0026917289166770216,269.1728916677022,16.372021878116353,23.430389465091444,30.495271637492333,3.032556670062863,tdse_dipole_acceleration,raw_fft_harmonic_order_grid,13,1.6079090899617815e-08,0.11079987270298704,single_mode_bsv_random_phase_gamma_intensity,shared_fig_iv2_intensity_cases,hhg_intensity_prediction,quantum_light_hhg_bsv_threshold_tdse_dipole_acceleration
BSV - 2e13 W/cm^2,20000000000000.0,0.023872383018394068,27.119340950735157,0.003137896605341687,0.12076601657018306,0.000951171718332484,95.1171718332484,16.372021878116353,23.430389465091444,30.495271637492333,3.032556670062863,tdse_dipole_acceleration,raw_fft_harmonic_order_grid,13,1.6079090899617815e-08,0.11079987270298704,single_mode_bsv_random_phase_gamma_intensity,shared_fig_iv2_intensity_cases,hhg_intensity_prediction,quantum_light_hhg_bsv_threshold_tdse_dipole_acceleration
BSV - 2e13 W/cm^2,20000000000000.0,0.023872383018394068,27.159339978686095,0.00034391721462950537,0.0406748802156571,0.00010424955603903576,10.424955603903577,16.372021878116353,23.430389465091444,30.495271637492333,3.032556670062863,tdse_dipole_acceleration,raw_fft_harmonic_order_grid,13,1.6079090899617815e-08,0.11079987270298704,single_mode_bsv_random_phase_gamma_intensity,shared_fig_iv2_intensity_cases,hhg_intensity_prediction,quantum_light_hhg_bsv_threshold_tdse_dipole_acceleration
BSV - 2e13 W/cm^2,20000000000000.0,0.023872383018394068,27.199339006637032,0.0007060648411231235,0.04152593422489645,0.00021402518714032134,21.402518714032134,16.372021878116353,23.430389465091444,30.495271637492333,3.032556670062863,tdse_dipole_acceleration,raw_fft_harmonic_order_grid,13,1.6079090899617815e-08,0.11079987270298704,single_mode_bsv_random_phase_gamma_intensity,shared_fig_iv2_intensity_cases,hhg_intensity_prediction,quantum_light_hhg_bsv_threshold_tdse_dipole_acceleration
BSV - 2e13 W/cm^2,20000000000000.0,0.023872383018394068,27.239338034587966,0.0008101399684931682,0.055841946005976376,0.0002455728543157534,24.55728543157534,16.372021878116353,23.430389465091444,30.495271637492333,3.032556670062863,tdse_dipole_acceleration,raw_fft_harmonic_order_grid,13,1.6079090899617815e-08,0.11079987270298704,single_mode_bsv_random_phase_gamma_intensity,shared_fig_iv2_intensity_cases,hhg_intensity_prediction,quantum_light_hhg_bsv_threshold_tdse_dipole_acceleration
BSV - 2e13 W/cm^2,20000000000000.0,0.023872383018394068,27.279337062538907,0.00032290659092854164,0.015476713493758882,9.788073209025982e-05,9.788073209025983,16.372021878116353,23.430389465091444,30.495271637492333,3.032556670062863,tdse_dipole_acceleration,raw_fft_harmonic_order_grid,13,1.6079090899617815e-08,0.11079987270298704,single_mode_bsv_random_phase_gamma_intensity,shared_fig_iv2_intensity_cases,hhg_intensity_prediction,quantum_light_hhg_bsv_threshold_tdse_dipole_acceleration
BSV - 2e13 W/cm^2,20000000000000.0,0.023872383018394068,27.31933609048984,0.00018826218259932815,0.0065600956290595425,5.706678270252561e-05,5.706678270252561,16.372021878116353,23.430389465091444,30.495271637492333,3.032556670062863,tdse_dipole_acceleration,raw_fft_harmonic_order_grid,13,1.6079090899617815e-08,0.11079987270298704,single_mode_bsv_random_phase_gamma_intensity,shared_fig_iv2_intensity_cases,hhg_intensity_prediction,quantum_light_hhg_bsv_threshold_tdse_dipole_acceleration
BSV - 2e13 W/cm^2,20000000000000.0,0.023872383018394068,27.35933511844078,8.611513252163052e-05,0.002294804430869669,2.6103561996144748e-05,2.6103561996144746,16.372021878116353,23.430389465091444,30.495271637492333,3.032556670062863,tdse_dipole_acceleration,raw_fft_harmonic_order_grid,13,1.6079090899617815e-08,0.11079987270298704,single_mode_bsv_random_phase_gamma_intensity,shared_fig_iv2_intensity_cases,hhg_intensity_prediction,quantum_light_hhg_bsv_threshold_tdse_dipole_acceleration
BSV - 2e13 W/cm^2,20000000000000.0,0.023872383018394068,27.399334146391716,0.0001580210849666312,0.002732641316213149,4.789998072741063e-05,4.789998072741063,16.372021878116353,23.430389465091444,30.495271637492333,3.032556670062863,tdse_dipole_acceleration,raw_fft_harmonic_order_grid,13,1.6079090899617815e-08,0.11079987270298704,single_mode_bsv_random_phase_gamma_intensity,shared_fig_iv2_intensity_cases,hhg_intensity_prediction,quantum_light_hhg_bsv_threshold_tdse_dipole_acceleration
BSV - 2e13 W/cm^2,20000000000000.0,0.023872383018394068,27.439333174342654,0.0001973127569371974,0.0036667210174920317,5.981022884737065e-05,5.981022884737065,16.372021878116353,23.430389465091444,30.495271637492333,3.032556670062863,tdse_dipole_acceleration,raw_fft_harmonic_order_grid,13,1.6079090899617815e-08,0.11079987270298704,single_mode_bsv_random_phase_gamma_intensity,shared_fig_iv2_intensity_cases,hhg_intensity_prediction,quantum_light_hhg_bsv_threshold_tdse_dipole_acceleration
BSV - 2e13 W/cm^2,20000000000000.0,0.023872383018394068,27.47933220229359,5.6173017164425946e-05,0.0009112515929746575,1.702738871932624e-05,1.702738871932624,16.372021878116353,23.430389465091444,30.495271637492333,3.032556670062863,tdse_dipole_acceleration,raw_fft_harmonic_order_grid,13,1.6079090899617815e-08,0.11079987270298704,single_mode_bsv_random_phase_gamma_intensity,shared_fig_iv2_intensity_cases,hhg_intensity_prediction,quantum_light_hhg_bsv_threshold_tdse_dipole_acceleration
BSV - 2e13 W/cm^2,20000000000000.0,0.023872383018394068,27.51933123024453,0.00013937138677477825,0.002577833855077676,4.224680992333457e-05,4.224680992333457,16.372021878116353,23.430389465091444,30.495271637492333,3.032556670062863,tdse_dipole_acceleration,raw_fft_harmonic_order_grid,13,1.6079090899617815e-08,0.11079987270298704,single_mode_bsv_random_phase_gamma_intensity,shared_fig_iv2_intensity_cases,hhg_intensity_prediction,quantum_light_hhg_bsv_threshold_tdse_dipole_acceleration
BSV - 2e13 W/cm^2,20000000000000.0,0.023872383018394068,27.559330258195466,4.303681253882109e-05,0.0007168916364479914,1.3045490047192288e-05,1.3045490047192287,16.372021878116353,23.430389465091444,30.495271637492333,3.032556670062863,tdse_dipole_acceleration,raw_fft_harmonic_order_grid,13,1.6079090899617815e-08,0.11079987270298704,single_mode_bsv_random_phase_gamma_intensity,shared_fig_iv2_intensity_cases,hhg_intensity_prediction,quantum_light_hhg_bsv_threshold_tdse_dipole_acceleration
BSV - 2e13 W/cm^2,20000000000000.0,0.023872383018394068,27.5993292861464,0.00016785144663999943,0.004805192756648891,5.087979911555324e-05,5.087979911555324,16.372021878116353,23.430389465091444,30.495271637492333,3.032556670062863,tdse_dipole_acceleration,raw_fft_harmonic_order_grid,13,1.6079090899617815e-08,0.11079987270298704,single_mode_bsv_random_phase_gamma_intensity,shared_fig_iv2_intensity_cases,hhg_intensity_prediction,quantum_light_hhg_bsv_threshold_tdse_dipole_acceleration
BSV - 2e13 W/cm^2,20000000000000.0,0.023872383018394068,27.639328314097334,0.00017111511282305432,0.005422782128888919,5.1869094609265633e-05,5.186909460926564,16.372021878116353,23.430389465091444,30.495271637492333,3.032556670062863,tdse_dipole_acceleration,raw_fft_harmonic_order_grid,13,1.6079090899617815e-08,0.11079987270298704,single_mode_bsv_random_phase_gamma_intensity,shared_fig_iv2_intensity_cases,hhg_intensity_prediction,quantum_light_hhg_bsv_threshold_tdse_dipole_acceleration
BSV - 2e13 W/cm^2,20000000000000.0,0.023872383018394068,27.679327342048275,0.0002481246765678545,0.011812870687653626,7.52125403271657e-05,7.52125403271657,16.372021878116353,23.430389465091444,30.495271637492333,3.032556670062863,tdse_dipole_acceleration,raw_fft_harmonic_order_grid,13,1.6079090899617815e-08,0.11079987270298704,single_mode_bsv_random_phase_gamma_intensity,shared_fig_iv2_intensity_cases,hhg_intensity_prediction,quantum_light_hhg_bsv_threshold_tdse_dipole_acceleration
BSV - 2e13 W/cm^2,20000000000000.0,0.023872383018394068,27.719326369999212,0.00028023268778853397,0.012672282291427597,8.49452485856288e-05,8.49452485856288,16.372021878116353,23.430389465091444,30.495271637492333,3.032556670062863,tdse_dipole_acceleration,raw_fft_harmonic_order_grid,13,1.6079090899617815e-08,0.11079987270298704,single_mode_bsv_random_phase_gamma_intensity,shared_fig_iv2_intensity_cases,hhg_intensity_prediction,quantum_light_hhg_bsv_threshold_tdse_dipole_acceleration
BSV - 2e13 W/cm^2,20000000000000.0,0.023872383018394068,27.759325397950146,0.00024545079352869916,0.008684232465349943,7.440202224934123e-05,7.440202224934123,16.372021878116353,23.430389465091444,30.495271637492333,3.032556670062863,tdse_dipole_acceleration,raw_fft_harmonic_order_grid,13,1.6079090899617815e-08,0.11079987270298704,single_mode_bsv_random_phase_gamma_intensity,shared_fig_iv2_intensity_cases,hhg_intensity_prediction,quantum_light_hhg_bsv_threshold_tdse_dipole_acceleration
BSV - 2e13 W/cm^2,20000000000000.0,0.023872383018394068,27.799324425901087,0.00020575456867036462,0.008780142698412844,6.23691444465676e-05,6.236914444656759,16.372021878116353,23.430389465091444,30.495271637492333,3.032556670062863,tdse_dipole_acceleration,raw_fft_harmonic_order_grid,13,1.6079090899617815e-08,0.11079987270298704,single_mode_bsv_random_phase_gamma_intensity,shared_fig_iv2_intensity_cases,hhg_intensity_prediction,quantum_light_hhg_bsv_threshold_tdse_dipole_acceleration
BSV - 2e13 W/cm^2,20000000000000.0,0.023872383018394068,27.83932345385202,0.00015545166888921634,0.0030364691652086423,4.712112909115677e-05,4.712112909115677,16.372021878116353,23.430389465091444,30.495271637492333,3.032556670062863,tdse_dipole_acceleration,raw_fft_harmonic_order_grid,13,1.6079090899617815e-08,0.11079987270298704,single_mode_bsv_random_phase_gamma_intensity,shared_fig_iv2_intensity_cases,hhg_intensity_prediction,quantum_light_hhg_bsv_threshold_tdse_dipole_acceleration
BSV - 2e13 W/cm^2,20000000000000.0,0.023872383018394068,27.879322481802955,0.00017883988768841038,0.0030850069503271516,5.4210659136887226e-05,5.4210659136887225,16.372021878116353,23.430389465091444,30.495271637492333,3.032556670062863,tdse_dipole_acceleration,raw_fft_harmonic_order_grid,13,1.6079090899617815e-08,0.11079987270298704,single_mode_bsv_random_phase_gamma_intensity,shared_fig_iv2_intensity_cases,hhg_intensity_prediction,quantum_light_hhg_bsv_threshold_tdse_dipole_acceleration
BSV - 2e13 W/cm^2,20000000000000.0,0.023872383018394068,27.919321509753892,0.00011896069104494116,0.003427344931789347,3.605983853088596e-05,3.605983853088596,16.372021878116353,23.430389465091444,30.495271637492333,3.032556670062863,tdse_dipole_acceleration,raw_fft_harmonic_order_grid,13,1.6079090899617815e-08,0.11079987270298704,single_mode_bsv_random_phase_gamma_intensity,shared_fig_iv2_intensity_cases,hhg_intensity_prediction,quantum_light_hhg_bsv_threshold_tdse_dipole_acceleration
BSV - 2e13 W/cm^2,20000000000000.0,0.023872383018394068,27.95932053770483,0.00021140990135243293,0.002797727459366224,6.40834114162911e-05,6.408341141629109,16.372021878116353,23.430389465091444,30.495271637492333,3.032556670062863,tdse_dipole_acceleration,raw_fft_harmonic_order_grid,13,1.6079090899617815e-08,0.11079987270298704,single_mode_bsv_random_phase_gamma_intensity,shared_fig_iv2_intensity_cases,hhg_intensity_prediction,quantum_light_hhg_bsv_threshold_tdse_dipole_acceleration
BSV - 2e13 W/cm^2,20000000000000.0,0.023872383018394068,27.999319565655767,0.0002640181832082779,0.014379700421075413,8.003024336931361e-05,8.003024336931361,16.372021878116353,23.430389465091444,30.495271637492333,3.032556670062863,tdse_dipole_acceleration,raw_fft_harmonic_order_grid,13,1.6079090899617815e-08,0.11079987270298704,single_mode_bsv_random_phase_gamma_intensity,shared_fig_iv2_intensity_cases,hhg_intensity_prediction,quantum_light_hhg_bsv_threshold_tdse_dipole_acceleration
BSV - 2e13 W/cm^2,20000000000000.0,0.023872383018394068,28.03931859360671,0.0002538365019403811,0.006046283857482868,7.694393158625073e-05,7.694393158625073,16.372021878116353,23.430389465091444,30.495271637492333,3.032556670062863,tdse_dipole_acceleration,raw_fft_harmonic_order_grid,13,1.6079090899617815e-08,0.11079987270298704,single_mode_bsv_random_phase_gamma_intensity,shared_fig_iv2_intensity_cases,hhg_intensity_prediction,quantum_light_hhg_bsv_threshold_tdse_dipole_acceleration
BSV - 2e13 W/cm^2,20000000000000.0,0.023872383018394068,28.079317621557642,0.0001853295223693798,0.002086159568104242,5.6177823051829416e-05,5.617782305182942,16.372021878116353,23.430389465091444,30.495271637492333,3.032556670062863,tdse_dipole_acceleration,raw_fft_harmonic_order_grid,13,1.6079090899617815e-08,0.11079987270298704,single_mode_bsv_random_phase_gamma_intensity,shared_fig_iv2_intensity_cases,hhg_intensity_prediction,quantum_light_hhg_bsv_threshold_tdse_dipole_acceleration
BSV - 2e13 W/cm^2,20000000000000.0,0.023872383018394068,28.11931664950858,0.0002120990247408144,0.012139197805648167,6.429230124279274e-05,6.429230124279274,16.372021878116353,23.430389465091444,30.495271637492333,3.032556670062863,tdse_dipole_acceleration,raw_fft_harmonic_order_grid,13,1.6079090899617815e-08,0.11079987270298704,single_mode_bsv_random_phase_gamma_intensity,shared_fig_iv2_intensity_cases,hhg_intensity_prediction,quantum_light_hhg_bsv_threshold_tdse_dipole_acceleration
BSV - 2e13 W/cm^2,20000000000000.0,0.023872383018394068,28.159315677459517,0.0005005548189567099,0.016016184978504853,0.00015173017060414421,15.173017060414422,16.372021878116353,23.430389465091444,30.495271637492333,3.032556670062863,tdse_dipole_acceleration,raw_fft_harmonic_order_grid,13,1.6079090899617815e-08,0.11079987270298704,single_mode_bsv_random_phase_gamma_intensity,shared_fig_iv2_intensity_cases,hhg_intensity_prediction,quantum_light_hhg_bsv_threshold_tdse_dipole_acceleration
BSV - 2e13 W/cm^2,20000000000000.0,0.023872383018394068,28.19931470541045,0.00028653434462552215,0.009781265895920809,8.6855431907723e-05,8.6855431907723,16.372021878116353,23.430389465091444,30.495271637492333,3.032556670062863,tdse_dipole_acceleration,raw_fft_harmonic_order_grid,13,1.6079090899617815e-08,0.11079987270298704,single_mode_bsv_random_phase_gamma_intensity,shared_fig_iv2_intensity_cases,hhg_intensity_prediction,quantum_light_hhg_bsv_threshold_tdse_dipole_acceleration
BSV - 2e13 W/cm^2,20000000000000.0,0.023872383018394068,28.23931373336139,0.0001255375602925633,0.0017250601310820793,3.80534453351572e-05,3.8053445335157203,16.372021878116353,23.430389465091444,30.495271637492333,3.032556670062863,tdse_dipole_acceleration,raw_fft_harmonic_order_grid,13,1.6079090899617815e-08,0.11079987270298704,single_mode_bsv_random_phase_gamma_intensity,shared_fig_iv2_intensity_cases,hhg_intensity_prediction,quantum_light_hhg_bsv_threshold_tdse_dipole_acceleration
BSV - 2e13 W/cm^2,20000000000000.0,0.023872383018394068,28.279312761312323,0.00018413611704833787,0.0015955861798505086,5.581607327717138e-05,5.581607327717138,16.372021878116353,23.430389465091444,30.495271637492333,3.032556670062863,tdse_dipole_acceleration,raw_fft_harmonic_order_grid,13,1.6079090899617815e-08,0.11079987270298704,single_mode_bsv_random_phase_gamma_intensity,shared_fig_iv2_intensity_cases,hhg_intensity_prediction,quantum_light_hhg_bsv_threshold_tdse_dipole_acceleration
BSV - 2e13 W/cm^2,20000000000000.0,0.023872383018394068,28.319311789263264,6.775007711809997e-05,0.0007473965050495634,2.0536673247895094e-05,2.0536673247895094,16.372021878116353,23.430389465091444,30.495271637492333,3.032556670062863,tdse_dipole_acceleration,raw_fft_harmonic_order_grid,13,1.6079090899617815e-08,0.11079987270298704,single_mode_bsv_random_phase_gamma_intensity,shared_fig_iv2_intensity_cases,hhg_intensity_prediction,quantum_light_hhg_bsv_threshold_tdse_dipole_acceleration
BSV - 2e13 W/cm^2,20000000000000.0,0.023872383018394068,28.359310817214197,0.0001996803702725393,0.0033774175903729872,6.052790923259763e-05,6.052790923259763,16.372021878116353,23.430389465091444,30.495271637492333,3.032556670062863,tdse_dipole_acceleration,raw_fft_harmonic_order_grid,13,1.6079090899617815e-08,0.11079987270298704,single_mode_bsv_random_phase_gamma_intensity,shared_fig_iv2_intensity_cases,hhg_intensity_prediction,quantum_light_hhg_bsv_threshold_tdse_dipole_acceleration
BSV - 2e13 W/cm^2,20000000000000.0,0.023872383018394068,28.39930984516514,8.770129647749373e-05,0.0005917511655278348,2.6584366332682523e-05,2.6584366332682525,16.372021878116353,23.430389465091444,30.495271637492333,3.032556670062863,tdse_dipole_acceleration,raw_fft_harmonic_order_grid,13,1.6079090899617815e-08,0.11079987270298704,single_mode_bsv_random_phase_gamma_intensity,shared_fig_iv2_intensity_cases,hhg_intensity_prediction,quantum_light_hhg_bsv_threshold_tdse_dipole_acceleration
BSV - 2e13 W/cm^2,20000000000000.0,0.023872383018394068,28.439308873116076,0.00016131956814809443,0.0018854481029154776,4.8899830088368634e-05,4.889983008836864,16.372021878116353,23.430389465091444,30.495271637492333,3.032556670062863,tdse_dipole_acceleration,raw_fft_harmonic_order_grid,13,1.6079090899617815e-08,0.11079987270298704,single_mode_bsv_random_phase_gamma_intensity,shared_fig_iv2_intensity_cases,hhg_intensity_prediction,quantum_light_hhg_bsv_threshold_tdse_dipole_acceleration
BSV - 2e13 W/cm^2,20000000000000.0,0.023872383018394068,28.479307901067013,0.00022149813968359232,0.003489709052951909,6.714139840415479e-05,6.714139840415479,16.372021878116353,23.430389465091444,30.495271637492333,3.032556670062863,tdse_dipole_acceleration,raw_fft_harmonic_order_grid,13,1.6079090899617815e-08,0.11079987270298704,single_mode_bsv_random_phase_gamma_intensity,shared_fig_iv2_intensity_cases,hhg_intensity_prediction,quantum_light_hhg_bsv_threshold_tdse_dipole_acceleration
BSV - 2e13 W/cm^2,20000000000000.0,0.023872383018394068,28.519306929017944,0.00010125006855381885,0.0010139800732813487,3.0691324093876846e-05,3.0691324093876844,16.372021878116353,23.430389465091444,30.495271637492333,3.032556670062863,tdse_dipole_acceleration,raw_fft_harmonic_order_grid,13,1.6079090899617815e-08,0.11079987270298704,single_mode_bsv_random_phase_gamma_intensity,shared_fig_iv2_intensity_cases,hhg_intensity_prediction,quantum_light_hhg_bsv_threshold_tdse_dipole_acceleration
BSV - 2e13 W/cm^2,20000000000000.0,0.023872383018394068,28.55930595696888,0.0002499908408664949,0.00684763137181599,7.577821948294375e-05,7.577821948294375,16.372021878116353,23.430389465091444,30.495271637492333,3.032556670062863,tdse_dipole_acceleration,raw_fft_harmonic_order_grid,13,1.6079090899617815e-08,0.11079987270298704,single_mode_bsv_random_phase_gamma_intensity,shared_fig_iv2_intensity_cases,hhg_intensity_prediction,quantum_light_hhg_bsv_threshold_tdse_dipole_acceleration
BSV - 2e13 W/cm^2,20000000000000.0,0.023872383018394068,28.59930498491982,0.00023359458764398835,0.003996670797462829,7.080812189422226e-05,7.080812189422226,16.372021878116353,23.430389465091444,30.495271637492333,3.032556670062863,tdse_dipole_acceleration,raw_fft_harmonic_order_grid,13,1.6079090899617815e-08,0.11079987270298704,single_mode_bsv_random_phase_gamma_intensity,shared_fig_iv2_intensity_cases,hhg_intensity_prediction,quantum_light_hhg_bsv_threshold_tdse_dipole_acceleration
BSV - 2e13 W/cm^2,20000000000000.0,0.023872383018394068,28.63930401287076,0.00015326446920432504,0.004879949879423504,4.6458136410303986e-05,4.645813641030399,16.372021878116353,23.430389465091444,30.495271637492333,3.032556670062863,tdse_dipole_acceleration,raw_fft_harmonic_order_grid,13,1.6079090899617815e-08,0.11079987270298704,single_mode_bsv_random_phase_gamma_intensity,shared_fig_iv2_intensity_cases,hhg_intensity_prediction,quantum_light_hhg_bsv_threshold_tdse_dipole_acceleration
BSV - 2e13 W/cm^2,20000000000000.0,0.023872383018394068,28.679303040821694,0.0006607506186163556,0.023989639506263004,0.0002002893595119379,20.02893595119379,16.372021878116353,23.430389465091444,30.495271637492333,3.032556670062863,tdse_dipole_acceleration,raw_fft_harmonic_order_grid,13,1.6079090899617815e-08,0.11079987270298704,single_mode_bsv_random_phase_gamma_intensity,shared_fig_iv2_intensity_cases,hhg_intensity_prediction,quantum_light_hhg_bsv_threshold_tdse_dipole_acceleration
BSV - 2e13 W/cm^2,20000000000000.0,0.023872383018394068,28.71930206877263,0.00048463741317595173,0.027934523631472006,0.00014690522315937953,14.690522315937953,16.372021878116353,23.430389465091444,30.495271637492333,3.032556670062863,tdse_dipole_acceleration,raw_fft_harmonic_order_grid,13,1.6079090899617815e-08,0.11079987270298704,single_mode_bsv_random_phase_gamma_intensity,shared_fig_iv2_intensity_cases,hhg_intensity_prediction,quantum_light_hhg_bsv_threshold_tdse_dipole_acceleration
BSV - 2e13 W/cm^2,20000000000000.0,0.023872383018394068,28.759301096723572,0.0017246192390669387,0.06209640552426703,0.0005227734534975017,52.27734534975017,16.372021878116353,23.430389465091444,30.495271637492333,3.032556670062863,tdse_dipole_acceleration,raw_fft_harmonic_order_grid,13,1.6079090899617815e-08,0.11079987270298704,single_mode_bsv_random_phase_gamma_intensity,shared_fig_iv2_intensity_cases,hhg_intensity_prediction,quantum_light_hhg_bsv_threshold_tdse_dipole_acceleration
BSV - 2e13 W/cm^2,20000000000000.0,0.023872383018394068,28.799300124674502,0.0003211525613079659,0.0089337833582306,9.73490436447677e-05,9.734904364476769,16.372021878116353,23.430389465091444,30.495271637492333,3.032556670062863,tdse_dipole_acceleration,raw_fft_harmonic_order_grid,13,1.6079090899617815e-08,0.11079987270298704,single_mode_bsv_random_phase_gamma_intensity,shared_fig_iv2_intensity_cases,hhg_intensity_prediction,quantum_light_hhg_bsv_threshold_tdse_dipole_acceleration
BSV - 2e13 W/cm^2,20000000000000.0,0.023872383018394068,28.83929915262544,0.0008245323844996385,0.01617193202222596,0.0002499355407855772,24.993554078557718,16.372021878116353,23.430389465091444,30.495271637492333,3.032556670062863,tdse_dipole_acceleration,raw_fft_harmonic_order_grid,13,1.6079090899617815e-08,0.11079987270298704,single_mode_bsv_random_phase_gamma_intensity,shared_fig_iv2_intensity_cases,hhg_intensity_prediction,quantum_light_hhg_bsv_threshold_tdse_dipole_acceleration
BSV - 2e13 W/cm^2,20000000000000.0,0.023872383018394068,28.879298180576374,0.0011694757270604903,0.014847904352630226,0.0003544961408105831,35.449614081058314,16.372021878116353,23.430389465091444,30.495271637492333,3.032556670062863,tdse_dipole_acceleration,raw_fft_harmonic_order_grid,13,1.6079090899617815e-08,0.11079987270298704,single_mode_bsv_random_phase_gamma_intensity,shared_fig_iv2_intensity_cases,hhg_intensity_prediction,quantum_light_hhg_bsv_threshold_tdse_dipole_acceleration
BSV - 2e13 W/cm^2,20000000000000.0,0.023872383018394068,28.919297208527315,7.954087258738005e-05,0.0011548293369949222,2.4110746137336518e-05,2.4110746137336516,16.372021878116353,23.430389465091444,30.495271637492333,3.032556670062863,tdse_dipole_acceleration,raw_fft_harmonic_order_grid,13,1.6079090899617815e-08,0.11079987270298704,single_mode_bsv_random_phase_gamma_intensity,shared_fig_iv2_intensity_cases,hhg_intensity_prediction,quantum_light_hhg_bsv_threshold_tdse_dipole_acceleration
BSV - 2e13 W/cm^2,20000000000000.0,0.023872383018394068,28.959296236478252,0.04137111537686101,0.38664354833439557,0.012540577288414314,1254.0577288414313,16.372021878116353,23.430389465091444,30.495271637492333,3.032556670062863,tdse_dipole_acceleration,raw_fft_harmonic_order_grid,13,1.6079090899617815e-08,0.11079987270298704,single_mode_bsv_random_phase_gamma_intensity,shared_fig_iv2_intensity_cases,hhg_intensity_prediction,quantum_light_hhg_bsv_threshold_tdse_dipole_acceleration
BSV - 2e13 W/cm^2,20000000000000.0,0.023872383018394068,28.99929526442919,0.11463779949800497,1.123742726484592,0.034749466425614974,3474.9466425614974,16.372021878116353,23.430389465091444,30.495271637492333,3.032556670062863,tdse_dipole_acceleration,raw_fft_harmonic_order_grid,13,1.6079090899617815e-08,0.11079987270298704,single_mode_bsv_random_phase_gamma_intensity,shared_fig_iv2_intensity_cases,hhg_intensity_prediction,quantum_light_hhg_bsv_threshold_tdse_dipole_acceleration
BSV - 2e13 W/cm^2,20000000000000.0,0.023872383018394068,29.039294292380127,0.06164860551159167,0.7694922956264031,0.01868717087027057,1868.717087027057,16.372021878116353,23.430389465091444,30.495271637492333,3.032556670062863,tdse_dipole_acceleration,raw_fft_harmonic_order_grid,13,1.6079090899617815e-08,0.11079987270298704,single_mode_bsv_random_phase_gamma_intensity,shared_fig_iv2_intensity_cases,hhg_intensity_prediction,quantum_light_hhg_bsv_threshold_tdse_dipole_acceleration
BSV - 2e13 W/cm^2,20000000000000.0,0.023872383018394068,29.079293320331065,0.004920264838108199,0.1538074110921104,0.0014914502768343023,149.14502768343024,16.372021878116353,23.430389465091444,30.495271637492333,3.032556670062863,tdse_dipole_acceleration,raw_fft_harmonic_order_grid,13,1.6079090899617815e-08,0.11079987270298704,single_mode_bsv_random_phase_gamma_intensity,shared_fig_iv2_intensity_cases,hhg_intensity_prediction,quantum_light_hhg_bsv_threshold_tdse_dipole_acceleration
BSV - 2e13 W/cm^2,20000000000000.0,0.023872383018394068,29.119292348281995,0.00041442949076501604,0.011238212314482823,0.000125623518055877,12.562351805587701,16.372021878116353,23.430389465091444,30.495271637492333,3.032556670062863,tdse_dipole_acceleration,raw_fft_harmonic_order_grid,13,1.6079090899617815e-08,0.11079987270298704,single_mode_bsv_random_phase_gamma_intensity,shared_fig_iv2_intensity_cases,hhg_intensity_prediction,quantum_light_hhg_bsv_threshold_tdse_dipole_acceleration
BSV - 2e13 W/cm^2,20000000000000.0,0.023872383018394068,29.159291376232936,0.000146682148294635,0.0031651649331199696,4.446287707651088e-05,4.446287707651088,16.372021878116353,23.430389465091444,30.495271637492333,3.032556670062863,tdse_dipole_acceleration,raw_fft_harmonic_order_grid,13,1.6079090899617815e-08,0.11079987270298704,single_mode_bsv_random_phase_gamma_intensity,shared_fig_iv2_intensity_cases,hhg_intensity_prediction,quantum_light_hhg_bsv_threshold_tdse_dipole_acceleration
BSV - 2e13 W/cm^2,20000000000000.0,0.023872383018394068,29.19929040418387,1.537898333070035e-05,0.0017142159533104068,4.661738686981378e-06,0.4661738686981378,16.372021878116353,23.430389465091444,30.495271637492333,3.032556670062863,tdse_dipole_acceleration,raw_fft_harmonic_order_grid,13,1.6079090899617815e-08,0.11079987270298704,single_mode_bsv_random_phase_gamma_intensity,shared_fig_iv2_intensity_cases,hhg_intensity_prediction,quantum_light_hhg_bsv_threshold_tdse_dipole_acceleration
BSV - 2e13 W/cm^2,20000000000000.0,0.023872383018394068,29.23928943213481,0.00012714543750551197,0.0009239733811646425,3.8540831480674094e-05,3.8540831480674096,16.372021878116353,23.430389465091444,30.495271637492333,3.032556670062863,tdse_dipole_acceleration,raw_fft_harmonic_order_grid,13,1.6079090899617815e-08,0.11079987270298704,single_mode_bsv_random_phase_gamma_intensity,shared_fig_iv2_intensity_cases,hhg_intensity_prediction,quantum_light_hhg_bsv_threshold_tdse_dipole_acceleration
BSV - 2e13 W/cm^2,20000000000000.0,0.023872383018394068,29.27928846008575,0.0006521346898366242,0.0073135982568462805,0.00019767766486001836,19.767766486001836,16.372021878116353,23.430389465091444,30.495271637492333,3.032556670062863,tdse_dipole_acceleration,raw_fft_harmonic_order_grid,13,1.6079090899617815e-08,0.11079987270298704,single_mode_bsv_random_phase_gamma_intensity,shared_fig_iv2_intensity_cases,hhg_intensity_prediction,quantum_light_hhg_bsv_threshold_tdse_dipole_acceleration
BSV - 2e13 W/cm^2,20000000000000.0,0.023872383018394068,29.319287488036682,0.0003543278982256187,0.002874329894202389,0.00010740528392002267,10.740528392002267,16.372021878116353,23.430389465091444,30.495271637492333,3.032556670062863,tdse_dipole_acceleration,raw_fft_harmonic_order_grid,13,1.6079090899617815e-08,0.11079987270298704,single_mode_bsv_random_phase_gamma_intensity,shared_fig_iv2_intensity_cases,hhg_intensity_prediction,quantum_light_hhg_bsv_threshold_tdse_dipole_acceleration
BSV - 2e13 W/cm^2,20000000000000.0,0.023872383018394068,29.359286515987623,0.0001548919180629238,0.0027243675570480675,4.6951455191010933e-05,4.695145519101093,16.372021878116353,23.430389465091444,30.495271637492333,3.032556670062863,tdse_dipole_acceleration,raw_fft_harmonic_order_grid,13,1.6079090899617815e-08,0.11079987270298704,single_mode_bsv_random_phase_gamma_intensity,shared_fig_iv2_intensity_cases,hhg_intensity_prediction,quantum_light_hhg_bsv_threshold_tdse_dipole_acceleration
BSV - 2e13 W/cm^2,20000000000000.0,0.023872383018394068,29.39928554393856,6.805268798403272e-05,0.0010180243009022,2.0628401858979774e-05,2.0628401858979775,16.372021878116353,23.430389465091444,30.495271637492333,3.032556670062863,tdse_dipole_acceleration,raw_fft_harmonic_order_grid,13,1.6079090899617815e-08,0.11079987270298704,single_mode_bsv_random_phase_gamma_intensity,shared_fig_iv2_intensity_cases,hhg_intensity_prediction,quantum_light_hhg_bsv_threshold_tdse_dipole_acceleration
BSV - 2e13 W/cm^2,20000000000000.0,0.023872383018394068,29.43928457188949,0.00011623419082851457,0.003475598479343987,3.523337092469472e-05,3.523337092469472,16.372021878116353,23.430389465091444,30.495271637492333,3.032556670062863,tdse_dipole_acceleration,raw_fft_harmonic_order_grid,13,1.6079090899617815e-08,0.11079987270298704,single_mode_bsv_random_phase_gamma_intensity,shared_fig_iv2_intensity_cases,hhg_intensity_prediction,quantum_light_hhg_bsv_threshold_tdse_dipole_acceleration
BSV - 2e13 W/cm^2,20000000000000.0,0.023872383018394068,29.47928359984043,1.770777870787613e-05,0.0006904145319596428,5.367652418103768e-06,0.5367652418103768,16.372021878116353,23.430389465091444,30.495271637492333,3.032556670062863,tdse_dipole_acceleration,raw_fft_harmonic_order_grid,13,1.6079090899617815e-08,0.11079987270298704,single_mode_bsv_random_phase_gamma_intensity,shared_fig_iv2_intensity_cases,hhg_intensity_prediction,quantum_light_hhg_bsv_threshold_tdse_dipole_acceleration
BSV - 2e13 W/cm^2,20000000000000.0,0.023872383018394068,29.519282627791366,0.00017827828960169625,0.002807489107717325,5.404042528780412e-05,5.404042528780412,16.372021878116353,23.430389465091444,30.495271637492333,3.032556670062863,tdse_dipole_acceleration,raw_fft_harmonic_order_grid,13,1.6079090899617815e-08,0.11079987270298704,single_mode_bsv_random_phase_gamma_intensity,shared_fig_iv2_intensity_cases,hhg_intensity_prediction,quantum_light_hhg_bsv_threshold_tdse_dipole_acceleration
BSV - 2e13 W/cm^2,20000000000000.0,0.023872383018394068,29.559281655742303,6.052515341407029e-05,0.0019969481877854444,1.8346625595373827e-05,1.8346625595373827,16.372021878116353,23.430389465091444,30.495271637492333,3.032556670062863,tdse_dipole_acceleration,raw_fft_harmonic_order_grid,13,1.6079090899617815e-08,0.11079987270298704,single_mode_bsv_random_phase_gamma_intensity,shared_fig_iv2_intensity_cases,hhg_intensity_prediction,quantum_light_hhg_bsv_threshold_tdse_dipole_acceleration
BSV - 2e13 W/cm^2,20000000000000.0,0.023872383018394068,29.599280683693244,5.0858070843628076e-05,0.0007856246938076764,1.5416301019306967e-05,1.5416301019306966,16.372021878116353,23.430389465091444,30.495271637492333,3.032556670062863,tdse_dipole_acceleration,raw_fft_harmonic_order_grid,13,1.6079090899617815e-08,0.11079987270298704,single_mode_bsv_random_phase_gamma_intensity,shared_fig_iv2_intensity_cases,hhg_intensity_prediction,quantum_light_hhg_bsv_threshold_tdse_dipole_acceleration
BSV - 2e13 W/cm^2,20000000000000.0,0.023872383018394068,29.63927971164418,0.000170606907801792,0.004299834194000163,5.171504547886523e-05,5.171504547886523,16.372021878116353,23.430389465091444,30.495271637492333,3.032556670062863,tdse_dipole_acceleration,raw_fft_harmonic_order_grid,13,1.6079090899617815e-08,0.11079987270298704,single_mode_bsv_random_phase_gamma_intensity,shared_fig_iv2_intensity_cases,hhg_intensity_prediction,quantum_light_hhg_bsv_threshold_tdse_dipole_acceleration
BSV - 2e13 W/cm^2,20000000000000.0,0.023872383018394068,29.679278739595116,3.991973460832433e-05,0.0005168029981767945,1.2100628968506739e-05,1.210062896850674,16.372021878116353,23.430389465091444,30.495271637492333,3.032556670062863,tdse_dipole_acceleration,raw_fft_harmonic_order_grid,13,1.6079090899617815e-08,0.11079987270298704,single_mode_bsv_random_phase_gamma_intensity,shared_fig_iv2_intensity_cases,hhg_intensity_prediction,quantum_light_hhg_bsv_threshold_tdse_dipole_acceleration
BSV - 2e13 W/cm^2,20000000000000.0,0.023872383018394068,29.719277767546046,0.00017958515818517178,0.006592380763307491,5.443656849853424e-05,5.443656849853424,16.372021878116353,23.430389465091444,30.495271637492333,3.032556670062863,tdse_dipole_acceleration,raw_fft_harmonic_order_grid,13,1.6079090899617815e-08,0.11079987270298704,single_mode_bsv_random_phase_gamma_intensity,shared_fig_iv2_intensity_cases,hhg_intensity_prediction,quantum_light_hhg_bsv_threshold_tdse_dipole_acceleration
BSV - 2e13 W/cm^2,20000000000000.0,0.023872383018394068,29.759276795496987,7.629610544166223e-05,0.0006310240718071621,2.3127179395103103e-05,2.31271793951031,16.372021878116353,23.430389465091444,30.495271637492333,3.032556670062863,tdse_dipole_acceleration,raw_fft_harmonic_order_grid,13,1.6079090899617815e-08,0.11079987270298704,single_mode_bsv_random_phase_gamma_intensity,shared_fig_iv2_intensity_cases,hhg_intensity_prediction,quantum_light_hhg_bsv_threshold_tdse_dipole_acceleration
BSV - 2e13 W/cm^2,20000000000000.0,0.023872383018394068,29.799275823447925,0.00012601902908685727,0.005197551970619991,3.8199390073939374e-05,3.8199390073939377,16.372021878116353,23.430389465091444,30.495271637492333,3.032556670062863,tdse_dipole_acceleration,raw_fft_harmonic_order_grid,13,1.6079090899617815e-08,0.11079987270298704,single_mode_bsv_random_phase_gamma_intensity,shared_fig_iv2_intensity_cases,hhg_intensity_prediction,quantum_light_hhg_bsv_threshold_tdse_dipole_acceleration
BSV - 2e13 W/cm^2,20000000000000.0,0.023872383018394068,29.83927485139886,0.00010839117230526404,0.0012450473938637446,3.2855963908487e-05,3.2855963908487,16.372021878116353,23.430389465091444,30.495271637492333,3.032556670062863,tdse_dipole_acceleration,raw_fft_harmonic_order_grid,13,1.6079090899617815e-08,0.11079987270298704,single_mode_bsv_random_phase_gamma_intensity,shared_fig_iv2_intensity_cases,hhg_intensity_prediction,quantum_light_hhg_bsv_threshold_tdse_dipole_acceleration
BSV - 2e13 W/cm^2,20000000000000.0,0.023872383018394068,29.8792738793498,0.0001528883547586225,0.0023548522006131365,4.634412710132945e-05,4.634412710132945,16.372021878116353,23.430389465091444,30.495271637492333,3.032556670062863,tdse_dipole_acceleration,raw_fft_harmonic_order_grid,13,1.6079090899617815e-08,0.11079987270298704,single_mode_bsv_random_phase_gamma_intensity,shared_fig_iv2_intensity_cases,hhg_intensity_prediction,quantum_light_hhg_bsv_threshold_tdse_dipole_acceleration
BSV - 2e13 W/cm^2,20000000000000.0,0.023872383018394068,29.919272907300734,9.070181867975475e-05,0.0029468369228893058,2.7493896574743707e-05,2.749389657474371,16.372021878116353,23.430389465091444,30.495271637492333,3.032556670062863,tdse_dipole_acceleration,raw_fft_harmonic_order_grid,13,1.6079090899617815e-08,0.11079987270298704,single_mode_bsv_random_phase_gamma_intensity,shared_fig_iv2_intensity_cases,hhg_intensity_prediction,quantum_light_hhg_bsv_threshold_tdse_dipole_acceleration
BSV - 2e13 W/cm^2,20000000000000.0,0.023872383018394068,29.959271935251675,0.00013269112914023092,0.0010127699647715488,4.022186361938706e-05,4.022186361938706,16.372021878116353,23.430389465091444,30.495271637492333,3.032556670062863,tdse_dipole_acceleration,raw_fft_harmonic_order_grid,13,1.6079090899617815e-08,0.11079987270298704,single_mode_bsv_random_phase_gamma_intensity,shared_fig_iv2_intensity_cases,hhg_intensity_prediction,quantum_light_hhg_bsv_threshold_tdse_dipole_acceleration
BSV - 2e13 W/cm^2,20000000000000.0,0.023872383018394068,29.999270963202612,0.0001180830123997044,0.00584741151224542,3.579379308384591e-05,3.579379308384591,16.372021878116353,23.430389465091444,30.495271637492333,3.032556670062863,tdse_dipole_acceleration,raw_fft_harmonic_order_grid,13,1.6079090899617815e-08,0.11079987270298704,single_mode_bsv_random_phase_gamma_intensity,shared_fig_iv2_intensity_cases,hhg_intensity_prediction,quantum_light_hhg_bsv_threshold_tdse_dipole_acceleration
BSV - 2e13 W/cm^2,20000000000000.0,0.023872383018394068,30.039269991153542,0.0002256468691308988,0.0018250993875510127,6.839897780003847e-05,6.839897780003847,16.372021878116353,23.430389465091444,30.495271637492333,3.032556670062863,tdse_dipole_acceleration,raw_fft_harmonic_order_grid,13,1.6079090899617815e-08,0.11079987270298704,single_mode_bsv_random_phase_gamma_intensity,shared_fig_iv2_intensity_cases,hhg_intensity_prediction,quantum_light_hhg_bsv_threshold_tdse_dipole_acceleration
BSV - 2e13 W/cm^2,20000000000000.0,0.023872383018394068,30.07926901910448,8.321070169113914e-06,6.15101787165464e-05,2.522315935345936e-06,0.2522315935345936,16.372021878116353,23.430389465091444,30.495271637492333,3.032556670062863,tdse_dipole_acceleration,raw_fft_harmonic_order_grid,13,1.6079090899617815e-08,0.11079987270298704,single_mode_bsv_random_phase_gamma_intensity,shared_fig_iv2_intensity_cases,hhg_intensity_prediction,quantum_light_hhg_bsv_threshold_tdse_dipole_acceleration
BSV - 2e13 W/cm^2,20000000000000.0,0.023872383018394068,30.11926804705542,0.0002984914034138544,0.007130140598599103,9.04799031967195e-05,9.04799031967195,16.372021878116353,23.430389465091444,30.495271637492333,3.032556670062863,tdse_dipole_acceleration,raw_fft_harmonic_order_grid,13,1.6079090899617815e-08,0.11079987270298704,single_mode_bsv_random_phase_gamma_intensity,shared_fig_iv2_intensity_cases,hhg_intensity_prediction,quantum_light_hhg_bsv_threshold_tdse_dipole_acceleration
BSV - 2e13 W/cm^2,20000000000000.0,0.023872383018394068,30.159267075006355,0.0003968653265412276,0.013508963932191784,0.00012029939863225578,12.029939863225579,16.372021878116353,23.430389465091444,30.495271637492333,3.032556670062863,tdse_dipole_acceleration,raw_fft_harmonic_order_grid,13,1.6079090899617815e-08,0.11079987270298704,single_mode_bsv_random_phase_gamma_intensity,shared_fig_iv2_intensity_cases,hhg_intensity_prediction,quantum_light_hhg_bsv_threshold_tdse_dipole_acceleration
BSV - 2e13 W/cm^2,20000000000000.0,0.023872383018394068,30.199266102957296,0.00020789128278653936,0.00522221076466197,6.301683374072963e-05,6.301683374072963,16.372021878116353,23.430389465091444,30.495271637492333,3.032556670062863,tdse_dipole_acceleration,raw_fft_harmonic_order_grid,13,1.6079090899617815e-08,0.11079987270298704,single_mode_bsv_random_phase_gamma_intensity,shared_fig_iv2_intensity_cases,hhg_intensity_prediction,quantum_light_hhg_bsv_threshold_tdse_dipole_acceleration
BSV - 2e13 W/cm^2,20000000000000.0,0.023872383018394068,30.23926513090823,0.00018810767269090918,0.003910408973880723,5.701994704361955e-05,5.7019947043619545,16.372021878116353,23.430389465091444,30.495271637492333,3.032556670062863,tdse_dipole_acceleration,raw_fft_harmonic_order_grid,13,1.6079090899617815e-08,0.11079987270298704,single_mode_bsv_random_phase_gamma_intensity,shared_fig_iv2_intensity_cases,hhg_intensity_prediction,quantum_light_hhg_bsv_threshold_tdse_dipole_acceleration
BSV - 2e13 W/cm^2,20000000000000.0,0.023872383018394068,30.279264158859167,0.00019370571201402656,0.0016784459307187167,5.8716847022158696e-05,5.87168470221587,16.372021878116353,23.430389465091444,30.495271637492333,3.032556670062863,tdse_dipole_acceleration,raw_fft_harmonic_order_grid,13,1.6079090899617815e-08,0.11079987270298704,single_mode_bsv_random_phase_gamma_intensity,shared_fig_iv2_intensity_cases,hhg_intensity_prediction,quantum_light_hhg_bsv_threshold_tdse_dipole_acceleration
BSV - 2e13 W/cm^2,20000000000000.0,0.023872383018394068,30.319263186810108,0.0001565100193464242,0.0014342885452065537,4.744194049751946e-05,4.744194049751946,16.372021878116353,23.430389465091444,30.495271637492333,3.032556670062863,tdse_dipole_acceleration,raw_fft_harmonic_order_grid,13,1.6079090899617815e-08,0.11079987270298704,single_mode_bsv_random_phase_gamma_intensity,shared_fig_iv2_intensity_cases,hhg_intensity_prediction,quantum_light_hhg_bsv_threshold_tdse_dipole_acceleration
BSV - 2e13 W/cm^2,20000000000000.0,0.023872383018394068,30.35926221476104,0.00012043284303118925,0.0031466662412230626,3.650608310504512e-05,3.6506083105045124,16.372021878116353,23.430389465091444,30.495271637492333,3.032556670062863,tdse_dipole_acceleration,raw_fft_harmonic_order_grid,13,1.6079090899617815e-08,0.11079987270298704,single_mode_bsv_random_phase_gamma_intensity,shared_fig_iv2_intensity_cases,hhg_intensity_prediction,quantum_light_hhg_bsv_threshold_tdse_dipole_acceleration
BSV - 2e13 W/cm^2,20000000000000.0,0.023872383018394068,30.399261242711976,0.00012755124983716682,0.0009486056185688426,3.866384293113539e-05,3.8663842931135393,16.372021878116353,23.430389465091444,30.495271637492333,3.032556670062863,tdse_dipole_acceleration,raw_fft_harmonic_order_grid,13,1.6079090899617815e-08,0.11079987270298704,single_mode_bsv_random_phase_gamma_intensity,shared_fig_iv2_intensity_cases,hhg_intensity_prediction,quantum_light_hhg_bsv_threshold_tdse_dipole_acceleration
BSV - 2e13 W/cm^2,20000000000000.0,0.023872383018394068,30.43926027066291,0.00015239995286855877,0.0021773191941176304,4.619608077494064e-05,4.619608077494064,16.372021878116353,23.430389465091444,30.495271637492333,3.032556670062863,tdse_dipole_acceleration,raw_fft_harmonic_order_grid,13,1.6079090899617815e-08,0.11079987270298704,single_mode_bsv_random_phase_gamma_intensity,shared_fig_iv2_intensity_cases,hhg_intensity_prediction,quantum_light_hhg_bsv_threshold_tdse_dipole_acceleration
BSV - 2e13 W/cm^2,20000000000000.0,0.023872383018394068,30.47925929861385,0.0001608963035461058,0.0019299234213650007,4.8771528436205375e-05,4.877152843620538,16.372021878116353,23.430389465091444,30.495271637492333,3.032556670062863,tdse_dipole_acceleration,raw_fft_harmonic_order_grid,13,1.6079090899617815e-08,0.11079987270298704,single_mode_bsv_random_phase_gamma_intensity,shared_fig_iv2_intensity_cases,hhg_intensity_prediction,quantum_light_hhg_bsv_threshold_tdse_dipole_acceleration
BSV - 2e13 W/cm^2,20000000000000.0,0.023872383018394068,30.51925832656479,0.00022793356337327445,0.0034078794413883087,6.909212966747695e-05,6.9092129667476945,16.372021878116353,23.430389465091444,30.495271637492333,3.032556670062863,tdse_dipole_acceleration,raw_fft_harmonic_order_grid,13,1.6079090899617815e-08,0.11079987270298704,single_mode_bsv_random_phase_gamma_intensity,shared_fig_iv2_intensity_cases,hhg_intensity_prediction,quantum_light_hhg_bsv_threshold_tdse_dipole_acceleration
BSV - 2e13 W/cm^2,20000000000000.0,0.023872383018394068,30.559257354515726,0.00031933137435391176,0.007421278899340337,9.679699820084087e-05,9.679699820084087,16.372021878116353,23.430389465091444,30.495271637492333,3.032556670062863,tdse_dipole_acceleration,raw_fft_harmonic_order_grid,13,1.6079090899617815e-08,0.11079987270298704,single_mode_bsv_random_phase_gamma_intensity,shared_fig_iv2_intensity_cases,hhg_intensity_prediction,quantum_light_hhg_bsv_threshold_tdse_dipole_acceleration
BSV - 2e13 W/cm^2,20000000000000.0,0.023872383018394068,30.599256382466663,0.0004301168053834182,0.013108478778966055,0.00013037871935097612,13.03787193509761,16.372021878116353,23.430389465091444,30.495271637492333,3.032556670062863,tdse_dipole_acceleration,raw_fft_harmonic_order_grid,13,1.6079090899617815e-08,0.11079987270298704,single_mode_bsv_random_phase_gamma_intensity,shared_fig_iv2_intensity_cases,hhg_intensity_prediction,quantum_light_hhg_bsv_threshold_tdse_dipole_acceleration
BSV - 2e13 W/cm^2,20000000000000.0,0.023872383018394068,30.6392554104176,0.0003075032478896527,0.011014789170412756,9.321160939149922e-05,9.321160939149921,16.372021878116353,23.430389465091444,30.495271637492333,3.032556670062863,tdse_dipole_acceleration,raw_fft_harmonic_order_grid,13,1.6079090899617815e-08,0.11079987270298704,single_mode_bsv_random_phase_gamma_intensity,shared_fig_iv2_intensity_cases,hhg_intensity_prediction,quantum_light_hhg_bsv_threshold_tdse_dipole_acceleration
BSV - 2e13 W/cm^2,20000000000000.0,0.023872383018394068,30.67925443836853,0.0015427726843524011,0.07189993024457582,0.00046765140147506605,46.76514014750661,16.372021878116353,23.430389465091444,30.495271637492333,3.032556670062863,tdse_dipole_acceleration,raw_fft_harmonic_order_grid,13,1.6079090899617815e-08,0.11079987270298704,single_mode_bsv_random_phase_gamma_intensity,shared_fig_iv2_intensity_cases,hhg_intensity_prediction,quantum_light_hhg_bsv_threshold_tdse_dipole_acceleration
BSV - 2e13 W/cm^2,20000000000000.0,0.023872383018394068,30.719253466319472,0.000869045358184269,0.10665319539207432,0.0002634284906793447,26.342849067934473,16.372021878116353,23.430389465091444,30.495271637492333,3.032556670062863,tdse_dipole_acceleration,raw_fft_harmonic_order_grid,13,1.6079090899617815e-08,0.11079987270298704,single_mode_bsv_random_phase_gamma_intensity,shared_fig_iv2_intensity_cases,hhg_intensity_prediction,quantum_light_hhg_bsv_threshold_tdse_dipole_acceleration
BSV - 2e13 W/cm^2,20000000000000.0,0.023872383018394068,30.759252494270406,0.004545817132626262,0.23380066671667596,0.001377946196794633,137.7946196794633,16.372021878116353,23.430389465091444,30.495271637492333,3.032556670062863,tdse_dipole_acceleration,raw_fft_harmonic_order_grid,13,1.6079090899617815e-08,0.11079987270298704,single_mode_bsv_random_phase_gamma_intensity,shared_fig_iv2_intensity_cases,hhg_intensity_prediction,quantum_light_hhg_bsv_threshold_tdse_dipole_acceleration
BSV - 2e13 W/cm^2,20000000000000.0,0.023872383018394068,30.799251522221343,0.0006985719061917739,0.04352424332856651,0.00021175389885699398,21.1753898856994,16.372021878116353,23.430389465091444,30.495271637492333,3.032556670062863,tdse_dipole_acceleration,raw_fft_harmonic_order_grid,13,1.6079090899617815e-08,0.11079987270298704,single_mode_bsv_random_phase_gamma_intensity,shared_fig_iv2_intensity_cases,hhg_intensity_prediction,quantum_light_hhg_bsv_threshold_tdse_dipole_acceleration
BSV - 2e13 W/cm^2,20000000000000.0,0.023872383018394068,30.839250550172284,0.0020686673471886612,0.08602846070559084,0.0006270626864932922,62.70626864932922,16.372021878116353,23.430389465091444,30.495271637492333,3.032556670062863,tdse_dipole_acceleration,raw_fft_harmonic_order_grid,13,1.6079090899617815e-08,0.11079987270298704,single_mode_bsv_random_phase_gamma_intensity,shared_fig_iv2_intensity_cases,hhg_intensity_prediction,quantum_light_hhg_bsv_threshold_tdse_dipole_acceleration
BSV - 2e13 W/cm^2,20000000000000.0,0.023872383018394068,30.87924957812322,0.00490324309794519,0.11381168189485959,0.0014862905791526461,148.6290579152646,16.372021878116353,23.430389465091444,30.495271637492333,3.032556670062863,tdse_dipole_acceleration,raw_fft_harmonic_order_grid,13,1.6079090899617815e-08,0.11079987270298704,single_mode_bsv_random_phase_gamma_intensity,shared_fig_iv2_intensity_cases,hhg_intensity_prediction,quantum_light_hhg_bsv_threshold_tdse_dipole_acceleration
BSV - 2e13 W/cm^2,20000000000000.0,0.023872383018394068,30.91924860607416,0.001491933584952173,0.05783479822936596,0.0004522408511552523,45.224085115525234,16.372021878116353,23.430389465091444,30.495271637492333,3.032556670062863,tdse_dipole_acceleration,raw_fft_harmonic_order_grid,13,1.6079090899617815e-08,0.11079987270298704,single_mode_bsv_random_phase_gamma_intensity,shared_fig_iv2_intensity_cases,hhg_intensity_prediction,quantum_light_hhg_bsv_threshold_tdse_dipole_acceleration
BSV - 2e13 W/cm^2,20000000000000.0,0.023872383018394068,30.95924763402509,0.2374659558423504,6.009070274000823,0.07198162644350067,7198.162644350067,16.372021878116353,23.430389465091444,30.495271637492333,3.032556670062863,tdse_dipole_acceleration,raw_fft_harmonic_order_grid,13,1.6079090899617815e-08,0.11079987270298704,single_mode_bsv_random_phase_gamma_intensity,shared_fig_iv2_intensity_cases,hhg_intensity_prediction,quantum_light_hhg_bsv_threshold_tdse_dipole_acceleration
BSV - 2e13 W/cm^2,20000000000000.0,0.023872383018394068,30.999246661976027,0.6651901003255263,19.021014176035926,0.20163507289160412,20163.50728916041,16.372021878116353,23.430389465091444,30.495271637492333,3.032556670062863,tdse_dipole_acceleration,raw_fft_harmonic_order_grid,13,1.6079090899617815e-08,0.11079987270298704,single_mode_bsv_random_phase_gamma_intensity,shared_fig_iv2_intensity_cases,hhg_intensity_prediction,quantum_light_hhg_bsv_threshold_tdse_dipole_acceleration
BSV - 2e13 W/cm^2,20000000000000.0,0.023872383018394068,31.039245689926965,0.3463321760702146,12.219179977048364,0.10498158877056549,10498.158877056549,16.372021878116353,23.430389465091444,30.495271637492333,3.032556670062863,tdse_dipole_acceleration,raw_fft_harmonic_order_grid,13,1.6079090899617815e-08,0.11079987270298704,single_mode_bsv_random_phase_gamma_intensity,shared_fig_iv2_intensity_cases,hhg_intensity_prediction,quantum_light_hhg_bsv_threshold_tdse_dipole_acceleration
BSV - 2e13 W/cm^2,20000000000000.0,0.023872383018394068,31.079244717877902,0.023825178305512864,1.676347410681457,0.007221982951845805,722.1982951845805,16.372021878116353,23.430389465091444,30.495271637492333,3.032556670062863,tdse_dipole_acceleration,raw_fft_harmonic_order_grid,13,1.6079090899617815e-08,0.11079987270298704,single_mode_bsv_random_phase_gamma_intensity,shared_fig_iv2_intensity_cases,hhg_intensity_prediction,quantum_light_hhg_bsv_threshold_tdse_dipole_acceleration
BSV - 2e13 W/cm^2,20000000000000.0,0.023872383018394068,31.11924374582884,0.0036562193704484758,0.1616156742147586,0.00110828777954948,110.828777954948,16.372021878116353,23.430389465091444,30.495271637492333,3.032556670062863,tdse_dipole_acceleration,raw_fft_harmonic_order_grid,13,1.6079090899617815e-08,0.11079987270298704,single_mode_bsv_random_phase_gamma_intensity,shared_fig_iv2_intensity_cases,hhg_intensity_prediction,quantum_light_hhg_bsv_threshold_tdse_dipole_acceleration
BSV - 2e13 W/cm^2,20000000000000.0,0.023872383018394068,31.15924277377978,0.000494326449501019,0.022419774706869025,0.0001498422024449977,14.984220244499769,16.372021878116353,23.430389465091444,30.495271637492333,3.032556670062863,tdse_dipole_acceleration,raw_fft_harmonic_order_grid,13,1.6079090899617815e-08,0.11079987270298704,single_mode_bsv_random_phase_gamma_intensity,shared_fig_iv2_intensity_cases,hhg_intensity_prediction,quantum_light_hhg_bsv_threshold_tdse_dipole_acceleration
BSV - 2e13 W/cm^2,20000000000000.0,0.023872383018394068,31.199241801730714,0.00021931511439677052,0.01559131942182276,6.647967108347289e-05,6.647967108347289,16.372021878116353,23.430389465091444,30.495271637492333,3.032556670062863,tdse_dipole_acceleration,raw_fft_harmonic_order_grid,13,1.6079090899617815e-08,0.11079987270298704,single_mode_bsv_random_phase_gamma_intensity,shared_fig_iv2_intensity_cases,hhg_intensity_prediction,quantum_light_hhg_bsv_threshold_tdse_dipole_acceleration
BSV - 2e13 W/cm^2,20000000000000.0,0.023872383018394068,31.239240829681652,0.0005197262824127787,0.019580957571708343,0.00015754150097347985,15.754150097347985,16.372021878116353,23.430389465091444,30.495271637492333,3.032556670062863,tdse_dipole_acceleration,raw_fft_harmonic_order_grid,13,1.6079090899617815e-08,0.11079987270298704,single_mode_bsv_random_phase_gamma_intensity,shared_fig_iv2_intensity_cases,hhg_intensity_prediction,quantum_light_hhg_bsv_threshold_tdse_dipole_acceleration
BSV - 2e13 W/cm^2,20000000000000.0,0.023872383018394068,31.279239857632582,0.000497895096865843,0.005837722915432667,0.00015092394504937287,15.092394504937287,16.372021878116353,23.430389465091444,30.495271637492333,3.032556670062863,tdse_dipole_acceleration,raw_fft_harmonic_order_grid,13,1.6079090899617815e-08,0.11079987270298704,single_mode_bsv_random_phase_gamma_intensity,shared_fig_iv2_intensity_cases,hhg_intensity_prediction,quantum_light_hhg_bsv_threshold_tdse_dipole_acceleration
BSV - 2e13 W/cm^2,20000000000000.0,0.023872383018394068,31.319238885583523,0.00041410194362739806,0.003787333872951379,0.00012552423066278936,12.552423066278937,16.372021878116353,23.430389465091444,30.495271637492333,3.032556670062863,tdse_dipole_acceleration,raw_fft_harmonic_order_grid,13,1.6079090899617815e-08,0.11079987270298704,single_mode_bsv_random_phase_gamma_intensity,shared_fig_iv2_intensity_cases,hhg_intensity_prediction,quantum_light_hhg_bsv_threshold_tdse_dipole_acceleration
BSV - 2e13 W/cm^2,20000000000000.0,0.023872383018394068,31.35923791353446,0.00018950194294513673,0.002353592962967463,5.744258379693892e-05,5.744258379693893,16.372021878116353,23.430389465091444,30.495271637492333,3.032556670062863,tdse_dipole_acceleration,raw_fft_harmonic_order_grid,13,1.6079090899617815e-08,0.11079987270298704,single_mode_bsv_random_phase_gamma_intensity,shared_fig_iv2_intensity_cases,hhg_intensity_prediction,quantum_light_hhg_bsv_threshold_tdse_dipole_acceleration
BSV - 2e13 W/cm^2,20000000000000.0,0.023872383018394068,31.399236941485395,1.565359650657189e-05,0.0003388039458449597,4.744980526730279e-06,0.4744980526730279,16.372021878116353,23.430389465091444,30.495271637492333,3.032556670062863,tdse_dipole_acceleration,raw_fft_harmonic_order_grid,13,1.6079090899617815e-08,0.11079987270298704,single_mode_bsv_random_phase_gamma_intensity,shared_fig_iv2_intensity_cases,hhg_intensity_prediction,quantum_light_hhg_bsv_threshold_tdse_dipole_acceleration
BSV - 2e13 W/cm^2,20000000000000.0,0.023872383018394068,31.439235969436336,0.0001373338121982148,0.0026422188194767664,4.16291722013264e-05,4.162917220132639,16.372021878116353,23.430389465091444,30.495271637492333,3.032556670062863,tdse_dipole_acceleration,raw_fft_harmonic_order_grid,13,1.6079090899617815e-08,0.11079987270298704,single_mode_bsv_random_phase_gamma_intensity,shared_fig_iv2_intensity_cases,hhg_intensity_prediction,quantum_light_hhg_bsv_threshold_tdse_dipole_acceleration
BSV - 2e13 W/cm^2,20000000000000.0,0.023872383018394068,31.47923499738727,3.855046239501612e-05,0.0008883902250743404,1.1685569720926632e-05,1.1685569720926632,16.372021878116353,23.430389465091444,30.495271637492333,3.032556670062863,tdse_dipole_acceleration,raw_fft_harmonic_order_grid,13,1.6079090899617815e-08,0.11079987270298704,single_mode_bsv_random_phase_gamma_intensity,shared_fig_iv2_intensity_cases,hhg_intensity_prediction,quantum_light_hhg_bsv_threshold_tdse_dipole_acceleration
BSV - 2e13 W/cm^2,20000000000000.0,0.023872383018394068,31.51923402533821,0.00010282460846416586,0.0016219494652053017,3.116860490343518e-05,3.116860490343518,16.372021878116353,23.430389465091444,30.495271637492333,3.032556670062863,tdse_dipole_acceleration,raw_fft_harmonic_order_grid,13,1.6079090899617815e-08,0.11079987270298704,single_mode_bsv_random_phase_gamma_intensity,shared_fig_iv2_intensity_cases,hhg_intensity_prediction,quantum_light_hhg_bsv_threshold_tdse_dipole_acceleration
BSV - 2e13 W/cm^2,20000000000000.0,0.023872383018394068,31.559233053289148,5.5224809333907704e-05,0.0012784276782178163,1.673996418470167e-05,1.673996418470167,16.372021878116353,23.430389465091444,30.495271637492333,3.032556670062863,tdse_dipole_acceleration,raw_fft_harmonic_order_grid,13,1.6079090899617815e-08,0.11079987270298704,single_mode_bsv_random_phase_gamma_intensity,shared_fig_iv2_intensity_cases,hhg_intensity_prediction,quantum_light_hhg_bsv_threshold_tdse_dipole_acceleration
BSV - 2e13 W/cm^2,20000000000000.0,0.023872383018394068,31.59923208124008,1.3862109210586304e-05,0.0003414886078353376,4.20193776146113e-06,0.42019377614611303,16.372021878116353,23.430389465091444,30.495271637492333,3.032556670062863,tdse_dipole_acceleration,raw_fft_harmonic_order_grid,13,1.6079090899617815e-08,0.11079987270298704,single_mode_bsv_random_phase_gamma_intensity,shared_fig_iv2_intensity_cases,hhg_intensity_prediction,quantum_light_hhg_bsv_threshold_tdse_dipole_acceleration
BSV - 2e13 W/cm^2,20000000000000.0,0.023872383018394068,31.639231109191016,9.176690853149072e-05,0.001719917767879489,2.7816750853221083e-05,2.7816750853221084,16.372021878116353,23.430389465091444,30.495271637492333,3.032556670062863,tdse_dipole_acceleration,raw_fft_harmonic_order_grid,13,1.6079090899617815e-08,0.11079987270298704,single_mode_bsv_random_phase_gamma_intensity,shared_fig_iv2_intensity_cases,hhg_intensity_prediction,quantum_light_hhg_bsv_threshold_tdse_dipole_acceleration
BSV - 2e13 W/cm^2,20000000000000.0,0.023872383018394068,31.679230137141957,1.709869544313087e-05,0.0002962376421062693,5.1830246727060755e-06,0.5183024672706076,16.372021878116353,23.430389465091444,30.495271637492333,3.032556670062863,tdse_dipole_acceleration,raw_fft_harmonic_order_grid,13,1.6079090899617815e-08,0.11079987270298704,single_mode_bsv_random_phase_gamma_intensity,shared_fig_iv2_intensity_cases,hhg_intensity_prediction,quantum_light_hhg_bsv_threshold_tdse_dipole_acceleration
BSV - 2e13 W/cm^2,20000000000000.0,0.023872383018394068,31.71922916509289,5.945372997409158e-05,0.0017079462645720707,1.8021851454399454e-05,1.8021851454399453,16.372021878116353,23.430389465091444,30.495271637492333,3.032556670062863,tdse_dipole_acceleration,raw_fft_harmonic_order_grid,13,1.6079090899617815e-08,0.11079987270298704,single_mode_bsv_random_phase_gamma_intensity,shared_fig_iv2_intensity_cases,hhg_intensity_prediction,quantum_light_hhg_bsv_threshold_tdse_dipole_acceleration
BSV - 2e13 W/cm^2,20000000000000.0,0.023872383018394068,31.759228193043832,6.189687213022537e-05,0.000999513712212956,1.876242643664214e-05,1.876242643664214,16.372021878116353,23.430389465091444,30.495271637492333,3.032556670062863,tdse_dipole_acceleration,raw_fft_harmonic_order_grid,13,1.6079090899617815e-08,0.11079987270298704,single_mode_bsv_random_phase_gamma_intensity,shared_fig_iv2_intensity_cases,hhg_intensity_prediction,quantum_light_hhg_bsv_threshold_tdse_dipole_acceleration
BSV - 2e13 W/cm^2,20000000000000.0,0.023872383018394068,31.799227220994766,4.809193016421182e-05,0.0022498192404943854,1.45778174380727e-05,1.45778174380727,16.372021878116353,23.430389465091444,30.495271637492333,3.032556670062863,tdse_dipole_acceleration,raw_fft_harmonic_order_grid,13,1.6079090899617815e-08,0.11079987270298704,single_mode_bsv_random_phase_gamma_intensity,shared_fig_iv2_intensity_cases,hhg_intensity_prediction,quantum_light_hhg_bsv_threshold_tdse_dipole_acceleration
BSV - 2e13 W/cm^2,20000000000000.0,0.023872383018394068,31.839226248945703,4.309884149323442e-05,0.0004610862784858705,1.3064292510936716e-05,1.3064292510936715,16.372021878116353,23.430389465091444,30.495271637492333,3.032556670062863,tdse_dipole_acceleration,raw_fft_harmonic_order_grid,13,1.6079090899617815e-08,0.11079987270298704,single_mode_bsv_random_phase_gamma_intensity,shared_fig_iv2_intensity_cases,hhg_intensity_prediction,quantum_light_hhg_bsv_threshold_tdse_dipole_acceleration
BSV - 2e13 W/cm^2,20000000000000.0,0.023872383018394068,31.879225276896637,8.572841078935497e-05,0.002215274401280593,2.5986337364211726e-05,2.5986337364211725,16.372021878116353,23.430389465091444,30.495271637492333,3.032556670062863,tdse_dipole_acceleration,raw_fft_harmonic_order_grid,13,1.6079090899617815e-08,0.11079987270298704,single_mode_bsv_random_phase_gamma_intensity,shared_fig_iv2_intensity_cases,hhg_intensity_prediction,quantum_light_hhg_bsv_threshold_tdse_dipole_acceleration
BSV - 2e13 W/cm^2,20000000000000.0,0.023872383018394068,31.919224304847575,2.655490184203313e-05,0.0008545586918209673,8.049427623663435e-06,0.8049427623663435,16.372021878116353,23.430389465091444,30.495271637492333,3.032556670062863,tdse_dipole_acceleration,raw_fft_harmonic_order_grid,13,1.6079090899617815e-08,0.11079987270298704,single_mode_bsv_random_phase_gamma_intensity,shared_fig_iv2_intensity_cases,hhg_intensity_prediction,quantum_light_hhg_bsv_threshold_tdse_dipole_acceleration
BSV - 2e13 W/cm^2,20000000000000.0,0.023872383018394068,31.959223332798512,0.0001306015930909132,0.002474843750366575,3.95884751287772e-05,3.95884751287772,16.372021878116353,23.430389465091444,30.495271637492333,3.032556670062863,tdse_dipole_acceleration,raw_fft_harmonic_order_grid,13,1.6079090899617815e-08,0.11079987270298704,single_mode_bsv_random_phase_gamma_intensity,shared_fig_iv2_intensity_cases,hhg_intensity_prediction,quantum_light_hhg_bsv_threshold_tdse_dipole_acceleration
BSV - 2e13 W/cm^2,20000000000000.0,0.023872383018394068,31.999222360749446,0.00019346804255407677,0.016696517633232,5.8644803708739524e-05,5.864480370873952,16.372021878116353,23.430389465091444,30.495271637492333,3.032556670062863,tdse_dipole_acceleration,raw_fft_harmonic_order_grid,13,1.6079090899617815e-08,0.11079987270298704,single_mode_bsv_random_phase_gamma_intensity,shared_fig_iv2_intensity_cases,hhg_intensity_prediction,quantum_light_hhg_bsv_threshold_tdse_dipole_acceleration
BSV - 2e13 W/cm^2,20000000000000.0,0.023872383018394068,32.03922138870039,0.0003945523183956717,0.014850948684662546,0.00011959827038966799,11.959827038966798,16.372021878116353,23.430389465091444,30.495271637492333,3.032556670062863,tdse_dipole_acceleration,raw_fft_harmonic_order_grid,13,1.6079090899617815e-08,0.11079987270298704,single_mode_bsv_random_phase_gamma_intensity,shared_fig_iv2_intensity_cases,hhg_intensity_prediction,quantum_light_hhg_bsv_threshold_tdse_dipole_acceleration
BSV - 2e13 W/cm^2,20000000000000.0,0.023872383018394068,32.079220416651324,3.7461078575806444e-05,0.0008147672802121559,1.1355351358257402e-05,1.1355351358257402,16.372021878116353,23.430389465091444,30.495271637492333,3.032556670062863,tdse_dipole_acceleration,raw_fft_harmonic_order_grid,13,1.6079090899617815e-08,0.11079987270298704,single_mode_bsv_random_phase_gamma_intensity,shared_fig_iv2_intensity_cases,hhg_intensity_prediction,quantum_light_hhg_bsv_threshold_tdse_dipole_acceleration
BSV - 2e13 W/cm^2,20000000000000.0,0.023872383018394068,32.119219444602265,0.0002548206096076384,0.01031406762932127,7.724223822238904e-05,7.724223822238904,16.372021878116353,23.430389465091444,30.495271637492333,3.032556670062863,tdse_dipole_acceleration,raw_fft_harmonic_order_grid,13,1.6079090899617815e-08,0.11079987270298704,single_mode_bsv_random_phase_gamma_intensity,shared_fig_iv2_intensity_cases,hhg_intensity_prediction,quantum_light_hhg_bsv_threshold_tdse_dipole_acceleration
BSV - 2e13 W/cm^2,20000000000000.0,0.023872383018394068,32.1592184725532,0.0002903552836709755,0.02032650944708328,8.801365017129507e-05,8.801365017129507,16.372021878116353,23.430389465091444,30.495271637492333,3.032556670062863,tdse_dipole_acceleration,raw_fft_harmonic_order_grid,13,1.6079090899617815e-08,0.11079987270298704,single_mode_bsv_random_phase_gamma_intensity,shared_fig_iv2_intensity_cases,hhg_intensity_prediction,quantum_light_hhg_bsv_threshold_tdse_dipole_acceleration
BSV - 2e13 W/cm^2,20000000000000.0,0.023872383018394068,32.19921750050413,0.00014373385923504062,0.007587626017309917,4.356917995271738e-05,4.356917995271738,16.372021878116353,23.430389465091444,30.495271637492333,3.032556670062863,tdse_dipole_acceleration,raw_fft_harmonic_order_grid,13,1.6079090899617815e-08,0.11079987270298704,single_mode_bsv_random_phase_gamma_intensity,shared_fig_iv2_intensity_cases,hhg_intensity_prediction,quantum_light_hhg_bsv_threshold_tdse_dipole_acceleration
BSV - 2e13 W/cm^2,20000000000000.0,0.023872383018394068,32.23921652845507,8.051205317635651e-05,0.0022485032388008235,2.440513426601334e-05,2.440513426601334,16.372021878116353,23.430389465091444,30.495271637492333,3.032556670062863,tdse_dipole_acceleration,raw_fft_harmonic_order_grid,13,1.6079090899617815e-08,0.11079987270298704,single_mode_bsv_random_phase_gamma_intensity,shared_fig_iv2_intensity_cases,hhg_intensity_prediction,quantum_light_hhg_bsv_threshold_tdse_dipole_acceleration
BSV - 2e13 W/cm^2,20000000000000.0,0.023872383018394068,32.27921555640601,0.00011503658910008448,0.0018637398842004486,3.4870349118313445e-05,3.4870349118313446,16.372021878116353,23.430389465091444,30.495271637492333,3.032556670062863,tdse_dipole_acceleration,raw_fft_harmonic_order_grid,13,1.6079090899617815e-08,0.11079987270298704,single_mode_bsv_random_phase_gamma_intensity,shared_fig_iv2_intensity_cases,hhg_intensity_prediction,quantum_light_hhg_bsv_threshold_tdse_dipole_acceleration
BSV - 2e13 W/cm^2,20000000000000.0,0.023872383018394068,32.31921458435694,6.386782239115945e-05,0.0005330778908382184,1.9359868730709184e-05,1.9359868730709184,16.372021878116353,23.430389465091444,30.495271637492333,3.032556670062863,tdse_dipole_acceleration,raw_fft_harmonic_order_grid,13,1.6079090899617815e-08,0.11079987270298704,single_mode_bsv_random_phase_gamma_intensity,shared_fig_iv2_intensity_cases,hhg_intensity_prediction,quantum_light_hhg_bsv_threshold_tdse_dipole_acceleration
BSV - 2e13 W/cm^2,20000000000000.0,0.023872383018394068,32.359213612307876,1.771032225097842e-05,0.00024444828707605713,5.368423427020741e-06,0.5368423427020741,16.372021878116353,23.430389465091444,30.495271637492333,3.032556670062863,tdse_dipole_acceleration,raw_fft_harmonic_order_grid,13,1.6079090899617815e-08,0.11079987270298704,single_mode_bsv_random_phase_gamma_intensity,shared_fig_iv2_intensity_cases,hhg_intensity_prediction,quantum_light_hhg_bsv_threshold_tdse_dipole_acceleration
BSV - 2e13 W/cm^2,20000000000000.0,0.023872383018394068,32.39921264025882,8.06422638121836e-05,0.0008654566297999143,2.444460423261899e-05,2.4444604232618987,16.372021878116353,23.430389465091444,30.495271637492333,3.032556670062863,tdse_dipole_acceleration,raw_fft_harmonic_order_grid,13,1.6079090899617815e-08,0.11079987270298704,single_mode_bsv_random_phase_gamma_intensity,shared_fig_iv2_intensity_cases,hhg_intensity_prediction,quantum_light_hhg_bsv_threshold_tdse_dipole_acceleration
BSV - 2e13 W/cm^2,20000000000000.0,0.023872383018394068,32.43921166820976,5.8882873194172116e-05,0.0006004098499995247,1.7848811073351394e-05,1.7848811073351394,16.372021878116353,23.430389465091444,30.495271637492333,3.032556670062863,tdse_dipole_acceleration,raw_fft_harmonic_order_grid,13,1.6079090899617815e-08,0.11079987270298704,single_mode_bsv_random_phase_gamma_intensity,shared_fig_iv2_intensity_cases,hhg_intensity_prediction,quantum_light_hhg_bsv_threshold_tdse_dipole_acceleration
BSV - 2e13 W/cm^2,20000000000000.0,0.023872383018394068,32.47921069616069,7.224696688389847e-05,0.000928018366619452,2.1899788386362363e-05,2.1899788386362364,16.372021878116353,23.430389465091444,30.495271637492333,3.032556670062863,tdse_dipole_acceleration,raw_fft_harmonic_order_grid,13,1.6079090899617815e-08,0.11079987270298704,single_mode_bsv_random_phase_gamma_intensity,shared_fig_iv2_intensity_cases,hhg_intensity_prediction,quantum_light_hhg_bsv_threshold_tdse_dipole_acceleration
BSV - 2e13 W/cm^2,20000000000000.0,0.023872383018394068,32.519209724111626,0.00012631412585113153,0.003448874846298165,3.8288840980598084e-05,3.8288840980598082,16.372021878116353,23.430389465091444,30.495271637492333,3.032556670062863,tdse_dipole_acceleration,raw_fft_harmonic_order_grid,13,1.6079090899617815e-08,0.11079987270298704,single_mode_bsv_random_phase_gamma_intensity,shared_fig_iv2_intensity_cases,hhg_intensity_prediction,quantum_light_hhg_bsv_threshold_tdse_dipole_acceleration
BSV - 2e13 W/cm^2,20000000000000.0,0.023872383018394068,32.55920875206257,0.00011301680742908989,0.0021061893740905026,3.425810485271656e-05,3.425810485271656,16.372021878116353,23.430389465091444,30.495271637492333,3.032556670062863,tdse_dipole_acceleration,raw_fft_harmonic_order_grid,13,1.6079090899617815e-08,0.11079987270298704,single_mode_bsv_random_phase_gamma_intensity,shared_fig_iv2_intensity_cases,hhg_intensity_prediction,quantum_light_hhg_bsv_threshold_tdse_dipole_acceleration
BSV - 2e13 W/cm^2,20000000000000.0,0.023872383018394068,32.5992077800135,0.00016683636157201358,0.006731324364712655,5.0572102486312456e-05,5.057210248631246,16.372021878116353,23.430389465091444,30.495271637492333,3.032556670062863,tdse_dipole_acceleration,raw_fft_harmonic_order_grid,13,1.6079090899617815e-08,0.11079987270298704,single_mode_bsv_random_phase_gamma_intensity,shared_fig_iv2_intensity_cases,hhg_intensity_prediction,quantum_light_hhg_bsv_threshold_tdse_dipole_acceleration
BSV - 2e13 W/cm^2,20000000000000.0,0.023872383018394068,32.63920680796444,8.552089418605903e-05,0.0016065637384547588,2.5923434104810664e-05,2.5923434104810665,16.372021878116353,23.430389465091444,30.495271637492333,3.032556670062863,tdse_dipole_acceleration,raw_fft_harmonic_order_grid,13,1.6079090899617815e-08,0.11079987270298704,single_mode_bsv_random_phase_gamma_intensity,shared_fig_iv2_intensity_cases,hhg_intensity_prediction,quantum_light_hhg_bsv_threshold_tdse_dipole_acceleration
BSV - 2e13 W/cm^2,20000000000000.0,0.023872383018394068,32.679205835915376,0.0004822769871189998,0.01853279903412118,0.0001461897214106075,14.618972141060752,16.372021878116353,23.430389465091444,30.495271637492333,3.032556670062863,tdse_dipole_acceleration,raw_fft_harmonic_order_grid,13,1.6079090899617815e-08,0.11079987270298704,single_mode_bsv_random_phase_gamma_intensity,shared_fig_iv2_intensity_cases,hhg_intensity_prediction,quantum_light_hhg_bsv_threshold_tdse_dipole_acceleration
BSV - 2e13 W/cm^2,20000000000000.0,0.023872383018394068,32.71920486386632,0.00017401120638089668,0.023471403167102212,5.274697002465543e-05,5.274697002465543,16.372021878116353,23.430389465091444,30.495271637492333,3.032556670062863,tdse_dipole_acceleration,raw_fft_harmonic_order_grid,13,1.6079090899617815e-08,0.11079987270298704,single_mode_bsv_random_phase_gamma_intensity,shared_fig_iv2_intensity_cases,hhg_intensity_prediction,quantum_light_hhg_bsv_threshold_tdse_dipole_acceleration
BSV - 2e13 W/cm^2,20000000000000.0,0.023872383018394068,32.75920389181725,0.0013018645620414674,0.058226995645675204,0.0003946263718202756,39.462637182027564,16.372021878116353,23.430389465091444,30.495271637492333,3.032556670062863,tdse_dipole_acceleration,raw_fft_harmonic_order_grid,13,1.6079090899617815e-08,0.11079987270298704,single_mode_bsv_random_phase_gamma_intensity,shared_fig_iv2_intensity_cases,hhg_intensity_prediction,quantum_light_hhg_bsv_threshold_tdse_dipole_acceleration
BSV - 2e13 W/cm^2,20000000000000.0,0.023872383018394068,32.799202919768184,0.00026264860144601987,0.01333580324114686,7.96150902900228e-05,7.96150902900228,16.372021878116353,23.430389465091444,30.495271637492333,3.032556670062863,tdse_dipole_acceleration,raw_fft_harmonic_order_grid,13,1.6079090899617815e-08,0.11079987270298704,single_mode_bsv_random_phase_gamma_intensity,shared_fig_iv2_intensity_cases,hhg_intensity_prediction,quantum_light_hhg_bsv_threshold_tdse_dipole_acceleration
BSV - 2e13 W/cm^2,20000000000000.0,0.023872383018394068,32.83920194771912,0.0005331253148017406,0.01944017428301201,0.00016160306904417597,16.160306904417595,16.372021878116353,23.430389465091444,30.495271637492333,3.032556670062863,tdse_dipole_acceleration,raw_fft_harmonic_order_grid,13,1.6079090899617815e-08,0.11079987270298704,single_mode_bsv_random_phase_gamma_intensity,shared_fig_iv2_intensity_cases,hhg_intensity_prediction,quantum_light_hhg_bsv_threshold_tdse_dipole_acceleration
BSV - 2e13 W/cm^2,20000000000000.0,0.023872383018394068,32.87920097567006,0.0021590898464897658,0.041687221948694925,0.0006544719146653543,65.44719146653543,16.372021878116353,23.430389465091444,30.495271637492333,3.032556670062863,tdse_dipole_acceleration,raw_fft_harmonic_order_grid,13,1.6079090899617815e-08,0.11079987270298704,single_mode_bsv_random_phase_gamma_intensity,shared_fig_iv2_intensity_cases,hhg_intensity_prediction,quantum_light_hhg_bsv_threshold_tdse_dipole_acceleration
BSV - 2e13 W/cm^2,20000000000000.0,0.023872383018394068,32.91920000362099,0.0006128462785041053,0.013769145198382458,0.00018576840511765148,18.57684051176515,16.372021878116353,23.430389465091444,30.495271637492333,3.032556670062863,tdse_dipole_acceleration,raw_fft_harmonic_order_grid,13,1.6079090899617815e-08,0.11079987270298704,single_mode_bsv_random_phase_gamma_intensity,shared_fig_iv2_intensity_cases,hhg_intensity_prediction,quantum_light_hhg_bsv_threshold_tdse_dipole_acceleration
BSV - 2e13 W/cm^2,20000000000000.0,0.023872383018394068,32.959199031571934,0.08671506673991616,1.6588213282498994,0.0262854164461358,2628.54164461358,16.372021878116353,23.430389465091444,30.495271637492333,3.032556670062863,tdse_dipole_acceleration,raw_fft_harmonic_order_grid,13,1.6079090899617815e-08,0.11079987270298704,single_mode_bsv_random_phase_gamma_intensity,shared_fig_iv2_intensity_cases,hhg_intensity_prediction,quantum_light_hhg_bsv_threshold_tdse_dipole_acceleration
BSV - 2e13 W/cm^2,20000000000000.0,0.023872383018394068,32.99919805952287,0.21975548583432275,4.385443563362619,0.06661315822777461,6661.315822777461,16.372021878116353,23.430389465091444,30.495271637492333,3.032556670062863,tdse_dipole_acceleration,raw_fft_harmonic_order_grid,13,1.6079090899617815e-08,0.11079987270298704,single_mode_bsv_random_phase_gamma_intensity,shared_fig_iv2_intensity_cases,hhg_intensity_prediction,quantum_light_hhg_bsv_threshold_tdse_dipole_acceleration
BSV - 2e13 W/cm^2,20000000000000.0,0.023872383018394068,33.03919708747381,0.09680003755024702,2.1089203623185186,0.029342412970070283,2934.241297007028,16.372021878116353,23.430389465091444,30.495271637492333,3.032556670062863,tdse_dipole_acceleration,raw_fft_harmonic_order_grid,13,1.6079090899617815e-08,0.11079987270298704,single_mode_bsv_random_phase_gamma_intensity,shared_fig_iv2_intensity_cases,hhg_intensity_prediction,quantum_light_hhg_bsv_threshold_tdse_dipole_acceleration
BSV - 2e13 W/cm^2,20000000000000.0,0.023872383018394068,33.07919611542475,0.003232825193489754,0.11818014188756547,0.0009799468501051388,97.99468501051388,16.372021878116353,23.430389465091444,30.495271637492333,3.032556670062863,tdse_dipole_acceleration,raw_fft_harmonic_order_grid,13,1.6079090899617815e-08,0.11079987270298704,single_mode_bsv_random_phase_gamma_intensity,shared_fig_iv2_intensity_cases,hhg_intensity_prediction,quantum_light_hhg_bsv_threshold_tdse_dipole_acceleration
BSV - 2e13 W/cm^2,20000000000000.0,0.023872383018394068,33.11919514337568,0.00043221450620317876,0.003765935915533916,0.0001310145827793257,13.10145827793257,16.372021878116353,23.430389465091444,30.495271637492333,3.032556670062863,tdse_dipole_acceleration,raw_fft_harmonic_order_grid,13,1.6079090899617815e-08,0.11079987270298704,single_mode_bsv_random_phase_gamma_intensity,shared_fig_iv2_intensity_cases,hhg_intensity_prediction,quantum_light_hhg_bsv_threshold_tdse_dipole_acceleration
BSV - 2e13 W/cm^2,20000000000000.0,0.023872383018394068,33.15919417132662,0.00023439706941734577,0.010352848034657254,7.105137336592324e-05,7.105137336592324,16.372021878116353,23.430389465091444,30.495271637492333,3.032556670062863,tdse_dipole_acceleration,raw_fft_harmonic_order_grid,13,1.6079090899617815e-08,0.11079987270298704,single_mode_bsv_random_phase_gamma_intensity,shared_fig_iv2_intensity_cases,hhg_intensity_prediction,quantum_light_hhg_bsv_threshold_tdse_dipole_acceleration
BSV - 2e13 W/cm^2,20000000000000.0,0.023872383018394068,33.19919319927755,1.7736345830215347e-05,0.00018586704037898468,5.376311798019904e-06,0.5376311798019904,16.372021878116353,23.430389465091444,30.495271637492333,3.032556670062863,tdse_dipole_acceleration,raw_fft_harmonic_order_grid,13,1.6079090899617815e-08,0.11079987270298704,single_mode_bsv_random_phase_gamma_intensity,shared_fig_iv2_intensity_cases,hhg_intensity_prediction,quantum_light_hhg_bsv_threshold_tdse_dipole_acceleration
BSV - 2e13 W/cm^2,20000000000000.0,0.023872383018394068,33.23919222722849,0.00029283974846491996,0.013402827695052171,8.876675103611321e-05,8.876675103611321,16.372021878116353,23.430389465091444,30.495271637492333,3.032556670062863,tdse_dipole_acceleration,raw_fft_harmonic_order_grid,13,1.6079090899617815e-08,0.11079987270298704,single_mode_bsv_random_phase_gamma_intensity,shared_fig_iv2_intensity_cases,hhg_intensity_prediction,quantum_light_hhg_bsv_threshold_tdse_dipole_acceleration
BSV - 2e13 W/cm^2,20000000000000.0,0.023872383018394068,33.27919125517943,0.00014068382323523834,0.001824495298974675,4.264464089111501e-05,4.2644640891115015,16.372021878116353,23.430389465091444,30.495271637492333,3.032556670062863,tdse_dipole_acceleration,raw_fft_harmonic_order_grid,13,1.6079090899617815e-08,0.11079987270298704,single_mode_bsv_random_phase_gamma_intensity,shared_fig_iv2_intensity_cases,hhg_intensity_prediction,quantum_light_hhg_bsv_threshold_tdse_dipole_acceleration
BSV - 2e13 W/cm^2,20000000000000.0,0.023872383018394068,33.31919028313036,0.00024140463483886853,0.004987989938656605,7.317553451003822e-05,7.317553451003822,16.372021878116353,23.430389465091444,30.495271637492333,3.032556670062863,tdse_dipole_acceleration,raw_fft_harmonic_order_grid,13,1.6079090899617815e-08,0.11079987270298704,single_mode_bsv_random_phase_gamma_intensity,shared_fig_iv2_intensity_cases,hhg_intensity_prediction,quantum_light_hhg_bsv_threshold_tdse_dipole_acceleration
BSV - 2e13 W/cm^2,20000000000000.0,0.023872383018394068,33.3591893110813,0.0001453418059462844,0.004410669087370309,4.4056587164834325e-05,4.405658716483432,16.372021878116353,23.430389465091444,30.495271637492333,3.032556670062863,tdse_dipole_acceleration,raw_fft_harmonic_order_grid,13,1.6079090899617815e-08,0.11079987270298704,single_mode_bsv_random_phase_gamma_intensity,shared_fig_iv2_intensity_cases,hhg_intensity_prediction,quantum_light_hhg_bsv_threshold_tdse_dipole_acceleration
BSV - 2e13 W/cm^2,20000000000000.0,0.023872383018394068,33.39918833903224,2.813067915562338e-05,0.0029316722123674975,8.527083519821867e-06,0.8527083519821866,16.372021878116353,23.430389465091444,30.495271637492333,3.032556670062863,tdse_dipole_acceleration,raw_fft_harmonic_order_grid,13,1.6079090899617815e-08,0.11079987270298704,single_mode_bsv_random_phase_gamma_intensity,shared_fig_iv2_intensity_cases,hhg_intensity_prediction,quantum_light_hhg_bsv_threshold_tdse_dipole_acceleration
BSV - 2e13 W/cm^2,20000000000000.0,0.023872383018394068,33.43918736698317,7.963492486800537e-05,0.00233287129088168,2.4139255639282245e-05,2.4139255639282244,16.372021878116353,23.430389465091444,30.495271637492333,3.032556670062863,tdse_dipole_acceleration,raw_fft_harmonic_order_grid,13,1.6079090899617815e-08,0.11079987270298704,single_mode_bsv_random_phase_gamma_intensity,shared_fig_iv2_intensity_cases,hhg_intensity_prediction,quantum_light_hhg_bsv_threshold_tdse_dipole_acceleration
BSV - 2e13 W/cm^2,20000000000000.0,0.023872383018394068,33.47918639493411,6.196789008809134e-05,0.004197180062677188,1.8783953682919422e-05,1.8783953682919423,16.372021878116353,23.430389465091444,30.495271637492333,3.032556670062863,tdse_dipole_acceleration,raw_fft_harmonic_order_grid,13,1.6079090899617815e-08,0.11079987270298704,single_mode_bsv_random_phase_gamma_intensity,shared_fig_iv2_intensity_cases,hhg_intensity_prediction,quantum_light_hhg_bsv_threshold_tdse_dipole_acceleration
BSV - 2e13 W/cm^2,20000000000000.0,0.023872383018394068,33.519185422885045,3.8651030170858535e-05,0.0011690419813039313,1.1716054225736022e-05,1.1716054225736023,16.372021878116353,23.430389465091444,30.495271637492333,3.032556670062863,tdse_dipole_acceleration,raw_fft_harmonic_order_grid,13,1.6079090899617815e-08,0.11079987270298704,single_mode_bsv_random_phase_gamma_intensity,shared_fig_iv2_intensity_cases,hhg_intensity_prediction,quantum_light_hhg_bsv_threshold_tdse_dipole_acceleration
BSV - 2e13 W/cm^2,20000000000000.0,0.023872383018394068,33.559184450835986,6.203937312298969e-05,0.0037199886128557523,1.8805621905199322e-05,1.8805621905199321,16.372021878116353,23.430389465091444,30.495271637492333,3.032556670062863,tdse_dipole_acceleration,raw_fft_harmonic_order_grid,13,1.6079090899617815e-08,0.11079987270298704,single_mode_bsv_random_phase_gamma_intensity,shared_fig_iv2_intensity_cases,hhg_intensity_prediction,quantum_light_hhg_bsv_threshold_tdse_dipole_acceleration
BSV - 2e13 W/cm^2,20000000000000.0,0.023872383018394068,33.59918347878693,1.0753248511170767e-05,0.0009662343476869485,3.2595675225929796e-06,0.325956752259298,16.372021878116353,23.430389465091444,30.495271637492333,3.032556670062863,tdse_dipole_acceleration,raw_fft_harmonic_order_grid,13,1.6079090899617815e-08,0.11079987270298704,single_mode_bsv_random_phase_gamma_intensity,shared_fig_iv2_intensity_cases,hhg_intensity_prediction,quantum_light_hhg_bsv_threshold_tdse_dipole_acceleration
BSV - 2e13 W/cm^2,20000000000000.0,0.023872383018394068,33.63918250673786,8.222693023982278e-05,0.005015635073530044,2.492495463243633e-05,2.492495463243633,16.372021878116353,23.430389465091444,30.495271637492333,3.032556670062863,tdse_dipole_acceleration,raw_fft_harmonic_order_grid,13,1.6079090899617815e-08,0.11079987270298704,single_mode_bsv_random_phase_gamma_intensity,shared_fig_iv2_intensity_cases,hhg_intensity_prediction,quantum_light_hhg_bsv_threshold_tdse_dipole_acceleration
BSV - 2e13 W/cm^2,20000000000000.0,0.023872383018394068,33.6791815346888,1.2067442809236578e-05,0.0006309670290209863,3.657931333110533e-06,0.3657931333110533,16.372021878116353,23.430389465091444,30.495271637492333,3.032556670062863,tdse_dipole_acceleration,raw_fft_harmonic_order_grid,13,1.6079090899617815e-08,0.11079987270298704,single_mode_bsv_random_phase_gamma_intensity,shared_fig_iv2_intensity_cases,hhg_intensity_prediction,quantum_light_hhg_bsv_threshold_tdse_dipole_acceleration
BSV - 2e13 W/cm^2,20000000000000.0,0.023872383018394068,33.719180562639735,7.474650209056969e-05,0.0071986410014169685,2.265745745471687e-05,2.265745745471687,16.372021878116353,23.430389465091444,30.495271637492333,3.032556670062863,tdse_dipole_acceleration,raw_fft_harmonic_order_grid,13,1.6079090899617815e-08,0.11079987270298704,single_mode_bsv_random_phase_gamma_intensity,shared_fig_iv2_intensity_cases,hhg_intensity_prediction,quantum_light_hhg_bsv_threshold_tdse_dipole_acceleration
BSV - 2e13 W/cm^2,20000000000000.0,0.023872383018394068,33.75917959059067,3.289982117424224e-05,0.001348886126584542,9.972724845638398e-06,0.9972724845638398,16.372021878116353,23.430389465091444,30.495271637492333,3.032556670062863,tdse_dipole_acceleration,raw_fft_harmonic_order_grid,13,1.6079090899617815e-08,0.11079987270298704,single_mode_bsv_random_phase_gamma_intensity,shared_fig_iv2_intensity_cases,hhg_intensity_prediction,quantum_light_hhg_bsv_threshold_tdse_dipole_acceleration
BSV - 2e13 W/cm^2,20000000000000.0,0.023872383018394068,33.7991786185416,4.2858566430971716e-05,0.004346056999972695,1.2991459376965439e-05,1.299145937696544,16.372021878116353,23.430389465091444,30.495271637492333,3.032556670062863,tdse_dipole_acceleration,raw_fft_harmonic_order_grid,13,1.6079090899617815e-08,0.11079987270298704,single_mode_bsv_random_phase_gamma_intensity,shared_fig_iv2_intensity_cases,hhg_intensity_prediction,quantum_light_hhg_bsv_threshold_tdse_dipole_acceleration
BSV - 2e13 W/cm^2,20000000000000.0,0.023872383018394068,33.839177646492544,5.2233197998219944e-05,0.0033629950670903998,1.583313504001122e-05,1.583313504001122,16.372021878116353,23.430389465091444,30.495271637492333,3.032556670062863,tdse_dipole_acceleration,raw_fft_harmonic_order_grid,13,1.6079090899617815e-08,0.11079987270298704,single_mode_bsv_random_phase_gamma_intensity,shared_fig_iv2_intensity_cases,hhg_intensity_prediction,quantum_light_hhg_bsv_threshold_tdse_dipole_acceleration
BSV - 2e13 W/cm^2,20000000000000.0,0.023872383018394068,33.87917667444348,4.0059469322340746e-05,0.002323800622175573,1.2142985911630818e-05,1.214298591163082,16.372021878116353,23.430389465091444,30.495271637492333,3.032556670062863,tdse_dipole_acceleration,raw_fft_harmonic_order_grid,13,1.6079090899617815e-08,0.11079987270298704,single_mode_bsv_random_phase_gamma_intensity,shared_fig_iv2_intensity_cases,hhg_intensity_prediction,quantum_light_hhg_bsv_threshold_tdse_dipole_acceleration
BSV - 2e13 W/cm^2,20000000000000.0,0.023872383018394068,33.91917570239441,3.6327479284870445e-05,0.003754747052942359,1.1011730225673057e-05,1.1011730225673058,16.372021878116353,23.430389465091444,30.495271637492333,3.032556670062863,tdse_dipole_acceleration,raw_fft_harmonic_order_grid,13,1.6079090899617815e-08,0.11079987270298704,single_mode_bsv_random_phase_gamma_intensity,shared_fig_iv2_intensity_cases,hhg_intensity_prediction,quantum_light_hhg_bsv_threshold_tdse_dipole_acceleration
BSV - 2e13 W/cm^2,20000000000000.0,0.023872383018394068,33.95917473034535,4.9374950844165894e-05,0.002132971975018068,1.4966731777292983e-05,1.4966731777292983,16.372021878116353,23.430389465091444,30.495271637492333,3.032556670062863,tdse_dipole_acceleration,raw_fft_harmonic_order_grid,13,1.6079090899617815e-08,0.11079987270298704,single_mode_bsv_random_phase_gamma_intensity,shared_fig_iv2_intensity_cases,hhg_intensity_prediction,quantum_light_hhg_bsv_threshold_tdse_dipole_acceleration
BSV - 2e13 W/cm^2,20000000000000.0,0.023872383018394068,33.999173758296294,5.023709183389674e-05,0.004068122864301277,1.5228067388304252e-05,1.5228067388304252,16.372021878116353,23.430389465091444,30.495271637492333,3.032556670062863,tdse_dipole_acceleration,raw_fft_harmonic_order_grid,13,1.6079090899617815e-08,0.11079987270298704,single_mode_bsv_random_phase_gamma_intensity,shared_fig_iv2_intensity_cases,hhg_intensity_prediction,quantum_light_hhg_bsv_threshold_tdse_dipole_acceleration
BSV - 2e13 W/cm^2,20000000000000.0,0.023872383018394068,34.03917278624722,0.00012192706952993204,0.006415377805740969,3.695901899336205e-05,3.6959018993362047,16.372021878116353,23.430389465091444,30.495271637492333,3.032556670062863,tdse_dipole_acceleration,raw_fft_harmonic_order_grid,13,1.6079090899617815e-08,0.11079987270298704,single_mode_bsv_random_phase_gamma_intensity,shared_fig_iv2_intensity_cases,hhg_intensity_prediction,quantum_light_hhg_bsv_threshold_tdse_dipole_acceleration
BSV - 2e13 W/cm^2,20000000000000.0,0.023872383018394068,34.07917181419816,2.268678321865675e-05,0.000687030535705686,6.876908098498851e-06,0.6876908098498852,16.372021878116353,23.430389465091444,30.495271637492333,3.032556670062863,tdse_dipole_acceleration,raw_fft_harmonic_order_grid,13,1.6079090899617815e-08,0.11079987270298704,single_mode_bsv_random_phase_gamma_intensity,shared_fig_iv2_intensity_cases,hhg_intensity_prediction,quantum_light_hhg_bsv_threshold_tdse_dipole_acceleration
BSV - 2e13 W/cm^2,20000000000000.0,0.023872383018394068,34.1191708421491,0.00014394104907218292,0.011111155549759963,4.363198416146033e-05,4.363198416146033,16.372021878116353,23.430389465091444,30.495271637492333,3.032556670062863,tdse_dipole_acceleration,raw_fft_harmonic_order_grid,13,1.6079090899617815e-08,0.11079987270298704,single_mode_bsv_random_phase_gamma_intensity,shared_fig_iv2_intensity_cases,hhg_intensity_prediction,quantum_light_hhg_bsv_threshold_tdse_dipole_acceleration
BSV - 2e13 W/cm^2,20000000000000.0,0.023872383018394068,34.15916987010004,0.00011039128709089666,0.010999546265030366,3.3462246669453e-05,3.3462246669452997,16.372021878116353,23.430389465091444,30.495271637492333,3.032556670062863,tdse_dipole_acceleration,raw_fft_harmonic_order_grid,13,1.6079090899617815e-08,0.11079987270298704,single_mode_bsv_random_phase_gamma_intensity,shared_fig_iv2_intensity_cases,hhg_intensity_prediction,quantum_light_hhg_bsv_threshold_tdse_dipole_acceleration
BSV - 2e13 W/cm^2,20000000000000.0,0.023872383018394068,34.19916889805098,4.1142516764439854e-05,0.003059336282126857,1.2471283566430324e-05,1.2471283566430325,16.372021878116353,23.430389465091444,30.495271637492333,3.032556670062863,tdse_dipole_acceleration,raw_fft_harmonic_order_grid,13,1.6079090899617815e-08,0.11079987270298704,single_mode_bsv_random_phase_gamma_intensity,shared_fig_iv2_intensity_cases,hhg_intensity_prediction,quantum_light_hhg_bsv_threshold_tdse_dipole_acceleration
BSV - 2e13 W/cm^2,20000000000000.0,0.023872383018394068,34.23916792600191,6.640693151298495e-05,0.005748234683495091,2.0129533601861773e-05,2.0129533601861773,16.372021878116353,23.430389465091444,30.495271637492333,3.032556670062863,tdse_dipole_acceleration,raw_fft_harmonic_order_grid,13,1.6079090899617815e-08,0.11079987270298704,single_mode_bsv_random_phase_gamma_intensity,shared_fig_iv2_intensity_cases,hhg_intensity_prediction,quantum_light_hhg_bsv_threshold_tdse_dipole_acceleration
BSV - 2e13 W/cm^2,20000000000000.0,0.023872383018394068,34.27916695395285,7.244629513975688e-05,0.004320397404685619,2.1960209561271158e-05,2.1960209561271156,16.372021878116353,23.430389465091444,30.495271637492333,3.032556670062863,tdse_dipole_acceleration,raw_fft_harmonic_order_grid,13,1.6079090899617815e-08,0.11079987270298704,single_mode_bsv_random_phase_gamma_intensity,shared_fig_iv2_intensity_cases,hhg_intensity_prediction,quantum_light_hhg_bsv_threshold_tdse_dipole_acceleration
BSV - 2e13 W/cm^2,20000000000000.0,0.023872383018394068,34.31916598190379,6.613806783538459e-05,0.0036444083440431356,2.0048034572931058e-05,2.004803457293106,16.372021878116353,23.430389465091444,30.495271637492333,3.032556670062863,tdse_dipole_acceleration,raw_fft_harmonic_order_grid,13,1.6079090899617815e-08,0.11079987270298704,single_mode_bsv_random_phase_gamma_intensity,shared_fig_iv2_intensity_cases,hhg_intensity_prediction,quantum_light_hhg_bsv_threshold_tdse_dipole_acceleration
BSV - 2e13 W/cm^2,20000000000000.0,0.023872383018394068,34.35916500985472,3.677622424458281e-05,0.003565203365789133,1.1147755585366569e-05,1.114775558536657,16.372021878116353,23.430389465091444,30.495271637492333,3.032556670062863,tdse_dipole_acceleration,raw_fft_harmonic_order_grid,13,1.6079090899617815e-08,0.11079987270298704,single_mode_bsv_random_phase_gamma_intensity,shared_fig_iv2_intensity_cases,hhg_intensity_prediction,quantum_light_hhg_bsv_threshold_tdse_dipole_acceleration
BSV - 2e13 W/cm^2,20000000000000.0,0.023872383018394068,34.399164037805654,8.161270342647958e-05,0.00518425123909268,2.473876775409911e-05,2.4738767754099107,16.372021878116353,23.430389465091444,30.495271637492333,3.032556670062863,tdse_dipole_acceleration,raw_fft_harmonic_order_grid,13,1.6079090899617815e-08,0.11079987270298704,single_mode_bsv_random_phase_gamma_intensity,shared_fig_iv2_intensity_cases,hhg_intensity_prediction,quantum_light_hhg_bsv_threshold_tdse_dipole_acceleration
BSV - 2e13 W/cm^2,20000000000000.0,0.023872383018394068,34.439163065756595,6.06684264793393e-05,0.003389773566236916,1.8390055097624063e-05,1.8390055097624063,16.372021878116353,23.430389465091444,30.495271637492333,3.032556670062863,tdse_dipole_acceleration,raw_fft_harmonic_order_grid,13,1.6079090899617815e-08,0.11079987270298704,single_mode_bsv_random_phase_gamma_intensity,shared_fig_iv2_intensity_cases,hhg_intensity_prediction,quantum_light_hhg_bsv_threshold_tdse_dipole_acceleration
BSV - 2e13 W/cm^2,20000000000000.0,0.023872383018394068,34.47916209370753,6.169872434589833e-05,0.0033438986201071125,1.870236309096616e-05,1.8702363090966159,16.372021878116353,23.430389465091444,30.495271637492333,3.032556670062863,tdse_dipole_acceleration,raw_fft_harmonic_order_grid,13,1.6079090899617815e-08,0.11079987270298704,single_mode_bsv_random_phase_gamma_intensity,shared_fig_iv2_intensity_cases,hhg_intensity_prediction,quantum_light_hhg_bsv_threshold_tdse_dipole_acceleration
BSV - 2e13 W/cm^2,20000000000000.0,0.023872383018394068,34.51916112165847,0.00014355304126095156,0.013953251304463838,4.351436968815133e-05,4.3514369688151335,16.372021878116353,23.430389465091444,30.495271637492333,3.032556670062863,tdse_dipole_acceleration,raw_fft_harmonic_order_grid,13,1.6079090899617815e-08,0.11079987270298704,single_mode_bsv_random_phase_gamma_intensity,shared_fig_iv2_intensity_cases,hhg_intensity_prediction,quantum_light_hhg_bsv_threshold_tdse_dipole_acceleration
BSV - 2e13 W/cm^2,20000000000000.0,0.023872383018394068,34.559160149609404,5.1321985738442876e-05,0.0023820833854104905,1.5556924750155796e-05,1.5556924750155796,16.372021878116353,23.430389465091444,30.495271637492333,3.032556670062863,tdse_dipole_acceleration,raw_fft_harmonic_order_grid,13,1.6079090899617815e-08,0.11079987270298704,single_mode_bsv_random_phase_gamma_intensity,shared_fig_iv2_intensity_cases,hhg_intensity_prediction,quantum_light_hhg_bsv_threshold_tdse_dipole_acceleration
BSV - 2e13 W/cm^2,20000000000000.0,0.023872383018394068,34.599159177560345,0.0002657316137302557,0.031639722544726315,8.054962525431855e-05,8.054962525431856,16.372021878116353,23.430389465091444,30.495271637492333,3.032556670062863,tdse_dipole_acceleration,raw_fft_harmonic_order_grid,13,1.6079090899617815e-08,0.11079987270298704,single_mode_bsv_random_phase_gamma_intensity,shared_fig_iv2_intensity_cases,hhg_intensity_prediction,quantum_light_hhg_bsv_threshold_tdse_dipole_acceleration
BSV - 2e13 W/cm^2,20000000000000.0,0.023872383018394068,34.639158205511286,0.00010913445131286764,0.009082722607470436,3.308126960200771e-05,3.308126960200771,16.372021878116353,23.430389465091444,30.495271637492333,3.032556670062863,tdse_dipole_acceleration,raw_fft_harmonic_order_grid,13,1.6079090899617815e-08,0.11079987270298704,single_mode_bsv_random_phase_gamma_intensity,shared_fig_iv2_intensity_cases,hhg_intensity_prediction,quantum_light_hhg_bsv_threshold_tdse_dipole_acceleration
BSV - 2e13 W/cm^2,20000000000000.0,0.023872383018394068,34.67915723346221,0.0007988363982033583,0.09020923847294303,0.00024214647106349843,24.214647106349844,16.372021878116353,23.430389465091444,30.495271637492333,3.032556670062863,tdse_dipole_acceleration,raw_fft_harmonic_order_grid,13,1.6079090899617815e-08,0.11079987270298704,single_mode_bsv_random_phase_gamma_intensity,shared_fig_iv2_intensity_cases,hhg_intensity_prediction,quantum_light_hhg_bsv_threshold_tdse_dipole_acceleration
BSV - 2e13 W/cm^2,20000000000000.0,0.023872383018394068,34.719156261413154,0.0008651763318578398,0.14121166867311682,0.00026225569600761507,26.225569600761506,16.372021878116353,23.430389465091444,30.495271637492333,3.032556670062863,tdse_dipole_acceleration,raw_fft_harmonic_order_grid,13,1.6079090899617815e-08,0.11079987270298704,single_mode_bsv_random_phase_gamma_intensity,shared_fig_iv2_intensity_cases,hhg_intensity_prediction,quantum_light_hhg_bsv_threshold_tdse_dipole_acceleration
BSV - 2e13 W/cm^2,20000000000000.0,0.023872383018394068,34.75915528936409,0.0021804340535449855,0.2686373733084363,0.0006609418557292496,66.09418557292496,16.372021878116353,23.430389465091444,30.495271637492333,3.032556670062863,tdse_dipole_acceleration,raw_fft_harmonic_order_grid,13,1.6079090899617815e-08,0.11079987270298704,single_mode_bsv_random_phase_gamma_intensity,shared_fig_iv2_intensity_cases,hhg_intensity_prediction,quantum_light_hhg_bsv_threshold_tdse_dipole_acceleration
BSV - 2e13 W/cm^2,20000000000000.0,0.023872383018394068,34.79915431731503,0.000510292577524429,0.054996192616089574,0.00015468191877003243,15.468191877003242,16.372021878116353,23.430389465091444,30.495271637492333,3.032556670062863,tdse_dipole_acceleration,raw_fft_harmonic_order_grid,13,1.6079090899617815e-08,0.11079987270298704,single_mode_bsv_random_phase_gamma_intensity,shared_fig_iv2_intensity_cases,hhg_intensity_prediction,quantum_light_hhg_bsv_threshold_tdse_dipole_acceleration
BSV - 2e13 W/cm^2,20000000000000.0,0.023872383018394068,34.83915334526596,0.0007166799081950705,0.07830880797481632,0.00021724286855463263,21.724286855463262,16.372021878116353,23.430389465091444,30.495271637492333,3.032556670062863,tdse_dipole_acceleration,raw_fft_harmonic_order_grid,13,1.6079090899617815e-08,0.11079987270298704,single_mode_bsv_random_phase_gamma_intensity,shared_fig_iv2_intensity_cases,hhg_intensity_prediction,quantum_light_hhg_bsv_threshold_tdse_dipole_acceleration
BSV - 2e13 W/cm^2,20000000000000.0,0.023872383018394068,34.8791523732169,0.0018804566705537817,0.12565445973347436,0.0005700115164838762,57.00115164838762,16.372021878116353,23.430389465091444,30.495271637492333,3.032556670062863,tdse_dipole_acceleration,raw_fft_harmonic_order_grid,13,1.6079090899617815e-08,0.11079987270298704,single_mode_bsv_random_phase_gamma_intensity,shared_fig_iv2_intensity_cases,hhg_intensity_prediction,quantum_light_hhg_bsv_threshold_tdse_dipole_acceleration
BSV - 2e13 W/cm^2,20000000000000.0,0.023872383018394068,34.91915140116784,0.0005374894054028103,0.03593733528849042,0.0001629259295708459,16.29259295708459,16.372021878116353,23.430389465091444,30.495271637492333,3.032556670062863,tdse_dipole_acceleration,raw_fft_harmonic_order_grid,13,1.6079090899617815e-08,0.11079987270298704,single_mode_bsv_random_phase_gamma_intensity,shared_fig_iv2_intensity_cases,hhg_intensity_prediction,quantum_light_hhg_bsv_threshold_tdse_dipole_acceleration
BSV - 2e13 W/cm^2,20000000000000.0,0.023872383018394068,34.95915042911877,0.08549480672319418,6.64438764198433,0.025915526369151735,2591.5526369151735,16.372021878116353,23.430389465091444,30.495271637492333,3.032556670062863,tdse_dipole_acceleration,raw_fft_harmonic_order_grid,13,1.6079090899617815e-08,0.11079987270298704,single_mode_bsv_random_phase_gamma_intensity,shared_fig_iv2_intensity_cases,hhg_intensity_prediction,quantum_light_hhg_bsv_threshold_tdse_dipole_acceleration
BSV - 2e13 W/cm^2,20000000000000.0,0.023872383018394068,34.999149457069706,0.26577392761961455,23.05538630469413,0.08056245160901178,8056.245160901178,16.372021878116353,23.430389465091444,30.495271637492333,3.032556670062863,tdse_dipole_acceleration,raw_fft_harmonic_order_grid,13,1.6079090899617815e-08,0.11079987270298704,single_mode_bsv_random_phase_gamma_intensity,shared_fig_iv2_intensity_cases,hhg_intensity_prediction,quantum_light_hhg_bsv_threshold_tdse_dipole_acceleration
BSV - 2e13 W/cm^2,20000000000000.0,0.023872383018394068,35.03914848502065,0.17041506482378668,17.326991897981685,0.0516568932711957,5165.68932711957,16.372021878116353,23.430389465091444,30.495271637492333,3.032556670062863,tdse_dipole_acceleration,raw_fft_harmonic_order_grid,13,1.6079090899617815e-08,0.11079987270298704,single_mode_bsv_random_phase_gamma_intensity,shared_fig_iv2_intensity_cases,hhg_intensity_prediction,quantum_light_hhg_bsv_threshold_tdse_dipole_acceleration
BSV - 2e13 W/cm^2,20000000000000.0,0.023872383018394068,35.07914751297158,0.021349083444228773,3.0903394245492195,0.0064714192143560025,647.1419214356002,16.372021878116353,23.430389465091444,30.495271637492333,3.032556670062863,tdse_dipole_acceleration,raw_fft_harmonic_order_grid,13,1.6079090899617815e-08,0.11079987270298704,single_mode_bsv_random_phase_gamma_intensity,shared_fig_iv2_intensity_cases,hhg_intensity_prediction,quantum_light_hhg_bsv_threshold_tdse_dipole_acceleration
BSV - 2e13 W/cm^2,20000000000000.0,0.023872383018394068,35.11914654092252,0.002773967567359086,0.3181344698930829,0.0008408560986846832,84.08560986846832,16.372021878116353,23.430389465091444,30.495271637492333,3.032556670062863,tdse_dipole_acceleration,raw_fft_harmonic_order_grid,13,1.6079090899617815e-08,0.11079987270298704,single_mode_bsv_random_phase_gamma_intensity,shared_fig_iv2_intensity_cases,hhg_intensity_prediction,quantum_light_hhg_bsv_threshold_tdse_dipole_acceleration
BSV - 2e13 W/cm^2,20000000000000.0,0.023872383018394068,35.15914556887346,0.00025403474979025944,0.02585028811336084,7.700402526419522e-05,7.700402526419522,16.372021878116353,23.430389465091444,30.495271637492333,3.032556670062863,tdse_dipole_acceleration,raw_fft_harmonic_order_grid,13,1.6079090899617815e-08,0.11079987270298704,single_mode_bsv_random_phase_gamma_intensity,shared_fig_iv2_intensity_cases,hhg_intensity_prediction,quantum_light_hhg_bsv_threshold_tdse_dipole_acceleration
BSV - 2e13 W/cm^2,20000000000000.0,0.023872383018394068,35.1991445968244,8.900439044746368e-05,0.010674106180758043,2.697936536753124e-05,2.697936536753124,16.372021878116353,23.430389465091444,30.495271637492333,3.032556670062863,tdse_dipole_acceleration,raw_fft_harmonic_order_grid,13,1.6079090899617815e-08,0.11079987270298704,single_mode_bsv_random_phase_gamma_intensity,shared_fig_iv2_intensity_cases,hhg_intensity_prediction,quantum_light_hhg_bsv_threshold_tdse_dipole_acceleration
BSV - 2e13 W/cm^2,20000000000000.0,0.023872383018394068,35.23914362477533,0.00011097549772408024,0.0077900060083850795,3.363933492369547e-05,3.3639334923695468,16.372021878116353,23.430389465091444,30.495271637492333,3.032556670062863,tdse_dipole_acceleration,raw_fft_harmonic_order_grid,13,1.6079090899617815e-08,0.11079987270298704,single_mode_bsv_random_phase_gamma_intensity,shared_fig_iv2_intensity_cases,hhg_intensity_prediction,quantum_light_hhg_bsv_threshold_tdse_dipole_acceleration
BSV - 2e13 W/cm^2,20000000000000.0,0.023872383018394068,35.279142652726264,3.515342566377018e-05,0.0010225577380064928,1.0655846415385813e-05,1.0655846415385812,16.372021878116353,23.430389465091444,30.495271637492333,3.032556670062863,tdse_dipole_acceleration,raw_fft_harmonic_order_grid,13,1.6079090899617815e-08,0.11079987270298704,single_mode_bsv_random_phase_gamma_intensity,shared_fig_iv2_intensity_cases,hhg_intensity_prediction,quantum_light_hhg_bsv_threshold_tdse_dipole_acceleration
BSV - 2e13 W/cm^2,20000000000000.0,0.023872383018394068,35.319141680677205,0.00010938456691628632,0.006856950895574687,3.315708564001244e-05,3.315708564001244,16.372021878116353,23.430389465091444,30.495271637492333,3.032556670062863,tdse_dipole_acceleration,raw_fft_harmonic_order_grid,13,1.6079090899617815e-08,0.11079987270298704,single_mode_bsv_random_phase_gamma_intensity,shared_fig_iv2_intensity_cases,hhg_intensity_prediction,quantum_light_hhg_bsv_threshold_tdse_dipole_acceleration
BSV - 2e13 W/cm^2,20000000000000.0,0.023872383018394068,35.35914070862814,7.460319632751957e-05,0.005310596703983638,2.2614018040984983e-05,2.2614018040984982,16.372021878116353,23.430389465091444,30.495271637492333,3.032556670062863,tdse_dipole_acceleration,raw_fft_harmonic_order_grid,13,1.6079090899617815e-08,0.11079987270298704,single_mode_bsv_random_phase_gamma_intensity,shared_fig_iv2_intensity_cases,hhg_intensity_prediction,quantum_light_hhg_bsv_threshold_tdse_dipole_acceleration
BSV - 2e13 W/cm^2,20000000000000.0,0.023872383018394068,35.39913973657907,8.631446559722115e-06,0.0009618913366721627,2.616398463202997e-06,0.2616398463202997,16.372021878116353,23.430389465091444,30.495271637492333,3.032556670062863,tdse_dipole_acceleration,raw_fft_harmonic_order_grid,13,1.6079090899617815e-08,0.11079987270298704,single_mode_bsv_random_phase_gamma_intensity,shared_fig_iv2_intensity_cases,hhg_intensity_prediction,quantum_light_hhg_bsv_threshold_tdse_dipole_acceleration
BSV - 2e13 W/cm^2,20000000000000.0,0.023872383018394068,35.43913876453002,0.00014259144686308464,0.015593656501875958,4.3222887363908726e-05,4.322288736390872,16.372021878116353,23.430389465091444,30.495271637492333,3.032556670062863,tdse_dipole_acceleration,raw_fft_harmonic_order_grid,13,1.6079090899617815e-08,0.11079987270298704,single_mode_bsv_random_phase_gamma_intensity,shared_fig_iv2_intensity_cases,hhg_intensity_prediction,quantum_light_hhg_bsv_threshold_tdse_dipole_acceleration
BSV - 2e13 W/cm^2,20000000000000.0,0.023872383018394068,35.479137792480955,2.583928336115001e-05,0.002463492090409551,7.83250649918363e-06,0.7832506499183631,16.372021878116353,23.430389465091444,30.495271637492333,3.032556670062863,tdse_dipole_acceleration,raw_fft_harmonic_order_grid,13,1.6079090899617815e-08,0.11079987270298704,single_mode_bsv_random_phase_gamma_intensity,shared_fig_iv2_intensity_cases,hhg_intensity_prediction,quantum_light_hhg_bsv_threshold_tdse_dipole_acceleration
BSV - 2e13 W/cm^2,20000000000000.0,0.023872383018394068,35.51913682043189,6.159404801659093e-05,0.007119336308667244,1.8670633185064682e-05,1.8670633185064682,16.372021878116353,23.430389465091444,30.495271637492333,3.032556670062863,tdse_dipole_acceleration,raw_fft_harmonic_order_grid,13,1.6079090899617815e-08,0.11079987270298704,single_mode_bsv_random_phase_gamma_intensity,shared_fig_iv2_intensity_cases,hhg_intensity_prediction,quantum_light_hhg_bsv_threshold_tdse_dipole_acceleration
BSV - 2e13 W/cm^2,20000000000000.0,0.023872383018394068,35.55913584838283,4.996496617253145e-05,0.005466285070902574,1.514557957386111e-05,1.514557957386111,16.372021878116353,23.430389465091444,30.495271637492333,3.032556670062863,tdse_dipole_acceleration,raw_fft_harmonic_order_grid,13,1.6079090899617815e-08,0.11079987270298704,single_mode_bsv_random_phase_gamma_intensity,shared_fig_iv2_intensity_cases,hhg_intensity_prediction,quantum_light_hhg_bsv_threshold_tdse_dipole_acceleration
BSV - 2e13 W/cm^2,20000000000000.0,0.023872383018394068,35.599134876333764,1.6456101945216757e-05,0.002479710087333405,4.988239171947457e-06,0.4988239171947457,16.372021878116353,23.430389465091444,30.495271637492333,3.032556670062863,tdse_dipole_acceleration,raw_fft_harmonic_order_grid,13,1.6079090899617815e-08,0.11079987270298704,single_mode_bsv_random_phase_gamma_intensity,shared_fig_iv2_intensity_cases,hhg_intensity_prediction,quantum_light_hhg_bsv_threshold_tdse_dipole_acceleration
BSV - 2e13 W/cm^2,20000000000000.0,0.023872383018394068,35.6391339042847,6.838923943533378e-05,0.008005055681807713,2.0730418675498326e-05,2.0730418675498328,16.372021878116353,23.430389465091444,30.495271637492333,3.032556670062863,tdse_dipole_acceleration,raw_fft_harmonic_order_grid,13,1.6079090899617815e-08,0.11079987270298704,single_mode_bsv_random_phase_gamma_intensity,shared_fig_iv2_intensity_cases,hhg_intensity_prediction,quantum_light_hhg_bsv_threshold_tdse_dipole_acceleration
BSV - 2e13 W/cm^2,20000000000000.0,0.023872383018394068,35.67913293223564,2.2550900354037967e-05,0.0028490451264733077,6.835718743307426e-06,0.6835718743307426,16.372021878116353,23.430389465091444,30.495271637492333,3.032556670062863,tdse_dipole_acceleration,raw_fft_harmonic_order_grid,13,1.6079090899617815e-08,0.11079987270298704,single_mode_bsv_random_phase_gamma_intensity,shared_fig_iv2_intensity_cases,hhg_intensity_prediction,quantum_light_hhg_bsv_threshold_tdse_dipole_acceleration
BSV - 2e13 W/cm^2,20000000000000.0,0.023872383018394068,35.71913196018657,3.931939566483681e-05,0.005386096941504412,1.1918651836600333e-05,1.1918651836600334,16.372021878116353,23.430389465091444,30.495271637492333,3.032556670062863,tdse_dipole_acceleration,raw_fft_harmonic_order_grid,13,1.6079090899617815e-08,0.11079987270298704,single_mode_bsv_random_phase_gamma_intensity,shared_fig_iv2_intensity_cases,hhg_intensity_prediction,quantum_light_hhg_bsv_threshold_tdse_dipole_acceleration
BSV - 2e13 W/cm^2,20000000000000.0,0.023872383018394068,35.75913098813751,7.917260540777907e-06,0.0004809757004079575,2.3999115522921045e-06,0.23999115522921044,16.372021878116353,23.430389465091444,30.495271637492333,3.032556670062863,tdse_dipole_acceleration,raw_fft_harmonic_order_grid,13,1.6079090899617815e-08,0.11079987270298704,single_mode_bsv_random_phase_gamma_intensity,shared_fig_iv2_intensity_cases,hhg_intensity_prediction,quantum_light_hhg_bsv_threshold_tdse_dipole_acceleration
BSV - 2e13 W/cm^2,20000000000000.0,0.023872383018394068,35.799130016088455,1.541138436567292e-05,0.0019953380438094558,4.671560217766729e-06,0.46715602177667287,16.372021878116353,23.430389465091444,30.495271637492333,3.032556670062863,tdse_dipole_acceleration,raw_fft_harmonic_order_grid,13,1.6079090899617815e-08,0.11079987270298704,single_mode_bsv_random_phase_gamma_intensity,shared_fig_iv2_intensity_cases,hhg_intensity_prediction,quantum_light_hhg_bsv_threshold_tdse_dipole_acceleration
BSV - 2e13 W/cm^2,20000000000000.0,0.023872383018394068,35.83912904403939,1.8828145080887682e-05,0.0018669813901875483,5.707262335895591e-06,0.5707262335895591,16.372021878116353,23.430389465091444,30.495271637492333,3.032556670062863,tdse_dipole_acceleration,raw_fft_harmonic_order_grid,13,1.6079090899617815e-08,0.11079987270298704,single_mode_bsv_random_phase_gamma_intensity,shared_fig_iv2_intensity_cases,hhg_intensity_prediction,quantum_light_hhg_bsv_threshold_tdse_dipole_acceleration
BSV - 2e13 W/cm^2,20000000000000.0,0.023872383018394068,35.879128071990316,3.515553437589589e-06,0.0001790843175019815,1.0656485616605081e-06,0.10656485616605081,16.372021878116353,23.430389465091444,30.495271637492333,3.032556670062863,tdse_dipole_acceleration,raw_fft_harmonic_order_grid,13,1.6079090899617815e-08,0.11079987270298704,single_mode_bsv_random_phase_gamma_intensity,shared_fig_iv2_intensity_cases,hhg_intensity_prediction,quantum_light_hhg_bsv_threshold_tdse_dipole_acceleration
BSV - 2e13 W/cm^2,20000000000000.0,0.023872383018394068,35.91912709994125,2.4786505407882852e-05,0.0035542027145543903,7.513384252412648e-06,0.7513384252412648,16.372021878116353,23.430389465091444,30.495271637492333,3.032556670062863,tdse_dipole_acceleration,raw_fft_harmonic_order_grid,13,1.6079090899617815e-08,0.11079987270298704,single_mode_bsv_random_phase_gamma_intensity,shared_fig_iv2_intensity_cases,hhg_intensity_prediction,quantum_light_hhg_bsv_threshold_tdse_dipole_acceleration
BSV - 2e13 W/cm^2,20000000000000.0,0.023872383018394068,35.9591261278922,3.425850374564504e-05,0.0036266468044531103,1.0384574118781952e-05,1.0384574118781953,16.372021878116353,23.430389465091444,30.495271637492333,3.032556670062863,tdse_dipole_acceleration,raw_fft_harmonic_order_grid,13,1.6079090899617815e-08,0.11079987270298704,single_mode_bsv_random_phase_gamma_intensity,shared_fig_iv2_intensity_cases,hhg_intensity_prediction,quantum_light_hhg_bsv_threshold_tdse_dipole_acceleration
BSV - 2e13 W/cm^2,20000000000000.0,0.023872383018394068,35.99912515584313,0.00016263957694568547,0.02408734621849681,4.929995641314342e-05,4.929995641314342,16.372021878116353,23.430389465091444,30.495271637492333,3.032556670062863,tdse_dipole_acceleration,raw_fft_harmonic_order_grid,13,1.6079090899617815e-08,0.11079987270298704,single_mode_bsv_random_phase_gamma_intensity,shared_fig_iv2_intensity_cases,hhg_intensity_prediction,quantum_light_hhg_bsv_threshold_tdse_dipole_acceleration
BSV - 2e13 W/cm^2,20000000000000.0,0.023872383018394068,36.039124183794065,0.00013457487433674866,0.016300525061140513,4.079287196696047e-05,4.079287196696047,16.372021878116353,23.430389465091444,30.495271637492333,3.032556670062863,tdse_dipole_acceleration,raw_fft_harmonic_order_grid,13,1.6079090899617815e-08,0.11079987270298704,single_mode_bsv_random_phase_gamma_intensity,shared_fig_iv2_intensity_cases,hhg_intensity_prediction,quantum_light_hhg_bsv_threshold_tdse_dipole_acceleration
BSV - 2e13 W/cm^2,20000000000000.0,0.023872383018394068,36.07912321174501,6.258231531481743e-05,0.007366918804903953,1.8970200705111618e-05,1.8970200705111617,16.372021878116353,23.430389465091444,30.495271637492333,3.032556670062863,tdse_dipole_acceleration,raw_fft_harmonic_order_grid,13,1.6079090899617815e-08,0.11079987270298704,single_mode_bsv_random_phase_gamma_intensity,shared_fig_iv2_intensity_cases,hhg_intensity_prediction,quantum_light_hhg_bsv_threshold_tdse_dipole_acceleration
BSV - 2e13 W/cm^2,20000000000000.0,0.023872383018394068,36.11912223969594,2.5425008527097415e-05,0.002327421904940583,7.706929861286474e-06,0.7706929861286473,16.372021878116353,23.430389465091444,30.495271637492333,3.032556670062863,tdse_dipole_acceleration,raw_fft_harmonic_order_grid,13,1.6079090899617815e-08,0.11079987270298704,single_mode_bsv_random_phase_gamma_intensity,shared_fig_iv2_intensity_cases,hhg_intensity_prediction,quantum_light_hhg_bsv_threshold_tdse_dipole_acceleration
BSV - 2e13 W/cm^2,20000000000000.0,0.023872383018394068,36.15912126764688,1.3742729076957303e-05,0.0015280314224886643,4.16575077982338e-06,0.416575077982338,16.372021878116353,23.430389465091444,30.495271637492333,3.032556670062863,tdse_dipole_acceleration,raw_fft_harmonic_order_grid,13,1.6079090899617815e-08,0.11079987270298704,single_mode_bsv_random_phase_gamma_intensity,shared_fig_iv2_intensity_cases,hhg_intensity_prediction,quantum_light_hhg_bsv_threshold_tdse_dipole_acceleration
BSV - 2e13 W/cm^2,20000000000000.0,0.023872383018394068,36.199120295597815,4.332473033378303e-05,0.005858872279658915,1.3132764836076744e-05,1.3132764836076745,16.372021878116353,23.430389465091444,30.495271637492333,3.032556670062863,tdse_dipole_acceleration,raw_fft_harmonic_order_grid,13,1.6079090899617815e-08,0.11079987270298704,single_mode_bsv_random_phase_gamma_intensity,shared_fig_iv2_intensity_cases,hhg_intensity_prediction,quantum_light_hhg_bsv_threshold_tdse_dipole_acceleration
BSV - 2e13 W/cm^2,20000000000000.0,0.023872383018394068,36.23911932354875,8.024633020828823e-07,2.0710731749700445e-05,2.432458726146652e-07,0.02432458726146652,16.372021878116353,23.430389465091444,30.495271637492333,3.032556670062863,tdse_dipole_acceleration,raw_fft_harmonic_order_grid,13,1.6079090899617815e-08,0.11079987270298704,single_mode_bsv_random_phase_gamma_intensity,shared_fig_iv2_intensity_cases,hhg_intensity_prediction,quantum_light_hhg_bsv_threshold_tdse_dipole_acceleration
BSV - 2e13 W/cm^2,20000000000000.0,0.023872383018394068,36.27911835149968,2.7367687682235582e-05,0.0027791830040760834,8.295802505151124e-06,0.8295802505151124,16.372021878116353,23.430389465091444,30.495271637492333,3.032556670062863,tdse_dipole_acceleration,raw_fft_harmonic_order_grid,13,1.6079090899617815e-08,0.11079987270298704,single_mode_bsv_random_phase_gamma_intensity,shared_fig_iv2_intensity_cases,hhg_intensity_prediction,quantum_light_hhg_bsv_threshold_tdse_dipole_acceleration
BSV - 2e13 W/cm^2,20000000000000.0,0.023872383018394068,36.31911737945063,7.865432246312548e-06,0.0005449085033178194,2.384201153223844e-06,0.23842011532238438,16.372021878116353,23.430389465091444,30.495271637492333,3.032556670062863,tdse_dipole_acceleration,raw_fft_harmonic_order_grid,13,1.6079090899617815e-08,0.11079987270298704,single_mode_bsv_random_phase_gamma_intensity,shared_fig_iv2_intensity_cases,hhg_intensity_prediction,quantum_light_hhg_bsv_threshold_tdse_dipole_acceleration
BSV - 2e13 W/cm^2,20000000000000.0,0.023872383018394068,36.359116407401565,1.4705029002154559e-05,0.0019031838329679918,4.457446966320712e-06,0.4457446966320712,16.372021878116353,23.430389465091444,30.495271637492333,3.032556670062863,tdse_dipole_acceleration,raw_fft_harmonic_order_grid,13,1.6079090899617815e-08,0.11079987270298704,single_mode_bsv_random_phase_gamma_intensity,shared_fig_iv2_intensity_cases,hhg_intensity_prediction,quantum_light_hhg_bsv_threshold_tdse_dipole_acceleration
BSV - 2e13 W/cm^2,20000000000000.0,0.023872383018394068,36.3991154353525,1.572543307821441e-05,0.0013354528529357778,4.76675591447633e-06,0.47667559144763294,16.372021878116353,23.430389465091444,30.495271637492333,3.032556670062863,tdse_dipole_acceleration,raw_fft_harmonic_order_grid,13,1.6079090899617815e-08,0.11079987270298704,single_mode_bsv_random_phase_gamma_intensity,shared_fig_iv2_intensity_cases,hhg_intensity_prediction,quantum_light_hhg_bsv_threshold_tdse_dipole_acceleration
BSV - 2e13 W/cm^2,20000000000000.0,0.023872383018394068,36.43911446330343,1.7636101060701425e-05,0.0015587978391452722,5.345925204175452e-06,0.5345925204175452,16.372021878116353,23.430389465091444,30.495271637492333,3.032556670062863,tdse_dipole_acceleration,raw_fft_harmonic_order_grid,13,1.6079090899617815e-08,0.11079987270298704,single_mode_bsv_random_phase_gamma_intensity,shared_fig_iv2_intensity_cases,hhg_intensity_prediction,quantum_light_hhg_bsv_threshold_tdse_dipole_acceleration
BSV - 2e13 W/cm^2,20000000000000.0,0.023872383018394068,36.479113491254374,1.844061429463272e-05,0.001619140879612021,5.589792460297592e-06,0.5589792460297592,16.372021878116353,23.430389465091444,30.495271637492333,3.032556670062863,tdse_dipole_acceleration,raw_fft_harmonic_order_grid,13,1.6079090899617815e-08,0.11079987270298704,single_mode_bsv_random_phase_gamma_intensity,shared_fig_iv2_intensity_cases,hhg_intensity_prediction,quantum_light_hhg_bsv_threshold_tdse_dipole_acceleration
BSV - 2e13 W/cm^2,20000000000000.0,0.023872383018394068,36.51911251920531,2.3052253295706257e-05,0.002781580383973832,6.987690844047101e-06,0.6987690844047101,16.372021878116353,23.430389465091444,30.495271637492333,3.032556670062863,tdse_dipole_acceleration,raw_fft_harmonic_order_grid,13,1.6079090899617815e-08,0.11079987270298704,single_mode_bsv_random_phase_gamma_intensity,shared_fig_iv2_intensity_cases,hhg_intensity_prediction,quantum_light_hhg_bsv_threshold_tdse_dipole_acceleration
BSV - 2e13 W/cm^2,20000000000000.0,0.023872383018394068,36.55911154715624,1.760971905206917e-05,0.0015325001479384174,5.33792818463023e-06,0.533792818463023,16.372021878116353,23.430389465091444,30.495271637492333,3.032556670062863,tdse_dipole_acceleration,raw_fft_harmonic_order_grid,13,1.6079090899617815e-08,0.11079987270298704,single_mode_bsv_random_phase_gamma_intensity,shared_fig_iv2_intensity_cases,hhg_intensity_prediction,quantum_light_hhg_bsv_threshold_tdse_dipole_acceleration
BSV - 2e13 W/cm^2,20000000000000.0,0.023872383018394068,36.59911057510718,3.171321844973388e-05,0.004136233407573679,9.613037101138697e-06,0.9613037101138697,16.372021878116353,23.430389465091444,30.495271637492333,3.032556670062863,tdse_dipole_acceleration,raw_fft_harmonic_order_grid,13,1.6079090899617815e-08,0.11079987270298704,single_mode_bsv_random_phase_gamma_intensity,shared_fig_iv2_intensity_cases,hhg_intensity_prediction,quantum_light_hhg_bsv_threshold_tdse_dipole_acceleration
BSV - 2e13 W/cm^2,20000000000000.0,0.023872383018394068,36.63910960305812,3.4859058048684767e-06,0.00014695751044459775,1.0566616531333676e-06,0.10566616531333675,16.372021878116353,23.430389465091444,30.495271637492333,3.032556670062863,tdse_dipole_acceleration,raw_fft_harmonic_order_grid,13,1.6079090899617815e-08,0.11079987270298704,single_mode_bsv_random_phase_gamma_intensity,shared_fig_iv2_intensity_cases,hhg_intensity_prediction,quantum_light_hhg_bsv_threshold_tdse_dipole_acceleration
BSV - 2e13 W/cm^2,20000000000000.0,0.023872383018394068,36.67910863100906,7.820005814498902e-05,0.008968947007669535,2.3704313122633913e-05,2.370431312263391,16.372021878116353,23.430389465091444,30.495271637492333,3.032556670062863,tdse_dipole_acceleration,raw_fft_harmonic_order_grid,13,1.6079090899617815e-08,0.11079987270298704,single_mode_bsv_random_phase_gamma_intensity,shared_fig_iv2_intensity_cases,hhg_intensity_prediction,quantum_light_hhg_bsv_threshold_tdse_dipole_acceleration
BSV - 2e13 W/cm^2,20000000000000.0,0.023872383018394068,36.71910765896,3.487811923220125e-05,0.005158856074381854,1.057239443320844e-05,1.057239443320844,16.372021878116353,23.430389465091444,30.495271637492333,3.032556670062863,tdse_dipole_acceleration,raw_fft_harmonic_order_grid,13,1.6079090899617815e-08,0.11079987270298704,single_mode_bsv_random_phase_gamma_intensity,shared_fig_iv2_intensity_cases,hhg_intensity_prediction,quantum_light_hhg_bsv_threshold_tdse_dipole_acceleration
BSV - 2e13 W/cm^2,20000000000000.0,0.023872383018394068,36.75910668691093,0.00023076927316284212,0.030371366862516888,6.9951701314498e-05,6.9951701314498,16.372021878116353,23.430389465091444,30.495271637492333,3.032556670062863,tdse_dipole_acceleration,raw_fft_harmonic_order_grid,13,1.6079090899617815e-08,0.11079987270298704,single_mode_bsv_random_phase_gamma_intensity,shared_fig_iv2_intensity_cases,hhg_intensity_prediction,quantum_light_hhg_bsv_threshold_tdse_dipole_acceleration
BSV - 2e13 W/cm^2,20000000000000.0,0.023872383018394068,36.79910571486187,4.189560600184797e-05,0.0038752206283185335,1.2699562975886895e-05,1.2699562975886896,16.372021878116353,23.430389465091444,30.495271637492333,3.032556670062863,tdse_dipole_acceleration,raw_fft_harmonic_order_grid,13,1.6079090899617815e-08,0.11079987270298704,single_mode_bsv_random_phase_gamma_intensity,shared_fig_iv2_intensity_cases,hhg_intensity_prediction,quantum_light_hhg_bsv_threshold_tdse_dipole_acceleration
BSV - 2e13 W/cm^2,20000000000000.0,0.023872383018394068,36.8391047428128,0.00014989222096799894,0.018370184035961835,4.543592709208437e-05,4.543592709208437,16.372021878116353,23.430389465091444,30.495271637492333,3.032556670062863,tdse_dipole_acceleration,raw_fft_harmonic_order_grid,13,1.6079090899617815e-08,0.11079987270298704,single_mode_bsv_random_phase_gamma_intensity,shared_fig_iv2_intensity_cases,hhg_intensity_prediction,quantum_light_hhg_bsv_threshold_tdse_dipole_acceleration
BSV - 2e13 W/cm^2,20000000000000.0,0.023872383018394068,36.87910377076374,0.0003451784827328621,0.0291739585330049,0.00010463187665058987,10.463187665058987,16.372021878116353,23.430389465091444,30.495271637492333,3.032556670062863,tdse_dipole_acceleration,raw_fft_harmonic_order_grid,13,1.6079090899617815e-08,0.11079987270298704,single_mode_bsv_random_phase_gamma_intensity,shared_fig_iv2_intensity_cases,hhg_intensity_prediction,quantum_light_hhg_bsv_threshold_tdse_dipole_acceleration
BSV - 2e13 W/cm^2,20000000000000.0,0.023872383018394068,36.919102798714675,0.0001111880012773144,0.00964977824565783,3.370374984722654e-05,3.370374984722654,16.372021878116353,23.430389465091444,30.495271637492333,3.032556670062863,tdse_dipole_acceleration,raw_fft_harmonic_order_grid,13,1.6079090899617815e-08,0.11079987270298704,single_mode_bsv_random_phase_gamma_intensity,shared_fig_iv2_intensity_cases,hhg_intensity_prediction,quantum_light_hhg_bsv_threshold_tdse_dipole_acceleration
BSV - 2e13 W/cm^2,20000000000000.0,0.023872383018394068,36.95910182666561,0.014083265982556988,1.357678231690951,0.004268975683124363,426.8975683124363,16.372021878116353,23.430389465091444,30.495271637492333,3.032556670062863,tdse_dipole_acceleration,raw_fft_harmonic_order_grid,13,1.6079090899617815e-08,0.11079987270298704,single_mode_bsv_random_phase_gamma_intensity,shared_fig_iv2_intensity_cases,hhg_intensity_prediction,quantum_light_hhg_bsv_threshold_tdse_dipole_acceleration
BSV - 2e13 W/cm^2,20000000000000.0,0.023872383018394068,36.99910085461655,0.040833872595261576,4.190837327667778,0.012377726116433136,1237.7726116433137,16.372021878116353,23.430389465091444,30.495271637492333,3.032556670062863,tdse_dipole_acceleration,raw_fft_harmonic_order_grid,13,1.6079090899617815e-08,0.11079987270298704,single_mode_bsv_random_phase_gamma_intensity,shared_fig_iv2_intensity_cases,hhg_intensity_prediction,quantum_light_hhg_bsv_threshold_tdse_dipole_acceleration
BSV - 2e13 W/cm^2,20000000000000.0,0.023872383018394068,37.03909988256749,0.021310363506515523,2.3744715623858546,0.006459682272601534,645.9682272601534,16.372021878116353,23.430389465091444,30.495271637492333,3.032556670062863,tdse_dipole_acceleration,raw_fft_harmonic_order_grid,13,1.6079090899617815e-08,0.11079987270298704,single_mode_bsv_random_phase_gamma_intensity,shared_fig_iv2_intensity_cases,hhg_intensity_prediction,quantum_light_hhg_bsv_threshold_tdse_dipole_acceleration
BSV - 2e13 W/cm^2,20000000000000.0,0.023872383018394068,37.079098910518425,0.0016140203159884996,0.2370377771996737,0.0004892482673804193,48.92482673804193,16.372021878116353,23.430389465091444,30.495271637492333,3.032556670062863,tdse_dipole_acceleration,raw_fft_harmonic_order_grid,13,1.6079090899617815e-08,0.11079987270298704,single_mode_bsv_random_phase_gamma_intensity,shared_fig_iv2_intensity_cases,hhg_intensity_prediction,quantum_light_hhg_bsv_threshold_tdse_dipole_acceleration
BSV - 2e13 W/cm^2,20000000000000.0,0.023872383018394068,37.11909793846936,0.00012856801477202228,0.012380037264826695,3.897204876831318e-05,3.8972048768313177,16.372021878116353,23.430389465091444,30.495271637492333,3.032556670062863,tdse_dipole_acceleration,raw_fft_harmonic_order_grid,13,1.6079090899617815e-08,0.11079987270298704,single_mode_bsv_random_phase_gamma_intensity,shared_fig_iv2_intensity_cases,hhg_intensity_prediction,quantum_light_hhg_bsv_threshold_tdse_dipole_acceleration
BSV - 2e13 W/cm^2,20000000000000.0,0.023872383018394068,37.1590969664203,6.240972474076609e-06,0.00033027106954085776,1.8917884362817564e-06,0.18917884362817564,16.372021878116353,23.430389465091444,30.495271637492333,3.032556670062863,tdse_dipole_acceleration,raw_fft_harmonic_order_grid,13,1.6079090899617815e-08,0.11079987270298704,single_mode_bsv_random_phase_gamma_intensity,shared_fig_iv2_intensity_cases,hhg_intensity_prediction,quantum_light_hhg_bsv_threshold_tdse_dipole_acceleration
BSV - 2e13 W/cm^2,20000000000000.0,0.023872383018394068,37.199095994371234,3.1395442158350976e-05,0.004752733202362325,9.516711485882457e-06,0.9516711485882458,16.372021878116353,23.430389465091444,30.495271637492333,3.032556670062863,tdse_dipole_acceleration,raw_fft_harmonic_order_grid,13,1.6079090899617815e-08,0.11079987270298704,single_mode_bsv_random_phase_gamma_intensity,shared_fig_iv2_intensity_cases,hhg_intensity_prediction,quantum_light_hhg_bsv_threshold_tdse_dipole_acceleration
BSV - 2e13 W/cm^2,20000000000000.0,0.023872383018394068,37.239095022322175,4.265083412027892e-05,0.004617654057035393,1.2928490731479004e-05,1.2928490731479003,16.372021878116353,23.430389465091444,30.495271637492333,3.032556670062863,tdse_dipole_acceleration,raw_fft_harmonic_order_grid,13,1.6079090899617815e-08,0.11079987270298704,single_mode_bsv_random_phase_gamma_intensity,shared_fig_iv2_intensity_cases,hhg_intensity_prediction,quantum_light_hhg_bsv_threshold_tdse_dipole_acceleration
BSV - 2e13 W/cm^2,20000000000000.0,0.023872383018394068,37.27909405027311,5.615922382874003e-06,0.00029687615484973493,1.7023207628469526e-06,0.17023207628469525,16.372021878116353,23.430389465091444,30.495271637492333,3.032556670062863,tdse_dipole_acceleration,raw_fft_harmonic_order_grid,13,1.6079090899617815e-08,0.11079987270298704,single_mode_bsv_random_phase_gamma_intensity,shared_fig_iv2_intensity_cases,hhg_intensity_prediction,quantum_light_hhg_bsv_threshold_tdse_dipole_acceleration
BSV - 2e13 W/cm^2,20000000000000.0,0.023872383018394068,37.31909307822404,2.1239607559086965e-05,0.001971066121585564,6.438234447971718e-06,0.6438234447971718,16.372021878116353,23.430389465091444,30.495271637492333,3.032556670062863,tdse_dipole_acceleration,raw_fft_harmonic_order_grid,13,1.6079090899617815e-08,0.11079987270298704,single_mode_bsv_random_phase_gamma_intensity,shared_fig_iv2_intensity_cases,hhg_intensity_prediction,quantum_light_hhg_bsv_threshold_tdse_dipole_acceleration
BSV - 2e13 W/cm^2,20000000000000.0,0.023872383018394068,37.35909210617499,2.6461288604561442e-05,0.0029816726041245545,8.021051206227297e-06,0.8021051206227298,16.372021878116353,23.430389465091444,30.495271637492333,3.032556670062863,tdse_dipole_acceleration,raw_fft_harmonic_order_grid,13,1.6079090899617815e-08,0.11079987270298704,single_mode_bsv_random_phase_gamma_intensity,shared_fig_iv2_intensity_cases,hhg_intensity_prediction,quantum_light_hhg_bsv_threshold_tdse_dipole_acceleration
BSV - 2e13 W/cm^2,20000000000000.0,0.023872383018394068,37.399091134125925,2.6989946335667237e-05,0.004366494435426523,8.181300043505637e-06,0.8181300043505637,16.372021878116353,23.430389465091444,30.495271637492333,3.032556670062863,tdse_dipole_acceleration,raw_fft_harmonic_order_grid,13,1.6079090899617815e-08,0.11079987270298704,single_mode_bsv_random_phase_gamma_intensity,shared_fig_iv2_intensity_cases,hhg_intensity_prediction,quantum_light_hhg_bsv_threshold_tdse_dipole_acceleration
BSV - 2e13 W/cm^2,20000000000000.0,0.023872383018394068,37.43909016207685,4.254172560345553e-05,0.005733270468381516,1.2895417323242755e-05,1.2895417323242755,16.372021878116353,23.430389465091444,30.495271637492333,3.032556670062863,tdse_dipole_acceleration,raw_fft_harmonic_order_grid,13,1.6079090899617815e-08,0.11079987270298704,single_mode_bsv_random_phase_gamma_intensity,shared_fig_iv2_intensity_cases,hhg_intensity_prediction,quantum_light_hhg_bsv_threshold_tdse_dipole_acceleration
BSV - 2e13 W/cm^2,20000000000000.0,0.023872383018394068,37.479089190027786,3.1070003822890544e-05,0.0045718075480378996,9.418063321304882e-06,0.9418063321304881,16.372021878116353,23.430389465091444,30.495271637492333,3.032556670062863,tdse_dipole_acceleration,raw_fft_harmonic_order_grid,13,1.6079090899617815e-08,0.11079987270298704,single_mode_bsv_random_phase_gamma_intensity,shared_fig_iv2_intensity_cases,hhg_intensity_prediction,quantum_light_hhg_bsv_threshold_tdse_dipole_acceleration
BSV - 2e13 W/cm^2,20000000000000.0,0.023872383018394068,37.519088217978734,1.9773981896885212e-05,0.0028744173317896316,5.993968159154077e-06,0.5993968159154077,16.372021878116353,23.430389465091444,30.495271637492333,3.032556670062863,tdse_dipole_acceleration,raw_fft_harmonic_order_grid,13,1.6079090899617815e-08,0.11079987270298704,single_mode_bsv_random_phase_gamma_intensity,shared_fig_iv2_intensity_cases,hhg_intensity_prediction,quantum_light_hhg_bsv_threshold_tdse_dipole_acceleration
BSV - 2e13 W/cm^2,20000000000000.0,0.023872383018394068,37.55908724592967,2.3503054103938786e-05,0.0032647390235015887,7.124339380733197e-06,0.7124339380733197,16.372021878116353,23.430389465091444,30.495271637492333,3.032556670062863,tdse_dipole_acceleration,raw_fft_harmonic_order_grid,13,1.6079090899617815e-08,0.11079987270298704,single_mode_bsv_random_phase_gamma_intensity,shared_fig_iv2_intensity_cases,hhg_intensity_prediction,quantum_light_hhg_bsv_threshold_tdse_dipole_acceleration
BSV - 2e13 W/cm^2,20000000000000.0,0.023872383018394068,37.5990862738806,3.7937391508971983e-05,0.006902497921101384,1.1499733231876758e-05,1.1499733231876759,16.372021878116353,23.430389465091444,30.495271637492333,3.032556670062863,tdse_dipole_acceleration,raw_fft_harmonic_order_grid,13,1.6079090899617815e-08,0.11079987270298704,single_mode_bsv_random_phase_gamma_intensity,shared_fig_iv2_intensity_cases,hhg_intensity_prediction,quantum_light_hhg_bsv_threshold_tdse_dipole_acceleration
BSV - 2e13 W/cm^2,20000000000000.0,0.023872383018394068,37.63908530183154,3.4919828160061235e-05,0.005240846409951551,1.0585037409562364e-05,1.0585037409562363,16.372021878116353,23.430389465091444,30.495271637492333,3.032556670062863,tdse_dipole_acceleration,raw_fft_harmonic_order_grid,13,1.6079090899617815e-08,0.11079987270298704,single_mode_bsv_random_phase_gamma_intensity,shared_fig_iv2_intensity_cases,hhg_intensity_prediction,quantum_light_hhg_bsv_threshold_tdse_dipole_acceleration
BSV - 2e13 W/cm^2,20000000000000.0,0.023872383018394068,37.67908432978248,8.765654021298241e-05,0.015252621678301126,2.657079963550426e-05,2.657079963550426,16.372021878116353,23.430389465091444,30.495271637492333,3.032556670062863,tdse_dipole_acceleration,raw_fft_harmonic_order_grid,13,1.6079090899617815e-08,0.11079987270298704,single_mode_bsv_random_phase_gamma_intensity,shared_fig_iv2_intensity_cases,hhg_intensity_prediction,quantum_light_hhg_bsv_threshold_tdse_dipole_acceleration
BSV - 2e13 W/cm^2,20000000000000.0,0.023872383018394068,37.71908335773342,3.1628011097369276e-05,0.005370048279180268,9.58720870907975e-06,0.958720870907975,16.372021878116353,23.430389465091444,30.495271637492333,3.032556670062863,tdse_dipole_acceleration,raw_fft_harmonic_order_grid,13,1.6079090899617815e-08,0.11079987270298704,single_mode_bsv_random_phase_gamma_intensity,shared_fig_iv2_intensity_cases,hhg_intensity_prediction,quantum_light_hhg_bsv_threshold_tdse_dipole_acceleration
BSV - 2e13 W/cm^2,20000000000000.0,0.023872383018394068,37.75908238568435,4.762464223031477e-05,0.007490393225276846,1.4436171258181283e-05,1.4436171258181283,16.372021878116353,23.430389465091444,30.495271637492333,3.032556670062863,tdse_dipole_acceleration,raw_fft_harmonic_order_grid,13,1.6079090899617815e-08,0.11079987270298704,single_mode_bsv_random_phase_gamma_intensity,shared_fig_iv2_intensity_cases,hhg_intensity_prediction,quantum_light_hhg_bsv_threshold_tdse_dipole_acceleration
BSV - 2e13 W/cm^2,20000000000000.0,0.023872383018394068,37.799081413635285,1.4099961784774471e-05,0.002292447091587727,4.274036581197648e-06,0.42740365811976483,16.372021878116353,23.430389465091444,30.495271637492333,3.032556670062863,tdse_dipole_acceleration,raw_fft_harmonic_order_grid,13,1.6079090899617815e-08,0.11079987270298704,single_mode_bsv_random_phase_gamma_intensity,shared_fig_iv2_intensity_cases,hhg_intensity_prediction,quantum_light_hhg_bsv_threshold_tdse_dipole_acceleration
BSV - 2e13 W/cm^2,20000000000000.0,0.023872383018394068,37.83908044158622,4.20357886384585e-06,0.0005324290262037354,1.2742055695091928e-06,0.12742055695091928,16.372021878116353,23.430389465091444,30.495271637492333,3.032556670062863,tdse_dipole_acceleration,raw_fft_harmonic_order_grid,13,1.6079090899617815e-08,0.11079987270298704,single_mode_bsv_random_phase_gamma_intensity,shared_fig_iv2_intensity_cases,hhg_intensity_prediction,quantum_light_hhg_bsv_threshold_tdse_dipole_acceleration
BSV - 2e13 W/cm^2,20000000000000.0,0.023872383018394068,37.87907946953717,1.2750462343495737e-05,0.0019234674291682917,3.864970935036867e-06,0.38649709350368666,16.372021878116353,23.430389465091444,30.495271637492333,3.032556670062863,tdse_dipole_acceleration,raw_fft_harmonic_order_grid,13,1.6079090899617815e-08,0.11079987270298704,single_mode_bsv_random_phase_gamma_intensity,shared_fig_iv2_intensity_cases,hhg_intensity_prediction,quantum_light_hhg_bsv_threshold_tdse_dipole_acceleration
BSV - 2e13 W/cm^2,20000000000000.0,0.023872383018394068,37.9190784974881,6.075429122565308e-06,0.0009845659742818739,1.8416082761555509e-06,0.18416082761555508,16.372021878116353,23.430389465091444,30.495271637492333,3.032556670062863,tdse_dipole_acceleration,raw_fft_harmonic_order_grid,13,1.6079090899617815e-08,0.11079987270298704,single_mode_bsv_random_phase_gamma_intensity,shared_fig_iv2_intensity_cases,hhg_intensity_prediction,quantum_light_hhg_bsv_threshold_tdse_dipole_acceleration
BSV - 2e13 W/cm^2,20000000000000.0,0.023872383018394068,37.959077525439035,1.508730140260373e-05,0.002195089755660206,4.5733228990673e-06,0.45733228990673,16.372021878116353,23.430389465091444,30.495271637492333,3.032556670062863,tdse_dipole_acceleration,raw_fft_harmonic_order_grid,13,1.6079090899617815e-08,0.11079987270298704,single_mode_bsv_random_phase_gamma_intensity,shared_fig_iv2_intensity_cases,hhg_intensity_prediction,quantum_light_hhg_bsv_threshold_tdse_dipole_acceleration
BSV - 2e13 W/cm^2,20000000000000.0,0.023872383018394068,37.99907655338997,0.00017264428647738192,0.029889501660931676,5.233262381858997e-05,5.233262381858997,16.372021878116353,23.430389465091444,30.495271637492333,3.032556670062863,tdse_dipole_acceleration,raw_fft_harmonic_order_grid,13,1.6079090899617815e-08,0.11079987270298704,single_mode_bsv_random_phase_gamma_intensity,shared_fig_iv2_intensity_cases,hhg_intensity_prediction,quantum_light_hhg_bsv_threshold_tdse_dipole_acceleration
BSV - 2e13 W/cm^2,20000000000000.0,0.023872383018394068,38.03907558134091,0.00023495538286326774,0.03914163794233983,7.122061156160557e-05,7.122061156160557,16.372021878116353,23.430389465091444,30.495271637492333,3.032556670062863,tdse_dipole_acceleration,raw_fft_harmonic_order_grid,13,1.6079090899617815e-08,0.11079987270298704,single_mode_bsv_random_phase_gamma_intensity,shared_fig_iv2_intensity_cases,hhg_intensity_prediction,quantum_light_hhg_bsv_threshold_tdse_dipole_acceleration
BSV - 2e13 W/cm^2,20000000000000.0,0.023872383018394068,38.079074609291844,5.204884887504926e-05,0.00807562590099743,1.5777254399469767e-05,1.5777254399469767,16.372021878116353,23.430389465091444,30.495271637492333,3.032556670062863,tdse_dipole_acceleration,raw_fft_harmonic_order_grid,13,1.6079090899617815e-08,0.11079987270298704,single_mode_bsv_random_phase_gamma_intensity,shared_fig_iv2_intensity_cases,hhg_intensity_prediction,quantum_light_hhg_bsv_threshold_tdse_dipole_acceleration
BSV - 2e13 W/cm^2,20000000000000.0,0.023872383018394068,38.11907363724278,1.3995959045478165e-05,0.0019590488792708425,4.2425108565834744e-06,0.42425108565834746,16.372021878116353,23.430389465091444,30.495271637492333,3.032556670062863,tdse_dipole_acceleration,raw_fft_harmonic_order_grid,13,1.6079090899617815e-08,0.11079987270298704,single_mode_bsv_random_phase_gamma_intensity,shared_fig_iv2_intensity_cases,hhg_intensity_prediction,quantum_light_hhg_bsv_threshold_tdse_dipole_acceleration
BSV - 2e13 W/cm^2,20000000000000.0,0.023872383018394068,38.15907266519372,3.4657542947251364e-05,0.005880205472877509,1.0505532471083232e-05,1.0505532471083232,16.372021878116353,23.430389465091444,30.495271637492333,3.032556670062863,tdse_dipole_acceleration,raw_fft_harmonic_order_grid,13,1.6079090899617815e-08,0.11079987270298704,single_mode_bsv_random_phase_gamma_intensity,shared_fig_iv2_intensity_cases,hhg_intensity_prediction,quantum_light_hhg_bsv_threshold_tdse_dipole_acceleration
BSV - 2e13 W/cm^2,20000000000000.0,0.023872383018394068,38.19907169314465,2.2604720864579325e-05,0.0036924461033116473,6.852033030848324e-06,0.6852033030848325,16.372021878116353,23.430389465091444,30.495271637492333,3.032556670062863,tdse_dipole_acceleration,raw_fft_harmonic_order_grid,13,1.6079090899617815e-08,0.11079987270298704,single_mode_bsv_random_phase_gamma_intensity,shared_fig_iv2_intensity_cases,hhg_intensity_prediction,quantum_light_hhg_bsv_threshold_tdse_dipole_acceleration
BSV - 2e13 W/cm^2,20000000000000.0,0.023872383018394068,38.239070721095594,3.711256933127445e-05,0.006419498520010084,1.124970984782269e-05,1.124970984782269,16.372021878116353,23.430389465091444,30.495271637492333,3.032556670062863,tdse_dipole_acceleration,raw_fft_harmonic_order_grid,13,1.6079090899617815e-08,0.11079987270298704,single_mode_bsv_random_phase_gamma_intensity,shared_fig_iv2_intensity_cases,hhg_intensity_prediction,quantum_light_hhg_bsv_threshold_tdse_dipole_acceleration
BSV - 2e13 W/cm^2,20000000000000.0,0.023872383018394068,38.279069749046535,3.129343516373194e-05,0.00482185378057254,9.485790719344595e-06,0.9485790719344595,16.372021878116353,23.430389465091444,30.495271637492333,3.032556670062863,tdse_dipole_acceleration,raw_fft_harmonic_order_grid,13,1.6079090899617815e-08,0.11079987270298704,single_mode_bsv_random_phase_gamma_intensity,shared_fig_iv2_intensity_cases,hhg_intensity_prediction,quantum_light_hhg_bsv_threshold_tdse_dipole_acceleration
BSV - 2e13 W/cm^2,20000000000000.0,0.023872383018394068,38.31906877699747,2.3980024380632324e-05,0.0037002920969988174,7.268920510941185e-06,0.7268920510941185,16.372021878116353,23.430389465091444,30.495271637492333,3.032556670062863,tdse_dipole_acceleration,raw_fft_harmonic_order_grid,13,1.6079090899617815e-08,0.11079987270298704,single_mode_bsv_random_phase_gamma_intensity,shared_fig_iv2_intensity_cases,hhg_intensity_prediction,quantum_light_hhg_bsv_threshold_tdse_dipole_acceleration
BSV - 2e13 W/cm^2,20000000000000.0,0.023872383018394068,38.359067804948396,1.6411615847137354e-05,0.002700886779609843,4.974754368694201e-06,0.4974754368694201,16.372021878116353,23.430389465091444,30.495271637492333,3.032556670062863,tdse_dipole_acceleration,raw_fft_harmonic_order_grid,13,1.6079090899617815e-08,0.11079987270298704,single_mode_bsv_random_phase_gamma_intensity,shared_fig_iv2_intensity_cases,hhg_intensity_prediction,quantum_light_hhg_bsv_threshold_tdse_dipole_acceleration
BSV - 2e13 W/cm^2,20000000000000.0,0.023872383018394068,38.39906683289934,6.524960706961982e-06,0.0008647147842422262,1.9778720806567666e-06,0.19778720806567665,16.372021878116353,23.430389465091444,30.495271637492333,3.032556670062863,tdse_dipole_acceleration,raw_fft_harmonic_order_grid,13,1.6079090899617815e-08,0.11079987270298704,single_mode_bsv_random_phase_gamma_intensity,shared_fig_iv2_intensity_cases,hhg_intensity_prediction,quantum_light_hhg_bsv_threshold_tdse_dipole_acceleration
BSV - 2e13 W/cm^2,20000000000000.0,0.023872383018394068,38.43906586085028,1.141139709952258e-05,0.0016288966202576585,3.459068144326348e-06,0.34590681443263477,16.372021878116353,23.430389465091444,30.495271637492333,3.032556670062863,tdse_dipole_acceleration,raw_fft_harmonic_order_grid,13,1.6079090899617815e-08,0.11079987270298704,single_mode_bsv_random_phase_gamma_intensity,shared_fig_iv2_intensity_cases,hhg_intensity_prediction,quantum_light_hhg_bsv_threshold_tdse_dipole_acceleration
BSV - 2e13 W/cm^2,20000000000000.0,0.023872383018394068,38.47906488880121,2.9067272259485107e-05,0.004263726361479765,8.810987352236862e-06,0.8810987352236862,16.372021878116353,23.430389465091444,30.495271637492333,3.032556670062863,tdse_dipole_acceleration,raw_fft_harmonic_order_grid,13,1.6079090899617815e-08,0.11079987270298704,single_mode_bsv_random_phase_gamma_intensity,shared_fig_iv2_intensity_cases,hhg_intensity_prediction,quantum_light_hhg_bsv_threshold_tdse_dipole_acceleration
BSV - 2e13 W/cm^2,20000000000000.0,0.023872383018394068,38.519063916752145,5.341601346662879e-06,0.0007907946566940142,1.6191674776356095e-06,0.16191674776356094,16.372021878116353,23.430389465091444,30.495271637492333,3.032556670062863,tdse_dipole_acceleration,raw_fft_harmonic_order_grid,13,1.6079090899617815e-08,0.11079987270298704,single_mode_bsv_random_phase_gamma_intensity,shared_fig_iv2_intensity_cases,hhg_intensity_prediction,quantum_light_hhg_bsv_threshold_tdse_dipole_acceleration
BSV - 2e13 W/cm^2,20000000000000.0,0.023872383018394068,38.559062944703086,3.332478584055201e-05,0.005102895408467592,1.010154182807063e-05,1.010154182807063,16.372021878116353,23.430389465091444,30.495271637492333,3.032556670062863,tdse_dipole_acceleration,raw_fft_harmonic_order_grid,13,1.6079090899617815e-08,0.11079987270298704,single_mode_bsv_random_phase_gamma_intensity,shared_fig_iv2_intensity_cases,hhg_intensity_prediction,quantum_light_hhg_bsv_threshold_tdse_dipole_acceleration
BSV - 2e13 W/cm^2,20000000000000.0,0.023872383018394068,38.59906197265403,3.959742064793151e-06,0.0006114088866922609,1.2002927876945121e-06,0.12002927876945121,16.372021878116353,23.430389465091444,30.495271637492333,3.032556670062863,tdse_dipole_acceleration,raw_fft_harmonic_order_grid,13,1.6079090899617815e-08,0.11079987270298704,single_mode_bsv_random_phase_gamma_intensity,shared_fig_iv2_intensity_cases,hhg_intensity_prediction,quantum_light_hhg_bsv_threshold_tdse_dipole_acceleration
BSV - 2e13 W/cm^2,20000000000000.0,0.023872383018394068,38.63906100060496,1.684097971306568e-05,0.0025255156844629953,5.104904854038333e-06,0.5104904854038333,16.372021878116353,23.430389465091444,30.495271637492333,3.032556670062863,tdse_dipole_acceleration,raw_fft_harmonic_order_grid,13,1.6079090899617815e-08,0.11079987270298704,single_mode_bsv_random_phase_gamma_intensity,shared_fig_iv2_intensity_cases,hhg_intensity_prediction,quantum_light_hhg_bsv_threshold_tdse_dipole_acceleration
BSV - 2e13 W/cm^2,20000000000000.0,0.023872383018394068,38.679060028555895,2.517591997720742e-05,0.003710777962714166,7.631425147838462e-06,0.7631425147838462,16.372021878116353,23.430389465091444,30.495271637492333,3.032556670062863,tdse_dipole_acceleration,raw_fft_harmonic_order_grid,13,1.6079090899617815e-08,0.11079987270298704,single_mode_bsv_random_phase_gamma_intensity,shared_fig_iv2_intensity_cases,hhg_intensity_prediction,quantum_light_hhg_bsv_threshold_tdse_dipole_acceleration
BSV - 2e13 W/cm^2,20000000000000.0,0.023872383018394068,38.719059056506836,3.0124084466872314e-05,0.0049090846236056526,9.131332478186536e-06,0.9131332478186536,16.372021878116353,23.430389465091444,30.495271637492333,3.032556670062863,tdse_dipole_acceleration,raw_fft_harmonic_order_grid,13,1.6079090899617815e-08,0.11079987270298704,single_mode_bsv_random_phase_gamma_intensity,shared_fig_iv2_intensity_cases,hhg_intensity_prediction,quantum_light_hhg_bsv_threshold_tdse_dipole_acceleration
BSV - 2e13 W/cm^2,20000000000000.0,0.023872383018394068,38.75905808445777,0.00015486189529423448,0.026717363939775925,4.694235456977481e-05,4.694235456977482,16.372021878116353,23.430389465091444,30.495271637492333,3.032556670062863,tdse_dipole_acceleration,raw_fft_harmonic_order_grid,13,1.6079090899617815e-08,0.11079987270298704,single_mode_bsv_random_phase_gamma_intensity,shared_fig_iv2_intensity_cases,hhg_intensity_prediction,quantum_light_hhg_bsv_threshold_tdse_dipole_acceleration
BSV - 2e13 W/cm^2,20000000000000.0,0.023872383018394068,38.79905711240871,6.643942996854692e-05,0.00966214698492924,2.013938466316424e-05,2.013938466316424,16.372021878116353,23.430389465091444,30.495271637492333,3.032556670062863,tdse_dipole_acceleration,raw_fft_harmonic_order_grid,13,1.6079090899617815e-08,0.11079987270298704,single_mode_bsv_random_phase_gamma_intensity,shared_fig_iv2_intensity_cases,hhg_intensity_prediction,quantum_light_hhg_bsv_threshold_tdse_dipole_acceleration
BSV - 2e13 W/cm^2,20000000000000.0,0.023872383018394068,38.839056140359645,0.00011276949721206211,0.01760705098617343,3.418313919460945e-05,3.418313919460945,16.372021878116353,23.430389465091444,30.495271637492333,3.032556670062863,tdse_dipole_acceleration,raw_fft_harmonic_order_grid,13,1.6079090899617815e-08,0.11079987270298704,single_mode_bsv_random_phase_gamma_intensity,shared_fig_iv2_intensity_cases,hhg_intensity_prediction,quantum_light_hhg_bsv_threshold_tdse_dipole_acceleration
BSV - 2e13 W/cm^2,20000000000000.0,0.023872383018394068,38.87905516831058,0.00041290010178054786,0.059820123899890276,0.00012515992357482272,12.515992357482272,16.372021878116353,23.430389465091444,30.495271637492333,3.032556670062863,tdse_dipole_acceleration,raw_fft_harmonic_order_grid,13,1.6079090899617815e-08,0.11079987270298704,single_mode_bsv_random_phase_gamma_intensity,shared_fig_iv2_intensity_cases,hhg_intensity_prediction,quantum_light_hhg_bsv_threshold_tdse_dipole_acceleration
BSV - 2e13 W/cm^2,20000000000000.0,0.023872383018394068,38.91905419626153,0.00016249662683755312,0.02352132449884173,4.925662480694691e-05,4.925662480694691,16.372021878116353,23.430389465091444,30.495271637492333,3.032556670062863,tdse_dipole_acceleration,raw_fft_harmonic_order_grid,13,1.6079090899617815e-08,0.11079987270298704,single_mode_bsv_random_phase_gamma_intensity,shared_fig_iv2_intensity_cases,hhg_intensity_prediction,quantum_light_hhg_bsv_threshold_tdse_dipole_acceleration
BSV - 2e13 W/cm^2,20000000000000.0,0.023872383018394068,38.959053224212454,0.02066319951376082,3.2197890009443,0.006263511345240984,626.3511345240984,16.372021878116353,23.430389465091444,30.495271637492333,3.032556670062863,tdse_dipole_acceleration,raw_fft_harmonic_order_grid,13,1.6079090899617815e-08,0.11079987270298704,single_mode_bsv_random_phase_gamma_intensity,shared_fig_iv2_intensity_cases,hhg_intensity_prediction,quantum_light_hhg_bsv_threshold_tdse_dipole_acceleration
BSV - 2e13 W/cm^2,20000000000000.0,0.023872383018394068,38.99905225216339,0.06936254708486496,11.13445968307557,0.02102545156724331,2102.545156724331,16.372021878116353,23.430389465091444,30.495271637492333,3.032556670062863,tdse_dipole_acceleration,raw_fft_harmonic_order_grid,13,1.6079090899617815e-08,0.11079987270298704,single_mode_bsv_random_phase_gamma_intensity,shared_fig_iv2_intensity_cases,hhg_intensity_prediction,quantum_light_hhg_bsv_threshold_tdse_dipole_acceleration
BSV - 2e13 W/cm^2,20000000000000.0,0.023872383018394068,39.03905128011432,0.05300555500934304,8.903104697550843,0.016067254973786447,1606.7254973786446,16.372021878116353,23.430389465091444,30.495271637492333,3.032556670062863,tdse_dipole_acceleration,raw_fft_harmonic_order_grid,13,1.6079090899617815e-08,0.11079987270298704,single_mode_bsv_random_phase_gamma_intensity,shared_fig_iv2_intensity_cases,hhg_intensity_prediction,quantum_light_hhg_bsv_threshold_tdse_dipole_acceleration
BSV - 2e13 W/cm^2,20000000000000.0,0.023872383018394068,39.07905030806527,0.009074721821000428,1.699395263133328,0.002750765826119489,275.0765826119489,16.372021878116353,23.430389465091444,30.495271637492333,3.032556670062863,tdse_dipole_acceleration,raw_fft_harmonic_order_grid,13,1.6079090899617815e-08,0.11079987270298704,single_mode_bsv_random_phase_gamma_intensity,shared_fig_iv2_intensity_cases,hhg_intensity_prediction,quantum_light_hhg_bsv_threshold_tdse_dipole_acceleration
BSV - 2e13 W/cm^2,20000000000000.0,0.023872383018394068,39.119049336016204,0.0011665340494891412,0.202846137796843,0.00035360444778744236,35.36044477874424,16.372021878116353,23.430389465091444,30.495271637492333,3.032556670062863,tdse_dipole_acceleration,raw_fft_harmonic_order_grid,13,1.6079090899617815e-08,0.11079987270298704,single_mode_bsv_random_phase_gamma_intensity,shared_fig_iv2_intensity_cases,hhg_intensity_prediction,quantum_light_hhg_bsv_threshold_tdse_dipole_acceleration
BSV - 2e13 W/cm^2,20000000000000.0,0.023872383018394068,39.15904836396714,0.00012055458150552191,0.02017385150161272,3.654298495631105e-05,3.654298495631105,16.372021878116353,23.430389465091444,30.495271637492333,3.032556670062863,tdse_dipole_acceleration,raw_fft_harmonic_order_grid,13,1.6079090899617815e-08,0.11079987270298704,single_mode_bsv_random_phase_gamma_intensity,shared_fig_iv2_intensity_cases,hhg_intensity_prediction,quantum_light_hhg_bsv_threshold_tdse_dipole_acceleration
BSV - 2e13 W/cm^2,20000000000000.0,0.023872383018394068,39.19904739191808,0.00025454939482926284,0.04817078520937864,7.716002651842611e-05,7.7160026518426115,16.372021878116353,23.430389465091444,30.495271637492333,3.032556670062863,tdse_dipole_acceleration,raw_fft_harmonic_order_grid,13,1.6079090899617815e-08,0.11079987270298704,single_mode_bsv_random_phase_gamma_intensity,shared_fig_iv2_intensity_cases,hhg_intensity_prediction,quantum_light_hhg_bsv_threshold_tdse_dipole_acceleration
BSV - 2e13 W/cm^2,20000000000000.0,0.023872383018394068,39.23904641986901,0.00010339199057598075,0.01712514810110525,3.1340592029246585e-05,3.1340592029246586,16.372021878116353,23.430389465091444,30.495271637492333,3.032556670062863,tdse_dipole_acceleration,raw_fft_harmonic_order_grid,13,1.6079090899617815e-08,0.11079987270298704,single_mode_bsv_random_phase_gamma_intensity,shared_fig_iv2_intensity_cases,hhg_intensity_prediction,quantum_light_hhg_bsv_threshold_tdse_dipole_acceleration
BSV - 2e13 W/cm^2,20000000000000.0,0.023872383018394068,39.279045447819946,0.0001045296171640847,0.017673833604356357,3.168543393219059e-05,3.1685433932190588,16.372021878116353,23.430389465091444,30.495271637492333,3.032556670062863,tdse_dipole_acceleration,raw_fft_harmonic_order_grid,13,1.6079090899617815e-08,0.11079987270298704,single_mode_bsv_random_phase_gamma_intensity,shared_fig_iv2_intensity_cases,hhg_intensity_prediction,quantum_light_hhg_bsv_threshold_tdse_dipole_acceleration
BSV - 2e13 W/cm^2,20000000000000.0,0.023872383018394068,39.31904447577089,2.730102752162167e-07,1.213605266195325e-05,8.27559621173549e-08,0.01,16.372021878116353,23.430389465091444,30.495271637492333,3.032556670062863,tdse_dipole_acceleration,raw_fft_harmonic_order_grid,13,1.6079090899617815e-08,0.11079987270298704,single_mode_bsv_random_phase_gamma_intensity,shared_fig_iv2_intensity_cases,hhg_intensity_prediction,quantum_light_hhg_bsv_threshold_tdse_dipole_acceleration
BSV - 2e13 W/cm^2,20000000000000.0,0.023872383018394068,39.35904350372182,1.0198796833061532e-05,0.0014994039526210466,3.091499921352797e-06,0.30914999213527966,16.372021878116353,23.430389465091444,30.495271637492333,3.032556670062863,tdse_dipole_acceleration,raw_fft_harmonic_order_grid,13,1.6079090899617815e-08,0.11079987270298704,single_mode_bsv_random_phase_gamma_intensity,shared_fig_iv2_intensity_cases,hhg_intensity_prediction,quantum_light_hhg_bsv_threshold_tdse_dipole_acceleration
BSV - 2e13 W/cm^2,20000000000000.0,0.023872383018394068,39.399042531672755,1.0273688441879526e-05,0.0017215101952382467,3.1142013641367404e-06,0.31142013641367405,16.372021878116353,23.430389465091444,30.495271637492333,3.032556670062863,tdse_dipole_acceleration,raw_fft_harmonic_order_grid,13,1.6079090899617815e-08,0.11079987270298704,single_mode_bsv_random_phase_gamma_intensity,shared_fig_iv2_intensity_cases,hhg_intensity_prediction,quantum_light_hhg_bsv_threshold_tdse_dipole_acceleration
BSV - 2e13 W/cm^2,20000000000000.0,0.023872383018394068,39.4390415596237,2.4088660418687034e-07,1.6944159995703253e-05,7.30185069953103e-08,0.01,16.372021878116353,23.430389465091444,30.495271637492333,3.032556670062863,tdse_dipole_acceleration,raw_fft_harmonic_order_grid,13,1.6079090899617815e-08,0.11079987270298704,single_mode_bsv_random_phase_gamma_intensity,shared_fig_iv2_intensity_cases,hhg_intensity_prediction,quantum_light_hhg_bsv_threshold_tdse_dipole_acceleration
BSV - 2e13 W/cm^2,20000000000000.0,0.023872383018394068,39.47904058757464,1.0243174454587305e-05,0.0017048163709973059,3.104951842761017e-06,0.31049518427610173,16.372021878116353,23.430389465091444,30.495271637492333,3.032556670062863,tdse_dipole_acceleration,raw_fft_harmonic_order_grid,13,1.6079090899617815e-08,0.11079987270298704,single_mode_bsv_random_phase_gamma_intensity,shared_fig_iv2_intensity_cases,hhg_intensity_prediction,quantum_light_hhg_bsv_threshold_tdse_dipole_acceleration
BSV - 2e13 W/cm^2,20000000000000.0,0.023872383018394068,39.51903961552557,4.374896245823911e-06,0.0007057205150068739,1.3261359767504318e-06,0.1326135976750432,16.372021878116353,23.430389465091444,30.495271637492333,3.032556670062863,tdse_dipole_acceleration,raw_fft_harmonic_order_grid,13,1.6079090899617815e-08,0.11079987270298704,single_mode_bsv_random_phase_gamma_intensity,shared_fig_iv2_intensity_cases,hhg_intensity_prediction,quantum_light_hhg_bsv_threshold_tdse_dipole_acceleration
BSV - 2e13 W/cm^2,20000000000000.0,0.023872383018394068,39.559038643476505,3.6968068474830107e-06,0.0005756204689375221,1.1205908172620675e-06,0.11205908172620675,16.372021878116353,23.430389465091444,30.495271637492333,3.032556670062863,tdse_dipole_acceleration,raw_fft_harmonic_order_grid,13,1.6079090899617815e-08,0.11079987270298704,single_mode_bsv_random_phase_gamma_intensity,shared_fig_iv2_intensity_cases,hhg_intensity_prediction,quantum_light_hhg_bsv_threshold_tdse_dipole_acceleration
BSV - 2e13 W/cm^2,20000000000000.0,0.023872383018394068,39.599037671427446,1.4391918995942525e-05,0.0027156715123355037,4.362535814012886e-06,0.43625358140128856,16.372021878116353,23.430389465091444,30.495271637492333,3.032556670062863,tdse_dipole_acceleration,raw_fft_harmonic_order_grid,13,1.6079090899617815e-08,0.11079987270298704,single_mode_bsv_random_phase_gamma_intensity,shared_fig_iv2_intensity_cases,hhg_intensity_prediction,quantum_light_hhg_bsv_threshold_tdse_dipole_acceleration
BSV - 2e13 W/cm^2,20000000000000.0,0.023872383018394068,39.63903669937838,2.802847447596532e-06,0.00045527626213498647,8.496102830207529e-07,0.08496102830207529,16.372021878116353,23.430389465091444,30.495271637492333,3.032556670062863,tdse_dipole_acceleration,raw_fft_harmonic_order_grid,13,1.6079090899617815e-08,0.11079987270298704,single_mode_bsv_random_phase_gamma_intensity,shared_fig_iv2_intensity_cases,hhg_intensity_prediction,quantum_light_hhg_bsv_threshold_tdse_dipole_acceleration
BSV - 2e13 W/cm^2,20000000000000.0,0.023872383018394068,39.679035727329314,2.19359611441936e-05,0.003993054684645415,6.6493159205050495e-06,0.6649315920505049,16.372021878116353,23.430389465091444,30.495271637492333,3.032556670062863,tdse_dipole_acceleration,raw_fft_harmonic_order_grid,13,1.6079090899617815e-08,0.11079987270298704,single_mode_bsv_random_phase_gamma_intensity,shared_fig_iv2_intensity_cases,hhg_intensity_prediction,quantum_light_hhg_bsv_threshold_tdse_dipole_acceleration
BSV - 2e13 W/cm^2,20000000000000.0,0.023872383018394068,39.719034755280255,6.747240398957968e-06,0.0012783072394357148,2.0452503863110457e-06,0.20452503863110458,16.372021878116353,23.430389465091444,30.495271637492333,3.032556670062863,tdse_dipole_acceleration,raw_fft_harmonic_order_grid,13,1.6079090899617815e-08,0.11079987270298704,single_mode_bsv_random_phase_gamma_intensity,shared_fig_iv2_intensity_cases,hhg_intensity_prediction,quantum_light_hhg_bsv_threshold_tdse_dipole_acceleration
BSV - 2e13 W/cm^2,20000000000000.0,0.023872383018394068,39.75903378323119,5.2270487794940965e-06,0.0008464782469696055,1.5844438471731381e-06,0.1584443847173138,16.372021878116353,23.430389465091444,30.495271637492333,3.032556670062863,tdse_dipole_acceleration,raw_fft_harmonic_order_grid,13,1.6079090899617815e-08,0.11079987270298704,single_mode_bsv_random_phase_gamma_intensity,shared_fig_iv2_intensity_cases,hhg_intensity_prediction,quantum_light_hhg_bsv_threshold_tdse_dipole_acceleration
BSV - 2e13 W/cm^2,20000000000000.0,0.023872383018394068,39.79903281118213,6.629474506917214e-06,0.0011954802013082152,2.0095527200136044e-06,0.20095527200136043,16.372021878116353,23.430389465091444,30.495271637492333,3.032556670062863,tdse_dipole_acceleration,raw_fft_harmonic_order_grid,13,1.6079090899617815e-08,0.11079987270298704,single_mode_bsv_random_phase_gamma_intensity,shared_fig_iv2_intensity_cases,hhg_intensity_prediction,quantum_light_hhg_bsv_threshold_tdse_dipole_acceleration
BSV - 2e13 W/cm^2,20000000000000.0,0.023872383018394068,39.83903183913307,2.9314470472188213e-06,0.00046900213883823154,8.885919059146923e-07,0.08885919059146923,16.372021878116353,23.430389465091444,30.495271637492333,3.032556670062863,tdse_dipole_acceleration,raw_fft_harmonic_order_grid,13,1.6079090899617815e-08,0.11079987270298704,single_mode_bsv_random_phase_gamma_intensity,shared_fig_iv2_intensity_cases,hhg_intensity_prediction,quantum_light_hhg_bsv_threshold_tdse_dipole_acceleration
BSV - 2e13 W/cm^2,20000000000000.0,0.023872383018394068,39.879030867084005,2.068063413289358e-06,0.000350747028294598,6.26879619644059e-07,0.0626879619644059,16.372021878116353,23.430389465091444,30.495271637492333,3.032556670062863,tdse_dipole_acceleration,raw_fft_harmonic_order_grid,13,1.6079090899617815e-08,0.11079987270298704,single_mode_bsv_random_phase_gamma_intensity,shared_fig_iv2_intensity_cases,hhg_intensity_prediction,quantum_light_hhg_bsv_threshold_tdse_dipole_acceleration
BSV - 2e13 W/cm^2,20000000000000.0,0.023872383018394068,39.91902989503493,5.313304499227354e-06,0.0009472567934385914,1.6105900245248783e-06,0.16105900245248783,16.372021878116353,23.430389465091444,30.495271637492333,3.032556670062863,tdse_dipole_acceleration,raw_fft_harmonic_order_grid,13,1.6079090899617815e-08,0.11079987270298704,single_mode_bsv_random_phase_gamma_intensity,shared_fig_iv2_intensity_cases,hhg_intensity_prediction,quantum_light_hhg_bsv_threshold_tdse_dipole_acceleration
BSV - 2e13 W/cm^2,20000000000000.0,0.023872383018394068,39.95902892298587,8.64795349979562e-07,0.00012786374295996642,2.6214021126308967e-07,0.026214021126308967,16.372021878116353,23.430389465091444,30.495271637492333,3.032556670062863,tdse_dipole_acceleration,raw_fft_harmonic_order_grid,13,1.6079090899617815e-08,0.11079987270298704,single_mode_bsv_random_phase_gamma_intensity,shared_fig_iv2_intensity_cases,hhg_intensity_prediction,quantum_light_hhg_bsv_threshold_tdse_dipole_acceleration
BSV - 2e13 W/cm^2,20000000000000.0,0.023872383018394068,39.999027950936814,4.196162891900663e-06,0.0006854394269422118,1.2719576105528013e-06,0.12719576105528013,16.372021878116353,23.430389465091444,30.495271637492333,3.032556670062863,tdse_dipole_acceleration,raw_fft_harmonic_order_grid,13,1.6079090899617815e-08,0.11079987270298704,single_mode_bsv_random_phase_gamma_intensity,shared_fig_iv2_intensity_cases,hhg_intensity_prediction,quantum_light_hhg_bsv_threshold_tdse_dipole_acceleration
