driver_state,harmonic_order,mean_intensity,raw_peak_intensity,local_background_intensity,normalized_intensity,display_intensity,display_offset,window_half_width,background_inner_width,background_outer_width,display_min_normalized,mean_cutoff_order,normalized_intensity_cv,spectrum_model,frequency_grid,raw_frequency_grid,tdse_amplitude_bin_count,tdse_library_field_amplitude_min_au,tdse_library_field_amplitude_max_au,claim_level,mechanism,processing
coherent,1.0,32.090326904953365,32.09044913312426,0.00012222817089506933,0.5299335034835414,0.5299335034835414,1.0,0.35,0.55,0.95,0.003,20.081091617933723,0.14006282952053878,tdse_dipole_acceleration,odd_harmonic_window_yield_grid,raw_fft_harmonic_order_grid,17,5.345461253579595e-05,0.10901653580938014,hhg_intensity_prediction,quantum_light_hhg_tdse_dipole_acceleration,odd_harmonic_peak_minus_local_background
coherent,3.0,0.4785227423584184,0.47852899675859023,6.2544001718369385e-06,0.007902232785151406,0.007902232785151406,1.0,0.35,0.55,0.95,0.003,20.081091617933723,0.14006282952053878,tdse_dipole_acceleration,odd_harmonic_window_yield_grid,raw_fft_harmonic_order_grid,17,5.345461253579595e-05,0.10901653580938014,hhg_intensity_prediction,quantum_light_hhg_tdse_dipole_acceleration,odd_harmonic_peak_minus_local_background
coherent,5.0,0.009174316247418698,0.009181466655491327,7.150408072627834e-06,0.0001515028988473819,nan,1.0,0.35,0.55,0.95,0.003,20.081091617933723,0.14006282952053878,tdse_dipole_acceleration,odd_harmonic_window_yield_grid,raw_fft_harmonic_order_grid,17,5.345461253579595e-05,0.10901653580938014,hhg_intensity_prediction,quantum_light_hhg_tdse_dipole_acceleration,odd_harmonic_peak_minus_local_background
coherent,7.0,0.006043624613358698,0.0060786418074466565,3.501719408795814e-05,9.980325767894176e-05,nan,1.0,0.35,0.55,0.95,0.003,20.081091617933723,0.14006282952053878,tdse_dipole_acceleration,odd_harmonic_window_yield_grid,raw_fft_harmonic_order_grid,17,5.345461253579595e-05,0.10901653580938014,hhg_intensity_prediction,quantum_light_hhg_tdse_dipole_acceleration,odd_harmonic_peak_minus_local_background
coherent,9.0,0.12691430690318853,0.12714192419344428,0.00022761729025573627,0.0020958385216390757,nan,1.0,0.35,0.55,0.95,0.003,20.081091617933723,0.14006282952053878,tdse_dipole_acceleration,odd_harmonic_window_yield_grid,raw_fft_harmonic_order_grid,17,5.345461253579595e-05,0.10901653580938014,hhg_intensity_prediction,quantum_light_hhg_tdse_dipole_acceleration,odd_harmonic_peak_minus_local_background
coherent,11.0,0.053554029441888786,0.053606625712196355,5.259627030757088e-05,0.0008843809703733554,nan,1.0,0.35,0.55,0.95,0.003,20.081091617933723,0.14006282952053878,tdse_dipole_acceleration,odd_harmonic_window_yield_grid,raw_fft_harmonic_order_grid,17,5.345461253579595e-05,0.10901653580938014,hhg_intensity_prediction,quantum_light_hhg_tdse_dipole_acceleration,odd_harmonic_peak_minus_local_background
coherent,13.0,0.010650807967974981,0.010675085255757059,2.4277287782076582e-05,0.00017588539992492803,nan,1.0,0.35,0.55,0.95,0.003,20.081091617933723,0.14006282952053878,tdse_dipole_acceleration,odd_harmonic_window_yield_grid,raw_fft_harmonic_order_grid,17,5.345461253579595e-05,0.10901653580938014,hhg_intensity_prediction,quantum_light_hhg_tdse_dipole_acceleration,odd_harmonic_peak_minus_local_background
coherent,15.0,0.04246792020974195,0.042496685225262835,2.876501552087988e-05,0.0007013070888640345,nan,1.0,0.35,0.55,0.95,0.003,20.081091617933723,0.14006282952053878,tdse_dipole_acceleration,odd_harmonic_window_yield_grid,raw_fft_harmonic_order_grid,17,5.345461253579595e-05,0.10901653580938014,hhg_intensity_prediction,quantum_light_hhg_tdse_dipole_acceleration,odd_harmonic_peak_minus_local_background
coherent,17.0,0.00602104962311497,0.006035073190094736,1.4023566979766513e-05,9.943045862001042e-05,nan,1.0,0.35,0.55,0.95,0.003,20.081091617933723,0.14006282952053878,tdse_dipole_acceleration,odd_harmonic_window_yield_grid,raw_fft_harmonic_order_grid,17,5.345461253579595e-05,0.10901653580938014,hhg_intensity_prediction,quantum_light_hhg_tdse_dipole_acceleration,odd_harmonic_peak_minus_local_background
coherent,19.0,0.01463790213085771,0.01465225240712383,1.4350276266120701e-05,0.00024172750819366874,nan,1.0,0.35,0.55,0.95,0.003,20.081091617933723,0.14006282952053878,tdse_dipole_acceleration,odd_harmonic_window_yield_grid,raw_fft_harmonic_order_grid,17,5.345461253579595e-05,0.10901653580938014,hhg_intensity_prediction,quantum_light_hhg_tdse_dipole_acceleration,odd_harmonic_peak_minus_local_background
coherent,21.0,0.016905751899905553,0.016917819438313008,1.2067538407455924e-05,0.0002791783442990608,nan,1.0,0.35,0.55,0.95,0.003,20.081091617933723,0.14006282952053878,tdse_dipole_acceleration,odd_harmonic_window_yield_grid,raw_fft_harmonic_order_grid,17,5.345461253579595e-05,0.10901653580938014,hhg_intensity_prediction,quantum_light_hhg_tdse_dipole_acceleration,odd_harmonic_peak_minus_local_background
coherent,23.0,0.012872994336657107,0.012878092141107246,5.0978044501398066e-06,0.0002125821593950634,nan,1.0,0.35,0.55,0.95,0.003,20.081091617933723,0.14006282952053878,tdse_dipole_acceleration,odd_harmonic_window_yield_grid,raw_fft_harmonic_order_grid,17,5.345461253579595e-05,0.10901653580938014,hhg_intensity_prediction,quantum_light_hhg_tdse_dipole_acceleration,odd_harmonic_peak_minus_local_background
coherent,25.0,0.0032152836832085676,0.003216321475550012,1.0377923414441973e-06,5.3096578043060535e-05,nan,1.0,0.35,0.55,0.95,0.003,20.081091617933723,0.14006282952053878,tdse_dipole_acceleration,odd_harmonic_window_yield_grid,raw_fft_harmonic_order_grid,17,5.345461253579595e-05,0.10901653580938014,hhg_intensity_prediction,quantum_light_hhg_tdse_dipole_acceleration,odd_harmonic_peak_minus_local_background
coherent,27.0,0.0005190816339712538,0.0005192051019821283,1.234680108745501e-07,8.572014541923767e-06,nan,1.0,0.35,0.55,0.95,0.003,20.081091617933723,0.14006282952053878,tdse_dipole_acceleration,odd_harmonic_window_yield_grid,raw_fft_harmonic_order_grid,17,5.345461253579595e-05,0.10901653580938014,hhg_intensity_prediction,quantum_light_hhg_tdse_dipole_acceleration,odd_harmonic_peak_minus_local_background
coherent,29.0,5.32599982376417e-05,5.327646267951955e-05,1.6464441877849484e-08,8.795253954625217e-07,nan,1.0,0.35,0.55,0.95,0.003,20.081091617933723,0.14006282952053878,tdse_dipole_acceleration,odd_harmonic_window_yield_grid,raw_fft_harmonic_order_grid,17,5.345461253579595e-05,0.10901653580938014,hhg_intensity_prediction,quantum_light_hhg_tdse_dipole_acceleration,odd_harmonic_peak_minus_local_background
coherent,31.0,2.781291547455619e-06,2.78306149066275e-06,1.7699432071309425e-09,4.592971515428251e-08,nan,1.0,0.35,0.55,0.95,0.003,20.081091617933723,0.14006282952053878,tdse_dipole_acceleration,odd_harmonic_window_yield_grid,raw_fft_harmonic_order_grid,17,5.345461253579595e-05,0.10901653580938014,hhg_intensity_prediction,quantum_light_hhg_tdse_dipole_acceleration,odd_harmonic_peak_minus_local_background
coherent,33.0,2.040543003874116e-07,2.0461415858676018e-07,5.59858199348576e-10,3.3697135783460207e-09,nan,1.0,0.35,0.55,0.95,0.003,20.081091617933723,0.14006282952053878,tdse_dipole_acceleration,odd_harmonic_window_yield_grid,raw_fft_harmonic_order_grid,17,5.345461253579595e-05,0.10901653580938014,hhg_intensity_prediction,quantum_light_hhg_tdse_dipole_acceleration,odd_harmonic_peak_minus_local_background
coherent,35.0,2.6068214341946494e-08,2.638949152768774e-08,3.212771857412453e-10,4.304854916780313e-10,nan,1.0,0.35,0.55,0.95,0.003,20.081091617933723,0.14006282952053878,tdse_dipole_acceleration,odd_harmonic_window_yield_grid,raw_fft_harmonic_order_grid,17,5.345461253579595e-05,0.10901653580938014,hhg_intensity_prediction,quantum_light_hhg_tdse_dipole_acceleration,odd_harmonic_peak_minus_local_background
coherent,37.0,1.2984938728153974e-08,1.3242224355745575e-08,2.5728562759160023e-10,2.14430787604959e-10,nan,1.0,0.35,0.55,0.95,0.003,20.081091617933723,0.14006282952053878,tdse_dipole_acceleration,odd_harmonic_window_yield_grid,raw_fft_harmonic_order_grid,17,5.345461253579595e-05,0.10901653580938014,hhg_intensity_prediction,quantum_light_hhg_tdse_dipole_acceleration,odd_harmonic_peak_minus_local_background
coherent,39.0,7.272397142392034e-09,7.468350129521287e-09,1.9595298712925302e-10,1.2009497154099205e-10,nan,1.0,0.35,0.55,0.95,0.003,20.081091617933723,0.14006282952053878,tdse_dipole_acceleration,odd_harmonic_window_yield_grid,raw_fft_harmonic_order_grid,17,5.345461253579595e-05,0.10901653580938014,hhg_intensity_prediction,quantum_light_hhg_tdse_dipole_acceleration,odd_harmonic_peak_minus_local_background
coherent,41.0,3.4905489154847716e-09,3.6300049383318213e-09,1.3945602284704954e-10,5.764225529213907e-11,nan,1.0,0.35,0.55,0.95,0.003,20.081091617933723,0.14006282952053878,tdse_dipole_acceleration,odd_harmonic_window_yield_grid,raw_fft_harmonic_order_grid,17,5.345461253579595e-05,0.10901653580938014,hhg_intensity_prediction,quantum_light_hhg_tdse_dipole_acceleration,odd_harmonic_peak_minus_local_background
coherent,43.0,1.904478919165456e-09,2.002265435268169e-09,9.778651610271297e-11,3.1450199586097515e-11,nan,1.0,0.35,0.55,0.95,0.003,20.081091617933723,0.14006282952053878,tdse_dipole_acceleration,odd_harmonic_window_yield_grid,raw_fft_harmonic_order_grid,17,5.345461253579595e-05,0.10901653580938014,hhg_intensity_prediction,quantum_light_hhg_tdse_dipole_acceleration,odd_harmonic_peak_minus_local_background
coherent,45.0,1.0820172819707527e-09,1.159175251978085e-09,7.715797000733234e-11,1.786822586017321e-11,nan,1.0,0.35,0.55,0.95,0.003,20.081091617933723,0.14006282952053878,tdse_dipole_acceleration,odd_harmonic_window_yield_grid,raw_fft_harmonic_order_grid,17,5.345461253579595e-05,0.10901653580938014,hhg_intensity_prediction,quantum_light_hhg_tdse_dipole_acceleration,odd_harmonic_peak_minus_local_background
coherent,47.0,8.040845850122886e-10,8.659861395784772e-10,6.190155456618855e-11,1.3278498610959877e-11,nan,1.0,0.35,0.55,0.95,0.003,20.081091617933723,0.14006282952053878,tdse_dipole_acceleration,odd_harmonic_window_yield_grid,raw_fft_harmonic_order_grid,17,5.345461253579595e-05,0.10901653580938014,hhg_intensity_prediction,quantum_light_hhg_tdse_dipole_acceleration,odd_harmonic_peak_minus_local_background
coherent,49.0,8.433819777226787e-10,8.938405003728814e-10,5.045852265020275e-11,1.3927448216816681e-11,nan,1.0,0.35,0.55,0.95,0.003,20.081091617933723,0.14006282952053878,tdse_dipole_acceleration,odd_harmonic_window_yield_grid,raw_fft_harmonic_order_grid,17,5.345461253579595e-05,0.10901653580938014,hhg_intensity_prediction,quantum_light_hhg_tdse_dipole_acceleration,odd_harmonic_peak_minus_local_background
coherent,51.0,7.782594369852901e-10,8.163158905826892e-10,3.805645359739914e-11,1.2852027069786016e-11,nan,1.0,0.35,0.55,0.95,0.003,20.081091617933723,0.14006282952053878,tdse_dipole_acceleration,odd_harmonic_window_yield_grid,raw_fft_harmonic_order_grid,17,5.345461253579595e-05,0.10901653580938014,hhg_intensity_prediction,quantum_light_hhg_tdse_dipole_acceleration,odd_harmonic_peak_minus_local_background
coherent,53.0,5.557738226273415e-10,5.849875481715682e-10,2.921372554422672e-11,9.177942307714096e-12,nan,1.0,0.35,0.55,0.95,0.003,20.081091617933723,0.14006282952053878,tdse_dipole_acceleration,odd_harmonic_window_yield_grid,raw_fft_harmonic_order_grid,17,5.345461253579595e-05,0.10901653580938014,hhg_intensity_prediction,quantum_light_hhg_tdse_dipole_acceleration,odd_harmonic_peak_minus_local_background
coherent,55.0,3.41026740074911e-10,3.6415853116474664e-10,2.3131791089835623e-11,5.6316501756039455e-12,nan,1.0,0.35,0.55,0.95,0.003,20.081091617933723,0.14006282952053878,tdse_dipole_acceleration,odd_harmonic_window_yield_grid,raw_fft_harmonic_order_grid,17,5.345461253579595e-05,0.10901653580938014,hhg_intensity_prediction,quantum_light_hhg_tdse_dipole_acceleration,odd_harmonic_peak_minus_local_background
coherent,57.0,1.8661203820657372e-10,2.0536609626000138e-10,1.8754058053427654e-11,3.08167540617199e-12,nan,1.0,0.35,0.55,0.95,0.003,20.081091617933723,0.14006282952053878,tdse_dipole_acceleration,odd_harmonic_window_yield_grid,raw_fft_harmonic_order_grid,17,5.345461253579595e-05,0.10901653580938014,hhg_intensity_prediction,quantum_light_hhg_tdse_dipole_acceleration,odd_harmonic_peak_minus_local_background
coherent,59.0,9.170383340540248e-11,1.0669380112392105e-10,1.498996771851857e-11,1.5143795157753498e-12,nan,1.0,0.35,0.55,0.95,0.003,20.081091617933723,0.14006282952053878,tdse_dipole_acceleration,odd_harmonic_window_yield_grid,raw_fft_harmonic_order_grid,17,5.345461253579595e-05,0.10901653580938014,hhg_intensity_prediction,quantum_light_hhg_tdse_dipole_acceleration,odd_harmonic_peak_minus_local_background
coherent,61.0,4.5016560989274823e-11,5.7078055644462264e-11,1.206149465518744e-11,7.433948538599841e-13,nan,1.0,0.35,0.55,0.95,0.003,20.081091617933723,0.14006282952053878,tdse_dipole_acceleration,odd_harmonic_window_yield_grid,raw_fft_harmonic_order_grid,17,5.345461253579595e-05,0.10901653580938014,hhg_intensity_prediction,quantum_light_hhg_tdse_dipole_acceleration,odd_harmonic_peak_minus_local_background
coherent,63.0,2.400346277324503e-11,3.3870953395565074e-11,9.867490622320043e-12,3.963885802982906e-13,nan,1.0,0.35,0.55,0.95,0.003,20.081091617933723,0.14006282952053878,tdse_dipole_acceleration,odd_harmonic_window_yield_grid,raw_fft_harmonic_order_grid,17,5.345461253579595e-05,0.10901653580938014,hhg_intensity_prediction,quantum_light_hhg_tdse_dipole_acceleration,odd_harmonic_peak_minus_local_background
coherent,65.0,1.9535719518732887e-11,2.7698450865830196e-11,8.162731347097311e-12,3.226091251203777e-13,nan,1.0,0.35,0.55,0.95,0.003,20.081091617933723,0.14006282952053878,tdse_dipole_acceleration,odd_harmonic_window_yield_grid,raw_fft_harmonic_order_grid,17,5.345461253579595e-05,0.10901653580938014,hhg_intensity_prediction,quantum_light_hhg_tdse_dipole_acceleration,odd_harmonic_peak_minus_local_background
coherent,67.0,1.2539361715936099e-11,1.9312847637188875e-11,6.773485921252777e-12,2.0707261428825461e-13,nan,1.0,0.35,0.55,0.95,0.003,20.081091617933723,0.14006282952053878,tdse_dipole_acceleration,odd_harmonic_window_yield_grid,raw_fft_harmonic_order_grid,17,5.345461253579595e-05,0.10901653580938014,hhg_intensity_prediction,quantum_light_hhg_tdse_dipole_acceleration,odd_harmonic_peak_minus_local_background
coherent,69.0,5.629909137814965e-12,1.1245119176330031e-11,5.6152100385150664e-12,9.297123966773201e-14,nan,1.0,0.35,0.55,0.95,0.003,20.081091617933723,0.14006282952053878,tdse_dipole_acceleration,odd_harmonic_window_yield_grid,raw_fft_harmonic_order_grid,17,5.345461253579595e-05,0.10901653580938014,hhg_intensity_prediction,quantum_light_hhg_tdse_dipole_acceleration,odd_harmonic_peak_minus_local_background
coherent,71.0,3.235963829260685e-12,7.92334884745803e-12,4.687385018197345e-12,5.343808600844864e-14,nan,1.0,0.35,0.55,0.95,0.003,20.081091617933723,0.14006282952053878,tdse_dipole_acceleration,odd_harmonic_window_yield_grid,raw_fft_harmonic_order_grid,17,5.345461253579595e-05,0.10901653580938014,hhg_intensity_prediction,quantum_light_hhg_tdse_dipole_acceleration,odd_harmonic_peak_minus_local_background
coherent,73.0,2.8647093315029093e-12,6.808758927640476e-12,3.944049596137567e-12,4.7307260440248116e-14,nan,1.0,0.35,0.55,0.95,0.003,20.081091617933723,0.14006282952053878,tdse_dipole_acceleration,odd_harmonic_window_yield_grid,raw_fft_harmonic_order_grid,17,5.345461253579595e-05,0.10901653580938014,hhg_intensity_prediction,quantum_light_hhg_tdse_dipole_acceleration,odd_harmonic_peak_minus_local_background
coherent,75.0,2.5203267489426727e-12,5.854404607343897e-12,3.334077858401224e-12,4.1620192525502576e-14,nan,1.0,0.35,0.55,0.95,0.003,20.081091617933723,0.14006282952053878,tdse_dipole_acceleration,odd_harmonic_window_yield_grid,raw_fft_harmonic_order_grid,17,5.345461253579595e-05,0.10901653580938014,hhg_intensity_prediction,quantum_light_hhg_tdse_dipole_acceleration,odd_harmonic_peak_minus_local_background
coherent,77.0,2.072485901472216e-12,4.901639954611822e-12,2.8291540531396063e-12,3.422463466764777e-14,nan,1.0,0.35,0.55,0.95,0.003,20.081091617933723,0.14006282952053878,tdse_dipole_acceleration,odd_harmonic_window_yield_grid,raw_fft_harmonic_order_grid,17,5.345461253579595e-05,0.10901653580938014,hhg_intensity_prediction,quantum_light_hhg_tdse_dipole_acceleration,odd_harmonic_peak_minus_local_background
coherent,79.0,1.7351346645769568e-12,4.149269155166441e-12,2.4141344905894845e-12,2.8653681046579614e-14,nan,1.0,0.35,0.55,0.95,0.003,20.081091617933723,0.14006282952053878,tdse_dipole_acceleration,odd_harmonic_window_yield_grid,raw_fft_harmonic_order_grid,17,5.345461253579595e-05,0.10901653580938014,hhg_intensity_prediction,quantum_light_hhg_tdse_dipole_acceleration,odd_harmonic_peak_minus_local_background
coherent,81.0,1.4802606223400993e-12,3.549433065245236e-12,2.0691724429051365e-12,2.4444739998716946e-14,nan,1.0,0.35,0.55,0.95,0.003,20.081091617933723,0.14006282952053878,tdse_dipole_acceleration,odd_harmonic_window_yield_grid,raw_fft_harmonic_order_grid,17,5.345461253579595e-05,0.10901653580938014,hhg_intensity_prediction,quantum_light_hhg_tdse_dipole_acceleration,odd_harmonic_peak_minus_local_background
coherent,83.0,1.2801076710549547e-12,3.0609450909130916e-12,1.780837419858137e-12,2.1139452551154834e-14,nan,1.0,0.35,0.55,0.95,0.003,20.081091617933723,0.14006282952053878,tdse_dipole_acceleration,odd_harmonic_window_yield_grid,raw_fft_harmonic_order_grid,17,5.345461253579595e-05,0.10901653580938014,hhg_intensity_prediction,quantum_light_hhg_tdse_dipole_acceleration,odd_harmonic_peak_minus_local_background
coherent,85.0,1.1086726466262704e-12,2.64618011809392e-12,1.5375074714676495e-12,1.8308407439512294e-14,nan,1.0,0.35,0.55,0.95,0.003,20.081091617933723,0.14006282952053878,tdse_dipole_acceleration,odd_harmonic_window_yield_grid,raw_fft_harmonic_order_grid,17,5.345461253579595e-05,0.10901653580938014,hhg_intensity_prediction,quantum_light_hhg_tdse_dipole_acceleration,odd_harmonic_peak_minus_local_background
coherent,87.0,9.629823929620828e-13,2.2941398885697595e-12,1.3311574956076767e-12,1.5902506534347276e-14,nan,1.0,0.35,0.55,0.95,0.003,20.081091617933723,0.14006282952053878,tdse_dipole_acceleration,odd_harmonic_window_yield_grid,raw_fft_harmonic_order_grid,17,5.345461253579595e-05,0.10901653580938014,hhg_intensity_prediction,quantum_light_hhg_tdse_dipole_acceleration,odd_harmonic_peak_minus_local_background
coherent,89.0,8.412129212171854e-13,1.997765925481259e-12,1.1565530042640737e-12,1.3891628833716778e-14,nan,1.0,0.35,0.55,0.95,0.003,20.081091617933723,0.14006282952053878,tdse_dipole_acceleration,odd_harmonic_window_yield_grid,raw_fft_harmonic_order_grid,17,5.345461253579595e-05,0.10901653580938014,hhg_intensity_prediction,quantum_light_hhg_tdse_dipole_acceleration,odd_harmonic_peak_minus_local_background
coherent,91.0,7.38320863264857e-13,1.7463458820914818e-12,1.0080250188266247e-12,1.2192489123709877e-14,nan,1.0,0.35,0.55,0.95,0.003,20.081091617933723,0.14006282952053878,tdse_dipole_acceleration,odd_harmonic_window_yield_grid,raw_fft_harmonic_order_grid,17,5.345461253579595e-05,0.10901653580938014,hhg_intensity_prediction,quantum_light_hhg_tdse_dipole_acceleration,odd_harmonic_peak_minus_local_background
coherent,93.0,6.491678150874726e-13,1.5302515465481003e-12,8.810837314606278e-13,1.0720232785941451e-14,nan,1.0,0.35,0.55,0.95,0.003,20.081091617933723,0.14006282952053878,tdse_dipole_acceleration,odd_harmonic_window_yield_grid,raw_fft_harmonic_order_grid,17,5.345461253579595e-05,0.10901653580938014,hhg_intensity_prediction,quantum_light_hhg_tdse_dipole_acceleration,odd_harmonic_peak_minus_local_background
coherent,95.0,5.717131383955088e-13,1.344097709124049e-12,7.723845707285401e-13,9.441161111099097e-15,nan,1.0,0.35,0.55,0.95,0.003,20.081091617933723,0.14006282952053878,tdse_dipole_acceleration,odd_harmonic_window_yield_grid,raw_fft_harmonic_order_grid,17,5.345461253579595e-05,0.10901653580938014,hhg_intensity_prediction,quantum_light_hhg_tdse_dipole_acceleration,odd_harmonic_peak_minus_local_background
coherent,97.0,5.045266063755218e-13,1.183770984358436e-12,6.792443779829142e-13,8.33165560790757e-15,nan,1.0,0.35,0.55,0.95,0.003,20.081091617933723,0.14006282952053878,tdse_dipole_acceleration,odd_harmonic_window_yield_grid,raw_fft_harmonic_order_grid,17,5.345461253579595e-05,0.10901653580938014,hhg_intensity_prediction,quantum_light_hhg_tdse_dipole_acceleration,odd_harmonic_peak_minus_local_background
coherent,99.0,4.4715594559470684e-13,1.0458516459194962e-12,5.986957003247894e-13,7.384247519644992e-15,nan,1.0,0.35,0.55,0.95,0.003,20.081091617933723,0.14006282952053878,tdse_dipole_acceleration,odd_harmonic_window_yield_grid,raw_fft_harmonic_order_grid,17,5.345461253579595e-05,0.10901653580938014,hhg_intensity_prediction,quantum_light_hhg_tdse_dipole_acceleration,odd_harmonic_peak_minus_local_background
coherent,101.0,3.976019899940999e-13,9.264749693018014e-13,5.288729793077015e-13,6.565923001459916e-15,nan,1.0,0.35,0.55,0.95,0.003,20.081091617933723,0.14006282952053878,tdse_dipole_acceleration,odd_harmonic_window_yield_grid,raw_fft_harmonic_order_grid,17,5.345461253579595e-05,0.10901653580938014,hhg_intensity_prediction,quantum_light_hhg_tdse_dipole_acceleration,odd_harmonic_peak_minus_local_background
coherent,103.0,3.537218081380062e-13,8.22219583852538e-13,4.684977757145318e-13,5.841294094644222e-15,nan,1.0,0.35,0.55,0.95,0.003,20.081091617933723,0.14006282952053878,tdse_dipole_acceleration,odd_harmonic_window_yield_grid,raw_fft_harmonic_order_grid,17,5.345461253579595e-05,0.10901653580938014,hhg_intensity_prediction,quantum_light_hhg_tdse_dipole_acceleration,odd_harmonic_peak_minus_local_background
coherent,105.0,3.1565799011243543e-13,7.316059144875509e-13,4.159479243751155e-13,5.212715504529045e-15,nan,1.0,0.35,0.55,0.95,0.003,20.081091617933723,0.14006282952053878,tdse_dipole_acceleration,odd_harmonic_window_yield_grid,raw_fft_harmonic_order_grid,17,5.345461253579595e-05,0.10901653580938014,hhg_intensity_prediction,quantum_light_hhg_tdse_dipole_acceleration,odd_harmonic_peak_minus_local_background
coherent,107.0,2.824078163424154e-13,6.524794876159512e-13,3.7007167127353576e-13,4.663628512378042e-15,nan,1.0,0.35,0.55,0.95,0.003,20.081091617933723,0.14006282952053878,tdse_dipole_acceleration,odd_harmonic_window_yield_grid,raw_fft_harmonic_order_grid,17,5.345461253579595e-05,0.10901653580938014,hhg_intensity_prediction,quantum_light_hhg_tdse_dipole_acceleration,odd_harmonic_peak_minus_local_background
coherent,109.0,2.530992626551517e-13,5.830814635761792e-13,3.299822009210275e-13,4.179632678258642e-15,nan,1.0,0.35,0.55,0.95,0.003,20.081091617933723,0.14006282952053878,tdse_dipole_acceleration,odd_harmonic_window_yield_grid,raw_fft_harmonic_order_grid,17,5.345461253579595e-05,0.10901653580938014,hhg_intensity_prediction,quantum_light_hhg_tdse_dipole_acceleration,odd_harmonic_peak_minus_local_background
coherent,111.0,2.273341729016729e-13,5.221734718089649e-13,2.9483929890729197e-13,3.7541529278943235e-15,nan,1.0,0.35,0.55,0.95,0.003,20.081091617933723,0.14006282952053878,tdse_dipole_acceleration,odd_harmonic_window_yield_grid,raw_fft_harmonic_order_grid,17,5.345461253579595e-05,0.10901653580938014,hhg_intensity_prediction,quantum_light_hhg_tdse_dipole_acceleration,odd_harmonic_peak_minus_local_background
coherent,113.0,2.046006921396032e-13,4.685580998638731e-13,2.6395740772426995e-13,3.3787365869420682e-15,nan,1.0,0.35,0.55,0.95,0.003,20.081091617933723,0.14006282952053878,tdse_dipole_acceleration,odd_harmonic_window_yield_grid,raw_fft_harmonic_order_grid,17,5.345461253579595e-05,0.10901653580938014,hhg_intensity_prediction,quantum_light_hhg_tdse_dipole_acceleration,odd_harmonic_peak_minus_local_background
coherent,115.0,1.8448951938134694e-13,4.212531472495669e-13,2.3676362786821996e-13,3.0466245373979302e-15,nan,1.0,0.35,0.55,0.95,0.003,20.081091617933723,0.14006282952053878,tdse_dipole_acceleration,odd_harmonic_window_yield_grid,raw_fft_harmonic_order_grid,17,5.345461253579595e-05,0.10901653580938014,hhg_intensity_prediction,quantum_light_hhg_tdse_dipole_acceleration,odd_harmonic_peak_minus_local_background
coherent,117.0,1.6666506514077785e-13,3.794273835576965e-13,2.1276231841691866e-13,2.752274918855128e-15,nan,1.0,0.35,0.55,0.95,0.003,20.081091617933723,0.14006282952053878,tdse_dipole_acceleration,odd_harmonic_window_yield_grid,raw_fft_harmonic_order_grid,17,5.345461253579595e-05,0.10901653580938014,hhg_intensity_prediction,quantum_light_hhg_tdse_dipole_acceleration,odd_harmonic_peak_minus_local_background
coherent,119.0,1.5083091372708462e-13,3.423650413871269e-13,1.9153412766004226e-13,2.4907927794490594e-15,nan,1.0,0.35,0.55,0.95,0.003,20.081091617933723,0.14006282952053878,tdse_dipole_acceleration,odd_harmonic_window_yield_grid,raw_fft_harmonic_order_grid,17,5.345461253579595e-05,0.10901653580938014,hhg_intensity_prediction,quantum_light_hhg_tdse_dipole_acceleration,odd_harmonic_peak_minus_local_background
coherent,121.0,1.3673652694736345e-13,3.0945669089413817e-13,1.7272016394677473e-13,2.2580407795161188e-15,nan,1.0,0.35,0.55,0.95,0.003,20.081091617933723,0.14006282952053878,tdse_dipole_acceleration,odd_harmonic_window_yield_grid,raw_fft_harmonic_order_grid,17,5.345461253579595e-05,0.10901653580938014,hhg_intensity_prediction,quantum_light_hhg_tdse_dipole_acceleration,odd_harmonic_peak_minus_local_background
coherent,123.0,1.2416622920849698e-13,2.801790862449549e-13,1.5601285703645794e-13,2.0504572936788184e-15,nan,1.0,0.35,0.55,0.95,0.003,20.081091617933723,0.14006282952053878,tdse_dipole_acceleration,odd_harmonic_window_yield_grid,raw_fft_harmonic_order_grid,17,5.345461253579595e-05,0.10901653580938014,hhg_intensity_prediction,quantum_light_hhg_tdse_dipole_acceleration,odd_harmonic_peak_minus_local_background
coherent,125.0,1.1293338610973185e-13,2.5408132287180466e-13,1.411479367620728e-13,1.8649602772401762e-15,nan,1.0,0.35,0.55,0.95,0.003,20.081091617933723,0.14006282952053878,tdse_dipole_acceleration,odd_harmonic_window_yield_grid,raw_fft_harmonic_order_grid,17,5.345461253579595e-05,0.10901653580938014,hhg_intensity_prediction,quantum_light_hhg_tdse_dipole_acceleration,odd_harmonic_peak_minus_local_background
coherent,127.0,1.028765607395103e-13,2.3077426622244177e-13,1.2789770548293148e-13,1.698883792006832e-15,nan,1.0,0.35,0.55,0.95,0.003,20.081091617933723,0.14006282952053878,tdse_dipole_acceleration,odd_harmonic_window_yield_grid,raw_fft_harmonic_order_grid,17,5.345461253579595e-05,0.10901653580938014,hhg_intensity_prediction,quantum_light_hhg_tdse_dipole_acceleration,odd_harmonic_peak_minus_local_background
coherent,129.0,9.385646671460997e-14,2.0992203824817592e-13,1.1606557153356595e-13,1.5499276893618146e-15,nan,1.0,0.35,0.55,0.95,0.003,20.081091617933723,0.14006282952053878,tdse_dipole_acceleration,odd_harmonic_window_yield_grid,raw_fft_harmonic_order_grid,17,5.345461253579595e-05,0.10901653580938014,hhg_intensity_prediction,quantum_light_hhg_tdse_dipole_acceleration,odd_harmonic_peak_minus_local_background
coherent,131.0,8.575256242235014e-14,1.9123401991465115e-13,1.0548145749230101e-13,1.4161013682335724e-15,nan,1.0,0.35,0.55,0.95,0.003,20.081091617933723,0.14006282952053878,tdse_dipole_acceleration,odd_harmonic_window_yield_grid,raw_fft_harmonic_order_grid,17,5.345461253579595e-05,0.10901653580938014,hhg_intensity_prediction,quantum_light_hhg_tdse_dipole_acceleration,odd_harmonic_peak_minus_local_background
coherent,133.0,7.845939853223475e-14,1.7445721846154414e-13,9.599781992930939e-14,1.2956634586038042e-15,nan,1.0,0.35,0.55,0.95,0.003,20.081091617933723,0.14006282952053878,tdse_dipole_acceleration,odd_harmonic_window_yield_grid,raw_fft_harmonic_order_grid,17,5.345461253579595e-05,0.10901653580938014,hhg_intensity_prediction,quantum_light_hhg_tdse_dipole_acceleration,odd_harmonic_peak_minus_local_background
coherent,135.0,7.188478266462675e-14,1.5937116249174667e-13,8.748637982711992e-14,1.1870915131979694e-15,nan,1.0,0.35,0.55,0.95,0.003,20.081091617933723,0.14006282952053878,tdse_dipole_acceleration,odd_harmonic_window_yield_grid,raw_fft_harmonic_order_grid,17,5.345461253579595e-05,0.10901653580938014,hhg_intensity_prediction,quantum_light_hhg_tdse_dipole_acceleration,odd_harmonic_peak_minus_local_background
coherent,137.0,6.594855090825406e-14,1.4578394028914628e-13,7.983538938089222e-14,1.0890617205610096e-15,nan,1.0,0.35,0.55,0.95,0.003,20.081091617933723,0.14006282952053878,tdse_dipole_acceleration,odd_harmonic_window_yield_grid,raw_fft_harmonic_order_grid,17,5.345461253579595e-05,0.10901653580938014,hhg_intensity_prediction,quantum_light_hhg_tdse_dipole_acceleration,odd_harmonic_peak_minus_local_background
coherent,139.0,6.058080622579057e-14,1.3352813580235477e-13,7.29473295765642e-14,1.0004198144249908e-15,nan,1.0,0.35,0.55,0.95,0.003,20.081091617933723,0.14006282952053878,tdse_dipole_acceleration,odd_harmonic_window_yield_grid,raw_fft_harmonic_order_grid,17,5.345461253579595e-05,0.10901653580938014,hhg_intensity_prediction,quantum_light_hhg_tdse_dipole_acceleration,odd_harmonic_peak_minus_local_background
coherent,141.0,5.57196880940723e-14,1.2245658087749363e-13,6.673689278342133e-14,9.201442419754253e-16,nan,1.0,0.35,0.55,0.95,0.003,20.081091617933723,0.14006282952053878,tdse_dipole_acceleration,odd_harmonic_window_yield_grid,raw_fft_harmonic_order_grid,17,5.345461253579595e-05,0.10901653580938014,hhg_intensity_prediction,quantum_light_hhg_tdse_dipole_acceleration,odd_harmonic_peak_minus_local_background
coherent,143.0,5.1310800414422516e-14,1.1244012567064557e-13,6.112932525622306e-14,8.473367164721062e-16,nan,1.0,0.35,0.55,0.95,0.003,20.081091617933723,0.14006282952053878,tdse_dipole_acceleration,odd_harmonic_window_yield_grid,raw_fft_harmonic_order_grid,17,5.345461253579595e-05,0.10901653580938014,hhg_intensity_prediction,quantum_light_hhg_tdse_dipole_acceleration,odd_harmonic_peak_minus_local_background
coherent,145.0,4.730664058479481e-14,1.0336562162855752e-13,5.605898104376271e-14,7.812127890559871e-16,nan,1.0,0.35,0.55,0.95,0.003,20.081091617933723,0.14006282952053878,tdse_dipole_acceleration,odd_harmonic_window_yield_grid,raw_fft_harmonic_order_grid,17,5.345461253579595e-05,0.10901653580938014,hhg_intensity_prediction,quantum_light_hhg_tdse_dipole_acceleration,odd_harmonic_peak_minus_local_background
coherent,147.0,4.366512859459237e-14,9.513329936965093e-14,5.146817077505856e-14,7.210775585031495e-16,nan,1.0,0.35,0.55,0.95,0.003,20.081091617933723,0.14006282952053878,tdse_dipole_acceleration,odd_harmonic_window_yield_grid,raw_fft_harmonic_order_grid,17,5.345461253579595e-05,0.10901653580938014,hhg_intensity_prediction,quantum_light_hhg_tdse_dipole_acceleration,odd_harmonic_peak_minus_local_background
coherent,149.0,4.034879868256937e-14,8.765482203665656e-14,4.730602335408719e-14,6.663123224184295e-16,nan,1.0,0.35,0.55,0.95,0.003,20.081091617933723,0.14006282952053878,tdse_dipole_acceleration,odd_harmonic_window_yield_grid,raw_fft_harmonic_order_grid,17,5.345461253579595e-05,0.10901653580938014,hhg_intensity_prediction,quantum_light_hhg_tdse_dipole_acceleration,odd_harmonic_peak_minus_local_background
coherent,151.0,3.587834280452261e-14,8.085240381835737e-14,4.4974061013834756e-14,5.924880714957555e-16,nan,1.0,0.35,0.55,0.95,0.003,20.081091617933723,0.14006282952053878,tdse_dipole_acceleration,odd_harmonic_window_yield_grid,raw_fft_harmonic_order_grid,17,5.345461253579595e-05,0.10901653580938014,hhg_intensity_prediction,quantum_light_hhg_tdse_dipole_acceleration,odd_harmonic_peak_minus_local_background
fock,1.0,32.09201360708107,32.09213569291038,0.00012208582930881064,0.5299613573589637,529.9613573589637,1000.0,0.35,0.55,0.95,0.003,20.081091617933723,0.09949880955604297,tdse_dipole_acceleration,odd_harmonic_window_yield_grid,raw_fft_harmonic_order_grid,17,5.345461253579595e-05,0.10901653580938014,hhg_intensity_prediction,quantum_light_hhg_tdse_dipole_acceleration,odd_harmonic_peak_minus_local_background
fock,3.0,0.46193618620327354,0.46194248846058894,6.302257315378027e-06,0.0076283255781585835,7.6283255781585835,1000.0,0.35,0.55,0.95,0.003,20.081091617933723,0.09949880955604297,tdse_dipole_acceleration,odd_harmonic_window_yield_grid,raw_fft_harmonic_order_grid,17,5.345461253579595e-05,0.10901653580938014,hhg_intensity_prediction,quantum_light_hhg_tdse_dipole_acceleration,odd_harmonic_peak_minus_local_background
fock,5.0,0.007960118300184556,0.00796730736998921,7.189069804653592e-06,0.00013145186683371322,nan,1000.0,0.35,0.55,0.95,0.003,20.081091617933723,0.09949880955604297,tdse_dipole_acceleration,odd_harmonic_window_yield_grid,raw_fft_harmonic_order_grid,17,5.345461253579595e-05,0.10901653580938014,hhg_intensity_prediction,quantum_light_hhg_tdse_dipole_acceleration,odd_harmonic_peak_minus_local_background
fock,7.0,0.004909055523017398,0.0049423459303659595,3.329040734856109e-05,8.10672013349382e-05,nan,1000.0,0.35,0.55,0.95,0.003,20.081091617933723,0.09949880955604297,tdse_dipole_acceleration,odd_harmonic_window_yield_grid,raw_fft_harmonic_order_grid,17,5.345461253579595e-05,0.10901653580938014,hhg_intensity_prediction,quantum_light_hhg_tdse_dipole_acceleration,odd_harmonic_peak_minus_local_background
fock,9.0,0.13072495704018874,0.13095008687162288,0.00022512983143414193,0.002158766867106907,nan,1000.0,0.35,0.55,0.95,0.003,20.081091617933723,0.09949880955604297,tdse_dipole_acceleration,odd_harmonic_window_yield_grid,raw_fft_harmonic_order_grid,17,5.345461253579595e-05,0.10901653580938014,hhg_intensity_prediction,quantum_light_hhg_tdse_dipole_acceleration,odd_harmonic_peak_minus_local_background
fock,11.0,0.054991631735801176,0.05504506709533764,5.343535953645797e-05,0.0009081212589184178,nan,1000.0,0.35,0.55,0.95,0.003,20.081091617933723,0.09949880955604297,tdse_dipole_acceleration,odd_harmonic_window_yield_grid,raw_fft_harmonic_order_grid,17,5.345461253579595e-05,0.10901653580938014,hhg_intensity_prediction,quantum_light_hhg_tdse_dipole_acceleration,odd_harmonic_peak_minus_local_background
fock,13.0,0.011680502990677612,0.011702696914307554,2.2193923629941182e-05,0.0001928895860311201,nan,1000.0,0.35,0.55,0.95,0.003,20.081091617933723,0.09949880955604297,tdse_dipole_acceleration,odd_harmonic_window_yield_grid,raw_fft_harmonic_order_grid,17,5.345461253579595e-05,0.10901653580938014,hhg_intensity_prediction,quantum_light_hhg_tdse_dipole_acceleration,odd_harmonic_peak_minus_local_background
fock,15.0,0.04866220210977662,0.04869272153228586,3.05194225092424e-05,0.0008035982720786054,nan,1000.0,0.35,0.55,0.95,0.003,20.081091617933723,0.09949880955604297,tdse_dipole_acceleration,odd_harmonic_window_yield_grid,raw_fft_harmonic_order_grid,17,5.345461253579595e-05,0.10901653580938014,hhg_intensity_prediction,quantum_light_hhg_tdse_dipole_acceleration,odd_harmonic_peak_minus_local_background
fock,17.0,0.007185634637416473,0.007200118987325202,1.4484349908729293e-05,0.00011866219217514487,nan,1000.0,0.35,0.55,0.95,0.003,20.081091617933723,0.09949880955604297,tdse_dipole_acceleration,odd_harmonic_window_yield_grid,raw_fft_harmonic_order_grid,17,5.345461253579595e-05,0.10901653580938014,hhg_intensity_prediction,quantum_light_hhg_tdse_dipole_acceleration,odd_harmonic_peak_minus_local_background
fock,19.0,0.015894673816306024,0.0159088928099714,1.4218993665373835e-05,0.0002624815947544304,nan,1000.0,0.35,0.55,0.95,0.003,20.081091617933723,0.09949880955604297,tdse_dipole_acceleration,odd_harmonic_window_yield_grid,raw_fft_harmonic_order_grid,17,5.345461253579595e-05,0.10901653580938014,hhg_intensity_prediction,quantum_light_hhg_tdse_dipole_acceleration,odd_harmonic_peak_minus_local_background
fock,21.0,0.017698192113848793,0.017708067706216208,9.875592367413853e-06,0.0002922645499996132,nan,1000.0,0.35,0.55,0.95,0.003,20.081091617933723,0.09949880955604297,tdse_dipole_acceleration,odd_harmonic_window_yield_grid,raw_fft_harmonic_order_grid,17,5.345461253579595e-05,0.10901653580938014,hhg_intensity_prediction,quantum_light_hhg_tdse_dipole_acceleration,odd_harmonic_peak_minus_local_background
fock,23.0,0.011952282177799917,0.011956019168521157,3.736990721239916e-06,0.0001973776953991615,nan,1000.0,0.35,0.55,0.95,0.003,20.081091617933723,0.09949880955604297,tdse_dipole_acceleration,odd_harmonic_window_yield_grid,raw_fft_harmonic_order_grid,17,5.345461253579595e-05,0.10901653580938014,hhg_intensity_prediction,quantum_light_hhg_tdse_dipole_acceleration,odd_harmonic_peak_minus_local_background
fock,25.0,0.002244389369150602,0.002244985890811182,5.965216605799899e-07,3.7063415561267005e-05,nan,1000.0,0.35,0.55,0.95,0.003,20.081091617933723,0.09949880955604297,tdse_dipole_acceleration,odd_harmonic_window_yield_grid,raw_fft_harmonic_order_grid,17,5.345461253579595e-05,0.10901653580938014,hhg_intensity_prediction,quantum_light_hhg_tdse_dipole_acceleration,odd_harmonic_peak_minus_local_background
fock,27.0,0.00021328363762447954,0.00021334465802126781,6.10203967882705e-08,3.522125083263273e-06,nan,1000.0,0.35,0.55,0.95,0.003,20.081091617933723,0.09949880955604297,tdse_dipole_acceleration,odd_harmonic_window_yield_grid,raw_fft_harmonic_order_grid,17,5.345461253579595e-05,0.10901653580938014,hhg_intensity_prediction,quantum_light_hhg_tdse_dipole_acceleration,odd_harmonic_peak_minus_local_background
fock,29.0,1.3307878637553456e-05,1.3313547322147947e-05,5.668684594490258e-09,2.197637553278995e-07,nan,1000.0,0.35,0.55,0.95,0.003,20.081091617933723,0.09949880955604297,tdse_dipole_acceleration,odd_harmonic_window_yield_grid,raw_fft_harmonic_order_grid,17,5.345461253579595e-05,0.10901653580938014,hhg_intensity_prediction,quantum_light_hhg_tdse_dipole_acceleration,odd_harmonic_peak_minus_local_background
fock,31.0,5.38858499794167e-07,5.399644174862051e-07,1.1059176920380658e-09,8.898605910858766e-09,nan,1000.0,0.35,0.55,0.95,0.003,20.081091617933723,0.09949880955604297,tdse_dipole_acceleration,odd_harmonic_window_yield_grid,raw_fft_harmonic_order_grid,17,5.345461253579595e-05,0.10901653580938014,hhg_intensity_prediction,quantum_light_hhg_tdse_dipole_acceleration,odd_harmonic_peak_minus_local_background
fock,33.0,7.04434642133914e-08,7.096408369200304e-08,5.206194786116407e-10,1.1632898567436462e-09,nan,1000.0,0.35,0.55,0.95,0.003,20.081091617933723,0.09949880955604297,tdse_dipole_acceleration,odd_harmonic_window_yield_grid,raw_fft_harmonic_order_grid,17,5.345461253579595e-05,0.10901653580938014,hhg_intensity_prediction,quantum_light_hhg_tdse_dipole_acceleration,odd_harmonic_peak_minus_local_background
fock,35.0,1.3323557458385728e-08,1.3654597085898018e-08,3.3103962751228877e-10,2.2002267236787684e-10,nan,1000.0,0.35,0.55,0.95,0.003,20.081091617933723,0.09949880955604297,tdse_dipole_acceleration,odd_harmonic_window_yield_grid,raw_fft_harmonic_order_grid,17,5.345461253579595e-05,0.10901653580938014,hhg_intensity_prediction,quantum_light_hhg_tdse_dipole_acceleration,odd_harmonic_peak_minus_local_background
fock,37.0,9.336563810198134e-09,9.598995197540721e-09,2.6243138734258765e-10,1.5418222397953255e-10,nan,1000.0,0.35,0.55,0.95,0.003,20.081091617933723,0.09949880955604297,tdse_dipole_acceleration,odd_harmonic_window_yield_grid,raw_fft_harmonic_order_grid,17,5.345461253579595e-05,0.10901653580938014,hhg_intensity_prediction,quantum_light_hhg_tdse_dipole_acceleration,odd_harmonic_peak_minus_local_background
fock,39.0,4.858157091095206e-09,5.053285330306069e-09,1.9512823921086281e-10,8.022667439265324e-11,nan,1000.0,0.35,0.55,0.95,0.003,20.081091617933723,0.09949880955604297,tdse_dipole_acceleration,odd_harmonic_window_yield_grid,raw_fft_harmonic_order_grid,17,5.345461253579595e-05,0.10901653580938014,hhg_intensity_prediction,quantum_light_hhg_tdse_dipole_acceleration,odd_harmonic_peak_minus_local_background
fock,41.0,2.1503890015912008e-09,2.2882613392932435e-09,1.3787233770204293e-10,3.551111152095494e-11,nan,1000.0,0.35,0.55,0.95,0.003,20.081091617933723,0.09949880955604297,tdse_dipole_acceleration,odd_harmonic_window_yield_grid,raw_fft_harmonic_order_grid,17,5.345461253579595e-05,0.10901653580938014,hhg_intensity_prediction,quantum_light_hhg_tdse_dipole_acceleration,odd_harmonic_peak_minus_local_background
fock,43.0,1.2499885139251855e-09,1.3471422150076808e-09,9.715370108249517e-11,2.0642070567262168e-11,nan,1000.0,0.35,0.55,0.95,0.003,20.081091617933723,0.09949880955604297,tdse_dipole_acceleration,odd_harmonic_window_yield_grid,raw_fft_harmonic_order_grid,17,5.345461253579595e-05,0.10901653580938014,hhg_intensity_prediction,quantum_light_hhg_tdse_dipole_acceleration,odd_harmonic_peak_minus_local_background
fock,45.0,8.426112671275308e-10,9.190153750652538e-10,7.640410793772304e-11,1.391472084987311e-11,nan,1000.0,0.35,0.55,0.95,0.003,20.081091617933723,0.09949880955604297,tdse_dipole_acceleration,odd_harmonic_window_yield_grid,raw_fft_harmonic_order_grid,17,5.345461253579595e-05,0.10901653580938014,hhg_intensity_prediction,quantum_light_hhg_tdse_dipole_acceleration,odd_harmonic_peak_minus_local_background
fock,47.0,6.958834703626492e-10,7.56416196494636e-10,6.053272613198683e-11,1.1491686156947231e-11,nan,1000.0,0.35,0.55,0.95,0.003,20.081091617933723,0.09949880955604297,tdse_dipole_acceleration,odd_harmonic_window_yield_grid,raw_fft_harmonic_order_grid,17,5.345461253579595e-05,0.10901653580938014,hhg_intensity_prediction,quantum_light_hhg_tdse_dipole_acceleration,odd_harmonic_peak_minus_local_background
fock,49.0,7.436271908789484e-10,7.931854683324941e-10,4.955827745354569e-11,1.2280116800158785e-11,nan,1000.0,0.35,0.55,0.95,0.003,20.081091617933723,0.09949880955604297,tdse_dipole_acceleration,odd_harmonic_window_yield_grid,raw_fft_harmonic_order_grid,17,5.345461253579595e-05,0.10901653580938014,hhg_intensity_prediction,quantum_light_hhg_tdse_dipole_acceleration,odd_harmonic_peak_minus_local_background
fock,51.0,6.822451568971168e-10,7.193183381097835e-10,3.707318121266666e-11,1.126646566424852e-11,nan,1000.0,0.35,0.55,0.95,0.003,20.081091617933723,0.09949880955604297,tdse_dipole_acceleration,odd_harmonic_window_yield_grid,raw_fft_harmonic_order_grid,17,5.345461253579595e-05,0.10901653580938014,hhg_intensity_prediction,quantum_light_hhg_tdse_dipole_acceleration,odd_harmonic_peak_minus_local_background
fock,53.0,4.598450381553203e-10,4.884710593781475e-10,2.86260212228272e-11,7.593792760383404e-12,nan,1000.0,0.35,0.55,0.95,0.003,20.081091617933723,0.09949880955604297,tdse_dipole_acceleration,odd_harmonic_window_yield_grid,raw_fft_harmonic_order_grid,17,5.345461253579595e-05,0.10901653580938014,hhg_intensity_prediction,quantum_light_hhg_tdse_dipole_acceleration,odd_harmonic_peak_minus_local_background
fock,55.0,2.6108218947582865e-10,2.8404345063658134e-10,2.2961261160752676e-11,4.3114612006250216e-12,nan,1000.0,0.35,0.55,0.95,0.003,20.081091617933723,0.09949880955604297,tdse_dipole_acceleration,odd_harmonic_window_yield_grid,raw_fft_harmonic_order_grid,17,5.345461253579595e-05,0.10901653580938014,hhg_intensity_prediction,quantum_light_hhg_tdse_dipole_acceleration,odd_harmonic_peak_minus_local_background
fock,57.0,1.356020941696745e-10,1.5446642458356785e-10,1.8864330413893357e-11,2.239306974213111e-12,nan,1000.0,0.35,0.55,0.95,0.003,20.081091617933723,0.09949880955604297,tdse_dipole_acceleration,odd_harmonic_window_yield_grid,raw_fft_harmonic_order_grid,17,5.345461253579595e-05,0.10901653580938014,hhg_intensity_prediction,quantum_light_hhg_tdse_dipole_acceleration,odd_harmonic_peak_minus_local_background
fock,59.0,6.881957972517022e-11,8.38463783449218e-11,1.502679861975158e-11,1.1364733397712748e-12,nan,1000.0,0.35,0.55,0.95,0.003,20.081091617933723,0.09949880955604297,tdse_dipole_acceleration,odd_harmonic_window_yield_grid,raw_fft_harmonic_order_grid,17,5.345461253579595e-05,0.10901653580938014,hhg_intensity_prediction,quantum_light_hhg_tdse_dipole_acceleration,odd_harmonic_peak_minus_local_background
fock,61.0,3.749826107234776e-11,4.9625508055008124e-11,1.2127246982660364e-11,6.192390910652403e-13,nan,1000.0,0.35,0.55,0.95,0.003,20.081091617933723,0.09949880955604297,tdse_dipole_acceleration,odd_harmonic_window_yield_grid,raw_fft_harmonic_order_grid,17,5.345461253579595e-05,0.10901653580938014,hhg_intensity_prediction,quantum_light_hhg_tdse_dipole_acceleration,odd_harmonic_peak_minus_local_background
fock,63.0,1.9222346703713825e-11,2.9101002725861313e-11,9.878656022147488e-12,3.1743414655903686e-13,nan,1000.0,0.35,0.55,0.95,0.003,20.081091617933723,0.09949880955604297,tdse_dipole_acceleration,odd_harmonic_window_yield_grid,raw_fft_harmonic_order_grid,17,5.345461253579595e-05,0.10901653580938014,hhg_intensity_prediction,quantum_light_hhg_tdse_dipole_acceleration,odd_harmonic_peak_minus_local_background
fock,65.0,1.2394749271554375e-11,2.0520608252830012e-11,8.125858981275637e-12,2.0468451211885308e-13,nan,1000.0,0.35,0.55,0.95,0.003,20.081091617933723,0.09949880955604297,tdse_dipole_acceleration,odd_harmonic_window_yield_grid,raw_fft_harmonic_order_grid,17,5.345461253579595e-05,0.10901653580938014,hhg_intensity_prediction,quantum_light_hhg_tdse_dipole_acceleration,odd_harmonic_peak_minus_local_background
fock,67.0,7.553240021166221e-12,1.4289784261969499e-11,6.736544240803278e-12,1.247327569745283e-13,nan,1000.0,0.35,0.55,0.95,0.003,20.081091617933723,0.09949880955604297,tdse_dipole_acceleration,odd_harmonic_window_yield_grid,raw_fft_harmonic_order_grid,17,5.345461253579595e-05,0.10901653580938014,hhg_intensity_prediction,quantum_light_hhg_tdse_dipole_acceleration,odd_harmonic_peak_minus_local_background
fock,69.0,4.867092471990626e-12,1.0467690341676826e-11,5.6005978696862e-12,8.037423155892622e-14,nan,1000.0,0.35,0.55,0.95,0.003,20.081091617933723,0.09949880955604297,tdse_dipole_acceleration,odd_harmonic_window_yield_grid,raw_fft_harmonic_order_grid,17,5.345461253579595e-05,0.10901653580938014,hhg_intensity_prediction,quantum_light_hhg_tdse_dipole_acceleration,odd_harmonic_peak_minus_local_background
fock,71.0,3.2346459986864597e-12,7.916961379185453e-12,4.682315380498993e-12,5.34163236071099e-14,nan,1000.0,0.35,0.55,0.95,0.003,20.081091617933723,0.09949880955604297,tdse_dipole_acceleration,odd_harmonic_window_yield_grid,raw_fft_harmonic_order_grid,17,5.345461253579595e-05,0.10901653580938014,hhg_intensity_prediction,quantum_light_hhg_tdse_dipole_acceleration,odd_harmonic_peak_minus_local_background
fock,73.0,2.746322741219676e-12,6.6869874143486175e-12,3.9406646731289415e-12,4.5352246995228335e-14,nan,1000.0,0.35,0.55,0.95,0.003,20.081091617933723,0.09949880955604297,tdse_dipole_acceleration,odd_harmonic_window_yield_grid,raw_fft_harmonic_order_grid,17,5.345461253579595e-05,0.10901653580938014,hhg_intensity_prediction,quantum_light_hhg_tdse_dipole_acceleration,odd_harmonic_peak_minus_local_background
fock,75.0,2.3473686136237353e-12,5.68244665998963e-12,3.3350780463658943e-12,3.8763995052755834e-14,nan,1000.0,0.35,0.55,0.95,0.003,20.081091617933723,0.09949880955604297,tdse_dipole_acceleration,odd_harmonic_window_yield_grid,raw_fft_harmonic_order_grid,17,5.345461253579595e-05,0.10901653580938014,hhg_intensity_prediction,quantum_light_hhg_tdse_dipole_acceleration,odd_harmonic_peak_minus_local_background
fock,77.0,2.017942119849333e-12,4.852313364503186e-12,2.834371244653853e-12,3.3323909119595037e-14,nan,1000.0,0.35,0.55,0.95,0.003,20.081091617933723,0.09949880955604297,tdse_dipole_acceleration,odd_harmonic_window_yield_grid,raw_fft_harmonic_order_grid,17,5.345461253579595e-05,0.10901653580938014,hhg_intensity_prediction,quantum_light_hhg_tdse_dipole_acceleration,odd_harmonic_peak_minus_local_background
fock,79.0,1.7177313971234005e-12,4.135770967818085e-12,2.4180395706946843e-12,2.836628682585261e-14,nan,1000.0,0.35,0.55,0.95,0.003,20.081091617933723,0.09949880955604297,tdse_dipole_acceleration,odd_harmonic_window_yield_grid,raw_fft_harmonic_order_grid,17,5.345461253579595e-05,0.10901653580938014,hhg_intensity_prediction,quantum_light_hhg_tdse_dipole_acceleration,odd_harmonic_peak_minus_local_background
fock,81.0,1.4786473015809562e-12,3.5491014822762865e-12,2.0704541806953303e-12,2.4418097929140424e-14,nan,1000.0,0.35,0.55,0.95,0.003,20.081091617933723,0.09949880955604297,tdse_dipole_acceleration,odd_harmonic_window_yield_grid,raw_fft_harmonic_order_grid,17,5.345461253579595e-05,0.10901653580938014,hhg_intensity_prediction,quantum_light_hhg_tdse_dipole_acceleration,odd_harmonic_peak_minus_local_background
fock,83.0,1.278317503344768e-12,3.059588508665997e-12,1.7812710053212292e-12,2.1109890064948564e-14,nan,1000.0,0.35,0.55,0.95,0.003,20.081091617933723,0.09949880955604297,tdse_dipole_acceleration,odd_harmonic_window_yield_grid,raw_fft_harmonic_order_grid,17,5.345461253579595e-05,0.10901653580938014,hhg_intensity_prediction,quantum_light_hhg_tdse_dipole_acceleration,odd_harmonic_peak_minus_local_background
fock,85.0,1.109418210432787e-12,2.6472437548553104e-12,1.5378255444225235e-12,1.8320719537211646e-14,nan,1000.0,0.35,0.55,0.95,0.003,20.081091617933723,0.09949880955604297,tdse_dipole_acceleration,odd_harmonic_window_yield_grid,raw_fft_harmonic_order_grid,17,5.345461253579595e-05,0.10901653580938014,hhg_intensity_prediction,quantum_light_hhg_tdse_dipole_acceleration,odd_harmonic_peak_minus_local_background
fock,87.0,9.649363016470303e-13,2.2965679350864944e-12,1.331631633439464e-12,1.5934773007604708e-14,nan,1000.0,0.35,0.55,0.95,0.003,20.081091617933723,0.09949880955604297,tdse_dipole_acceleration,odd_harmonic_window_yield_grid,raw_fft_harmonic_order_grid,17,5.345461253579595e-05,0.10901653580938014,hhg_intensity_prediction,quantum_light_hhg_tdse_dipole_acceleration,odd_harmonic_peak_minus_local_background
fock,89.0,8.424671983582106e-13,1.9994776086282363e-12,1.1570104102700256e-12,1.39123417258494e-14,nan,1000.0,0.35,0.55,0.95,0.003,20.081091617933723,0.09949880955604297,tdse_dipole_acceleration,odd_harmonic_window_yield_grid,raw_fft_harmonic_order_grid,17,5.345461253579595e-05,0.10901653580938014,hhg_intensity_prediction,quantum_light_hhg_tdse_dipole_acceleration,odd_harmonic_peak_minus_local_background
fock,91.0,7.385948368381135e-13,1.7470006151532839e-12,1.0084057783151704e-12,1.2197013470749649e-14,nan,1000.0,0.35,0.55,0.95,0.003,20.081091617933723,0.09949880955604297,tdse_dipole_acceleration,odd_harmonic_window_yield_grid,raw_fft_harmonic_order_grid,17,5.345461253579595e-05,0.10901653580938014,hhg_intensity_prediction,quantum_light_hhg_tdse_dipole_acceleration,odd_harmonic_peak_minus_local_background
fock,93.0,6.488105962426051e-13,1.5304566819220342e-12,8.816460856794291e-13,1.0714333742452996e-14,nan,1000.0,0.35,0.55,0.95,0.003,20.081091617933723,0.09949880955604297,tdse_dipole_acceleration,odd_harmonic_window_yield_grid,raw_fft_harmonic_order_grid,17,5.345461253579595e-05,0.10901653580938014,hhg_intensity_prediction,quantum_light_hhg_tdse_dipole_acceleration,odd_harmonic_peak_minus_local_background
fock,95.0,5.717028196382054e-13,1.3446083464877317e-12,7.729055268495263e-13,9.440990709120157e-15,nan,1000.0,0.35,0.55,0.95,0.003,20.081091617933723,0.09949880955604297,tdse_dipole_acceleration,odd_harmonic_window_yield_grid,raw_fft_harmonic_order_grid,17,5.345461253579595e-05,0.10901653580938014,hhg_intensity_prediction,quantum_light_hhg_tdse_dipole_acceleration,odd_harmonic_peak_minus_local_background
fock,97.0,5.051677777910585e-13,1.184647915000728e-12,6.794801372096694e-13,8.342243789685067e-15,nan,1000.0,0.35,0.55,0.95,0.003,20.081091617933723,0.09949880955604297,tdse_dipole_acceleration,odd_harmonic_window_yield_grid,raw_fft_harmonic_order_grid,17,5.345461253579595e-05,0.10901653580938014,hhg_intensity_prediction,quantum_light_hhg_tdse_dipole_acceleration,odd_harmonic_peak_minus_local_background
fock,99.0,4.4755344061859593e-13,1.0464549964139807e-12,5.989015557953848e-13,7.390811676228708e-15,nan,1000.0,0.35,0.55,0.95,0.003,20.081091617933723,0.09949880955604297,tdse_dipole_acceleration,odd_harmonic_window_yield_grid,raw_fft_harmonic_order_grid,17,5.345461253579595e-05,0.10901653580938014,hhg_intensity_prediction,quantum_light_hhg_tdse_dipole_acceleration,odd_harmonic_peak_minus_local_background
fock,101.0,3.9755144912187305e-13,9.26735095331486e-13,5.29183646209613e-13,6.565088379189859e-15,nan,1000.0,0.35,0.55,0.95,0.003,20.081091617933723,0.09949880955604297,tdse_dipole_acceleration,odd_harmonic_window_yield_grid,raw_fft_harmonic_order_grid,17,5.345461253579595e-05,0.10901653580938014,hhg_intensity_prediction,quantum_light_hhg_tdse_dipole_acceleration,odd_harmonic_peak_minus_local_background
fock,103.0,3.539402444700728e-13,8.226627806264881e-13,4.687225361564153e-13,5.844901310335199e-15,nan,1000.0,0.35,0.55,0.95,0.003,20.081091617933723,0.09949880955604297,tdse_dipole_acceleration,odd_harmonic_window_yield_grid,raw_fft_harmonic_order_grid,17,5.345461253579595e-05,0.10901653580938014,hhg_intensity_prediction,quantum_light_hhg_tdse_dipole_acceleration,odd_harmonic_peak_minus_local_background
fock,105.0,3.15863056065081e-13,7.319898294054415e-13,4.1612677334036047e-13,5.2161019243387446e-15,nan,1000.0,0.35,0.55,0.95,0.003,20.081091617933723,0.09949880955604297,tdse_dipole_acceleration,odd_harmonic_window_yield_grid,raw_fft_harmonic_order_grid,17,5.345461253579595e-05,0.10901653580938014,hhg_intensity_prediction,quantum_light_hhg_tdse_dipole_acceleration,odd_harmonic_peak_minus_local_background
fock,107.0,2.825194027826079e-13,6.527694194085837e-13,3.702500166259758e-13,4.665471229448754e-15,nan,1000.0,0.35,0.55,0.95,0.003,20.081091617933723,0.09949880955604297,tdse_dipole_acceleration,odd_harmonic_window_yield_grid,raw_fft_harmonic_order_grid,17,5.345461253579595e-05,0.10901653580938014,hhg_intensity_prediction,quantum_light_hhg_tdse_dipole_acceleration,odd_harmonic_peak_minus_local_background
fock,109.0,2.532303249702169e-13,5.83366950068656e-13,3.301366250984391e-13,4.181797016191467e-15,nan,1000.0,0.35,0.55,0.95,0.003,20.081091617933723,0.09949880955604297,tdse_dipole_acceleration,odd_harmonic_window_yield_grid,raw_fft_harmonic_order_grid,17,5.345461253579595e-05,0.10901653580938014,hhg_intensity_prediction,quantum_light_hhg_tdse_dipole_acceleration,odd_harmonic_peak_minus_local_background
fock,111.0,2.2744971798639486e-13,5.224241708745918e-13,2.9497445288819693e-13,3.756061017261514e-15,nan,1000.0,0.35,0.55,0.95,0.003,20.081091617933723,0.09949880955604297,tdse_dipole_acceleration,odd_harmonic_window_yield_grid,raw_fft_harmonic_order_grid,17,5.345461253579595e-05,0.10901653580938014,hhg_intensity_prediction,quantum_light_hhg_tdse_dipole_acceleration,odd_harmonic_peak_minus_local_background
fock,113.0,2.0470139819890658e-13,4.687806179580376e-13,2.64079219759131e-13,3.380399627489669e-15,nan,1000.0,0.35,0.55,0.95,0.003,20.081091617933723,0.09949880955604297,tdse_dipole_acceleration,odd_harmonic_window_yield_grid,raw_fft_harmonic_order_grid,17,5.345461253579595e-05,0.10901653580938014,hhg_intensity_prediction,quantum_light_hhg_tdse_dipole_acceleration,odd_harmonic_peak_minus_local_background
fock,115.0,1.8458191231336334e-13,4.214536417952936e-13,2.368717294819303e-13,3.0481502965559954e-15,nan,1000.0,0.35,0.55,0.95,0.003,20.081091617933723,0.09949880955604297,tdse_dipole_acceleration,odd_harmonic_window_yield_grid,raw_fft_harmonic_order_grid,17,5.345461253579595e-05,0.10901653580938014,hhg_intensity_prediction,quantum_light_hhg_tdse_dipole_acceleration,odd_harmonic_peak_minus_local_background
fock,117.0,1.6674813323426314e-13,3.796069229710014e-13,2.1285878973673828e-13,2.7536466894182244e-15,nan,1000.0,0.35,0.55,0.95,0.003,20.081091617933723,0.09949880955604297,tdse_dipole_acceleration,odd_harmonic_window_yield_grid,raw_fft_harmonic_order_grid,17,5.345461253579595e-05,0.10901653580938014,hhg_intensity_prediction,quantum_light_hhg_tdse_dipole_acceleration,odd_harmonic_peak_minus_local_background
fock,119.0,1.5090608117347743e-13,3.4252639115835453e-13,1.916203099848771e-13,2.4920340802414396e-15,nan,1000.0,0.35,0.55,0.95,0.003,20.081091617933723,0.09949880955604297,tdse_dipole_acceleration,odd_harmonic_window_yield_grid,raw_fft_harmonic_order_grid,17,5.345461253579595e-05,0.10901653580938014,hhg_intensity_prediction,quantum_light_hhg_tdse_dipole_acceleration,odd_harmonic_peak_minus_local_background
fock,121.0,1.3680466013483148e-13,3.096018601486487e-13,1.7279720001381724e-13,2.2591659179058077e-15,nan,1000.0,0.35,0.55,0.95,0.003,20.081091617933723,0.09949880955604297,tdse_dipole_acceleration,odd_harmonic_window_yield_grid,raw_fft_harmonic_order_grid,17,5.345461253579595e-05,0.10901653580938014,hhg_intensity_prediction,quantum_light_hhg_tdse_dipole_acceleration,odd_harmonic_peak_minus_local_background
fock,123.0,1.2422804789524615e-13,2.803098410314681e-13,1.5608179313622194e-13,2.051478155614777e-15,nan,1000.0,0.35,0.55,0.95,0.003,20.081091617933723,0.09949880955604297,tdse_dipole_acceleration,odd_harmonic_window_yield_grid,raw_fft_harmonic_order_grid,17,5.345461253579595e-05,0.10901653580938014,hhg_intensity_prediction,quantum_light_hhg_tdse_dipole_acceleration,odd_harmonic_peak_minus_local_background
fock,125.0,1.129895830400907e-13,2.5419924657551804e-13,1.4120966353542734e-13,1.8658883025693755e-15,nan,1000.0,0.35,0.55,0.95,0.003,20.081091617933723,0.09949880955604297,tdse_dipole_acceleration,odd_harmonic_window_yield_grid,raw_fft_harmonic_order_grid,17,5.345461253579595e-05,0.10901653580938014,hhg_intensity_prediction,quantum_light_hhg_tdse_dipole_acceleration,odd_harmonic_peak_minus_local_background
fock,127.0,1.0292771391111847e-13,2.3088073423922867e-13,1.279530203281102e-13,1.6997285256714318e-15,nan,1000.0,0.35,0.55,0.95,0.003,20.081091617933723,0.09949880955604297,tdse_dipole_acceleration,odd_harmonic_window_yield_grid,raw_fft_harmonic_order_grid,17,5.345461253579595e-05,0.10901653580938014,hhg_intensity_prediction,quantum_light_hhg_tdse_dipole_acceleration,odd_harmonic_peak_minus_local_background
fock,129.0,9.390309628092426e-14,2.1001825891744609e-13,1.1611516263652183e-13,1.5506977210762328e-15,nan,1000.0,0.35,0.55,0.95,0.003,20.081091617933723,0.09949880955604297,tdse_dipole_acceleration,odd_harmonic_window_yield_grid,raw_fft_harmonic_order_grid,17,5.345461253579595e-05,0.10901653580938014,hhg_intensity_prediction,quantum_light_hhg_tdse_dipole_acceleration,odd_harmonic_peak_minus_local_background
fock,131.0,8.579512594460319e-14,1.913210631340519e-13,1.0552593718944872e-13,1.4168042540762432e-15,nan,1000.0,0.35,0.55,0.95,0.003,20.081091617933723,0.09949880955604297,tdse_dipole_acceleration,odd_harmonic_window_yield_grid,raw_fft_harmonic_order_grid,17,5.345461253579595e-05,0.10901653580938014,hhg_intensity_prediction,quantum_light_hhg_tdse_dipole_acceleration,odd_harmonic_peak_minus_local_background
fock,133.0,7.84982977118915e-14,1.7453602852810937e-13,9.603773081621787e-14,1.2963058321956716e-15,nan,1000.0,0.35,0.55,0.95,0.003,20.081091617933723,0.09949880955604297,tdse_dipole_acceleration,odd_harmonic_window_yield_grid,raw_fft_harmonic_order_grid,17,5.345461253579595e-05,0.10901653580938014,hhg_intensity_prediction,quantum_light_hhg_tdse_dipole_acceleration,odd_harmonic_peak_minus_local_background
fock,135.0,7.192037639128058e-14,1.594425713124192e-13,8.752219492113863e-14,1.1876793011729428e-15,nan,1000.0,0.35,0.55,0.95,0.003,20.081091617933723,0.09949880955604297,tdse_dipole_acceleration,odd_harmonic_window_yield_grid,raw_fft_harmonic_order_grid,17,5.345461253579595e-05,0.10901653580938014,hhg_intensity_prediction,quantum_light_hhg_tdse_dipole_acceleration,odd_harmonic_peak_minus_local_background
fock,137.0,6.598115488320326e-14,1.4584868782890772e-13,7.986753294570446e-14,1.0896001363497765e-15,nan,1000.0,0.35,0.55,0.95,0.003,20.081091617933723,0.09949880955604297,tdse_dipole_acceleration,odd_harmonic_window_yield_grid,raw_fft_harmonic_order_grid,17,5.345461253579595e-05,0.10901653580938014,hhg_intensity_prediction,quantum_light_hhg_tdse_dipole_acceleration,odd_harmonic_peak_minus_local_background
fock,139.0,6.061070793663963e-14,1.3358688496008098e-13,7.297617702344134e-14,1.0009136055427107e-15,nan,1000.0,0.35,0.55,0.95,0.003,20.081091617933723,0.09949880955604297,tdse_dipole_acceleration,odd_harmonic_window_yield_grid,raw_fft_harmonic_order_grid,17,5.345461253579595e-05,0.10901653580938014,hhg_intensity_prediction,quantum_light_hhg_tdse_dipole_acceleration,odd_harmonic_peak_minus_local_background
fock,141.0,5.574713716397941e-14,1.2250991384987132e-13,6.67627766858919e-14,9.205975306510539e-16,nan,1000.0,0.35,0.55,0.95,0.003,20.081091617933723,0.09949880955604297,tdse_dipole_acceleration,odd_harmonic_window_yield_grid,raw_fft_harmonic_order_grid,17,5.345461253579595e-05,0.10901653580938014,hhg_intensity_prediction,quantum_light_hhg_tdse_dipole_acceleration,odd_harmonic_peak_minus_local_background
fock,143.0,5.1336019253797886e-14,1.1248856263572508e-13,6.11525433819272e-14,8.477531755484992e-16,nan,1000.0,0.35,0.55,0.95,0.003,20.081091617933723,0.09949880955604297,tdse_dipole_acceleration,odd_harmonic_window_yield_grid,raw_fft_harmonic_order_grid,17,5.345461253579595e-05,0.10901653580938014,hhg_intensity_prediction,quantum_light_hhg_tdse_dipole_acceleration,odd_harmonic_peak_minus_local_background
fock,145.0,4.732983204457026e-14,1.0340963172132735e-13,5.607979967675709e-14,7.815957683745246e-16,nan,1000.0,0.35,0.55,0.95,0.003,20.081091617933723,0.09949880955604297,tdse_dipole_acceleration,odd_harmonic_window_yield_grid,raw_fft_harmonic_order_grid,17,5.345461253579595e-05,0.10901653580938014,hhg_intensity_prediction,quantum_light_hhg_tdse_dipole_acceleration,odd_harmonic_peak_minus_local_background
fock,147.0,4.368647328051254e-14,9.517329815815687e-14,5.148682487764433e-14,7.214300405524577e-16,nan,1000.0,0.35,0.55,0.95,0.003,20.081091617933723,0.09949880955604297,tdse_dipole_acceleration,odd_harmonic_window_yield_grid,raw_fft_harmonic_order_grid,17,5.345461253579595e-05,0.10901653580938014,hhg_intensity_prediction,quantum_light_hhg_tdse_dipole_acceleration,odd_harmonic_peak_minus_local_background
fock,149.0,4.036846058343486e-14,8.76911865047832e-14,4.732272592134834e-14,6.66637015278108e-16,nan,1000.0,0.35,0.55,0.95,0.003,20.081091617933723,0.09949880955604297,tdse_dipole_acceleration,odd_harmonic_window_yield_grid,raw_fft_harmonic_order_grid,17,5.345461253579595e-05,0.10901653580938014,hhg_intensity_prediction,quantum_light_hhg_tdse_dipole_acceleration,odd_harmonic_peak_minus_local_background
fock,151.0,3.5895789448834514e-14,8.088546527192439e-14,4.498967582308988e-14,5.927761820336015e-16,nan,1000.0,0.35,0.55,0.95,0.003,20.081091617933723,0.09949880955604297,tdse_dipole_acceleration,odd_harmonic_window_yield_grid,raw_fft_harmonic_order_grid,17,5.345461253579595e-05,0.10901653580938014,hhg_intensity_prediction,quantum_light_hhg_tdse_dipole_acceleration,odd_harmonic_peak_minus_local_background
thermal,1.0,28.834989228055843,28.83515758923626,0.00016836118041672904,0.4761754814711825,476175.4814711825,1000000.0,0.35,0.55,0.95,0.003,20.081091617933723,1.0032529856219892,tdse_dipole_acceleration,odd_harmonic_window_yield_grid,raw_fft_harmonic_order_grid,17,5.345461253579595e-05,0.10901653580938014,hhg_intensity_prediction,quantum_light_hhg_tdse_dipole_acceleration,odd_harmonic_peak_minus_local_background
thermal,3.0,4.960561042659937,4.960656631675942,9.558901600456811e-05,0.08191775360739567,81917.75360739567,1000000.0,0.35,0.55,0.95,0.003,20.081091617933723,1.0032529856219892,tdse_dipole_acceleration,odd_harmonic_window_yield_grid,raw_fft_harmonic_order_grid,17,5.345461253579595e-05,0.10901653580938014,hhg_intensity_prediction,quantum_light_hhg_tdse_dipole_acceleration,odd_harmonic_peak_minus_local_background
thermal,5.0,2.6429596026253415,2.644027801816835,0.0010681991914936687,0.04364532794985408,43645.32794985408,1000000.0,0.35,0.55,0.95,0.003,20.081091617933723,1.0032529856219892,tdse_dipole_acceleration,odd_harmonic_window_yield_grid,raw_fft_harmonic_order_grid,17,5.345461253579595e-05,0.10901653580938014,hhg_intensity_prediction,quantum_light_hhg_tdse_dipole_acceleration,odd_harmonic_peak_minus_local_background
thermal,7.0,30.124818109850448,30.138720873967408,0.013902764116959662,0.49747546823193334,497475.46823193337,1000000.0,0.35,0.55,0.95,0.003,20.081091617933723,1.0032529856219892,tdse_dipole_acceleration,odd_harmonic_window_yield_grid,raw_fft_harmonic_order_grid,17,5.345461253579595e-05,0.10901653580938014,hhg_intensity_prediction,quantum_light_hhg_tdse_dipole_acceleration,odd_harmonic_peak_minus_local_background
thermal,9.0,29.132314454746236,29.15329738187118,0.02098292712494427,0.48108545323684115,481085.45323684113,1000000.0,0.35,0.55,0.95,0.003,20.081091617933723,1.0032529856219892,tdse_dipole_acceleration,odd_harmonic_window_yield_grid,raw_fft_harmonic_order_grid,17,5.345461253579595e-05,0.10901653580938014,hhg_intensity_prediction,quantum_light_hhg_tdse_dipole_acceleration,odd_harmonic_peak_minus_local_background
thermal,11.0,23.108220407421946,23.132204615475192,0.023984208053245977,0.38160471957936815,381604.71957936813,1000000.0,0.35,0.55,0.95,0.003,20.081091617933723,1.0032529856219892,tdse_dipole_acceleration,odd_harmonic_window_yield_grid,raw_fft_harmonic_order_grid,17,5.345461253579595e-05,0.10901653580938014,hhg_intensity_prediction,quantum_light_hhg_tdse_dipole_acceleration,odd_harmonic_peak_minus_local_background
thermal,13.0,9.385632215721213,9.404269568154879,0.018637352433666276,0.15499253021686737,154992.53021686737,1000000.0,0.35,0.55,0.95,0.003,20.081091617933723,1.0032529856219892,tdse_dipole_acceleration,odd_harmonic_window_yield_grid,raw_fft_harmonic_order_grid,17,5.345461253579595e-05,0.10901653580938014,hhg_intensity_prediction,quantum_light_hhg_tdse_dipole_acceleration,odd_harmonic_peak_minus_local_background
thermal,15.0,5.401015694689579,5.408537873677052,0.007522178987473282,0.0891913372504362,89191.33725043619,1000000.0,0.35,0.55,0.95,0.003,20.081091617933723,1.0032529856219892,tdse_dipole_acceleration,odd_harmonic_window_yield_grid,raw_fft_harmonic_order_grid,17,5.345461253579595e-05,0.10901653580938014,hhg_intensity_prediction,quantum_light_hhg_tdse_dipole_acceleration,odd_harmonic_peak_minus_local_background
thermal,17.0,4.811886190585872,4.825444980644746,0.01355879005887416,0.07946256561654522,79462.56561654522,1000000.0,0.35,0.55,0.95,0.003,20.081091617933723,1.0032529856219892,tdse_dipole_acceleration,odd_harmonic_window_yield_grid,raw_fft_harmonic_order_grid,17,5.345461253579595e-05,0.10901653580938014,hhg_intensity_prediction,quantum_light_hhg_tdse_dipole_acceleration,odd_harmonic_peak_minus_local_background
thermal,19.0,20.495506049022566,20.51126894107478,0.015762892052212783,0.3384588557915293,338458.8557915293,1000000.0,0.35,0.55,0.95,0.003,20.081091617933723,1.0032529856219892,tdse_dipole_acceleration,odd_harmonic_window_yield_grid,raw_fft_harmonic_order_grid,17,5.345461253579595e-05,0.10901653580938014,hhg_intensity_prediction,quantum_light_hhg_tdse_dipole_acceleration,odd_harmonic_peak_minus_local_background
thermal,21.0,4.448246663793062,4.463085493338434,0.014838829545371284,0.07345749221828496,73457.49221828496,1000000.0,0.35,0.55,0.95,0.003,20.081091617933723,1.0032529856219892,tdse_dipole_acceleration,odd_harmonic_window_yield_grid,raw_fft_harmonic_order_grid,17,5.345461253579595e-05,0.10901653580938014,hhg_intensity_prediction,quantum_light_hhg_tdse_dipole_acceleration,odd_harmonic_peak_minus_local_background
thermal,23.0,18.015719944680193,18.027474206516573,0.011754261836381133,0.2975081436951339,297508.1436951339,1000000.0,0.35,0.55,0.95,0.003,20.081091617933723,1.0032529856219892,tdse_dipole_acceleration,odd_harmonic_window_yield_grid,raw_fft_harmonic_order_grid,17,5.345461253579595e-05,0.10901653580938014,hhg_intensity_prediction,quantum_light_hhg_tdse_dipole_acceleration,odd_harmonic_peak_minus_local_background
thermal,25.0,8.815948493478308,8.824128354544863,0.00817986106655439,0.145584882494864,145584.882494864,1000000.0,0.35,0.55,0.95,0.003,20.081091617933723,1.0032529856219892,tdse_dipole_acceleration,odd_harmonic_window_yield_grid,raw_fft_harmonic_order_grid,17,5.345461253579595e-05,0.10901653580938014,hhg_intensity_prediction,quantum_light_hhg_tdse_dipole_acceleration,odd_harmonic_peak_minus_local_background
thermal,27.0,3.1777553786593513,3.1854664351962034,0.007711056536852067,0.05247684281978071,52476.84281978071,1000000.0,0.35,0.55,0.95,0.003,20.081091617933723,1.0032529856219892,tdse_dipole_acceleration,odd_harmonic_window_yield_grid,raw_fft_harmonic_order_grid,17,5.345461253579595e-05,0.10901653580938014,hhg_intensity_prediction,quantum_light_hhg_tdse_dipole_acceleration,odd_harmonic_peak_minus_local_background
thermal,29.0,23.615955327497023,23.62670689075201,0.010751563254989617,0.38998935666434553,389989.35666434554,1000000.0,0.35,0.55,0.95,0.003,20.081091617933723,1.0032529856219892,tdse_dipole_acceleration,odd_harmonic_window_yield_grid,raw_fft_harmonic_order_grid,17,5.345461253579595e-05,0.10901653580938014,hhg_intensity_prediction,quantum_light_hhg_tdse_dipole_acceleration,odd_harmonic_peak_minus_local_background
thermal,31.0,20.374119456798805,20.383495221597556,0.009375764798751548,0.3364543008898734,336454.30088987335,1000000.0,0.35,0.55,0.95,0.003,20.081091617933723,1.0032529856219892,tdse_dipole_acceleration,odd_harmonic_window_yield_grid,raw_fft_harmonic_order_grid,17,5.345461253579595e-05,0.10901653580938014,hhg_intensity_prediction,quantum_light_hhg_tdse_dipole_acceleration,odd_harmonic_peak_minus_local_background
thermal,33.0,13.340068138657227,13.345124389168092,0.005056250510865234,0.22029532657508036,220295.32657508037,1000000.0,0.35,0.55,0.95,0.003,20.081091617933723,1.0032529856219892,tdse_dipole_acceleration,odd_harmonic_window_yield_grid,raw_fft_harmonic_order_grid,17,5.345461253579595e-05,0.10901653580938014,hhg_intensity_prediction,quantum_light_hhg_tdse_dipole_acceleration,odd_harmonic_peak_minus_local_background
thermal,35.0,18.948095465539367,18.95286097385187,0.004765508312500983,0.3129052142140674,312905.21421406744,1000000.0,0.35,0.55,0.95,0.003,20.081091617933723,1.0032529856219892,tdse_dipole_acceleration,odd_harmonic_window_yield_grid,raw_fft_harmonic_order_grid,17,5.345461253579595e-05,0.10901653580938014,hhg_intensity_prediction,quantum_light_hhg_tdse_dipole_acceleration,odd_harmonic_peak_minus_local_background
thermal,37.0,2.016647234633502,2.0202674630806516,0.0036202284471499864,0.033302525633503825,33302.52563350383,1000000.0,0.35,0.55,0.95,0.003,20.081091617933723,1.0032529856219892,tdse_dipole_acceleration,odd_harmonic_window_yield_grid,raw_fft_harmonic_order_grid,17,5.345461253579595e-05,0.10901653580938014,hhg_intensity_prediction,quantum_light_hhg_tdse_dipole_acceleration,odd_harmonic_peak_minus_local_background
thermal,39.0,8.10761977706695,8.111985678120801,0.004365901053852532,0.13388767793170542,133887.67793170543,1000000.0,0.35,0.55,0.95,0.003,20.081091617933723,1.0032529856219892,tdse_dipole_acceleration,odd_harmonic_window_yield_grid,raw_fft_harmonic_order_grid,17,5.345461253579595e-05,0.10901653580938014,hhg_intensity_prediction,quantum_light_hhg_tdse_dipole_acceleration,odd_harmonic_peak_minus_local_background
thermal,41.0,6.192865535457551,6.1965003277416155,0.0036347922840651707,0.10226779364160755,102267.79364160755,1000000.0,0.35,0.55,0.95,0.003,20.081091617933723,1.0032529856219892,tdse_dipole_acceleration,odd_harmonic_window_yield_grid,raw_fft_harmonic_order_grid,17,5.345461253579595e-05,0.10901653580938014,hhg_intensity_prediction,quantum_light_hhg_tdse_dipole_acceleration,odd_harmonic_peak_minus_local_background
thermal,43.0,3.652163009567845,3.655560599336803,0.0033975897689581137,0.060311119443739285,60311.119443739284,1000000.0,0.35,0.55,0.95,0.003,20.081091617933723,1.0032529856219892,tdse_dipole_acceleration,odd_harmonic_window_yield_grid,raw_fft_harmonic_order_grid,17,5.345461253579595e-05,0.10901653580938014,hhg_intensity_prediction,quantum_light_hhg_tdse_dipole_acceleration,odd_harmonic_peak_minus_local_background
thermal,45.0,2.0658886982974924,2.067094703212177,0.0012060049146842768,0.03411568971978455,34115.68971978455,1000000.0,0.35,0.55,0.95,0.003,20.081091617933723,1.0032529856219892,tdse_dipole_acceleration,odd_harmonic_window_yield_grid,raw_fft_harmonic_order_grid,17,5.345461253579595e-05,0.10901653580938014,hhg_intensity_prediction,quantum_light_hhg_tdse_dipole_acceleration,odd_harmonic_peak_minus_local_background
thermal,47.0,2.3664750399086967,2.367450693799977,0.0009756538912803546,0.03907951491175348,39079.51491175348,1000000.0,0.35,0.55,0.95,0.003,20.081091617933723,1.0032529856219892,tdse_dipole_acceleration,odd_harmonic_window_yield_grid,raw_fft_harmonic_order_grid,17,5.345461253579595e-05,0.10901653580938014,hhg_intensity_prediction,quantum_light_hhg_tdse_dipole_acceleration,odd_harmonic_peak_minus_local_background
thermal,49.0,0.41018279222712034,0.4108696595949267,0.0006868673678063686,0.006773679956498882,6773.679956498882,1000000.0,0.35,0.55,0.95,0.003,20.081091617933723,1.0032529856219892,tdse_dipole_acceleration,odd_harmonic_window_yield_grid,raw_fft_harmonic_order_grid,17,5.345461253579595e-05,0.10901653580938014,hhg_intensity_prediction,quantum_light_hhg_tdse_dipole_acceleration,odd_harmonic_peak_minus_local_background
thermal,51.0,2.001722743133512,2.002748257494513,0.0010255143610006117,0.033056065443437053,33056.06544343705,1000000.0,0.35,0.55,0.95,0.003,20.081091617933723,1.0032529856219892,tdse_dipole_acceleration,odd_harmonic_window_yield_grid,raw_fft_harmonic_order_grid,17,5.345461253579595e-05,0.10901653580938014,hhg_intensity_prediction,quantum_light_hhg_tdse_dipole_acceleration,odd_harmonic_peak_minus_local_background
thermal,53.0,1.448391717604848,1.4490183244394401,0.0006266068345921657,0.023918463018474407,23918.463018474406,1000000.0,0.35,0.55,0.95,0.003,20.081091617933723,1.0032529856219892,tdse_dipole_acceleration,odd_harmonic_window_yield_grid,raw_fft_harmonic_order_grid,17,5.345461253579595e-05,0.10901653580938014,hhg_intensity_prediction,quantum_light_hhg_tdse_dipole_acceleration,odd_harmonic_peak_minus_local_background
thermal,55.0,1.5718670026487351,1.572324824004037,0.0004578213553020077,0.0259575101927441,25957.510192744103,1000000.0,0.35,0.55,0.95,0.003,20.081091617933723,1.0032529856219892,tdse_dipole_acceleration,odd_harmonic_window_yield_grid,raw_fft_harmonic_order_grid,17,5.345461253579595e-05,0.10901653580938014,hhg_intensity_prediction,quantum_light_hhg_tdse_dipole_acceleration,odd_harmonic_peak_minus_local_background
thermal,57.0,0.370894502395444,0.37108149634012544,0.000186993944681413,0.0061248806738351935,6124.880673835193,1000000.0,0.35,0.55,0.95,0.003,20.081091617933723,1.0032529856219892,tdse_dipole_acceleration,odd_harmonic_window_yield_grid,raw_fft_harmonic_order_grid,17,5.345461253579595e-05,0.10901653580938014,hhg_intensity_prediction,quantum_light_hhg_tdse_dipole_acceleration,odd_harmonic_peak_minus_local_background
thermal,59.0,0.45293910891098943,0.4531396985762899,0.00020058966530046152,0.007479749569421308,7479.749569421308,1000000.0,0.35,0.55,0.95,0.003,20.081091617933723,1.0032529856219892,tdse_dipole_acceleration,odd_harmonic_window_yield_grid,raw_fft_harmonic_order_grid,17,5.345461253579595e-05,0.10901653580938014,hhg_intensity_prediction,quantum_light_hhg_tdse_dipole_acceleration,odd_harmonic_peak_minus_local_background
thermal,61.0,0.17705689930567087,0.17723103808823543,0.00017413878256454843,0.0029238836750679446,nan,1000000.0,0.35,0.55,0.95,0.003,20.081091617933723,1.0032529856219892,tdse_dipole_acceleration,odd_harmonic_window_yield_grid,raw_fft_harmonic_order_grid,17,5.345461253579595e-05,0.10901653580938014,hhg_intensity_prediction,quantum_light_hhg_tdse_dipole_acceleration,odd_harmonic_peak_minus_local_background
thermal,63.0,0.021973651258997823,0.022072072483988917,9.842122499109296e-05,0.000362868662276196,nan,1000000.0,0.35,0.55,0.95,0.003,20.081091617933723,1.0032529856219892,tdse_dipole_acceleration,odd_harmonic_window_yield_grid,raw_fft_harmonic_order_grid,17,5.345461253579595e-05,0.10901653580938014,hhg_intensity_prediction,quantum_light_hhg_tdse_dipole_acceleration,odd_harmonic_peak_minus_local_background
thermal,65.0,0.2015544004642998,0.2016133655673466,5.896510304680681e-05,0.0033284307105043605,3328.4307105043604,1000000.0,0.35,0.55,0.95,0.003,20.081091617933723,1.0032529856219892,tdse_dipole_acceleration,odd_harmonic_window_yield_grid,raw_fft_harmonic_order_grid,17,5.345461253579595e-05,0.10901653580938014,hhg_intensity_prediction,quantum_light_hhg_tdse_dipole_acceleration,odd_harmonic_peak_minus_local_background
thermal,67.0,0.2524435155397143,0.25249010667625005,4.65911365357699e-05,0.004168803796168652,4168.803796168652,1000000.0,0.35,0.55,0.95,0.003,20.081091617933723,1.0032529856219892,tdse_dipole_acceleration,odd_harmonic_window_yield_grid,raw_fft_harmonic_order_grid,17,5.345461253579595e-05,0.10901653580938014,hhg_intensity_prediction,quantum_light_hhg_tdse_dipole_acceleration,odd_harmonic_peak_minus_local_background
thermal,69.0,0.147235346730175,0.14725448684066764,1.914011049264222e-05,0.0024314162757030663,nan,1000000.0,0.35,0.55,0.95,0.003,20.081091617933723,1.0032529856219892,tdse_dipole_acceleration,odd_harmonic_window_yield_grid,raw_fft_harmonic_order_grid,17,5.345461253579595e-05,0.10901653580938014,hhg_intensity_prediction,quantum_light_hhg_tdse_dipole_acceleration,odd_harmonic_peak_minus_local_background
thermal,71.0,0.05847872060295458,0.05848715197634998,8.431373395403736e-06,0.0009657063756360605,nan,1000000.0,0.35,0.55,0.95,0.003,20.081091617933723,1.0032529856219892,tdse_dipole_acceleration,odd_harmonic_window_yield_grid,raw_fft_harmonic_order_grid,17,5.345461253579595e-05,0.10901653580938014,hhg_intensity_prediction,quantum_light_hhg_tdse_dipole_acceleration,odd_harmonic_peak_minus_local_background
thermal,73.0,0.01727979926683601,0.017282725875034502,2.926608198492126e-06,0.000285355290773098,nan,1000000.0,0.35,0.55,0.95,0.003,20.081091617933723,1.0032529856219892,tdse_dipole_acceleration,odd_harmonic_window_yield_grid,raw_fft_harmonic_order_grid,17,5.345461253579595e-05,0.10901653580938014,hhg_intensity_prediction,quantum_light_hhg_tdse_dipole_acceleration,odd_harmonic_peak_minus_local_background
thermal,75.0,0.0037489240498086913,0.003749570782056136,6.467322474445606e-07,6.190901270320709e-05,nan,1000000.0,0.35,0.55,0.95,0.003,20.081091617933723,1.0032529856219892,tdse_dipole_acceleration,odd_harmonic_window_yield_grid,raw_fft_harmonic_order_grid,17,5.345461253579595e-05,0.10901653580938014,hhg_intensity_prediction,quantum_light_hhg_tdse_dipole_acceleration,odd_harmonic_peak_minus_local_background
thermal,77.0,0.0005746708957376081,0.0005747796510017574,1.0875526414924808e-07,9.490004948539436e-06,nan,1000000.0,0.35,0.55,0.95,0.003,20.081091617933723,1.0032529856219892,tdse_dipole_acceleration,odd_harmonic_window_yield_grid,raw_fft_harmonic_order_grid,17,5.345461253579595e-05,0.10901653580938014,hhg_intensity_prediction,quantum_light_hhg_tdse_dipole_acceleration,odd_harmonic_peak_minus_local_background
thermal,79.0,7.785169518726097e-05,7.786989230029266e-05,1.8197113031687827e-08,1.2856279621243057e-06,nan,1000000.0,0.35,0.55,0.95,0.003,20.081091617933723,1.0032529856219892,tdse_dipole_acceleration,odd_harmonic_window_yield_grid,raw_fft_harmonic_order_grid,17,5.345461253579595e-05,0.10901653580938014,hhg_intensity_prediction,quantum_light_hhg_tdse_dipole_acceleration,odd_harmonic_peak_minus_local_background
thermal,81.0,1.725143208708441e-05,1.7253581306705702e-05,2.149219621294577e-09,2.8488684060759365e-07,nan,1000000.0,0.35,0.55,0.95,0.003,20.081091617933723,1.0032529856219892,tdse_dipole_acceleration,odd_harmonic_window_yield_grid,raw_fft_harmonic_order_grid,17,5.345461253579595e-05,0.10901653580938014,hhg_intensity_prediction,quantum_light_hhg_tdse_dipole_acceleration,odd_harmonic_peak_minus_local_background
thermal,83.0,4.1376286409215e-06,4.1392604064207594e-06,1.6317654992592968e-09,6.832800576609025e-08,nan,1000000.0,0.35,0.55,0.95,0.003,20.081091617933723,1.0032529856219892,tdse_dipole_acceleration,odd_harmonic_window_yield_grid,raw_fft_harmonic_order_grid,17,5.345461253579595e-05,0.10901653580938014,hhg_intensity_prediction,quantum_light_hhg_tdse_dipole_acceleration,odd_harmonic_peak_minus_local_background
thermal,85.0,9.180788096337732e-07,9.189221295904307e-07,8.43319956657488e-10,1.5160977371911e-08,nan,1000000.0,0.35,0.55,0.95,0.003,20.081091617933723,1.0032529856219892,tdse_dipole_acceleration,odd_harmonic_window_yield_grid,raw_fft_harmonic_order_grid,17,5.345461253579595e-05,0.10901653580938014,hhg_intensity_prediction,quantum_light_hhg_tdse_dipole_acceleration,odd_harmonic_peak_minus_local_background
thermal,87.0,5.370846867918987e-07,5.375681097432438e-07,4.834229513450436e-10,8.869313503162176e-09,nan,1000000.0,0.35,0.55,0.95,0.003,20.081091617933723,1.0032529856219892,tdse_dipole_acceleration,odd_harmonic_window_yield_grid,raw_fft_harmonic_order_grid,17,5.345461253579595e-05,0.10901653580938014,hhg_intensity_prediction,quantum_light_hhg_tdse_dipole_acceleration,odd_harmonic_peak_minus_local_background
thermal,89.0,4.0534319807127037e-07,4.0570249775869725e-07,3.592996874268768e-10,6.69375982685844e-09,nan,1000000.0,0.35,0.55,0.95,0.003,20.081091617933723,1.0032529856219892,tdse_dipole_acceleration,odd_harmonic_window_yield_grid,raw_fft_harmonic_order_grid,17,5.345461253579595e-05,0.10901653580938014,hhg_intensity_prediction,quantum_light_hhg_tdse_dipole_acceleration,odd_harmonic_peak_minus_local_background
thermal,91.0,2.663004227723949e-07,2.665875136544695e-07,2.8709088207462107e-10,4.397634104411083e-09,nan,1000000.0,0.35,0.55,0.95,0.003,20.081091617933723,1.0032529856219892,tdse_dipole_acceleration,odd_harmonic_window_yield_grid,raw_fft_harmonic_order_grid,17,5.345461253579595e-05,0.10901653580938014,hhg_intensity_prediction,quantum_light_hhg_tdse_dipole_acceleration,odd_harmonic_peak_minus_local_background
thermal,93.0,1.7510307148935997e-07,1.7534103872369422e-07,2.37967234334243e-10,2.8916185372596595e-09,nan,1000000.0,0.35,0.55,0.95,0.003,20.081091617933723,1.0032529856219892,tdse_dipole_acceleration,odd_harmonic_window_yield_grid,raw_fft_harmonic_order_grid,17,5.345461253579595e-05,0.10901653580938014,hhg_intensity_prediction,quantum_light_hhg_tdse_dipole_acceleration,odd_harmonic_peak_minus_local_background
thermal,95.0,1.1637485064372795e-07,1.1654584781408869e-07,1.7099717036074715e-10,1.921791962470949e-09,nan,1000000.0,0.35,0.55,0.95,0.003,20.081091617933723,1.0032529856219892,tdse_dipole_acceleration,odd_harmonic_window_yield_grid,raw_fft_harmonic_order_grid,17,5.345461253579595e-05,0.10901653580938014,hhg_intensity_prediction,quantum_light_hhg_tdse_dipole_acceleration,odd_harmonic_peak_minus_local_background
thermal,97.0,8.49634497793955e-08,8.507357643259325e-08,1.1012665319774351e-10,1.4030701134020878e-09,nan,1000000.0,0.35,0.55,0.95,0.003,20.081091617933723,1.0032529856219892,tdse_dipole_acceleration,odd_harmonic_window_yield_grid,raw_fft_harmonic_order_grid,17,5.345461253579595e-05,0.10901653580938014,hhg_intensity_prediction,quantum_light_hhg_tdse_dipole_acceleration,odd_harmonic_peak_minus_local_background
thermal,99.0,6.30030083039413e-08,6.30720874307114e-08,6.907912677010898e-11,1.0404195949576533e-09,nan,1000000.0,0.35,0.55,0.95,0.003,20.081091617933723,1.0032529856219892,tdse_dipole_acceleration,odd_harmonic_window_yield_grid,raw_fft_harmonic_order_grid,17,5.345461253579595e-05,0.10901653580938014,hhg_intensity_prediction,quantum_light_hhg_tdse_dipole_acceleration,odd_harmonic_peak_minus_local_background
thermal,101.0,4.681779945984742e-08,4.686273853958607e-08,4.493907973865012e-11,7.731401604798594e-10,nan,1000000.0,0.35,0.55,0.95,0.003,20.081091617933723,1.0032529856219892,tdse_dipole_acceleration,odd_harmonic_window_yield_grid,raw_fft_harmonic_order_grid,17,5.345461253579595e-05,0.10901653580938014,hhg_intensity_prediction,quantum_light_hhg_tdse_dipole_acceleration,odd_harmonic_peak_minus_local_background
thermal,103.0,3.490192164046066e-08,3.493358335723032e-08,3.166171676965822e-11,5.763636396730632e-10,nan,1000000.0,0.35,0.55,0.95,0.003,20.081091617933723,1.0032529856219892,tdse_dipole_acceleration,odd_harmonic_window_yield_grid,raw_fft_harmonic_order_grid,17,5.345461253579595e-05,0.10901653580938014,hhg_intensity_prediction,quantum_light_hhg_tdse_dipole_acceleration,odd_harmonic_peak_minus_local_background
thermal,105.0,2.5084672765206706e-08,2.5104565910002196e-08,1.989314479549023e-11,4.142434747260947e-10,nan,1000000.0,0.35,0.55,0.95,0.003,20.081091617933723,1.0032529856219892,tdse_dipole_acceleration,odd_harmonic_window_yield_grid,raw_fft_harmonic_order_grid,17,5.345461253579595e-05,0.10901653580938014,hhg_intensity_prediction,quantum_light_hhg_tdse_dipole_acceleration,odd_harmonic_peak_minus_local_background
thermal,107.0,1.7354663560801923e-08,1.736820169829561e-08,1.3538137493686887e-11,2.8659158536444587e-10,nan,1000000.0,0.35,0.55,0.95,0.003,20.081091617933723,1.0032529856219892,tdse_dipole_acceleration,odd_harmonic_window_yield_grid,raw_fft_harmonic_order_grid,17,5.345461253579595e-05,0.10901653580938014,hhg_intensity_prediction,quantum_light_hhg_tdse_dipole_acceleration,odd_harmonic_peak_minus_local_background
thermal,109.0,1.1100393202194179e-08,1.1110569910791469e-08,1.0176708597290632e-11,1.833097642509727e-10,nan,1000000.0,0.35,0.55,0.95,0.003,20.081091617933723,1.0032529856219892,tdse_dipole_acceleration,odd_harmonic_window_yield_grid,raw_fft_harmonic_order_grid,17,5.345461253579595e-05,0.10901653580938014,hhg_intensity_prediction,quantum_light_hhg_tdse_dipole_acceleration,odd_harmonic_peak_minus_local_background
thermal,111.0,7.458210988039489e-09,7.466164804525118e-09,7.953816485629296e-12,1.2316346574833856e-10,nan,1000000.0,0.35,0.55,0.95,0.003,20.081091617933723,1.0032529856219892,tdse_dipole_acceleration,odd_harmonic_window_yield_grid,raw_fft_harmonic_order_grid,17,5.345461253579595e-05,0.10901653580938014,hhg_intensity_prediction,quantum_light_hhg_tdse_dipole_acceleration,odd_harmonic_peak_minus_local_background
thermal,113.0,5.304068704422093e-09,5.309557353211586e-09,5.4886487894934465e-12,8.759037324789425e-11,nan,1000000.0,0.35,0.55,0.95,0.003,20.081091617933723,1.0032529856219892,tdse_dipole_acceleration,odd_harmonic_window_yield_grid,raw_fft_harmonic_order_grid,17,5.345461253579595e-05,0.10901653580938014,hhg_intensity_prediction,quantum_light_hhg_tdse_dipole_acceleration,odd_harmonic_peak_minus_local_background
thermal,115.0,4.068852659051278e-09,4.072300346280647e-09,3.4476872293684376e-12,6.719225239293338e-11,nan,1000000.0,0.35,0.55,0.95,0.003,20.081091617933723,1.0032529856219892,tdse_dipole_acceleration,odd_harmonic_window_yield_grid,raw_fft_harmonic_order_grid,17,5.345461253579595e-05,0.10901653580938014,hhg_intensity_prediction,quantum_light_hhg_tdse_dipole_acceleration,odd_harmonic_peak_minus_local_background
thermal,117.0,3.042889595831456e-09,3.045485965845795e-09,2.596370014339197e-12,5.024969514983893e-11,nan,1000000.0,0.35,0.55,0.95,0.003,20.081091617933723,1.0032529856219892,tdse_dipole_acceleration,odd_harmonic_window_yield_grid,raw_fft_harmonic_order_grid,17,5.345461253579595e-05,0.10901653580938014,hhg_intensity_prediction,quantum_light_hhg_tdse_dipole_acceleration,odd_harmonic_peak_minus_local_background
thermal,119.0,2.1069873138098092e-09,2.1088131467647374e-09,1.825832954928364e-12,3.479438437351222e-11,nan,1000000.0,0.35,0.55,0.95,0.003,20.081091617933723,1.0032529856219892,tdse_dipole_acceleration,odd_harmonic_window_yield_grid,raw_fft_harmonic_order_grid,17,5.345461253579595e-05,0.10901653580938014,hhg_intensity_prediction,quantum_light_hhg_tdse_dipole_acceleration,odd_harmonic_peak_minus_local_background
thermal,121.0,1.438905986605053e-09,1.4402185000346102e-09,1.3125134295571959e-12,2.3761817476136605e-11,nan,1000000.0,0.35,0.55,0.95,0.003,20.081091617933723,1.0032529856219892,tdse_dipole_acceleration,odd_harmonic_window_yield_grid,raw_fft_harmonic_order_grid,17,5.345461253579595e-05,0.10901653580938014,hhg_intensity_prediction,quantum_light_hhg_tdse_dipole_acceleration,odd_harmonic_peak_minus_local_background
thermal,123.0,8.478518756130385e-10,8.486068841629344e-10,7.550085498958642e-13,1.400126325323772e-11,nan,1000000.0,0.35,0.55,0.95,0.003,20.081091617933723,1.0032529856219892,tdse_dipole_acceleration,odd_harmonic_window_yield_grid,raw_fft_harmonic_order_grid,17,5.345461253579595e-05,0.10901653580938014,hhg_intensity_prediction,quantum_light_hhg_tdse_dipole_acceleration,odd_harmonic_peak_minus_local_background
thermal,125.0,5.024490924976417e-10,5.029784623175379e-10,5.29369819896175e-13,8.297347942201905e-12,nan,1000000.0,0.35,0.55,0.95,0.003,20.081091617933723,1.0032529856219892,tdse_dipole_acceleration,odd_harmonic_window_yield_grid,raw_fft_harmonic_order_grid,17,5.345461253579595e-05,0.10901653580938014,hhg_intensity_prediction,quantum_light_hhg_tdse_dipole_acceleration,odd_harmonic_peak_minus_local_background
thermal,127.0,3.235224869778227e-10,3.23913483294688e-10,3.9099631686530376e-13,5.342588297329006e-12,nan,1000000.0,0.35,0.55,0.95,0.003,20.081091617933723,1.0032529856219892,tdse_dipole_acceleration,odd_harmonic_window_yield_grid,raw_fft_harmonic_order_grid,17,5.345461253579595e-05,0.10901653580938014,hhg_intensity_prediction,quantum_light_hhg_tdse_dipole_acceleration,odd_harmonic_peak_minus_local_background
thermal,129.0,2.683774000300637e-10,2.6870676881656565e-10,3.293687865019931e-13,4.431932908473505e-12,nan,1000000.0,0.35,0.55,0.95,0.003,20.081091617933723,1.0032529856219892,tdse_dipole_acceleration,odd_harmonic_window_yield_grid,raw_fft_harmonic_order_grid,17,5.345461253579595e-05,0.10901653580938014,hhg_intensity_prediction,quantum_light_hhg_tdse_dipole_acceleration,odd_harmonic_peak_minus_local_background
thermal,131.0,2.4529592873110555e-10,2.455599368551005e-10,2.6400812399491283e-13,4.050769918540746e-12,nan,1000000.0,0.35,0.55,0.95,0.003,20.081091617933723,1.0032529856219892,tdse_dipole_acceleration,odd_harmonic_window_yield_grid,raw_fft_harmonic_order_grid,17,5.345461253579595e-05,0.10901653580938014,hhg_intensity_prediction,quantum_light_hhg_tdse_dipole_acceleration,odd_harmonic_peak_minus_local_background
thermal,133.0,2.2290410772387907e-10,2.2312238583800647e-10,2.1827811412741197e-13,3.6809956812485644e-12,nan,1000000.0,0.35,0.55,0.95,0.003,20.081091617933723,1.0032529856219892,tdse_dipole_acceleration,odd_harmonic_window_yield_grid,raw_fft_harmonic_order_grid,17,5.345461253579595e-05,0.10901653580938014,hhg_intensity_prediction,quantum_light_hhg_tdse_dipole_acceleration,odd_harmonic_peak_minus_local_background
thermal,135.0,2.2662258254791843e-10,2.2680157236386924e-10,1.7898981595079564e-13,3.742401861277674e-12,nan,1000000.0,0.35,0.55,0.95,0.003,20.081091617933723,1.0032529856219892,tdse_dipole_acceleration,odd_harmonic_window_yield_grid,raw_fft_harmonic_order_grid,17,5.345461253579595e-05,0.10901653580938014,hhg_intensity_prediction,quantum_light_hhg_tdse_dipole_acceleration,odd_harmonic_peak_minus_local_background
thermal,137.0,1.9646995784688808e-10,1.9663666781709452e-10,1.6670997020643008e-13,3.2444672003323867e-12,nan,1000000.0,0.35,0.55,0.95,0.003,20.081091617933723,1.0032529856219892,tdse_dipole_acceleration,odd_harmonic_window_yield_grid,raw_fft_harmonic_order_grid,17,5.345461253579595e-05,0.10901653580938014,hhg_intensity_prediction,quantum_light_hhg_tdse_dipole_acceleration,odd_harmonic_peak_minus_local_background
thermal,139.0,1.5655606964213478e-10,1.5670391113600054e-10,1.4784149386576283e-13,2.5853369061274246e-12,nan,1000000.0,0.35,0.55,0.95,0.003,20.081091617933723,1.0032529856219892,tdse_dipole_acceleration,odd_harmonic_window_yield_grid,raw_fft_harmonic_order_grid,17,5.345461253579595e-05,0.10901653580938014,hhg_intensity_prediction,quantum_light_hhg_tdse_dipole_acceleration,odd_harmonic_peak_minus_local_background
thermal,141.0,1.5074326662697685e-10,1.5090050515476117e-10,1.5723852778431372e-13,2.4893453920488676e-12,nan,1000000.0,0.35,0.55,0.95,0.003,20.081091617933723,1.0032529856219892,tdse_dipole_acceleration,odd_harmonic_window_yield_grid,raw_fft_harmonic_order_grid,17,5.345461253579595e-05,0.10901653580938014,hhg_intensity_prediction,quantum_light_hhg_tdse_dipole_acceleration,odd_harmonic_peak_minus_local_background
thermal,143.0,1.3294552813502834e-10,1.3307342649287452e-10,1.278983578461816e-13,2.1954369522546218e-12,nan,1000000.0,0.35,0.55,0.95,0.003,20.081091617933723,1.0032529856219892,tdse_dipole_acceleration,odd_harmonic_window_yield_grid,raw_fft_harmonic_order_grid,17,5.345461253579595e-05,0.10901653580938014,hhg_intensity_prediction,quantum_light_hhg_tdse_dipole_acceleration,odd_harmonic_peak_minus_local_background
thermal,145.0,9.125460114522592e-11,9.135985116897266e-11,1.0525002374673608e-13,1.5069609803949439e-12,nan,1000000.0,0.35,0.55,0.95,0.003,20.081091617933723,1.0032529856219892,tdse_dipole_acceleration,odd_harmonic_window_yield_grid,raw_fft_harmonic_order_grid,17,5.345461253579595e-05,0.10901653580938014,hhg_intensity_prediction,quantum_light_hhg_tdse_dipole_acceleration,odd_harmonic_peak_minus_local_background
thermal,147.0,5.404619920412204e-11,5.413178161682487e-11,8.558241270283077e-14,8.925085674271787e-13,nan,1000000.0,0.35,0.55,0.95,0.003,20.081091617933723,1.0032529856219892,tdse_dipole_acceleration,odd_harmonic_window_yield_grid,raw_fft_harmonic_order_grid,17,5.345461253579595e-05,0.10901653580938014,hhg_intensity_prediction,quantum_light_hhg_tdse_dipole_acceleration,odd_harmonic_peak_minus_local_background
thermal,149.0,3.264853563619527e-11,3.27183402242197e-11,6.980458802443112e-14,5.391516554050934e-13,nan,1000000.0,0.35,0.55,0.95,0.003,20.081091617933723,1.0032529856219892,tdse_dipole_acceleration,odd_harmonic_window_yield_grid,raw_fft_harmonic_order_grid,17,5.345461253579595e-05,0.10901653580938014,hhg_intensity_prediction,quantum_light_hhg_tdse_dipole_acceleration,odd_harmonic_peak_minus_local_background
thermal,151.0,2.3095516800669635e-11,2.316272600946824e-11,6.720920879860331e-14,3.813949346540519e-13,nan,1000000.0,0.35,0.55,0.95,0.003,20.081091617933723,1.0032529856219892,tdse_dipole_acceleration,odd_harmonic_window_yield_grid,raw_fft_harmonic_order_grid,17,5.345461253579595e-05,0.10901653580938014,hhg_intensity_prediction,quantum_light_hhg_tdse_dipole_acceleration,odd_harmonic_peak_minus_local_background
bsv,1.0,26.55887874877247,26.559214303200925,0.000335554428454339,0.4385882295813908,438588229.5813908,1000000000.0,0.35,0.55,0.95,0.003,20.081091617933723,1.4058674292708404,tdse_dipole_acceleration,odd_harmonic_window_yield_grid,raw_fft_harmonic_order_grid,17,5.345461253579595e-05,0.10901653580938014,hhg_intensity_prediction,quantum_light_hhg_tdse_dipole_acceleration,odd_harmonic_peak_minus_local_background
bsv,3.0,10.763441374548274,10.76376990613354,0.00032853158526526503,0.17774540639764047,177745406.39764047,1000000000.0,0.35,0.55,0.95,0.003,20.081091617933723,1.4058674292708404,tdse_dipole_acceleration,odd_harmonic_window_yield_grid,raw_fft_harmonic_order_grid,17,5.345461253579595e-05,0.10901653580938014,hhg_intensity_prediction,quantum_light_hhg_tdse_dipole_acceleration,odd_harmonic_peak_minus_local_background
bsv,5.0,4.32478791668009,4.329705292419367,0.0049173757392765305,0.07141871814823436,71418718.14823437,1000000000.0,0.35,0.55,0.95,0.003,20.081091617933723,1.4058674292708404,tdse_dipole_acceleration,odd_harmonic_window_yield_grid,raw_fft_harmonic_order_grid,17,5.345461253579595e-05,0.10901653580938014,hhg_intensity_prediction,quantum_light_hhg_tdse_dipole_acceleration,odd_harmonic_peak_minus_local_background
bsv,7.0,85.56235934260808,85.60439931669504,0.04203997408695848,1.4129603910562567,1412960391.0562568,1000000000.0,0.35,0.55,0.95,0.003,20.081091617933723,1.4058674292708404,tdse_dipole_acceleration,odd_harmonic_window_yield_grid,raw_fft_harmonic_order_grid,17,5.345461253579595e-05,0.10901653580938014,hhg_intensity_prediction,quantum_light_hhg_tdse_dipole_acceleration,odd_harmonic_peak_minus_local_background
bsv,9.0,39.219320892665074,39.268186861355616,0.0488659686905452,0.6476603428333151,647660342.8333151,1000000000.0,0.35,0.55,0.95,0.003,20.081091617933723,1.4058674292708404,tdse_dipole_acceleration,odd_harmonic_window_yield_grid,raw_fft_harmonic_order_grid,17,5.345461253579595e-05,0.10901653580938014,hhg_intensity_prediction,quantum_light_hhg_tdse_dipole_acceleration,odd_harmonic_peak_minus_local_background
bsv,11.0,61.34632350219446,61.398765563896376,0.052442061701915954,1.0130614198989216,1013061419.8989216,1000000000.0,0.35,0.55,0.95,0.003,20.081091617933723,1.4058674292708404,tdse_dipole_acceleration,odd_harmonic_window_yield_grid,raw_fft_harmonic_order_grid,17,5.345461253579595e-05,0.10901653580938014,hhg_intensity_prediction,quantum_light_hhg_tdse_dipole_acceleration,odd_harmonic_peak_minus_local_background
bsv,13.0,32.09842204214841,32.150105281396776,0.05168323924837157,0.5300671850265077,530067185.02650774,1000000000.0,0.35,0.55,0.95,0.003,20.081091617933723,1.4058674292708404,tdse_dipole_acceleration,odd_harmonic_window_yield_grid,raw_fft_harmonic_order_grid,17,5.345461253579595e-05,0.10901653580938014,hhg_intensity_prediction,quantum_light_hhg_tdse_dipole_acceleration,odd_harmonic_peak_minus_local_background
bsv,15.0,20.06316619264561,20.083890404216845,0.020724211571236474,0.3313192783274541,331319278.3274541,1000000000.0,0.35,0.55,0.95,0.003,20.081091617933723,1.4058674292708404,tdse_dipole_acceleration,odd_harmonic_window_yield_grid,raw_fft_harmonic_order_grid,17,5.345461253579595e-05,0.10901653580938014,hhg_intensity_prediction,quantum_light_hhg_tdse_dipole_acceleration,odd_harmonic_peak_minus_local_background
bsv,17.0,14.267947187777088,14.293654396867181,0.02570720909009289,0.2356181432221481,235618143.22214812,1000000000.0,0.35,0.55,0.95,0.003,20.081091617933723,1.4058674292708404,tdse_dipole_acceleration,odd_harmonic_window_yield_grid,raw_fft_harmonic_order_grid,17,5.345461253579595e-05,0.10901653580938014,hhg_intensity_prediction,quantum_light_hhg_tdse_dipole_acceleration,odd_harmonic_peak_minus_local_background
bsv,19.0,37.641080168946424,37.68025778664422,0.03917761769779627,0.6215975782333221,621597578.233322,1000000000.0,0.35,0.55,0.95,0.003,20.081091617933723,1.4058674292708404,tdse_dipole_acceleration,odd_harmonic_window_yield_grid,raw_fft_harmonic_order_grid,17,5.345461253579595e-05,0.10901653580938014,hhg_intensity_prediction,quantum_light_hhg_tdse_dipole_acceleration,odd_harmonic_peak_minus_local_background
bsv,21.0,24.304975638132778,24.34347479578985,0.0384991576570706,0.4013677059179383,401367705.9179383,1000000000.0,0.35,0.55,0.95,0.003,20.081091617933723,1.4058674292708404,tdse_dipole_acceleration,odd_harmonic_window_yield_grid,raw_fft_harmonic_order_grid,17,5.345461253579595e-05,0.10901653580938014,hhg_intensity_prediction,quantum_light_hhg_tdse_dipole_acceleration,odd_harmonic_peak_minus_local_background
bsv,23.0,35.65791225110828,35.68646978046602,0.02855752935773989,0.5888479236159394,588847923.6159394,1000000000.0,0.35,0.55,0.95,0.003,20.081091617933723,1.4058674292708404,tdse_dipole_acceleration,odd_harmonic_window_yield_grid,raw_fft_harmonic_order_grid,17,5.345461253579595e-05,0.10901653580938014,hhg_intensity_prediction,quantum_light_hhg_tdse_dipole_acceleration,odd_harmonic_peak_minus_local_background
bsv,25.0,17.56634863925283,17.589852258832302,0.023503619579473722,0.29008731214812533,290087312.14812535,1000000000.0,0.35,0.55,0.95,0.003,20.081091617933723,1.4058674292708404,tdse_dipole_acceleration,odd_harmonic_window_yield_grid,raw_fft_harmonic_order_grid,17,5.345461253579595e-05,0.10901653580938014,hhg_intensity_prediction,quantum_light_hhg_tdse_dipole_acceleration,odd_harmonic_peak_minus_local_background
bsv,27.0,8.646773377937558,8.675771880794256,0.028998502856699006,0.14279115708513923,142791157.08513924,1000000000.0,0.35,0.55,0.95,0.003,20.081091617933723,1.4058674292708404,tdse_dipole_acceleration,odd_harmonic_window_yield_grid,raw_fft_harmonic_order_grid,17,5.345461253579595e-05,0.10901653580938014,hhg_intensity_prediction,quantum_light_hhg_tdse_dipole_acceleration,odd_harmonic_peak_minus_local_background
bsv,29.0,60.525683869599,60.555384201991714,0.029700332392711894,0.9995095344074832,999509534.4074832,1000000000.0,0.35,0.55,0.95,0.003,20.081091617933723,1.4058674292708404,tdse_dipole_acceleration,odd_harmonic_window_yield_grid,raw_fft_harmonic_order_grid,17,5.345461253579595e-05,0.10901653580938014,hhg_intensity_prediction,quantum_light_hhg_tdse_dipole_acceleration,odd_harmonic_peak_minus_local_background
bsv,31.0,39.04923010605392,39.08028912725816,0.03105902120424212,0.6448514962071623,644851496.2071623,1000000000.0,0.35,0.55,0.95,0.003,20.081091617933723,1.4058674292708404,tdse_dipole_acceleration,odd_harmonic_window_yield_grid,raw_fft_harmonic_order_grid,17,5.345461253579595e-05,0.10901653580938014,hhg_intensity_prediction,quantum_light_hhg_tdse_dipole_acceleration,odd_harmonic_peak_minus_local_background
bsv,33.0,23.45237698153945,23.46724333809101,0.014866356551558425,0.3872880552340395,387288055.2340395,1000000000.0,0.35,0.55,0.95,0.003,20.081091617933723,1.4058674292708404,tdse_dipole_acceleration,odd_harmonic_window_yield_grid,raw_fft_harmonic_order_grid,17,5.345461253579595e-05,0.10901653580938014,hhg_intensity_prediction,quantum_light_hhg_tdse_dipole_acceleration,odd_harmonic_peak_minus_local_background
bsv,35.0,56.782146959093936,56.79900015953136,0.016853200437423995,0.937689483889466,937689483.889466,1000000000.0,0.35,0.55,0.95,0.003,20.081091617933723,1.4058674292708404,tdse_dipole_acceleration,odd_harmonic_window_yield_grid,raw_fft_harmonic_order_grid,17,5.345461253579595e-05,0.10901653580938014,hhg_intensity_prediction,quantum_light_hhg_tdse_dipole_acceleration,odd_harmonic_peak_minus_local_background
bsv,37.0,9.287933129521708,9.299573751829737,0.011640622308028615,0.1533791462463584,153379146.2463584,1000000000.0,0.35,0.55,0.95,0.003,20.081091617933723,1.4058674292708404,tdse_dipole_acceleration,odd_harmonic_window_yield_grid,raw_fft_harmonic_order_grid,17,5.345461253579595e-05,0.10901653580938014,hhg_intensity_prediction,quantum_light_hhg_tdse_dipole_acceleration,odd_harmonic_peak_minus_local_background
bsv,39.0,18.574352641388245,18.586282699482776,0.01193005809453309,0.30673329690107587,306733296.90107584,1000000000.0,0.35,0.55,0.95,0.003,20.081091617933723,1.4058674292708404,tdse_dipole_acceleration,odd_harmonic_window_yield_grid,raw_fft_harmonic_order_grid,17,5.345461253579595e-05,0.10901653580938014,hhg_intensity_prediction,quantum_light_hhg_tdse_dipole_acceleration,odd_harmonic_peak_minus_local_background
bsv,41.0,14.643751709237737,14.655556840296626,0.011805131058888597,0.24182410700906912,241824107.00906911,1000000000.0,0.35,0.55,0.95,0.003,20.081091617933723,1.4058674292708404,tdse_dipole_acceleration,odd_harmonic_window_yield_grid,raw_fft_harmonic_order_grid,17,5.345461253579595e-05,0.10901653580938014,hhg_intensity_prediction,quantum_light_hhg_tdse_dipole_acceleration,odd_harmonic_peak_minus_local_background
bsv,43.0,10.96503135657634,10.978264907763272,0.01323355118693215,0.1810744246952642,181074424.6952642,1000000000.0,0.35,0.55,0.95,0.003,20.081091617933723,1.4058674292708404,tdse_dipole_acceleration,odd_harmonic_window_yield_grid,raw_fft_harmonic_order_grid,17,5.345461253579595e-05,0.10901653580938014,hhg_intensity_prediction,quantum_light_hhg_tdse_dipole_acceleration,odd_harmonic_peak_minus_local_background
bsv,45.0,5.709795626796897,5.715187374767873,0.005391747970975947,0.09429046982430173,94290469.82430172,1000000000.0,0.35,0.55,0.95,0.003,20.081091617933723,1.4058674292708404,tdse_dipole_acceleration,odd_harmonic_window_yield_grid,raw_fft_harmonic_order_grid,17,5.345461253579595e-05,0.10901653580938014,hhg_intensity_prediction,quantum_light_hhg_tdse_dipole_acceleration,odd_harmonic_peak_minus_local_background
bsv,47.0,9.101433011263241,9.10798544177177,0.006552430508529347,0.15029931906474284,150299319.06474283,1000000000.0,0.35,0.55,0.95,0.003,20.081091617933723,1.4058674292708404,tdse_dipole_acceleration,odd_harmonic_window_yield_grid,raw_fft_harmonic_order_grid,17,5.345461253579595e-05,0.10901653580938014,hhg_intensity_prediction,quantum_light_hhg_tdse_dipole_acceleration,odd_harmonic_peak_minus_local_background
bsv,49.0,3.955881989611673,3.9600601555952895,0.004178165983616731,0.06532667642593473,65326676.42593473,1000000000.0,0.35,0.55,0.95,0.003,20.081091617933723,1.4058674292708404,tdse_dipole_acceleration,odd_harmonic_window_yield_grid,raw_fft_harmonic_order_grid,17,5.345461253579595e-05,0.10901653580938014,hhg_intensity_prediction,quantum_light_hhg_tdse_dipole_acceleration,odd_harmonic_peak_minus_local_background
bsv,51.0,12.648311881546949,12.65369920084196,0.005387319295010318,0.2088717964261704,208871796.4261704,1000000000.0,0.35,0.55,0.95,0.003,20.081091617933723,1.4058674292708404,tdse_dipole_acceleration,odd_harmonic_window_yield_grid,raw_fft_harmonic_order_grid,17,5.345461253579595e-05,0.10901653580938014,hhg_intensity_prediction,quantum_light_hhg_tdse_dipole_acceleration,odd_harmonic_peak_minus_local_background
bsv,53.0,5.674693012453417,5.6784725556936175,0.003779543240199859,0.0937107919838245,93710791.98382449,1000000000.0,0.35,0.55,0.95,0.003,20.081091617933723,1.4058674292708404,tdse_dipole_acceleration,odd_harmonic_window_yield_grid,raw_fft_harmonic_order_grid,17,5.345461253579595e-05,0.10901653580938014,hhg_intensity_prediction,quantum_light_hhg_tdse_dipole_acceleration,odd_harmonic_peak_minus_local_background
bsv,55.0,8.514123578704075,8.517400659459545,0.003277080755470581,0.140600603743243,140600603.743243,1000000000.0,0.35,0.55,0.95,0.003,20.081091617933723,1.4058674292708404,tdse_dipole_acceleration,odd_harmonic_window_yield_grid,raw_fft_harmonic_order_grid,17,5.345461253579595e-05,0.10901653580938014,hhg_intensity_prediction,quantum_light_hhg_tdse_dipole_acceleration,odd_harmonic_peak_minus_local_background
bsv,57.0,1.5300265636580528,1.5312313171704155,0.0012047535123626348,0.025266565208378763,25266565.208378762,1000000000.0,0.35,0.55,0.95,0.003,20.081091617933723,1.4058674292708404,tdse_dipole_acceleration,odd_harmonic_window_yield_grid,raw_fft_harmonic_order_grid,17,5.345461253579595e-05,0.10901653580938014,hhg_intensity_prediction,quantum_light_hhg_tdse_dipole_acceleration,odd_harmonic_peak_minus_local_background
bsv,59.0,3.821716465800286,3.8231235631932954,0.00140709739300948,0.06311109269907972,63111092.699079715,1000000000.0,0.35,0.55,0.95,0.003,20.081091617933723,1.4058674292708404,tdse_dipole_acceleration,odd_harmonic_window_yield_grid,raw_fft_harmonic_order_grid,17,5.345461253579595e-05,0.10901653580938014,hhg_intensity_prediction,quantum_light_hhg_tdse_dipole_acceleration,odd_harmonic_peak_minus_local_background
bsv,61.0,1.7769100496060333,1.7788799555583406,0.001969905952307214,0.02934355174230055,29343551.74230055,1000000000.0,0.35,0.55,0.95,0.003,20.081091617933723,1.4058674292708404,tdse_dipole_acceleration,odd_harmonic_window_yield_grid,raw_fft_harmonic_order_grid,17,5.345461253579595e-05,0.10901653580938014,hhg_intensity_prediction,quantum_light_hhg_tdse_dipole_acceleration,odd_harmonic_peak_minus_local_background
bsv,63.0,0.2226034672267808,0.2238480365124529,0.0012445692856721314,0.0036760309617432695,3676030.9617432696,1000000000.0,0.35,0.55,0.95,0.003,20.081091617933723,1.4058674292708404,tdse_dipole_acceleration,odd_harmonic_window_yield_grid,raw_fft_harmonic_order_grid,17,5.345461253579595e-05,0.10901653580938014,hhg_intensity_prediction,quantum_light_hhg_tdse_dipole_acceleration,odd_harmonic_peak_minus_local_background
bsv,65.0,2.683357550359263,2.684182120724021,0.000824570364757999,0.044312451910279604,44312451.9102796,1000000000.0,0.35,0.55,0.95,0.003,20.081091617933723,1.4058674292708404,tdse_dipole_acceleration,odd_harmonic_window_yield_grid,raw_fft_harmonic_order_grid,17,5.345461253579595e-05,0.10901653580938014,hhg_intensity_prediction,quantum_light_hhg_tdse_dipole_acceleration,odd_harmonic_peak_minus_local_background
bsv,67.0,3.506449865135021,3.507103187537429,0.0006533224024080779,0.05790484052481151,57904840.52481151,1000000000.0,0.35,0.55,0.95,0.003,20.081091617933723,1.4058674292708404,tdse_dipole_acceleration,odd_harmonic_window_yield_grid,raw_fft_harmonic_order_grid,17,5.345461253579595e-05,0.10901653580938014,hhg_intensity_prediction,quantum_light_hhg_tdse_dipole_acceleration,odd_harmonic_peak_minus_local_background
bsv,69.0,2.1071520835338253,2.1074254968487582,0.0002734133149330539,0.034797105349131274,34797105.34913127,1000000000.0,0.35,0.55,0.95,0.003,20.081091617933723,1.4058674292708404,tdse_dipole_acceleration,odd_harmonic_window_yield_grid,raw_fft_harmonic_order_grid,17,5.345461253579595e-05,0.10901653580938014,hhg_intensity_prediction,quantum_light_hhg_tdse_dipole_acceleration,odd_harmonic_peak_minus_local_background
bsv,71.0,0.83148435616117,0.8316019907528527,0.00011763459168267297,0.01373097317635088,13730973.17635088,1000000000.0,0.35,0.55,0.95,0.003,20.081091617933723,1.4058674292708404,tdse_dipole_acceleration,odd_harmonic_window_yield_grid,raw_fft_harmonic_order_grid,17,5.345461253579595e-05,0.10901653580938014,hhg_intensity_prediction,quantum_light_hhg_tdse_dipole_acceleration,odd_harmonic_peak_minus_local_background
bsv,73.0,0.24202441182811307,0.24206346069164753,3.904886353444136e-05,0.0039967447158918805,3996744.7158918804,1000000000.0,0.35,0.55,0.95,0.003,20.081091617933723,1.4058674292708404,tdse_dipole_acceleration,odd_harmonic_window_yield_grid,raw_fft_harmonic_order_grid,17,5.345461253579595e-05,0.10901653580938014,hhg_intensity_prediction,quantum_light_hhg_tdse_dipole_acceleration,odd_harmonic_peak_minus_local_background
bsv,75.0,0.051610401224647974,0.05161884952943177,8.448304783793712e-06,0.000852284266787799,nan,1000000000.0,0.35,0.55,0.95,0.003,20.081091617933723,1.4058674292708404,tdse_dipole_acceleration,odd_harmonic_window_yield_grid,raw_fft_harmonic_order_grid,17,5.345461253579595e-05,0.10901653580938014,hhg_intensity_prediction,quantum_light_hhg_tdse_dipole_acceleration,odd_harmonic_peak_minus_local_background
bsv,77.0,0.007670344202238814,0.007671680431258709,1.3362290198947615e-06,0.00012666659295981363,nan,1000000000.0,0.35,0.55,0.95,0.003,20.081091617933723,1.4058674292708404,tdse_dipole_acceleration,odd_harmonic_window_yield_grid,raw_fft_harmonic_order_grid,17,5.345461253579595e-05,0.10901653580938014,hhg_intensity_prediction,quantum_light_hhg_tdse_dipole_acceleration,odd_harmonic_peak_minus_local_background
bsv,79.0,0.000982943212558848,0.0009831590174064508,2.1580484760287831e-07,1.6232135680620754e-05,nan,1000000000.0,0.35,0.55,0.95,0.003,20.081091617933723,1.4058674292708404,tdse_dipole_acceleration,odd_harmonic_window_yield_grid,raw_fft_harmonic_order_grid,17,5.345461253579595e-05,0.10901653580938014,hhg_intensity_prediction,quantum_light_hhg_tdse_dipole_acceleration,odd_harmonic_peak_minus_local_background
bsv,81.0,0.00020308201362704913,0.0002031056232172903,2.3609590241163346e-08,3.3536574212730307e-06,nan,1000000000.0,0.35,0.55,0.95,0.003,20.081091617933723,1.4058674292708404,tdse_dipole_acceleration,odd_harmonic_window_yield_grid,raw_fft_harmonic_order_grid,17,5.345461253579595e-05,0.10901653580938014,hhg_intensity_prediction,quantum_light_hhg_tdse_dipole_acceleration,odd_harmonic_peak_minus_local_background
bsv,83.0,4.262729199941393e-05,4.264359037360657e-05,1.6298374192635338e-08,7.039389240306709e-07,nan,1000000000.0,0.35,0.55,0.95,0.003,20.081091617933723,1.4058674292708404,tdse_dipole_acceleration,odd_harmonic_window_yield_grid,raw_fft_harmonic_order_grid,17,5.345461253579595e-05,0.10901653580938014,hhg_intensity_prediction,quantum_light_hhg_tdse_dipole_acceleration,odd_harmonic_peak_minus_local_background
bsv,85.0,6.792688153403842e-06,6.801308743769177e-06,8.620590365333969e-09,1.1217314930652237e-07,nan,1000000000.0,0.35,0.55,0.95,0.003,20.081091617933723,1.4058674292708404,tdse_dipole_acceleration,odd_harmonic_window_yield_grid,raw_fft_harmonic_order_grid,17,5.345461253579595e-05,0.10901653580938014,hhg_intensity_prediction,quantum_light_hhg_tdse_dipole_acceleration,odd_harmonic_peak_minus_local_background
bsv,87.0,3.6376263554690107e-06,3.6425808067826298e-06,4.954451313619088e-09,6.007106392612675e-08,nan,1000000000.0,0.35,0.55,0.95,0.003,20.081091617933723,1.4058674292708404,tdse_dipole_acceleration,odd_harmonic_window_yield_grid,raw_fft_harmonic_order_grid,17,5.345461253579595e-05,0.10901653580938014,hhg_intensity_prediction,quantum_light_hhg_tdse_dipole_acceleration,odd_harmonic_peak_minus_local_background
bsv,89.0,2.8711167994357544e-06,2.8750957443659094e-06,3.978944930155113e-09,4.7413072136718786e-08,nan,1000000000.0,0.35,0.55,0.95,0.003,20.081091617933723,1.4058674292708404,tdse_dipole_acceleration,odd_harmonic_window_yield_grid,raw_fft_harmonic_order_grid,17,5.345461253579595e-05,0.10901653580938014,hhg_intensity_prediction,quantum_light_hhg_tdse_dipole_acceleration,odd_harmonic_peak_minus_local_background
bsv,91.0,1.8558184225095494e-06,1.858994023032416e-06,3.1756005228666146e-09,3.064662947755701e-08,nan,1000000000.0,0.35,0.55,0.95,0.003,20.081091617933723,1.4058674292708404,tdse_dipole_acceleration,odd_harmonic_window_yield_grid,raw_fft_harmonic_order_grid,17,5.345461253579595e-05,0.10901653580938014,hhg_intensity_prediction,quantum_light_hhg_tdse_dipole_acceleration,odd_harmonic_peak_minus_local_background
bsv,93.0,1.1865106621207826e-06,1.1889083256361476e-06,2.3976635153650855e-09,1.9593809497814354e-08,nan,1000000000.0,0.35,0.55,0.95,0.003,20.081091617933723,1.4058674292708404,tdse_dipole_acceleration,odd_harmonic_window_yield_grid,raw_fft_harmonic_order_grid,17,5.345461253579595e-05,0.10901653580938014,hhg_intensity_prediction,quantum_light_hhg_tdse_dipole_acceleration,odd_harmonic_peak_minus_local_background
bsv,95.0,7.937859599150496e-07,7.955646577362079e-07,1.778697821158245e-09,1.3108429091412509e-08,nan,1000000000.0,0.35,0.55,0.95,0.003,20.081091617933723,1.4058674292708404,tdse_dipole_acceleration,odd_harmonic_window_yield_grid,raw_fft_harmonic_order_grid,17,5.345461253579595e-05,0.10901653580938014,hhg_intensity_prediction,quantum_light_hhg_tdse_dipole_acceleration,odd_harmonic_peak_minus_local_background
bsv,97.0,5.812966766727434e-07,5.823726562505545e-07,1.0759795778111041e-09,9.599421824056797e-09,nan,1000000000.0,0.35,0.55,0.95,0.003,20.081091617933723,1.4058674292708404,tdse_dipole_acceleration,odd_harmonic_window_yield_grid,raw_fft_harmonic_order_grid,17,5.345461253579595e-05,0.10901653580938014,hhg_intensity_prediction,quantum_light_hhg_tdse_dipole_acceleration,odd_harmonic_peak_minus_local_background
bsv,99.0,4.429580042632089e-07,4.436094585345761e-07,6.514542713671973e-10,7.314923521674884e-09,nan,1000000000.0,0.35,0.55,0.95,0.003,20.081091617933723,1.4058674292708404,tdse_dipole_acceleration,odd_harmonic_window_yield_grid,raw_fft_harmonic_order_grid,17,5.345461253579595e-05,0.10901653580938014,hhg_intensity_prediction,quantum_light_hhg_tdse_dipole_acceleration,odd_harmonic_peak_minus_local_background
bsv,101.0,3.4893027397742337e-07,3.49335077144386e-07,4.0480316696262675e-10,5.762167618547564e-09,nan,1000000000.0,0.35,0.55,0.95,0.003,20.081091617933723,1.4058674292708404,tdse_dipole_acceleration,odd_harmonic_window_yield_grid,raw_fft_harmonic_order_grid,17,5.345461253579595e-05,0.10901653580938014,hhg_intensity_prediction,quantum_light_hhg_tdse_dipole_acceleration,odd_harmonic_peak_minus_local_background
bsv,103.0,2.756310938733143e-07,2.75901742998218e-07,2.7064912490368673e-10,4.5517190173198275e-09,nan,1000000000.0,0.35,0.55,0.95,0.003,20.081091617933723,1.4058674292708404,tdse_dipole_acceleration,odd_harmonic_window_yield_grid,raw_fft_harmonic_order_grid,17,5.345461253579595e-05,0.10901653580938014,hhg_intensity_prediction,quantum_light_hhg_tdse_dipole_acceleration,odd_harmonic_peak_minus_local_background
bsv,105.0,2.130608506720377e-07,2.1323698043816615e-07,1.7612976612843837e-10,3.518446022261881e-09,nan,1000000000.0,0.35,0.55,0.95,0.003,20.081091617933723,1.4058674292708404,tdse_dipole_acceleration,odd_harmonic_window_yield_grid,raw_fft_harmonic_order_grid,17,5.345461253579595e-05,0.10901653580938014,hhg_intensity_prediction,quantum_light_hhg_tdse_dipole_acceleration,odd_harmonic_peak_minus_local_background
bsv,107.0,1.6103615499398302e-07,1.6115290093714256e-07,1.1674594315954497e-10,2.659320176333493e-09,nan,1000000000.0,0.35,0.55,0.95,0.003,20.081091617933723,1.4058674292708404,tdse_dipole_acceleration,odd_harmonic_window_yield_grid,raw_fft_harmonic_order_grid,17,5.345461253579595e-05,0.10901653580938014,hhg_intensity_prediction,quantum_light_hhg_tdse_dipole_acceleration,odd_harmonic_peak_minus_local_background
bsv,109.0,1.1474643333601491e-07,1.1482520885088978e-07,7.877551487486731e-11,1.894900591386898e-09,nan,1000000000.0,0.35,0.55,0.95,0.003,20.081091617933723,1.4058674292708404,tdse_dipole_acceleration,odd_harmonic_window_yield_grid,raw_fft_harmonic_order_grid,17,5.345461253579595e-05,0.10901653580938014,hhg_intensity_prediction,quantum_light_hhg_tdse_dipole_acceleration,odd_harmonic_peak_minus_local_background
bsv,111.0,8.132801464878828e-08,8.13828989049372e-08,5.4884256148915435e-11,1.3430352349430448e-09,nan,1000000000.0,0.35,0.55,0.95,0.003,20.081091617933723,1.4058674292708404,tdse_dipole_acceleration,odd_harmonic_window_yield_grid,raw_fft_harmonic_order_grid,17,5.345461253579595e-05,0.10901653580938014,hhg_intensity_prediction,quantum_light_hhg_tdse_dipole_acceleration,odd_harmonic_peak_minus_local_background
bsv,113.0,5.76147528828081e-08,5.766097841607747e-08,4.622553326936624e-11,9.51438978417267e-10,nan,1000000000.0,0.35,0.55,0.95,0.003,20.081091617933723,1.4058674292708404,tdse_dipole_acceleration,odd_harmonic_window_yield_grid,raw_fft_harmonic_order_grid,17,5.345461253579595e-05,0.10901653580938014,hhg_intensity_prediction,quantum_light_hhg_tdse_dipole_acceleration,odd_harmonic_peak_minus_local_background
bsv,115.0,4.103469528463665e-08,4.1064867684602413e-08,3.017239996576392e-11,6.776390873478594e-10,nan,1000000000.0,0.35,0.55,0.95,0.003,20.081091617933723,1.4058674292708404,tdse_dipole_acceleration,odd_harmonic_window_yield_grid,raw_fft_harmonic_order_grid,17,5.345461253579595e-05,0.10901653580938014,hhg_intensity_prediction,quantum_light_hhg_tdse_dipole_acceleration,odd_harmonic_peak_minus_local_background
bsv,117.0,2.824669146892375e-08,2.827060795238693e-08,2.391648346317982e-11,4.664604451142214e-10,nan,1000000000.0,0.35,0.55,0.95,0.003,20.081091617933723,1.4058674292708404,tdse_dipole_acceleration,odd_harmonic_window_yield_grid,raw_fft_harmonic_order_grid,17,5.345461253579595e-05,0.10901653580938014,hhg_intensity_prediction,quantum_light_hhg_tdse_dipole_acceleration,odd_harmonic_peak_minus_local_background
bsv,119.0,1.7836879970127826e-08,1.7851978786943295e-08,1.5098816815468113e-11,2.945548146574414e-10,nan,1000000000.0,0.35,0.55,0.95,0.003,20.081091617933723,1.4058674292708404,tdse_dipole_acceleration,odd_harmonic_window_yield_grid,raw_fft_harmonic_order_grid,17,5.345461253579595e-05,0.10901653580938014,hhg_intensity_prediction,quantum_light_hhg_tdse_dipole_acceleration,odd_harmonic_peak_minus_local_background
bsv,121.0,1.0865236541403507e-08,1.0872107584079815e-08,6.871042676307975e-12,1.7942643225845706e-10,nan,1000000000.0,0.35,0.55,0.95,0.003,20.081091617933723,1.4058674292708404,tdse_dipole_acceleration,odd_harmonic_window_yield_grid,raw_fft_harmonic_order_grid,17,5.345461253579595e-05,0.10901653580938014,hhg_intensity_prediction,quantum_light_hhg_tdse_dipole_acceleration,odd_harmonic_peak_minus_local_background
bsv,123.0,6.03511014485566e-09,6.040968815392503e-09,5.858670536843044e-12,9.966265137918421e-11,nan,1000000000.0,0.35,0.55,0.95,0.003,20.081091617933723,1.4058674292708404,tdse_dipole_acceleration,odd_harmonic_window_yield_grid,raw_fft_harmonic_order_grid,17,5.345461253579595e-05,0.10901653580938014,hhg_intensity_prediction,quantum_light_hhg_tdse_dipole_acceleration,odd_harmonic_peak_minus_local_background
bsv,125.0,3.3404972174487308e-09,3.343752825405972e-09,3.255607957240852e-12,5.516433033115591e-11,nan,1000000000.0,0.35,0.55,0.95,0.003,20.081091617933723,1.4058674292708404,tdse_dipole_acceleration,odd_harmonic_window_yield_grid,raw_fft_harmonic_order_grid,17,5.345461253579595e-05,0.10901653580938014,hhg_intensity_prediction,quantum_light_hhg_tdse_dipole_acceleration,odd_harmonic_peak_minus_local_background
bsv,127.0,2.0554810190918558e-09,2.058095936016206e-09,2.6149169243499945e-12,3.394381930160802e-11,nan,1000000000.0,0.35,0.55,0.95,0.003,20.081091617933723,1.4058674292708404,tdse_dipole_acceleration,odd_harmonic_window_yield_grid,raw_fft_harmonic_order_grid,17,5.345461253579595e-05,0.10901653580938014,hhg_intensity_prediction,quantum_light_hhg_tdse_dipole_acceleration,odd_harmonic_peak_minus_local_background
bsv,129.0,1.6532649602754744e-09,1.6551979444013509e-09,1.9329841258764856e-12,2.7301700452609748e-11,nan,1000000000.0,0.35,0.55,0.95,0.003,20.081091617933723,1.4058674292708404,tdse_dipole_acceleration,odd_harmonic_window_yield_grid,raw_fft_harmonic_order_grid,17,5.345461253579595e-05,0.10901653580938014,hhg_intensity_prediction,quantum_light_hhg_tdse_dipole_acceleration,odd_harmonic_peak_minus_local_background
bsv,131.0,1.5937222836878483e-09,1.5951885699823149e-09,1.4662862944665588e-12,2.63184241119129e-11,nan,1000000000.0,0.35,0.55,0.95,0.003,20.081091617933723,1.4058674292708404,tdse_dipole_acceleration,odd_harmonic_window_yield_grid,raw_fft_harmonic_order_grid,17,5.345461253579595e-05,0.10901653580938014,hhg_intensity_prediction,quantum_light_hhg_tdse_dipole_acceleration,odd_harmonic_peak_minus_local_background
bsv,133.0,1.5429355577272337e-09,1.5440116219658188e-09,1.0760642385850596e-12,2.5479741860451867e-11,nan,1000000000.0,0.35,0.55,0.95,0.003,20.081091617933723,1.4058674292708404,tdse_dipole_acceleration,odd_harmonic_window_yield_grid,raw_fft_harmonic_order_grid,17,5.345461253579595e-05,0.10901653580938014,hhg_intensity_prediction,quantum_light_hhg_tdse_dipole_acceleration,odd_harmonic_peak_minus_local_background
bsv,135.0,1.5825663419968505e-09,1.5834106336508559e-09,8.442916540053535e-13,2.61341970305722e-11,nan,1000000000.0,0.35,0.55,0.95,0.003,20.081091617933723,1.4058674292708404,tdse_dipole_acceleration,odd_harmonic_window_yield_grid,raw_fft_harmonic_order_grid,17,5.345461253579595e-05,0.10901653580938014,hhg_intensity_prediction,quantum_light_hhg_tdse_dipole_acceleration,odd_harmonic_peak_minus_local_background
bsv,137.0,1.424223058589933e-09,1.424979639631658e-09,7.565810417248761e-13,2.3519346419126333e-11,nan,1000000000.0,0.35,0.55,0.95,0.003,20.081091617933723,1.4058674292708404,tdse_dipole_acceleration,odd_harmonic_window_yield_grid,raw_fft_harmonic_order_grid,17,5.345461253579595e-05,0.10901653580938014,hhg_intensity_prediction,quantum_light_hhg_tdse_dipole_acceleration,odd_harmonic_peak_minus_local_background
bsv,139.0,1.1644207854121424e-09,1.165010203885933e-09,5.894184737904865e-13,1.922902151075517e-11,nan,1000000000.0,0.35,0.55,0.95,0.003,20.081091617933723,1.4058674292708404,tdse_dipole_acceleration,odd_harmonic_window_yield_grid,raw_fft_harmonic_order_grid,17,5.345461253579595e-05,0.10901653580938014,hhg_intensity_prediction,quantum_light_hhg_tdse_dipole_acceleration,odd_harmonic_peak_minus_local_background
bsv,141.0,1.0274517978874921e-09,1.028028677081774e-09,5.768791942818275e-13,1.69671419218524e-11,nan,1000000000.0,0.35,0.55,0.95,0.003,20.081091617933723,1.4058674292708404,tdse_dipole_acceleration,odd_harmonic_window_yield_grid,raw_fft_harmonic_order_grid,17,5.345461253579595e-05,0.10901653580938014,hhg_intensity_prediction,quantum_light_hhg_tdse_dipole_acceleration,odd_harmonic_peak_minus_local_background
bsv,143.0,8.365111827823558e-10,8.369753827714213e-10,4.641999890655146e-13,1.3813985227012107e-11,nan,1000000000.0,0.35,0.55,0.95,0.003,20.081091617933723,1.4058674292708404,tdse_dipole_acceleration,odd_harmonic_window_yield_grid,raw_fft_harmonic_order_grid,17,5.345461253579595e-05,0.10901653580938014,hhg_intensity_prediction,quantum_light_hhg_tdse_dipole_acceleration,odd_harmonic_peak_minus_local_background
bsv,145.0,5.86874367553966e-10,5.871603372407325e-10,2.859696867664683e-13,9.691530741450787e-12,nan,1000000000.0,0.35,0.55,0.95,0.003,20.081091617933723,1.4058674292708404,tdse_dipole_acceleration,odd_harmonic_window_yield_grid,raw_fft_harmonic_order_grid,17,5.345461253579595e-05,0.10901653580938014,hhg_intensity_prediction,quantum_light_hhg_tdse_dipole_acceleration,odd_harmonic_peak_minus_local_background
bsv,147.0,3.5980460624679096e-10,3.5998726275194006e-10,1.8265650514907307e-13,5.941744255913031e-12,nan,1000000000.0,0.35,0.55,0.95,0.003,20.081091617933723,1.4058674292708404,tdse_dipole_acceleration,odd_harmonic_window_yield_grid,raw_fft_harmonic_order_grid,17,5.345461253579595e-05,0.10901653580938014,hhg_intensity_prediction,quantum_light_hhg_tdse_dipole_acceleration,odd_harmonic_peak_minus_local_background
bsv,149.0,2.325033333438348e-10,2.3265311111062743e-10,1.4977776679265486e-13,3.839515451975078e-12,nan,1000000000.0,0.35,0.55,0.95,0.003,20.081091617933723,1.4058674292708404,tdse_dipole_acceleration,odd_harmonic_window_yield_grid,raw_fft_harmonic_order_grid,17,5.345461253579595e-05,0.10901653580938014,hhg_intensity_prediction,quantum_light_hhg_tdse_dipole_acceleration,odd_harmonic_peak_minus_local_background
bsv,151.0,1.6760369337119738e-10,1.6778175122357216e-10,1.7805785237476665e-13,2.767775245420452e-12,nan,1000000000.0,0.35,0.55,0.95,0.003,20.081091617933723,1.4058674292708404,tdse_dipole_acceleration,odd_harmonic_window_yield_grid,raw_fft_harmonic_order_grid,17,5.345461253579595e-05,0.10901653580938014,hhg_intensity_prediction,quantum_light_hhg_tdse_dipole_acceleration,odd_harmonic_peak_minus_local_background
