driver_state,harmonic_order,mean_intensity,raw_peak_intensity,local_background_intensity,normalized_intensity,display_intensity,display_offset,window_half_width,background_inner_width,background_outer_width,mean_cutoff_order,normalized_intensity_cv,spectrum_model,frequency_grid,raw_frequency_grid,tdse_amplitude_bin_count,tdse_library_field_amplitude_min_au,tdse_library_field_amplitude_max_au,claim_level,mechanism,processing
coherent,5.0,0.3640503866977649,0.36442938548113596,0.0003789987833710631,0.004439895649161657,0.004439895649161657,1.0,0.35,0.55,0.95,29.30730427175973,0.14006282952053878,tdse_dipole_acceleration,odd_harmonic_window_yield_grid,raw_fft_harmonic_order_grid,11,0.00010221851426811915,0.25554717819727235,hhg_intensity_prediction,quantum_light_hhg_tdse_dipole_acceleration,odd_harmonic_peak_minus_local_background
coherent,7.0,4.1224796943611395,4.129933618777269,0.007453924416129351,0.05027705045111459,0.05027705045111459,1.0,0.35,0.55,0.95,29.30730427175973,0.14006282952053878,tdse_dipole_acceleration,odd_harmonic_window_yield_grid,raw_fft_harmonic_order_grid,11,0.00010221851426811915,0.25554717819727235,hhg_intensity_prediction,quantum_light_hhg_tdse_dipole_acceleration,odd_harmonic_peak_minus_local_background
coherent,9.0,22.421361846007525,22.448758485525502,0.02739663951797718,0.27344705718171175,0.27344705718171175,1.0,0.35,0.55,0.95,29.30730427175973,0.14006282952053878,tdse_dipole_acceleration,odd_harmonic_window_yield_grid,raw_fft_harmonic_order_grid,11,0.00010221851426811915,0.25554717819727235,hhg_intensity_prediction,quantum_light_hhg_tdse_dipole_acceleration,odd_harmonic_peak_minus_local_background
coherent,11.0,4.993740178802795,5.009818425269392,0.016078246466597897,0.060902792863442946,0.060902792863442946,1.0,0.35,0.55,0.95,29.30730427175973,0.14006282952053878,tdse_dipole_acceleration,odd_harmonic_window_yield_grid,raw_fft_harmonic_order_grid,11,0.00010221851426811915,0.25554717819727235,hhg_intensity_prediction,quantum_light_hhg_tdse_dipole_acceleration,odd_harmonic_peak_minus_local_background
coherent,13.0,2.517771466625169,2.5229422591301716,0.005170792505002764,0.030706306018932962,0.030706306018932962,1.0,0.35,0.55,0.95,29.30730427175973,0.14006282952053878,tdse_dipole_acceleration,odd_harmonic_window_yield_grid,raw_fft_harmonic_order_grid,11,0.00010221851426811915,0.25554717819727235,hhg_intensity_prediction,quantum_light_hhg_tdse_dipole_acceleration,odd_harmonic_peak_minus_local_background
coherent,15.0,2.0719244945532744,2.0757054306024445,0.0037809360491698808,0.0252688333398082,0.0252688333398082,1.0,0.35,0.55,0.95,29.30730427175973,0.14006282952053878,tdse_dipole_acceleration,odd_harmonic_window_yield_grid,raw_fft_harmonic_order_grid,11,0.00010221851426811915,0.25554717819727235,hhg_intensity_prediction,quantum_light_hhg_tdse_dipole_acceleration,odd_harmonic_peak_minus_local_background
coherent,17.0,7.947022680233317,7.953158166573747,0.006135486340429583,0.09692051625548663,0.09692051625548663,1.0,0.35,0.55,0.95,29.30730427175973,0.14006282952053878,tdse_dipole_acceleration,odd_harmonic_window_yield_grid,raw_fft_harmonic_order_grid,11,0.00010221851426811915,0.25554717819727235,hhg_intensity_prediction,quantum_light_hhg_tdse_dipole_acceleration,odd_harmonic_peak_minus_local_background
coherent,19.0,9.43372430012476,9.43876522865652,0.005040928531758389,0.11505207247667971,0.11505207247667971,1.0,0.35,0.55,0.95,29.30730427175973,0.14006282952053878,tdse_dipole_acceleration,odd_harmonic_window_yield_grid,raw_fft_harmonic_order_grid,11,0.00010221851426811915,0.25554717819727235,hhg_intensity_prediction,quantum_light_hhg_tdse_dipole_acceleration,odd_harmonic_peak_minus_local_background
coherent,21.0,7.979125647005654,7.98485526701169,0.005729620006035583,0.09731203849445628,0.09731203849445628,1.0,0.35,0.55,0.95,29.30730427175973,0.14006282952053878,tdse_dipole_acceleration,odd_harmonic_window_yield_grid,raw_fft_harmonic_order_grid,11,0.00010221851426811915,0.25554717819727235,hhg_intensity_prediction,quantum_light_hhg_tdse_dipole_acceleration,odd_harmonic_peak_minus_local_background
coherent,23.0,2.4855352409159104,2.4894031394572624,0.003867898541351914,0.03031315857698078,0.03031315857698078,1.0,0.35,0.55,0.95,29.30730427175973,0.14006282952053878,tdse_dipole_acceleration,odd_harmonic_window_yield_grid,raw_fft_harmonic_order_grid,11,0.00010221851426811915,0.25554717819727235,hhg_intensity_prediction,quantum_light_hhg_tdse_dipole_acceleration,odd_harmonic_peak_minus_local_background
coherent,25.0,3.2608321588021023,3.264935885778515,0.004103726976412387,0.039768545903321115,0.039768545903321115,1.0,0.35,0.55,0.95,29.30730427175973,0.14006282952053878,tdse_dipole_acceleration,odd_harmonic_window_yield_grid,raw_fft_harmonic_order_grid,11,0.00010221851426811915,0.25554717819727235,hhg_intensity_prediction,quantum_light_hhg_tdse_dipole_acceleration,odd_harmonic_peak_minus_local_background
coherent,27.0,4.949928163446434,4.952533533701813,0.0026053702553795943,0.06036846908995057,0.06036846908995057,1.0,0.35,0.55,0.95,29.30730427175973,0.14006282952053878,tdse_dipole_acceleration,odd_harmonic_window_yield_grid,raw_fft_harmonic_order_grid,11,0.00010221851426811915,0.25554717819727235,hhg_intensity_prediction,quantum_light_hhg_tdse_dipole_acceleration,odd_harmonic_peak_minus_local_background
coherent,29.0,4.173183632605068,4.175930292555223,0.0027466599501547876,0.0508954269259938,0.0508954269259938,1.0,0.35,0.55,0.95,29.30730427175973,0.14006282952053878,tdse_dipole_acceleration,odd_harmonic_window_yield_grid,raw_fft_harmonic_order_grid,11,0.00010221851426811915,0.25554717819727235,hhg_intensity_prediction,quantum_light_hhg_tdse_dipole_acceleration,odd_harmonic_peak_minus_local_background
coherent,31.0,2.5176210961301964,2.520050079269803,0.002428983139606561,0.030704472126343405,0.030704472126343405,1.0,0.35,0.55,0.95,29.30730427175973,0.14006282952053878,tdse_dipole_acceleration,odd_harmonic_window_yield_grid,raw_fft_harmonic_order_grid,11,0.00010221851426811915,0.25554717819727235,hhg_intensity_prediction,quantum_light_hhg_tdse_dipole_acceleration,odd_harmonic_peak_minus_local_background
coherent,33.0,3.8129186168192937,3.815079668909908,0.002161052090614031,0.046501697006787995,0.046501697006787995,1.0,0.35,0.55,0.95,29.30730427175973,0.14006282952053878,tdse_dipole_acceleration,odd_harmonic_window_yield_grid,raw_fft_harmonic_order_grid,11,0.00010221851426811915,0.25554717819727235,hhg_intensity_prediction,quantum_light_hhg_tdse_dipole_acceleration,odd_harmonic_peak_minus_local_background
coherent,35.0,1.6073052167838682,1.6089854916444442,0.0016802748605760777,0.019602416862141855,0.019602416862141855,1.0,0.35,0.55,0.95,29.30730427175973,0.14006282952053878,tdse_dipole_acceleration,odd_harmonic_window_yield_grid,raw_fft_harmonic_order_grid,11,0.00010221851426811915,0.25554717819727235,hhg_intensity_prediction,quantum_light_hhg_tdse_dipole_acceleration,odd_harmonic_peak_minus_local_background
coherent,37.0,0.3389516171857032,0.3401382576833534,0.001186640497650169,0.0041337953904399755,0.0041337953904399755,1.0,0.35,0.55,0.95,29.30730427175973,0.14006282952053878,tdse_dipole_acceleration,odd_harmonic_window_yield_grid,raw_fft_harmonic_order_grid,11,0.00010221851426811915,0.25554717819727235,hhg_intensity_prediction,quantum_light_hhg_tdse_dipole_acceleration,odd_harmonic_peak_minus_local_background
coherent,39.0,0.3927776618450039,0.39354452995661005,0.0007668681116061718,0.004790248536011864,0.004790248536011864,1.0,0.35,0.55,0.95,29.30730427175973,0.14006282952053878,tdse_dipole_acceleration,odd_harmonic_window_yield_grid,raw_fft_harmonic_order_grid,11,0.00010221851426811915,0.25554717819727235,hhg_intensity_prediction,quantum_light_hhg_tdse_dipole_acceleration,odd_harmonic_peak_minus_local_background
coherent,41.0,0.24541043841549667,0.24645927877241858,0.0010488403569218973,0.0029929833275644975,0.0029929833275644975,1.0,0.35,0.55,0.95,29.30730427175973,0.14006282952053878,tdse_dipole_acceleration,odd_harmonic_window_yield_grid,raw_fft_harmonic_order_grid,11,0.00010221851426811915,0.25554717819727235,hhg_intensity_prediction,quantum_light_hhg_tdse_dipole_acceleration,odd_harmonic_peak_minus_local_background
coherent,43.0,0.3034201819385598,0.3041850225758519,0.0007648406372920977,0.0037004601420057245,0.0037004601420057245,1.0,0.35,0.55,0.95,29.30730427175973,0.14006282952053878,tdse_dipole_acceleration,odd_harmonic_window_yield_grid,raw_fft_harmonic_order_grid,11,0.00010221851426811915,0.25554717819727235,hhg_intensity_prediction,quantum_light_hhg_tdse_dipole_acceleration,odd_harmonic_peak_minus_local_background
coherent,45.0,0.4644737310925572,0.46565402318708343,0.001180292094526233,0.005664641415529603,0.005664641415529603,1.0,0.35,0.55,0.95,29.30730427175973,0.14006282952053878,tdse_dipole_acceleration,odd_harmonic_window_yield_grid,raw_fft_harmonic_order_grid,11,0.00010221851426811915,0.25554717819727235,hhg_intensity_prediction,quantum_light_hhg_tdse_dipole_acceleration,odd_harmonic_peak_minus_local_background
coherent,47.0,0.4653669740735541,0.4662713981295099,0.0009044240559558043,0.005675535252673813,0.005675535252673813,1.0,0.35,0.55,0.95,29.30730427175973,0.14006282952053878,tdse_dipole_acceleration,odd_harmonic_window_yield_grid,raw_fft_harmonic_order_grid,11,0.00010221851426811915,0.25554717819727235,hhg_intensity_prediction,quantum_light_hhg_tdse_dipole_acceleration,odd_harmonic_peak_minus_local_background
coherent,49.0,0.23448141119514998,0.23507020137658902,0.0005887901814390232,0.002859694798893132,0.002859694798893132,1.0,0.35,0.55,0.95,29.30730427175973,0.14006282952053878,tdse_dipole_acceleration,odd_harmonic_window_yield_grid,raw_fft_harmonic_order_grid,11,0.00010221851426811915,0.25554717819727235,hhg_intensity_prediction,quantum_light_hhg_tdse_dipole_acceleration,odd_harmonic_peak_minus_local_background
coherent,51.0,0.23029761173107427,0.2308592214838797,0.0005616097528054213,0.0028086699031197454,0.0028086699031197454,1.0,0.35,0.55,0.95,29.30730427175973,0.14006282952053878,tdse_dipole_acceleration,odd_harmonic_window_yield_grid,raw_fft_harmonic_order_grid,11,0.00010221851426811915,0.25554717819727235,hhg_intensity_prediction,quantum_light_hhg_tdse_dipole_acceleration,odd_harmonic_peak_minus_local_background
coherent,53.0,0.26560141850208857,0.26607112571623476,0.00046970721414620325,0.0032392290339677515,0.0032392290339677515,1.0,0.35,0.55,0.95,29.30730427175973,0.14006282952053878,tdse_dipole_acceleration,odd_harmonic_window_yield_grid,raw_fft_harmonic_order_grid,11,0.00010221851426811915,0.25554717819727235,hhg_intensity_prediction,quantum_light_hhg_tdse_dipole_acceleration,odd_harmonic_peak_minus_local_background
coherent,55.0,0.3828031709847511,0.383196632755112,0.0003934617703609004,0.0046686013679515664,0.0046686013679515664,1.0,0.35,0.55,0.95,29.30730427175973,0.14006282952053878,tdse_dipole_acceleration,odd_harmonic_window_yield_grid,raw_fft_harmonic_order_grid,11,0.00010221851426811915,0.25554717819727235,hhg_intensity_prediction,quantum_light_hhg_tdse_dipole_acceleration,odd_harmonic_peak_minus_local_background
coherent,57.0,0.12718502889352318,0.12762048949118301,0.0004354605976598315,0.0015511266491021697,0.0015511266491021697,1.0,0.35,0.55,0.95,29.30730427175973,0.14006282952053878,tdse_dipole_acceleration,odd_harmonic_window_yield_grid,raw_fft_harmonic_order_grid,11,0.00010221851426811915,0.25554717819727235,hhg_intensity_prediction,quantum_light_hhg_tdse_dipole_acceleration,odd_harmonic_peak_minus_local_background
coherent,59.0,0.10371133349092841,0.10418310745737952,0.00047177396645110717,0.0012648455135893246,0.0012648455135893246,1.0,0.35,0.55,0.95,29.30730427175973,0.14006282952053878,tdse_dipole_acceleration,odd_harmonic_window_yield_grid,raw_fft_harmonic_order_grid,11,0.00010221851426811915,0.25554717819727235,hhg_intensity_prediction,quantum_light_hhg_tdse_dipole_acceleration,odd_harmonic_peak_minus_local_background
coherent,61.0,0.07260915304620809,0.07293934383730505,0.0003301907910969584,0.0008855286918478403,0.0008855286918478403,1.0,0.35,0.55,0.95,29.30730427175973,0.14006282952053878,tdse_dipole_acceleration,odd_harmonic_window_yield_grid,raw_fft_harmonic_order_grid,11,0.00010221851426811915,0.25554717819727235,hhg_intensity_prediction,quantum_light_hhg_tdse_dipole_acceleration,odd_harmonic_peak_minus_local_background
coherent,63.0,0.19885397717407072,0.19924249103366853,0.0003885138595978246,0.0024251887659897616,0.0024251887659897616,1.0,0.35,0.55,0.95,29.30730427175973,0.14006282952053878,tdse_dipole_acceleration,odd_harmonic_window_yield_grid,raw_fft_harmonic_order_grid,11,0.00010221851426811915,0.25554717819727235,hhg_intensity_prediction,quantum_light_hhg_tdse_dipole_acceleration,odd_harmonic_peak_minus_local_background
coherent,65.0,0.2499382626500207,0.250423084050715,0.00048482140069430263,0.0030482038900294444,0.0030482038900294444,1.0,0.35,0.55,0.95,29.30730427175973,0.14006282952053878,tdse_dipole_acceleration,odd_harmonic_window_yield_grid,raw_fft_harmonic_order_grid,11,0.00010221851426811915,0.25554717819727235,hhg_intensity_prediction,quantum_light_hhg_tdse_dipole_acceleration,odd_harmonic_peak_minus_local_background
coherent,67.0,0.06917340767514543,0.0694701667837227,0.000296759108577264,0.0008436269346131403,0.0008436269346131403,1.0,0.35,0.55,0.95,29.30730427175973,0.14006282952053878,tdse_dipole_acceleration,odd_harmonic_window_yield_grid,raw_fft_harmonic_order_grid,11,0.00010221851426811915,0.25554717819727235,hhg_intensity_prediction,quantum_light_hhg_tdse_dipole_acceleration,odd_harmonic_peak_minus_local_background
coherent,69.0,0.07574252766152,0.07618089346644137,0.0004383658049213773,0.0009237427875610981,0.0009237427875610981,1.0,0.35,0.55,0.95,29.30730427175973,0.14006282952053878,tdse_dipole_acceleration,odd_harmonic_window_yield_grid,raw_fft_harmonic_order_grid,11,0.00010221851426811915,0.25554717819727235,hhg_intensity_prediction,quantum_light_hhg_tdse_dipole_acceleration,odd_harmonic_peak_minus_local_background
coherent,71.0,0.03924407648454709,0.03958281445716513,0.0003387379726180433,0.00047861397983835094,0.00047861397983835094,1.0,0.35,0.55,0.95,29.30730427175973,0.14006282952053878,tdse_dipole_acceleration,odd_harmonic_window_yield_grid,raw_fft_harmonic_order_grid,11,0.00010221851426811915,0.25554717819727235,hhg_intensity_prediction,quantum_light_hhg_tdse_dipole_acceleration,odd_harmonic_peak_minus_local_background
coherent,73.0,0.06499055086290983,0.06528339519532458,0.00029284433241474667,0.0007926135352588113,0.0007926135352588113,1.0,0.35,0.55,0.95,29.30730427175973,0.14006282952053878,tdse_dipole_acceleration,odd_harmonic_window_yield_grid,raw_fft_harmonic_order_grid,11,0.00010221851426811915,0.25554717819727235,hhg_intensity_prediction,quantum_light_hhg_tdse_dipole_acceleration,odd_harmonic_peak_minus_local_background
coherent,75.0,0.07673236715953853,0.07707109188999757,0.0003387247304590407,0.0009358146991458794,0.0009358146991458794,1.0,0.35,0.55,0.95,29.30730427175973,0.14006282952053878,tdse_dipole_acceleration,odd_harmonic_window_yield_grid,raw_fft_harmonic_order_grid,11,0.00010221851426811915,0.25554717819727235,hhg_intensity_prediction,quantum_light_hhg_tdse_dipole_acceleration,odd_harmonic_peak_minus_local_background
coherent,77.0,0.04342456043817423,0.04380234655526171,0.00037778611708748485,0.0005295984402188546,0.0005295984402188546,1.0,0.35,0.55,0.95,29.30730427175973,0.14006282952053878,tdse_dipole_acceleration,odd_harmonic_window_yield_grid,raw_fft_harmonic_order_grid,11,0.00010221851426811915,0.25554717819727235,hhg_intensity_prediction,quantum_light_hhg_tdse_dipole_acceleration,odd_harmonic_peak_minus_local_background
coherent,79.0,0.05982972718682873,0.060083735054191026,0.00025400786736229293,0.0007296730209158179,0.0007296730209158179,1.0,0.35,0.55,0.95,29.30730427175973,0.14006282952053878,tdse_dipole_acceleration,odd_harmonic_window_yield_grid,raw_fft_harmonic_order_grid,11,0.00010221851426811915,0.25554717819727235,hhg_intensity_prediction,quantum_light_hhg_tdse_dipole_acceleration,odd_harmonic_peak_minus_local_background
coherent,81.0,0.06275847583366236,0.06294648489397342,0.00018800906031106614,0.0007653915336538913,0.0007653915336538913,1.0,0.35,0.55,0.95,29.30730427175973,0.14006282952053878,tdse_dipole_acceleration,odd_harmonic_window_yield_grid,raw_fft_harmonic_order_grid,11,0.00010221851426811915,0.25554717819727235,hhg_intensity_prediction,quantum_light_hhg_tdse_dipole_acceleration,odd_harmonic_peak_minus_local_background
coherent,83.0,0.11369793822642377,0.11393580755579782,0.00023786932937405243,0.0013866404203801634,0.0013866404203801634,1.0,0.35,0.55,0.95,29.30730427175973,0.14006282952053878,tdse_dipole_acceleration,odd_harmonic_window_yield_grid,raw_fft_harmonic_order_grid,11,0.00010221851426811915,0.25554717819727235,hhg_intensity_prediction,quantum_light_hhg_tdse_dipole_acceleration,odd_harmonic_peak_minus_local_background
coherent,85.0,0.07808036340789612,0.07834095778171651,0.0002605943738203879,0.0009522546286085498,0.0009522546286085498,1.0,0.35,0.55,0.95,29.30730427175973,0.14006282952053878,tdse_dipole_acceleration,odd_harmonic_window_yield_grid,raw_fft_harmonic_order_grid,11,0.00010221851426811915,0.25554717819727235,hhg_intensity_prediction,quantum_light_hhg_tdse_dipole_acceleration,odd_harmonic_peak_minus_local_background
coherent,87.0,0.08664905395806487,0.0868103837103472,0.00016132975228234122,0.0010567568988514079,0.0010567568988514079,1.0,0.35,0.55,0.95,29.30730427175973,0.14006282952053878,tdse_dipole_acceleration,odd_harmonic_window_yield_grid,raw_fft_harmonic_order_grid,11,0.00010221851426811915,0.25554717819727235,hhg_intensity_prediction,quantum_light_hhg_tdse_dipole_acceleration,odd_harmonic_peak_minus_local_background
coherent,89.0,0.07649958808844921,0.07665940012839902,0.00015981203994980253,0.000932975765792944,0.000932975765792944,1.0,0.35,0.55,0.95,29.30730427175973,0.14006282952053878,tdse_dipole_acceleration,odd_harmonic_window_yield_grid,raw_fft_harmonic_order_grid,11,0.00010221851426811915,0.25554717819727235,hhg_intensity_prediction,quantum_light_hhg_tdse_dipole_acceleration,odd_harmonic_peak_minus_local_background
coherent,91.0,0.08493636696115671,0.08514559132075096,0.00020922435959424456,0.0010358692639970018,0.0010358692639970018,1.0,0.35,0.55,0.95,29.30730427175973,0.14006282952053878,tdse_dipole_acceleration,odd_harmonic_window_yield_grid,raw_fft_harmonic_order_grid,11,0.00010221851426811915,0.25554717819727235,hhg_intensity_prediction,quantum_light_hhg_tdse_dipole_acceleration,odd_harmonic_peak_minus_local_background
coherent,93.0,0.0659780262198411,0.0661600849382064,0.00018205871836529504,0.0008046566141871501,0.0008046566141871501,1.0,0.35,0.55,0.95,29.30730427175973,0.14006282952053878,tdse_dipole_acceleration,odd_harmonic_window_yield_grid,raw_fft_harmonic_order_grid,11,0.00010221851426811915,0.25554717819727235,hhg_intensity_prediction,quantum_light_hhg_tdse_dipole_acceleration,odd_harmonic_peak_minus_local_background
coherent,95.0,0.06116204843159857,0.06135147072164678,0.0001894222900482062,0.0007459217807416114,0.0007459217807416114,1.0,0.35,0.55,0.95,29.30730427175973,0.14006282952053878,tdse_dipole_acceleration,odd_harmonic_window_yield_grid,raw_fft_harmonic_order_grid,11,0.00010221851426811915,0.25554717819727235,hhg_intensity_prediction,quantum_light_hhg_tdse_dipole_acceleration,odd_harmonic_peak_minus_local_background
coherent,97.0,0.057247545361810905,0.05744241583287491,0.00019487047106400547,0.0006981811772888012,0.0006981811772888012,1.0,0.35,0.55,0.95,29.30730427175973,0.14006282952053878,tdse_dipole_acceleration,odd_harmonic_window_yield_grid,raw_fft_harmonic_order_grid,11,0.00010221851426811915,0.25554717819727235,hhg_intensity_prediction,quantum_light_hhg_tdse_dipole_acceleration,odd_harmonic_peak_minus_local_background
coherent,99.0,0.04728304628284521,0.04744185080578364,0.0001588045229384328,0.0005766558672676245,0.0005766558672676245,1.0,0.35,0.55,0.95,29.30730427175973,0.14006282952053878,tdse_dipole_acceleration,odd_harmonic_window_yield_grid,raw_fft_harmonic_order_grid,11,0.00010221851426811915,0.25554717819727235,hhg_intensity_prediction,quantum_light_hhg_tdse_dipole_acceleration,odd_harmonic_peak_minus_local_background
coherent,101.0,0.11247530497375866,0.1126425542369927,0.0001672492632340461,0.0013717293963643176,0.0013717293963643176,1.0,0.35,0.55,0.95,29.30730427175973,0.14006282952053878,tdse_dipole_acceleration,odd_harmonic_window_yield_grid,raw_fft_harmonic_order_grid,11,0.00010221851426811915,0.25554717819727235,hhg_intensity_prediction,quantum_light_hhg_tdse_dipole_acceleration,odd_harmonic_peak_minus_local_background
coherent,103.0,0.009442170988332742,0.009581768644531611,0.0001395976561988696,0.00011515508682742554,0.00011515508682742554,1.0,0.35,0.55,0.95,29.30730427175973,0.14006282952053878,tdse_dipole_acceleration,odd_harmonic_window_yield_grid,raw_fft_harmonic_order_grid,11,0.00010221851426811915,0.25554717819727235,hhg_intensity_prediction,quantum_light_hhg_tdse_dipole_acceleration,odd_harmonic_peak_minus_local_background
coherent,105.0,0.07693991996775221,0.0771061253645071,0.00016620539675489,0.0009383459773530476,0.0009383459773530476,1.0,0.35,0.55,0.95,29.30730427175973,0.14006282952053878,tdse_dipole_acceleration,odd_harmonic_window_yield_grid,raw_fft_harmonic_order_grid,11,0.00010221851426811915,0.25554717819727235,hhg_intensity_prediction,quantum_light_hhg_tdse_dipole_acceleration,odd_harmonic_peak_minus_local_background
coherent,107.0,0.05665091995267082,0.056805991096233945,0.00015507114356312862,0.0006909048368287661,0.0006909048368287661,1.0,0.35,0.55,0.95,29.30730427175973,0.14006282952053878,tdse_dipole_acceleration,odd_harmonic_window_yield_grid,raw_fft_harmonic_order_grid,11,0.00010221851426811915,0.25554717819727235,hhg_intensity_prediction,quantum_light_hhg_tdse_dipole_acceleration,odd_harmonic_peak_minus_local_background
coherent,109.0,0.04938395945166369,0.04949330025908718,0.00010934080742348797,0.0006022782414727853,0.0006022782414727853,1.0,0.35,0.55,0.95,29.30730427175973,0.14006282952053878,tdse_dipole_acceleration,odd_harmonic_window_yield_grid,raw_fft_harmonic_order_grid,11,0.00010221851426811915,0.25554717819727235,hhg_intensity_prediction,quantum_light_hhg_tdse_dipole_acceleration,odd_harmonic_peak_minus_local_background
coherent,111.0,0.034737441402639194,0.0348642253429048,0.0001267839402656074,0.00042365183661960566,0.00042365183661960566,1.0,0.35,0.55,0.95,29.30730427175973,0.14006282952053878,tdse_dipole_acceleration,odd_harmonic_window_yield_grid,raw_fft_harmonic_order_grid,11,0.00010221851426811915,0.25554717819727235,hhg_intensity_prediction,quantum_light_hhg_tdse_dipole_acceleration,odd_harmonic_peak_minus_local_background
coherent,113.0,0.049764237527659544,0.0498971476476766,0.0001329101200170586,0.000606916047218305,0.000606916047218305,1.0,0.35,0.55,0.95,29.30730427175973,0.14006282952053878,tdse_dipole_acceleration,odd_harmonic_window_yield_grid,raw_fft_harmonic_order_grid,11,0.00010221851426811915,0.25554717819727235,hhg_intensity_prediction,quantum_light_hhg_tdse_dipole_acceleration,odd_harmonic_peak_minus_local_background
coherent,115.0,0.081456483839913,0.08152951296205499,7.302912214199694e-05,0.0009934292103831377,0.0009934292103831377,1.0,0.35,0.55,0.95,29.30730427175973,0.14006282952053878,tdse_dipole_acceleration,odd_harmonic_window_yield_grid,raw_fft_harmonic_order_grid,11,0.00010221851426811915,0.25554717819727235,hhg_intensity_prediction,quantum_light_hhg_tdse_dipole_acceleration,odd_harmonic_peak_minus_local_background
coherent,117.0,0.01819912442508669,0.018286635839967365,8.751141488067606e-05,0.00022195337872440204,0.00022195337872440204,1.0,0.35,0.55,0.95,29.30730427175973,0.14006282952053878,tdse_dipole_acceleration,odd_harmonic_window_yield_grid,raw_fft_harmonic_order_grid,11,0.00010221851426811915,0.25554717819727235,hhg_intensity_prediction,quantum_light_hhg_tdse_dipole_acceleration,odd_harmonic_peak_minus_local_background
coherent,119.0,0.04719933975257251,0.04727683054082107,7.749078824855874e-05,0.0005756349968795023,0.0005756349968795023,1.0,0.35,0.55,0.95,29.30730427175973,0.14006282952053878,tdse_dipole_acceleration,odd_harmonic_window_yield_grid,raw_fft_harmonic_order_grid,11,0.00010221851426811915,0.25554717819727235,hhg_intensity_prediction,quantum_light_hhg_tdse_dipole_acceleration,odd_harmonic_peak_minus_local_background
coherent,121.0,0.033544255454154855,0.03363702112514216,9.276567098730548e-05,0.0004090999468403633,0.0004090999468403633,1.0,0.35,0.55,0.95,29.30730427175973,0.14006282952053878,tdse_dipole_acceleration,odd_harmonic_window_yield_grid,raw_fft_harmonic_order_grid,11,0.00010221851426811915,0.25554717819727235,hhg_intensity_prediction,quantum_light_hhg_tdse_dipole_acceleration,odd_harmonic_peak_minus_local_background
coherent,123.0,0.026039436447990574,0.026129536096739406,9.00996487488315e-05,0.00031757247023071115,0.00031757247023071115,1.0,0.35,0.55,0.95,29.30730427175973,0.14006282952053878,tdse_dipole_acceleration,odd_harmonic_window_yield_grid,raw_fft_harmonic_order_grid,11,0.00010221851426811915,0.25554717819727235,hhg_intensity_prediction,quantum_light_hhg_tdse_dipole_acceleration,odd_harmonic_peak_minus_local_background
coherent,125.0,0.0357615265881091,0.03585159711823691,9.007053012781251e-05,0.0004361414026947367,0.0004361414026947367,1.0,0.35,0.55,0.95,29.30730427175973,0.14006282952053878,tdse_dipole_acceleration,odd_harmonic_window_yield_grid,raw_fft_harmonic_order_grid,11,0.00010221851426811915,0.25554717819727235,hhg_intensity_prediction,quantum_light_hhg_tdse_dipole_acceleration,odd_harmonic_peak_minus_local_background
coherent,127.0,0.04733473292663745,0.04739845340024174,6.3720473604293e-05,0.0005772862286496698,0.0005772862286496698,1.0,0.35,0.55,0.95,29.30730427175973,0.14006282952053878,tdse_dipole_acceleration,odd_harmonic_window_yield_grid,raw_fft_harmonic_order_grid,11,0.00010221851426811915,0.25554717819727235,hhg_intensity_prediction,quantum_light_hhg_tdse_dipole_acceleration,odd_harmonic_peak_minus_local_background
coherent,129.0,0.011287830199515453,0.011342391326628745,5.45611271132927e-05,0.0001376644278444655,0.0001376644278444655,1.0,0.35,0.55,0.95,29.30730427175973,0.14006282952053878,tdse_dipole_acceleration,odd_harmonic_window_yield_grid,raw_fft_harmonic_order_grid,11,0.00010221851426811915,0.25554717819727235,hhg_intensity_prediction,quantum_light_hhg_tdse_dipole_acceleration,odd_harmonic_peak_minus_local_background
coherent,131.0,0.009629819465976481,0.009697481065737335,6.766159976085307e-05,0.00011744361525619474,0.00011744361525619474,1.0,0.35,0.55,0.95,29.30730427175973,0.14006282952053878,tdse_dipole_acceleration,odd_harmonic_window_yield_grid,raw_fft_harmonic_order_grid,11,0.00010221851426811915,0.25554717819727235,hhg_intensity_prediction,quantum_light_hhg_tdse_dipole_acceleration,odd_harmonic_peak_minus_local_background
coherent,133.0,0.018159055913780243,0.018226847006523404,6.779109274315998e-05,0.00022146471007984556,0.00022146471007984556,1.0,0.35,0.55,0.95,29.30730427175973,0.14006282952053878,tdse_dipole_acceleration,odd_harmonic_window_yield_grid,raw_fft_harmonic_order_grid,11,0.00010221851426811915,0.25554717819727235,hhg_intensity_prediction,quantum_light_hhg_tdse_dipole_acceleration,odd_harmonic_peak_minus_local_background
coherent,135.0,0.00829504198776225,0.008372011103280362,7.696911551811263e-05,0.00010116489963147452,0.00010116489963147452,1.0,0.35,0.55,0.95,29.30730427175973,0.14006282952053878,tdse_dipole_acceleration,odd_harmonic_window_yield_grid,raw_fft_harmonic_order_grid,11,0.00010221851426811915,0.25554717819727235,hhg_intensity_prediction,quantum_light_hhg_tdse_dipole_acceleration,odd_harmonic_peak_minus_local_background
coherent,137.0,0.01099871232686921,0.011049745753205565,5.1033426336355146e-05,0.00013413839619675675,0.00013413839619675675,1.0,0.35,0.55,0.95,29.30730427175973,0.14006282952053878,tdse_dipole_acceleration,odd_harmonic_window_yield_grid,raw_fft_harmonic_order_grid,11,0.00010221851426811915,0.25554717819727235,hhg_intensity_prediction,quantum_light_hhg_tdse_dipole_acceleration,odd_harmonic_peak_minus_local_background
coherent,139.0,0.005723600523245459,0.005789520548927138,6.592002568167939e-05,6.980404358640094e-05,6.980404358640094e-05,1.0,0.35,0.55,0.95,29.30730427175973,0.14006282952053878,tdse_dipole_acceleration,odd_harmonic_window_yield_grid,raw_fft_harmonic_order_grid,11,0.00010221851426811915,0.25554717819727235,hhg_intensity_prediction,quantum_light_hhg_tdse_dipole_acceleration,odd_harmonic_peak_minus_local_background
coherent,141.0,0.01342626759107506,0.013482930205695316,5.6662614620254655e-05,0.0001637444409902073,0.0001637444409902073,1.0,0.35,0.55,0.95,29.30730427175973,0.14006282952053878,tdse_dipole_acceleration,odd_harmonic_window_yield_grid,raw_fft_harmonic_order_grid,11,0.00010221851426811915,0.25554717819727235,hhg_intensity_prediction,quantum_light_hhg_tdse_dipole_acceleration,odd_harmonic_peak_minus_local_background
coherent,143.0,0.0061116648767627485,0.006175493557278267,6.382868051551824e-05,7.453680942797811e-05,7.453680942797811e-05,1.0,0.35,0.55,0.95,29.30730427175973,0.14006282952053878,tdse_dipole_acceleration,odd_harmonic_window_yield_grid,raw_fft_harmonic_order_grid,11,0.00010221851426811915,0.25554717819727235,hhg_intensity_prediction,quantum_light_hhg_tdse_dipole_acceleration,odd_harmonic_peak_minus_local_background
coherent,145.0,0.011408616519988455,0.011470715946950144,6.209942696168982e-05,0.00013913751695064888,0.00013913751695064888,1.0,0.35,0.55,0.95,29.30730427175973,0.14006282952053878,tdse_dipole_acceleration,odd_harmonic_window_yield_grid,raw_fft_harmonic_order_grid,11,0.00010221851426811915,0.25554717819727235,hhg_intensity_prediction,quantum_light_hhg_tdse_dipole_acceleration,odd_harmonic_peak_minus_local_background
coherent,147.0,0.022027742094343154,0.0220701219790778,4.237988473464436e-05,0.00026864653866368136,0.00026864653866368136,1.0,0.35,0.55,0.95,29.30730427175973,0.14006282952053878,tdse_dipole_acceleration,odd_harmonic_window_yield_grid,raw_fft_harmonic_order_grid,11,0.00010221851426811915,0.25554717819727235,hhg_intensity_prediction,quantum_light_hhg_tdse_dipole_acceleration,odd_harmonic_peak_minus_local_background
coherent,149.0,0.01196220330651525,0.012016688050009052,5.448474349380111e-05,0.00014588896580153068,0.00014588896580153068,1.0,0.35,0.55,0.95,29.30730427175973,0.14006282952053878,tdse_dipole_acceleration,odd_harmonic_window_yield_grid,raw_fft_harmonic_order_grid,11,0.00010221851426811915,0.25554717819727235,hhg_intensity_prediction,quantum_light_hhg_tdse_dipole_acceleration,odd_harmonic_peak_minus_local_background
coherent,151.0,0.007185797075330941,0.007230512391196978,4.471531586603742e-05,8.763674023235498e-05,8.763674023235498e-05,1.0,0.35,0.55,0.95,29.30730427175973,0.14006282952053878,tdse_dipole_acceleration,odd_harmonic_window_yield_grid,raw_fft_harmonic_order_grid,11,0.00010221851426811915,0.25554717819727235,hhg_intensity_prediction,quantum_light_hhg_tdse_dipole_acceleration,odd_harmonic_peak_minus_local_background
fock,5.0,0.29068775258941015,0.29100701108663096,0.0003192584972208061,0.003545177632396747,3.545177632396747,1000.0,0.35,0.55,0.95,29.307304271759737,0.09949880955604297,tdse_dipole_acceleration,odd_harmonic_window_yield_grid,raw_fft_harmonic_order_grid,11,0.00010221851426811915,0.25554717819727235,hhg_intensity_prediction,quantum_light_hhg_tdse_dipole_acceleration,odd_harmonic_peak_minus_local_background
fock,7.0,3.843638560623514,3.850163594870054,0.0065250342465398015,0.046876352136469485,46.876352136469485,1000.0,0.35,0.55,0.95,29.307304271759737,0.09949880955604297,tdse_dipole_acceleration,odd_harmonic_window_yield_grid,raw_fft_harmonic_order_grid,11,0.00010221851426811915,0.25554717819727235,hhg_intensity_prediction,quantum_light_hhg_tdse_dipole_acceleration,odd_harmonic_peak_minus_local_background
fock,9.0,22.47462464463518,22.49911529987391,0.024490655238728946,0.27409664107594733,274.09664107594733,1000.0,0.35,0.55,0.95,29.307304271759737,0.09949880955604297,tdse_dipole_acceleration,odd_harmonic_window_yield_grid,raw_fft_harmonic_order_grid,11,0.00010221851426811915,0.25554717819727235,hhg_intensity_prediction,quantum_light_hhg_tdse_dipole_acceleration,odd_harmonic_peak_minus_local_background
fock,11.0,6.018472767670034,6.030902548626505,0.012429780956470677,0.07340025455860931,73.4002545586093,1000.0,0.35,0.55,0.95,29.307304271759737,0.09949880955604297,tdse_dipole_acceleration,odd_harmonic_window_yield_grid,raw_fft_harmonic_order_grid,11,0.00010221851426811915,0.25554717819727235,hhg_intensity_prediction,quantum_light_hhg_tdse_dipole_acceleration,odd_harmonic_peak_minus_local_background
fock,13.0,2.455253931362246,2.4595546073526635,0.0043006759904174845,0.02994385295487235,29.94385295487235,1000.0,0.35,0.55,0.95,29.307304271759737,0.09949880955604297,tdse_dipole_acceleration,odd_harmonic_window_yield_grid,raw_fft_harmonic_order_grid,11,0.00010221851426811915,0.25554717819727235,hhg_intensity_prediction,quantum_light_hhg_tdse_dipole_acceleration,odd_harmonic_peak_minus_local_background
fock,15.0,1.9421251913413944,1.9455682545434045,0.0034430632020100603,0.023685823452572224,23.685823452572226,1000.0,0.35,0.55,0.95,29.307304271759737,0.09949880955604297,tdse_dipole_acceleration,odd_harmonic_window_yield_grid,raw_fft_harmonic_order_grid,11,0.00010221851426811915,0.25554717819727235,hhg_intensity_prediction,quantum_light_hhg_tdse_dipole_acceleration,odd_harmonic_peak_minus_local_background
fock,17.0,7.146314719055276,7.151271465634605,0.004956746579329317,0.08715522023333214,87.15522023333213,1000.0,0.35,0.55,0.95,29.307304271759737,0.09949880955604297,tdse_dipole_acceleration,odd_harmonic_window_yield_grid,raw_fft_harmonic_order_grid,11,0.00010221851426811915,0.25554717819727235,hhg_intensity_prediction,quantum_light_hhg_tdse_dipole_acceleration,odd_harmonic_peak_minus_local_background
fock,19.0,5.556057653545578,5.560912072277732,0.0048544187321543026,0.06776071968012495,67.76071968012495,1000.0,0.35,0.55,0.95,29.307304271759737,0.09949880955604297,tdse_dipole_acceleration,odd_harmonic_window_yield_grid,raw_fft_harmonic_order_grid,11,0.00010221851426811915,0.25554717819727235,hhg_intensity_prediction,quantum_light_hhg_tdse_dipole_acceleration,odd_harmonic_peak_minus_local_background
fock,21.0,5.783267023685865,5.788592857650839,0.005325833964973711,0.07053172592210462,70.53172592210461,1000.0,0.35,0.55,0.95,29.307304271759737,0.09949880955604297,tdse_dipole_acceleration,odd_harmonic_window_yield_grid,raw_fft_harmonic_order_grid,11,0.00010221851426811915,0.25554717819727235,hhg_intensity_prediction,quantum_light_hhg_tdse_dipole_acceleration,odd_harmonic_peak_minus_local_background
fock,23.0,2.797010253233183,2.800556084570195,0.0035458313370118847,0.03411185403931559,34.11185403931559,1000.0,0.35,0.55,0.95,29.307304271759737,0.09949880955604297,tdse_dipole_acceleration,odd_harmonic_window_yield_grid,raw_fft_harmonic_order_grid,11,0.00010221851426811915,0.25554717819727235,hhg_intensity_prediction,quantum_light_hhg_tdse_dipole_acceleration,odd_harmonic_peak_minus_local_background
fock,25.0,3.46740717587895,3.472075396777904,0.004668220898953888,0.042287899138636946,42.287899138636945,1000.0,0.35,0.55,0.95,29.307304271759737,0.09949880955604297,tdse_dipole_acceleration,odd_harmonic_window_yield_grid,raw_fft_harmonic_order_grid,11,0.00010221851426811915,0.25554717819727235,hhg_intensity_prediction,quantum_light_hhg_tdse_dipole_acceleration,odd_harmonic_peak_minus_local_background
fock,27.0,5.682369854518355,5.684679230962607,0.0023093764442519557,0.0693012014706323,69.30120147063231,1000.0,0.35,0.55,0.95,29.307304271759737,0.09949880955604297,tdse_dipole_acceleration,odd_harmonic_window_yield_grid,raw_fft_harmonic_order_grid,11,0.00010221851426811915,0.25554717819727235,hhg_intensity_prediction,quantum_light_hhg_tdse_dipole_acceleration,odd_harmonic_peak_minus_local_background
fock,29.0,3.4498460446894885,3.4520640963279963,0.0022180516385078685,0.04207372661524068,42.07372661524067,1000.0,0.35,0.55,0.95,29.307304271759737,0.09949880955604297,tdse_dipole_acceleration,odd_harmonic_window_yield_grid,raw_fft_harmonic_order_grid,11,0.00010221851426811915,0.25554717819727235,hhg_intensity_prediction,quantum_light_hhg_tdse_dipole_acceleration,odd_harmonic_peak_minus_local_background
fock,31.0,3.084619197870673,3.086447042300063,0.0018278444293900755,0.037619483061602815,37.619483061602814,1000.0,0.35,0.55,0.95,29.307304271759737,0.09949880955604297,tdse_dipole_acceleration,odd_harmonic_window_yield_grid,raw_fft_harmonic_order_grid,11,0.00010221851426811915,0.25554717819727235,hhg_intensity_prediction,quantum_light_hhg_tdse_dipole_acceleration,odd_harmonic_peak_minus_local_background
fock,33.0,3.2128111641720363,3.2147126030386532,0.001901438866617,0.03918289014544535,39.18289014544535,1000.0,0.35,0.55,0.95,29.307304271759737,0.09949880955604297,tdse_dipole_acceleration,odd_harmonic_window_yield_grid,raw_fft_harmonic_order_grid,11,0.00010221851426811915,0.25554717819727235,hhg_intensity_prediction,quantum_light_hhg_tdse_dipole_acceleration,odd_harmonic_peak_minus_local_background
fock,35.0,1.3412944088438865,1.3427486628975138,0.0014542540536274103,0.016358194985286057,16.358194985286058,1000.0,0.35,0.55,0.95,29.307304271759737,0.09949880955604297,tdse_dipole_acceleration,odd_harmonic_window_yield_grid,raw_fft_harmonic_order_grid,11,0.00010221851426811915,0.25554717819727235,hhg_intensity_prediction,quantum_light_hhg_tdse_dipole_acceleration,odd_harmonic_peak_minus_local_background
fock,37.0,0.26867295371416244,0.2695408527010284,0.0008678989868659509,0.0032766889469980198,3.2766889469980196,1000.0,0.35,0.55,0.95,29.307304271759737,0.09949880955604297,tdse_dipole_acceleration,odd_harmonic_window_yield_grid,raw_fft_harmonic_order_grid,11,0.00010221851426811915,0.25554717819727235,hhg_intensity_prediction,quantum_light_hhg_tdse_dipole_acceleration,odd_harmonic_peak_minus_local_background
fock,39.0,0.32625283560000207,0.32689584499553415,0.0006430093955320781,0.0039789232431434625,3.9789232431434627,1000.0,0.35,0.55,0.95,29.307304271759737,0.09949880955604297,tdse_dipole_acceleration,odd_harmonic_window_yield_grid,raw_fft_harmonic_order_grid,11,0.00010221851426811915,0.25554717819727235,hhg_intensity_prediction,quantum_light_hhg_tdse_dipole_acceleration,odd_harmonic_peak_minus_local_background
fock,41.0,0.24959165126671032,0.2504480114199912,0.0008563601532808644,0.0030439766774540944,3.0439766774540944,1000.0,0.35,0.55,0.95,29.307304271759737,0.09949880955604297,tdse_dipole_acceleration,odd_harmonic_window_yield_grid,raw_fft_harmonic_order_grid,11,0.00010221851426811915,0.25554717819727235,hhg_intensity_prediction,quantum_light_hhg_tdse_dipole_acceleration,odd_harmonic_peak_minus_local_background
fock,43.0,0.17303410976109615,0.17362128791856413,0.0005871781574679697,0.002110294121793246,2.110294121793246,1000.0,0.35,0.55,0.95,29.307304271759737,0.09949880955604297,tdse_dipole_acceleration,odd_harmonic_window_yield_grid,raw_fft_harmonic_order_grid,11,0.00010221851426811915,0.25554717819727235,hhg_intensity_prediction,quantum_light_hhg_tdse_dipole_acceleration,odd_harmonic_peak_minus_local_background
fock,45.0,0.3583271659435617,0.35925227837392204,0.0009251124303603414,0.004370096237172914,4.3700962371729135,1000.0,0.35,0.55,0.95,29.307304271759737,0.09949880955604297,tdse_dipole_acceleration,odd_harmonic_window_yield_grid,raw_fft_harmonic_order_grid,11,0.00010221851426811915,0.25554717819727235,hhg_intensity_prediction,quantum_light_hhg_tdse_dipole_acceleration,odd_harmonic_peak_minus_local_background
fock,47.0,0.3315695439986083,0.33231926716691446,0.0007497231683061977,0.004043764900643006,4.043764900643007,1000.0,0.35,0.55,0.95,29.307304271759737,0.09949880955604297,tdse_dipole_acceleration,odd_harmonic_window_yield_grid,raw_fft_harmonic_order_grid,11,0.00010221851426811915,0.25554717819727235,hhg_intensity_prediction,quantum_light_hhg_tdse_dipole_acceleration,odd_harmonic_peak_minus_local_background
fock,49.0,0.24564703837927304,0.24608331505387093,0.00043627667459790194,0.002995868859864823,2.995868859864823,1000.0,0.35,0.55,0.95,29.307304271759737,0.09949880955604297,tdse_dipole_acceleration,odd_harmonic_window_yield_grid,raw_fft_harmonic_order_grid,11,0.00010221851426811915,0.25554717819727235,hhg_intensity_prediction,quantum_light_hhg_tdse_dipole_acceleration,odd_harmonic_peak_minus_local_background
fock,51.0,0.222655806905271,0.22319291438622724,0.0005371074809562412,0.002715471771109535,2.715471771109535,1000.0,0.35,0.55,0.95,29.307304271759737,0.09949880955604297,tdse_dipole_acceleration,odd_harmonic_window_yield_grid,raw_fft_harmonic_order_grid,11,0.00010221851426811915,0.25554717819727235,hhg_intensity_prediction,quantum_light_hhg_tdse_dipole_acceleration,odd_harmonic_peak_minus_local_background
fock,53.0,0.20035529869682447,0.20072370651883303,0.0003684078220085568,0.0024434986240215867,2.443498624021587,1000.0,0.35,0.55,0.95,29.307304271759737,0.09949880955604297,tdse_dipole_acceleration,odd_harmonic_window_yield_grid,raw_fft_harmonic_order_grid,11,0.00010221851426811915,0.25554717819727235,hhg_intensity_prediction,quantum_light_hhg_tdse_dipole_acceleration,odd_harmonic_peak_minus_local_background
fock,55.0,0.33766902003897087,0.3379523809925983,0.0002833609536274283,0.00411815305712711,4.11815305712711,1000.0,0.35,0.55,0.95,29.307304271759737,0.09949880955604297,tdse_dipole_acceleration,odd_harmonic_window_yield_grid,raw_fft_harmonic_order_grid,11,0.00010221851426811915,0.25554717819727235,hhg_intensity_prediction,quantum_light_hhg_tdse_dipole_acceleration,odd_harmonic_peak_minus_local_background
fock,57.0,0.13523212519763217,0.1356551820446961,0.0004230568470639185,0.0016492676459929656,1.6492676459929656,1000.0,0.35,0.55,0.95,29.307304271759737,0.09949880955604297,tdse_dipole_acceleration,odd_harmonic_window_yield_grid,raw_fft_harmonic_order_grid,11,0.00010221851426811915,0.25554717819727235,hhg_intensity_prediction,quantum_light_hhg_tdse_dipole_acceleration,odd_harmonic_peak_minus_local_background
fock,59.0,0.11619209992635635,0.11656104596141983,0.0003689460350634903,0.0014170587857616284,1.4170587857616284,1000.0,0.35,0.55,0.95,29.307304271759737,0.09949880955604297,tdse_dipole_acceleration,odd_harmonic_window_yield_grid,raw_fft_harmonic_order_grid,11,0.00010221851426811915,0.25554717819727235,hhg_intensity_prediction,quantum_light_hhg_tdse_dipole_acceleration,odd_harmonic_peak_minus_local_background
fock,61.0,0.06600758287722154,0.06629214085073357,0.0002845579735120278,0.0008050170820764923,0.8050170820764923,1000.0,0.35,0.55,0.95,29.307304271759737,0.09949880955604297,tdse_dipole_acceleration,odd_harmonic_window_yield_grid,raw_fft_harmonic_order_grid,11,0.00010221851426811915,0.25554717819727235,hhg_intensity_prediction,quantum_light_hhg_tdse_dipole_acceleration,odd_harmonic_peak_minus_local_background
fock,63.0,0.21425803714081434,0.2145570009208114,0.0002989637799970602,0.0026130540212533134,2.6130540212533133,1000.0,0.35,0.55,0.95,29.307304271759737,0.09949880955604297,tdse_dipole_acceleration,odd_harmonic_window_yield_grid,raw_fft_harmonic_order_grid,11,0.00010221851426811915,0.25554717819727235,hhg_intensity_prediction,quantum_light_hhg_tdse_dipole_acceleration,odd_harmonic_peak_minus_local_background
fock,65.0,0.2794733480724148,0.2798447726416068,0.0003714245691919895,0.003408408691496588,3.408408691496588,1000.0,0.35,0.55,0.95,29.307304271759737,0.09949880955604297,tdse_dipole_acceleration,odd_harmonic_window_yield_grid,raw_fft_harmonic_order_grid,11,0.00010221851426811915,0.25554717819727235,hhg_intensity_prediction,quantum_light_hhg_tdse_dipole_acceleration,odd_harmonic_peak_minus_local_background
fock,67.0,0.07098271387391489,0.0712454723284323,0.0002627584545174097,0.0008656929205685044,0.8656929205685044,1000.0,0.35,0.55,0.95,29.307304271759737,0.09949880955604297,tdse_dipole_acceleration,odd_harmonic_window_yield_grid,raw_fft_harmonic_order_grid,11,0.00010221851426811915,0.25554717819727235,hhg_intensity_prediction,quantum_light_hhg_tdse_dipole_acceleration,odd_harmonic_peak_minus_local_background
fock,69.0,0.07133449329896113,0.0717224913228248,0.000387998023863658,0.0008699831616884076,0.8699831616884076,1000.0,0.35,0.55,0.95,29.307304271759737,0.09949880955604297,tdse_dipole_acceleration,odd_harmonic_window_yield_grid,raw_fft_harmonic_order_grid,11,0.00010221851426811915,0.25554717819727235,hhg_intensity_prediction,quantum_light_hhg_tdse_dipole_acceleration,odd_harmonic_peak_minus_local_background
fock,71.0,0.04813139077276821,0.04836287037468569,0.000231479601917484,0.0005870021301681125,0.5870021301681125,1000.0,0.35,0.55,0.95,29.307304271759737,0.09949880955604297,tdse_dipole_acceleration,odd_harmonic_window_yield_grid,raw_fft_harmonic_order_grid,11,0.00010221851426811915,0.25554717819727235,hhg_intensity_prediction,quantum_light_hhg_tdse_dipole_acceleration,odd_harmonic_peak_minus_local_background
fock,73.0,0.07443752511132543,0.07467132223994075,0.00023379712861532705,0.0009078272018167434,0.9078272018167434,1000.0,0.35,0.55,0.95,29.307304271759737,0.09949880955604297,tdse_dipole_acceleration,odd_harmonic_window_yield_grid,raw_fft_harmonic_order_grid,11,0.00010221851426811915,0.25554717819727235,hhg_intensity_prediction,quantum_light_hhg_tdse_dipole_acceleration,odd_harmonic_peak_minus_local_background
fock,75.0,0.06798524030366578,0.06823250368023867,0.00024726337657289863,0.0008291362505324008,0.8291362505324008,1000.0,0.35,0.55,0.95,29.307304271759737,0.09949880955604297,tdse_dipole_acceleration,odd_harmonic_window_yield_grid,raw_fft_harmonic_order_grid,11,0.00010221851426811915,0.25554717819727235,hhg_intensity_prediction,quantum_light_hhg_tdse_dipole_acceleration,odd_harmonic_peak_minus_local_background
fock,77.0,0.03287776143324582,0.033119363235790636,0.00024160180254481398,0.00040097150085664025,0.40097150085664024,1000.0,0.35,0.55,0.95,29.307304271759737,0.09949880955604297,tdse_dipole_acceleration,odd_harmonic_window_yield_grid,raw_fft_harmonic_order_grid,11,0.00010221851426811915,0.25554717819727235,hhg_intensity_prediction,quantum_light_hhg_tdse_dipole_acceleration,odd_harmonic_peak_minus_local_background
fock,79.0,0.06786493208497783,0.06808370658146684,0.0002187744964890018,0.0008276689922730258,0.8276689922730258,1000.0,0.35,0.55,0.95,29.307304271759737,0.09949880955604297,tdse_dipole_acceleration,odd_harmonic_window_yield_grid,raw_fft_harmonic_order_grid,11,0.00010221851426811915,0.25554717819727235,hhg_intensity_prediction,quantum_light_hhg_tdse_dipole_acceleration,odd_harmonic_peak_minus_local_background
fock,81.0,0.06191939927076848,0.06205448448196773,0.00013508521119925336,0.000755158300790994,0.755158300790994,1000.0,0.35,0.55,0.95,29.307304271759737,0.09949880955604297,tdse_dipole_acceleration,odd_harmonic_window_yield_grid,raw_fft_harmonic_order_grid,11,0.00010221851426811915,0.25554717819727235,hhg_intensity_prediction,quantum_light_hhg_tdse_dipole_acceleration,odd_harmonic_peak_minus_local_background
fock,83.0,0.09764220808978286,0.09785685184133883,0.00021464375155597564,0.0011908275082599317,1.1908275082599318,1000.0,0.35,0.55,0.95,29.307304271759737,0.09949880955604297,tdse_dipole_acceleration,odd_harmonic_window_yield_grid,raw_fft_harmonic_order_grid,11,0.00010221851426811915,0.25554717819727235,hhg_intensity_prediction,quantum_light_hhg_tdse_dipole_acceleration,odd_harmonic_peak_minus_local_background
fock,85.0,0.07983140036239808,0.08007177783341558,0.00024037747101750238,0.000973609972923206,0.9736099729232061,1000.0,0.35,0.55,0.95,29.307304271759737,0.09949880955604297,tdse_dipole_acceleration,odd_harmonic_window_yield_grid,raw_fft_harmonic_order_grid,11,0.00010221851426811915,0.25554717819727235,hhg_intensity_prediction,quantum_light_hhg_tdse_dipole_acceleration,odd_harmonic_peak_minus_local_background
fock,87.0,0.10814584330794907,0.10828539268508976,0.00013954937714067973,0.0013189280295326474,1.3189280295326473,1000.0,0.35,0.55,0.95,29.307304271759737,0.09949880955604297,tdse_dipole_acceleration,odd_harmonic_window_yield_grid,raw_fft_harmonic_order_grid,11,0.00010221851426811915,0.25554717819727235,hhg_intensity_prediction,quantum_light_hhg_tdse_dipole_acceleration,odd_harmonic_peak_minus_local_background
fock,89.0,0.0551083948151776,0.055259034747069544,0.00015063993189194983,0.0006720924666269336,0.6720924666269336,1000.0,0.35,0.55,0.95,29.307304271759737,0.09949880955604297,tdse_dipole_acceleration,odd_harmonic_window_yield_grid,raw_fft_harmonic_order_grid,11,0.00010221851426811915,0.25554717819727235,hhg_intensity_prediction,quantum_light_hhg_tdse_dipole_acceleration,odd_harmonic_peak_minus_local_background
fock,91.0,0.10507007459845566,0.10525602005820425,0.00018594545974859582,0.0012814164854989237,1.2814164854989236,1000.0,0.35,0.55,0.95,29.307304271759737,0.09949880955604297,tdse_dipole_acceleration,odd_harmonic_window_yield_grid,raw_fft_harmonic_order_grid,11,0.00010221851426811915,0.25554717819727235,hhg_intensity_prediction,quantum_light_hhg_tdse_dipole_acceleration,odd_harmonic_peak_minus_local_background
fock,93.0,0.07451144577985437,0.0746503254113665,0.00013887963151212933,0.0009087287255249363,0.9087287255249363,1000.0,0.35,0.55,0.95,29.307304271759737,0.09949880955604297,tdse_dipole_acceleration,odd_harmonic_window_yield_grid,raw_fft_harmonic_order_grid,11,0.00010221851426811915,0.25554717819727235,hhg_intensity_prediction,quantum_light_hhg_tdse_dipole_acceleration,odd_harmonic_peak_minus_local_background
fock,95.0,0.042996067859169186,0.04315338886036265,0.00015732100119346734,0.0005243726187206839,0.5243726187206839,1000.0,0.35,0.55,0.95,29.307304271759737,0.09949880955604297,tdse_dipole_acceleration,odd_harmonic_window_yield_grid,raw_fft_harmonic_order_grid,11,0.00010221851426811915,0.25554717819727235,hhg_intensity_prediction,quantum_light_hhg_tdse_dipole_acceleration,odd_harmonic_peak_minus_local_background
fock,97.0,0.07153396807112129,0.07169159783947025,0.0001576297683489573,0.0008724159215628441,0.8724159215628441,1000.0,0.35,0.55,0.95,29.307304271759737,0.09949880955604297,tdse_dipole_acceleration,odd_harmonic_window_yield_grid,raw_fft_harmonic_order_grid,11,0.00010221851426811915,0.25554717819727235,hhg_intensity_prediction,quantum_light_hhg_tdse_dipole_acceleration,odd_harmonic_peak_minus_local_background
fock,99.0,0.052080580973879256,0.0521956698493151,0.00011508887543584355,0.0006351657718845036,0.6351657718845036,1000.0,0.35,0.55,0.95,29.307304271759737,0.09949880955604297,tdse_dipole_acceleration,odd_harmonic_window_yield_grid,raw_fft_harmonic_order_grid,11,0.00010221851426811915,0.25554717819727235,hhg_intensity_prediction,quantum_light_hhg_tdse_dipole_acceleration,odd_harmonic_peak_minus_local_background
fock,101.0,0.12963857106275908,0.12977804748251923,0.00013947641976013732,0.0015810496257017495,1.5810496257017495,1000.0,0.35,0.55,0.95,29.307304271759737,0.09949880955604297,tdse_dipole_acceleration,odd_harmonic_window_yield_grid,raw_fft_harmonic_order_grid,11,0.00010221851426811915,0.25554717819727235,hhg_intensity_prediction,quantum_light_hhg_tdse_dipole_acceleration,odd_harmonic_peak_minus_local_background
fock,103.0,0.008345264355411304,0.008456722951421905,0.00011145859601060063,0.00010177740295453995,0.10177740295453995,1000.0,0.35,0.55,0.95,29.307304271759737,0.09949880955604297,tdse_dipole_acceleration,odd_harmonic_window_yield_grid,raw_fft_harmonic_order_grid,11,0.00010221851426811915,0.25554717819727235,hhg_intensity_prediction,quantum_light_hhg_tdse_dipole_acceleration,odd_harmonic_peak_minus_local_background
fock,105.0,0.0545668290769401,0.054682478254098284,0.00011564917715818808,0.0006654876244051015,0.6654876244051015,1000.0,0.35,0.55,0.95,29.307304271759737,0.09949880955604297,tdse_dipole_acceleration,odd_harmonic_window_yield_grid,raw_fft_harmonic_order_grid,11,0.00010221851426811915,0.25554717819727235,hhg_intensity_prediction,quantum_light_hhg_tdse_dipole_acceleration,odd_harmonic_peak_minus_local_background
fock,107.0,0.05398776176558227,0.05409591398441322,0.0001081522188309484,0.0006584254194735523,0.6584254194735523,1000.0,0.35,0.55,0.95,29.307304271759737,0.09949880955604297,tdse_dipole_acceleration,odd_harmonic_window_yield_grid,raw_fft_harmonic_order_grid,11,0.00010221851426811915,0.25554717819727235,hhg_intensity_prediction,quantum_light_hhg_tdse_dipole_acceleration,odd_harmonic_peak_minus_local_background
fock,109.0,0.04872367850238928,0.04882816416520745,0.00010448566281817123,0.0005942255690377973,0.5942255690377973,1000.0,0.35,0.55,0.95,29.307304271759737,0.09949880955604297,tdse_dipole_acceleration,odd_harmonic_window_yield_grid,raw_fft_harmonic_order_grid,11,0.00010221851426811915,0.25554717819727235,hhg_intensity_prediction,quantum_light_hhg_tdse_dipole_acceleration,odd_harmonic_peak_minus_local_background
fock,111.0,0.039114262706405764,0.03922068492601443,0.0001064222196086644,0.0004770307934173751,0.47703079341737514,1000.0,0.35,0.55,0.95,29.307304271759737,0.09949880955604297,tdse_dipole_acceleration,odd_harmonic_window_yield_grid,raw_fft_harmonic_order_grid,11,0.00010221851426811915,0.25554717819727235,hhg_intensity_prediction,quantum_light_hhg_tdse_dipole_acceleration,odd_harmonic_peak_minus_local_background
fock,113.0,0.04371319827630894,0.04380044748486995,8.724920856100976e-05,0.0005331186174485568,0.5331186174485567,1000.0,0.35,0.55,0.95,29.307304271759737,0.09949880955604297,tdse_dipole_acceleration,odd_harmonic_window_yield_grid,raw_fft_harmonic_order_grid,11,0.00010221851426811915,0.25554717819727235,hhg_intensity_prediction,quantum_light_hhg_tdse_dipole_acceleration,odd_harmonic_peak_minus_local_background
fock,115.0,0.07263677593727597,0.07269495647985781,5.8180542581850965e-05,0.0008858655758571721,0.8858655758571721,1000.0,0.35,0.55,0.95,29.307304271759737,0.09949880955604297,tdse_dipole_acceleration,odd_harmonic_window_yield_grid,raw_fft_harmonic_order_grid,11,0.00010221851426811915,0.25554717819727235,hhg_intensity_prediction,quantum_light_hhg_tdse_dipole_acceleration,odd_harmonic_peak_minus_local_background
fock,117.0,0.011139775063755604,0.011209340697593302,6.95656338376984e-05,0.00013585877297603123,0.13585877297603124,1000.0,0.35,0.55,0.95,29.307304271759737,0.09949880955604297,tdse_dipole_acceleration,odd_harmonic_window_yield_grid,raw_fft_harmonic_order_grid,11,0.00010221851426811915,0.25554717819727235,hhg_intensity_prediction,quantum_light_hhg_tdse_dipole_acceleration,odd_harmonic_peak_minus_local_background
fock,119.0,0.054900744346634694,0.05496222176275007,6.147741611537333e-05,0.0006695599973712549,0.6695599973712549,1000.0,0.35,0.55,0.95,29.307304271759737,0.09949880955604297,tdse_dipole_acceleration,odd_harmonic_window_yield_grid,raw_fft_harmonic_order_grid,11,0.00010221851426811915,0.25554717819727235,hhg_intensity_prediction,quantum_light_hhg_tdse_dipole_acceleration,odd_harmonic_peak_minus_local_background
fock,121.0,0.01882052432195025,0.01888718665619278,6.666233424253231e-05,0.00022953186455846464,0.22953186455846464,1000.0,0.35,0.55,0.95,29.307304271759737,0.09949880955604297,tdse_dipole_acceleration,odd_harmonic_window_yield_grid,raw_fft_harmonic_order_grid,11,0.00010221851426811915,0.25554717819727235,hhg_intensity_prediction,quantum_light_hhg_tdse_dipole_acceleration,odd_harmonic_peak_minus_local_background
fock,123.0,0.024096982050693015,0.02417450888662522,7.752683593220238e-05,0.0002938826318391474,0.29388263183914737,1000.0,0.35,0.55,0.95,29.307304271759737,0.09949880955604297,tdse_dipole_acceleration,odd_harmonic_window_yield_grid,raw_fft_harmonic_order_grid,11,0.00010221851426811915,0.25554717819727235,hhg_intensity_prediction,quantum_light_hhg_tdse_dipole_acceleration,odd_harmonic_peak_minus_local_background
fock,125.0,0.04362561904806079,0.04369704098189883,7.142193383804374e-05,0.0005320505163046932,0.5320505163046931,1000.0,0.35,0.55,0.95,29.307304271759737,0.09949880955604297,tdse_dipole_acceleration,odd_harmonic_window_yield_grid,raw_fft_harmonic_order_grid,11,0.00010221851426811915,0.25554717819727235,hhg_intensity_prediction,quantum_light_hhg_tdse_dipole_acceleration,odd_harmonic_peak_minus_local_background
fock,127.0,0.036224302080862435,0.03628217373663938,5.787165577694901e-05,0.00044178533268874595,0.4417853326887459,1000.0,0.35,0.55,0.95,29.307304271759737,0.09949880955604297,tdse_dipole_acceleration,odd_harmonic_window_yield_grid,raw_fft_harmonic_order_grid,11,0.00010221851426811915,0.25554717819727235,hhg_intensity_prediction,quantum_light_hhg_tdse_dipole_acceleration,odd_harmonic_peak_minus_local_background
fock,129.0,0.009717854040420396,0.009755772435727067,3.7918395306671205e-05,0.00011851726972362927,0.11851726972362928,1000.0,0.35,0.55,0.95,29.307304271759737,0.09949880955604297,tdse_dipole_acceleration,odd_harmonic_window_yield_grid,raw_fft_harmonic_order_grid,11,0.00010221851426811915,0.25554717819727235,hhg_intensity_prediction,quantum_light_hhg_tdse_dipole_acceleration,odd_harmonic_peak_minus_local_background
fock,131.0,0.008779731143996234,0.00882872298064773,4.899183665149717e-05,0.00010707608488107479,0.10707608488107478,1000.0,0.35,0.55,0.95,29.307304271759737,0.09949880955604297,tdse_dipole_acceleration,odd_harmonic_window_yield_grid,raw_fft_harmonic_order_grid,11,0.00010221851426811915,0.25554717819727235,hhg_intensity_prediction,quantum_light_hhg_tdse_dipole_acceleration,odd_harmonic_peak_minus_local_background
fock,133.0,0.020362418689865786,0.02041372765160783,5.1308961742042197e-05,0.0002483365420034539,0.24833654200345387,1000.0,0.35,0.55,0.95,29.307304271759737,0.09949880955604297,tdse_dipole_acceleration,odd_harmonic_window_yield_grid,raw_fft_harmonic_order_grid,11,0.00010221851426811915,0.25554717819727235,hhg_intensity_prediction,quantum_light_hhg_tdse_dipole_acceleration,odd_harmonic_peak_minus_local_background
fock,135.0,0.009103637444057802,0.009166818267088492,6.318082303069018e-05,0.00011102639018200921,0.11102639018200922,1000.0,0.35,0.55,0.95,29.307304271759737,0.09949880955604297,tdse_dipole_acceleration,odd_harmonic_window_yield_grid,raw_fft_harmonic_order_grid,11,0.00010221851426811915,0.25554717819727235,hhg_intensity_prediction,quantum_light_hhg_tdse_dipole_acceleration,odd_harmonic_peak_minus_local_background
fock,137.0,0.010253911873954096,0.010299070748073059,4.515887411896346e-05,0.0001250549384908409,0.1250549384908409,1000.0,0.35,0.55,0.95,29.307304271759737,0.09949880955604297,tdse_dipole_acceleration,odd_harmonic_window_yield_grid,raw_fft_harmonic_order_grid,11,0.00010221851426811915,0.25554717819727235,hhg_intensity_prediction,quantum_light_hhg_tdse_dipole_acceleration,odd_harmonic_peak_minus_local_background
fock,139.0,0.005325738050575585,0.005370361461209315,4.462341063373011e-05,6.495178157565296e-05,0.06495178157565296,1000.0,0.35,0.55,0.95,29.307304271759737,0.09949880955604297,tdse_dipole_acceleration,odd_harmonic_window_yield_grid,raw_fft_harmonic_order_grid,11,0.00010221851426811915,0.25554717819727235,hhg_intensity_prediction,quantum_light_hhg_tdse_dipole_acceleration,odd_harmonic_peak_minus_local_background
fock,141.0,0.010192650321437026,0.01023919511950526,4.654479806823385e-05,0.00012430780317545604,0.12430780317545603,1000.0,0.35,0.55,0.95,29.307304271759737,0.09949880955604297,tdse_dipole_acceleration,odd_harmonic_window_yield_grid,raw_fft_harmonic_order_grid,11,0.00010221851426811915,0.25554717819727235,hhg_intensity_prediction,quantum_light_hhg_tdse_dipole_acceleration,odd_harmonic_peak_minus_local_background
fock,143.0,0.008235875809790101,0.008291267105076725,5.5391295286622647e-05,0.00010044331914219421,0.10044331914219422,1000.0,0.35,0.55,0.95,29.307304271759737,0.09949880955604297,tdse_dipole_acceleration,odd_harmonic_window_yield_grid,raw_fft_harmonic_order_grid,11,0.00010221851426811915,0.25554717819727235,hhg_intensity_prediction,quantum_light_hhg_tdse_dipole_acceleration,odd_harmonic_peak_minus_local_background
fock,145.0,0.0075880542337220585,0.007651658229058382,6.36039953363234e-05,9.254259907125131e-05,0.09254259907125131,1000.0,0.35,0.55,0.95,29.307304271759737,0.09949880955604297,tdse_dipole_acceleration,odd_harmonic_window_yield_grid,raw_fft_harmonic_order_grid,11,0.00010221851426811915,0.25554717819727235,hhg_intensity_prediction,quantum_light_hhg_tdse_dipole_acceleration,odd_harmonic_peak_minus_local_background
fock,147.0,0.02774429787952219,0.027775785621559006,3.148774203681797e-05,0.0003383646658411634,0.3383646658411634,1000.0,0.35,0.55,0.95,29.307304271759737,0.09949880955604297,tdse_dipole_acceleration,odd_harmonic_window_yield_grid,raw_fft_harmonic_order_grid,11,0.00010221851426811915,0.25554717819727235,hhg_intensity_prediction,quantum_light_hhg_tdse_dipole_acceleration,odd_harmonic_peak_minus_local_background
fock,149.0,0.005323586559039628,0.005367590869907286,4.4004310867658696e-05,6.492554235641643e-05,0.06492554235641643,1000.0,0.35,0.55,0.95,29.307304271759737,0.09949880955604297,tdse_dipole_acceleration,odd_harmonic_window_yield_grid,raw_fft_harmonic_order_grid,11,0.00010221851426811915,0.25554717819727235,hhg_intensity_prediction,quantum_light_hhg_tdse_dipole_acceleration,odd_harmonic_peak_minus_local_background
fock,151.0,0.004046944306239855,0.004077150805902404,3.020649966254886e-05,4.935583390161576e-05,0.04935583390161576,1000.0,0.35,0.55,0.95,29.307304271759737,0.09949880955604297,tdse_dipole_acceleration,odd_harmonic_window_yield_grid,raw_fft_harmonic_order_grid,11,0.00010221851426811915,0.25554717819727235,hhg_intensity_prediction,quantum_light_hhg_tdse_dipole_acceleration,odd_harmonic_peak_minus_local_background
thermal,5.0,4.737742919361445,4.786027543744104,0.04828462438265918,0.05778069449486034,57780.69449486034,1000000.0,0.35,0.55,0.95,29.307304271759726,1.0032529856219892,tdse_dipole_acceleration,odd_harmonic_window_yield_grid,raw_fft_harmonic_order_grid,11,0.00010221851426811915,0.25554717819727235,hhg_intensity_prediction,quantum_light_hhg_tdse_dipole_acceleration,odd_harmonic_peak_minus_local_background
thermal,7.0,238.42257691408423,238.6491814475489,0.22660453346467269,2.907760575410624,2907760.575410624,1000000.0,0.35,0.55,0.95,29.307304271759726,1.0032529856219892,tdse_dipole_acceleration,odd_harmonic_window_yield_grid,raw_fft_harmonic_order_grid,11,0.00010221851426811915,0.25554717819727235,hhg_intensity_prediction,quantum_light_hhg_tdse_dipole_acceleration,odd_harmonic_peak_minus_local_background
thermal,9.0,221.57496741470575,222.0973069567081,0.5223395420023575,2.702290039330228,2702290.039330228,1000000.0,0.35,0.55,0.95,29.307304271759726,1.0032529856219892,tdse_dipole_acceleration,odd_harmonic_window_yield_grid,raw_fft_harmonic_order_grid,11,0.00010221851426811915,0.25554717819727235,hhg_intensity_prediction,quantum_light_hhg_tdse_dipole_acceleration,odd_harmonic_peak_minus_local_background
thermal,11.0,177.17860602261962,177.53786868840962,0.3592626657900111,2.160839682495483,2160839.682495483,1000000.0,0.35,0.55,0.95,29.307304271759726,1.0032529856219892,tdse_dipole_acceleration,odd_harmonic_window_yield_grid,raw_fft_harmonic_order_grid,11,0.00010221851426811915,0.25554717819727235,hhg_intensity_prediction,quantum_light_hhg_tdse_dipole_acceleration,odd_harmonic_peak_minus_local_background
thermal,13.0,82.82305779776323,83.16316805466984,0.3401102569066152,1.0100957103826393,1010095.7103826393,1000000.0,0.35,0.55,0.95,29.307304271759726,1.0032529856219892,tdse_dipole_acceleration,odd_harmonic_window_yield_grid,raw_fft_harmonic_order_grid,11,0.00010221851426811915,0.25554717819727235,hhg_intensity_prediction,quantum_light_hhg_tdse_dipole_acceleration,odd_harmonic_peak_minus_local_background
thermal,15.0,52.777242109718095,52.90719623274112,0.12995412302302287,0.6436621307924226,643662.1307924226,1000000.0,0.35,0.55,0.95,29.307304271759726,1.0032529856219892,tdse_dipole_acceleration,odd_harmonic_window_yield_grid,raw_fft_harmonic_order_grid,11,0.00010221851426811915,0.25554717819727235,hhg_intensity_prediction,quantum_light_hhg_tdse_dipole_acceleration,odd_harmonic_peak_minus_local_background
thermal,17.0,31.150601954965367,31.243170404694816,0.09256844972944969,0.37990736211863624,379907.36211863626,1000000.0,0.35,0.55,0.95,29.307304271759726,1.0032529856219892,tdse_dipole_acceleration,odd_harmonic_window_yield_grid,raw_fft_harmonic_order_grid,11,0.00010221851426811915,0.25554717819727235,hhg_intensity_prediction,quantum_light_hhg_tdse_dipole_acceleration,odd_harmonic_peak_minus_local_background
thermal,19.0,31.2393625635455,31.415707400192893,0.17634483664738998,0.3809898711730191,380989.87117301906,1000000.0,0.35,0.55,0.95,29.307304271759726,1.0032529856219892,tdse_dipole_acceleration,odd_harmonic_window_yield_grid,raw_fft_harmonic_order_grid,11,0.00010221851426811915,0.25554717819727235,hhg_intensity_prediction,quantum_light_hhg_tdse_dipole_acceleration,odd_harmonic_peak_minus_local_background
thermal,21.0,55.7232929410981,55.8978557950241,0.17456285392600063,0.6795916579853502,679591.6579853501,1000000.0,0.35,0.55,0.95,29.307304271759726,1.0032529856219892,tdse_dipole_acceleration,odd_harmonic_window_yield_grid,raw_fft_harmonic_order_grid,11,0.00010221851426811915,0.25554717819727235,hhg_intensity_prediction,quantum_light_hhg_tdse_dipole_acceleration,odd_harmonic_peak_minus_local_background
thermal,23.0,23.2759014471329,23.407204036685428,0.13130258955252996,0.2838688745886047,283868.8745886047,1000000.0,0.35,0.55,0.95,29.307304271759726,1.0032529856219892,tdse_dipole_acceleration,odd_harmonic_window_yield_grid,raw_fft_harmonic_order_grid,11,0.00010221851426811915,0.25554717819727235,hhg_intensity_prediction,quantum_light_hhg_tdse_dipole_acceleration,odd_harmonic_peak_minus_local_background
thermal,25.0,30.71369229898502,30.811554751554414,0.09786245256939362,0.37457888740319994,374578.8874032,1000000.0,0.35,0.55,0.95,29.307304271759726,1.0032529856219892,tdse_dipole_acceleration,odd_harmonic_window_yield_grid,raw_fft_harmonic_order_grid,11,0.00010221851426811915,0.25554717819727235,hhg_intensity_prediction,quantum_light_hhg_tdse_dipole_acceleration,odd_harmonic_peak_minus_local_background
thermal,27.0,15.229663296491493,15.331912082889392,0.10224878639789833,0.18573834358930708,185738.34358930707,1000000.0,0.35,0.55,0.95,29.307304271759726,1.0032529856219892,tdse_dipole_acceleration,odd_harmonic_window_yield_grid,raw_fft_harmonic_order_grid,11,0.00010221851426811915,0.25554717819727235,hhg_intensity_prediction,quantum_light_hhg_tdse_dipole_acceleration,odd_harmonic_peak_minus_local_background
thermal,29.0,26.21434789322481,26.28225550345547,0.06790761023065972,0.3197056600117421,319705.6600117421,1000000.0,0.35,0.55,0.95,29.307304271759726,1.0032529856219892,tdse_dipole_acceleration,odd_harmonic_window_yield_grid,raw_fft_harmonic_order_grid,11,0.00010221851426811915,0.25554717819727235,hhg_intensity_prediction,quantum_light_hhg_tdse_dipole_acceleration,odd_harmonic_peak_minus_local_background
thermal,31.0,11.996457916732254,12.08432965265986,0.08787173592760722,0.14630672911238926,146306.72911238926,1000000.0,0.35,0.55,0.95,29.307304271759726,1.0032529856219892,tdse_dipole_acceleration,odd_harmonic_window_yield_grid,raw_fft_harmonic_order_grid,11,0.00010221851426811915,0.25554717819727235,hhg_intensity_prediction,quantum_light_hhg_tdse_dipole_acceleration,odd_harmonic_peak_minus_local_background
thermal,33.0,57.13845915268063,57.203449408875194,0.06499025619456547,0.6968507807200891,696850.7807200891,1000000.0,0.35,0.55,0.95,29.307304271759726,1.0032529856219892,tdse_dipole_acceleration,odd_harmonic_window_yield_grid,raw_fft_harmonic_order_grid,11,0.00010221851426811915,0.25554717819727235,hhg_intensity_prediction,quantum_light_hhg_tdse_dipole_acceleration,odd_harmonic_peak_minus_local_background
thermal,35.0,9.298748306270712,9.374289765162457,0.07554145889174613,0.11340592856432236,113405.92856432236,1000000.0,0.35,0.55,0.95,29.307304271759726,1.0032529856219892,tdse_dipole_acceleration,odd_harmonic_window_yield_grid,raw_fft_harmonic_order_grid,11,0.00010221851426811915,0.25554717819727235,hhg_intensity_prediction,quantum_light_hhg_tdse_dipole_acceleration,odd_harmonic_peak_minus_local_background
thermal,37.0,16.895154849643134,16.955349635433794,0.06019478579066152,0.2060503909617288,206050.39096172882,1000000.0,0.35,0.55,0.95,29.307304271759726,1.0032529856219892,tdse_dipole_acceleration,odd_harmonic_window_yield_grid,raw_fft_harmonic_order_grid,11,0.00010221851426811915,0.25554717819727235,hhg_intensity_prediction,quantum_light_hhg_tdse_dipole_acceleration,odd_harmonic_peak_minus_local_background
thermal,39.0,16.774474853487852,16.836057498810348,0.06158264532249516,0.20457859856856345,204578.59856856344,1000000.0,0.35,0.55,0.95,29.307304271759726,1.0032529856219892,tdse_dipole_acceleration,odd_harmonic_window_yield_grid,raw_fft_harmonic_order_grid,11,0.00010221851426811915,0.25554717819727235,hhg_intensity_prediction,quantum_light_hhg_tdse_dipole_acceleration,odd_harmonic_peak_minus_local_background
thermal,41.0,21.84948812701069,21.907610955597878,0.05812282858718708,0.2664725840603526,266472.58406035264,1000000.0,0.35,0.55,0.95,29.307304271759726,1.0032529856219892,tdse_dipole_acceleration,odd_harmonic_window_yield_grid,raw_fft_harmonic_order_grid,11,0.00010221851426811915,0.25554717819727235,hhg_intensity_prediction,quantum_light_hhg_tdse_dipole_acceleration,odd_harmonic_peak_minus_local_background
thermal,43.0,24.127656320380524,24.178047354953904,0.05039103457338051,0.29425672993518875,294256.7299351888,1000000.0,0.35,0.55,0.95,29.307304271759726,1.0032529856219892,tdse_dipole_acceleration,odd_harmonic_window_yield_grid,raw_fft_harmonic_order_grid,11,0.00010221851426811915,0.25554717819727235,hhg_intensity_prediction,quantum_light_hhg_tdse_dipole_acceleration,odd_harmonic_peak_minus_local_background
thermal,45.0,11.08760704569217,11.15466178663678,0.06705474094460903,0.13522254083650184,135222.54083650184,1000000.0,0.35,0.55,0.95,29.307304271759726,1.0032529856219892,tdse_dipole_acceleration,odd_harmonic_window_yield_grid,raw_fft_harmonic_order_grid,11,0.00010221851426811915,0.25554717819727235,hhg_intensity_prediction,quantum_light_hhg_tdse_dipole_acceleration,odd_harmonic_peak_minus_local_background
thermal,47.0,21.601448517905535,21.634866183539547,0.03341766563401363,0.2634475358210824,263447.53582108236,1000000.0,0.35,0.55,0.95,29.307304271759726,1.0032529856219892,tdse_dipole_acceleration,odd_harmonic_window_yield_grid,raw_fft_harmonic_order_grid,11,0.00010221851426811915,0.25554717819727235,hhg_intensity_prediction,quantum_light_hhg_tdse_dipole_acceleration,odd_harmonic_peak_minus_local_background
thermal,49.0,4.438157478545073,4.474106871512844,0.03594939296777037,0.05412700219336842,54127.00219336842,1000000.0,0.35,0.55,0.95,29.307304271759726,1.0032529856219892,tdse_dipole_acceleration,odd_harmonic_window_yield_grid,raw_fft_harmonic_order_grid,11,0.00010221851426811915,0.25554717819727235,hhg_intensity_prediction,quantum_light_hhg_tdse_dipole_acceleration,odd_harmonic_peak_minus_local_background
thermal,51.0,16.280179100628732,16.31164101673402,0.031461916105285856,0.19855025292546358,198550.25292546357,1000000.0,0.35,0.55,0.95,29.307304271759726,1.0032529856219892,tdse_dipole_acceleration,odd_harmonic_window_yield_grid,raw_fft_harmonic_order_grid,11,0.00010221851426811915,0.25554717819727235,hhg_intensity_prediction,quantum_light_hhg_tdse_dipole_acceleration,odd_harmonic_peak_minus_local_background
thermal,53.0,9.202903643095832,9.229599550418351,0.026695907322519835,0.11223702360343078,112237.02360343079,1000000.0,0.35,0.55,0.95,29.307304271759726,1.0032529856219892,tdse_dipole_acceleration,odd_harmonic_window_yield_grid,raw_fft_harmonic_order_grid,11,0.00010221851426811915,0.25554717819727235,hhg_intensity_prediction,quantum_light_hhg_tdse_dipole_acceleration,odd_harmonic_peak_minus_local_background
thermal,55.0,3.2514899591996507,3.2986561407168704,0.04716618151721971,0.03965461005025207,39654.61005025207,1000000.0,0.35,0.55,0.95,29.307304271759726,1.0032529856219892,tdse_dipole_acceleration,odd_harmonic_window_yield_grid,raw_fft_harmonic_order_grid,11,0.00010221851426811915,0.25554717819727235,hhg_intensity_prediction,quantum_light_hhg_tdse_dipole_acceleration,odd_harmonic_peak_minus_local_background
thermal,57.0,15.342947815486507,15.373718940459717,0.030771124973210932,0.18711994202013332,187119.9420201333,1000000.0,0.35,0.55,0.95,29.307304271759726,1.0032529856219892,tdse_dipole_acceleration,odd_harmonic_window_yield_grid,raw_fft_harmonic_order_grid,11,0.00010221851426811915,0.25554717819727235,hhg_intensity_prediction,quantum_light_hhg_tdse_dipole_acceleration,odd_harmonic_peak_minus_local_background
thermal,59.0,16.322634791853606,16.35976681309884,0.037132021245235215,0.19906803520406877,199068.03520406876,1000000.0,0.35,0.55,0.95,29.307304271759726,1.0032529856219892,tdse_dipole_acceleration,odd_harmonic_window_yield_grid,raw_fft_harmonic_order_grid,11,0.00010221851426811915,0.25554717819727235,hhg_intensity_prediction,quantum_light_hhg_tdse_dipole_acceleration,odd_harmonic_peak_minus_local_background
thermal,61.0,4.494517664141117,4.525074651805881,0.03055698766476389,0.05481436128418999,54814.36128418999,1000000.0,0.35,0.55,0.95,29.307304271759726,1.0032529856219892,tdse_dipole_acceleration,odd_harmonic_window_yield_grid,raw_fft_harmonic_order_grid,11,0.00010221851426811915,0.25554717819727235,hhg_intensity_prediction,quantum_light_hhg_tdse_dipole_acceleration,odd_harmonic_peak_minus_local_background
thermal,63.0,13.638163934548192,13.65602118119922,0.01785724665102871,0.16632869220332488,166328.6922033249,1000000.0,0.35,0.55,0.95,29.307304271759726,1.0032529856219892,tdse_dipole_acceleration,odd_harmonic_window_yield_grid,raw_fft_harmonic_order_grid,11,0.00010221851426811915,0.25554717819727235,hhg_intensity_prediction,quantum_light_hhg_tdse_dipole_acceleration,odd_harmonic_peak_minus_local_background
thermal,65.0,7.33535977218547,7.360617903054078,0.025258130868608356,0.08946078105556278,89460.78105556278,1000000.0,0.35,0.55,0.95,29.307304271759726,1.0032529856219892,tdse_dipole_acceleration,odd_harmonic_window_yield_grid,raw_fft_harmonic_order_grid,11,0.00010221851426811915,0.25554717819727235,hhg_intensity_prediction,quantum_light_hhg_tdse_dipole_acceleration,odd_harmonic_peak_minus_local_background
thermal,67.0,7.179215055390766,7.206528717393343,0.027313662002577607,0.08755646705379813,87556.46705379813,1000000.0,0.35,0.55,0.95,29.307304271759726,1.0032529856219892,tdse_dipole_acceleration,odd_harmonic_window_yield_grid,raw_fft_harmonic_order_grid,11,0.00010221851426811915,0.25554717819727235,hhg_intensity_prediction,quantum_light_hhg_tdse_dipole_acceleration,odd_harmonic_peak_minus_local_background
thermal,69.0,2.5609183242563245,2.5764680689434822,0.015549744687157866,0.031232517643673262,31232.51764367326,1000000.0,0.35,0.55,0.95,29.307304271759726,1.0032529856219892,tdse_dipole_acceleration,odd_harmonic_window_yield_grid,raw_fft_harmonic_order_grid,11,0.00010221851426811915,0.25554717819727235,hhg_intensity_prediction,quantum_light_hhg_tdse_dipole_acceleration,odd_harmonic_peak_minus_local_background
thermal,71.0,6.1673583965124115,6.186922261545485,0.01956386503307334,0.07521603797726217,75216.03797726217,1000000.0,0.35,0.55,0.95,29.307304271759726,1.0032529856219892,tdse_dipole_acceleration,odd_harmonic_window_yield_grid,raw_fft_harmonic_order_grid,11,0.00010221851426811915,0.25554717819727235,hhg_intensity_prediction,quantum_light_hhg_tdse_dipole_acceleration,odd_harmonic_peak_minus_local_background
thermal,73.0,6.88840079347798,6.911441358711306,0.02304056523332613,0.0840097465355401,84009.7465355401,1000000.0,0.35,0.55,0.95,29.307304271759726,1.0032529856219892,tdse_dipole_acceleration,odd_harmonic_window_yield_grid,raw_fft_harmonic_order_grid,11,0.00010221851426811915,0.25554717819727235,hhg_intensity_prediction,quantum_light_hhg_tdse_dipole_acceleration,odd_harmonic_peak_minus_local_background
thermal,75.0,1.9639522603053439,1.9818330456533533,0.017880785348009416,0.023952022616391396,23952.022616391398,1000000.0,0.35,0.55,0.95,29.307304271759726,1.0032529856219892,tdse_dipole_acceleration,odd_harmonic_window_yield_grid,raw_fft_harmonic_order_grid,11,0.00010221851426811915,0.25554717819727235,hhg_intensity_prediction,quantum_light_hhg_tdse_dipole_acceleration,odd_harmonic_peak_minus_local_background
thermal,77.0,5.626520553141556,5.644783563277375,0.01826301013581957,0.06862007303552524,68620.07303552525,1000000.0,0.35,0.55,0.95,29.307304271759726,1.0032529856219892,tdse_dipole_acceleration,odd_harmonic_window_yield_grid,raw_fft_harmonic_order_grid,11,0.00010221851426811915,0.25554717819727235,hhg_intensity_prediction,quantum_light_hhg_tdse_dipole_acceleration,odd_harmonic_peak_minus_local_background
thermal,79.0,2.9381298803879035,2.953515185634993,0.015385305247089504,0.03583292464247835,35832.92464247835,1000000.0,0.35,0.55,0.95,29.307304271759726,1.0032529856219892,tdse_dipole_acceleration,odd_harmonic_window_yield_grid,raw_fft_harmonic_order_grid,11,0.00010221851426811915,0.25554717819727235,hhg_intensity_prediction,quantum_light_hhg_tdse_dipole_acceleration,odd_harmonic_peak_minus_local_background
thermal,81.0,2.8086812385572606,2.824712914078152,0.016031675520891436,0.034254191360893055,34254.191360893055,1000000.0,0.35,0.55,0.95,29.307304271759726,1.0032529856219892,tdse_dipole_acceleration,odd_harmonic_window_yield_grid,raw_fft_harmonic_order_grid,11,0.00010221851426811915,0.25554717819727235,hhg_intensity_prediction,quantum_light_hhg_tdse_dipole_acceleration,odd_harmonic_peak_minus_local_background
thermal,83.0,3.015610721283796,3.027719457909785,0.012108736625989287,0.03677786759806063,36777.86759806063,1000000.0,0.35,0.55,0.95,29.307304271759726,1.0032529856219892,tdse_dipole_acceleration,odd_harmonic_window_yield_grid,raw_fft_harmonic_order_grid,11,0.00010221851426811915,0.25554717819727235,hhg_intensity_prediction,quantum_light_hhg_tdse_dipole_acceleration,odd_harmonic_peak_minus_local_background
thermal,85.0,3.116008063839725,3.129593878554825,0.013585814715100394,0.03800229625049199,38002.29625049199,1000000.0,0.35,0.55,0.95,29.307304271759726,1.0032529856219892,tdse_dipole_acceleration,odd_harmonic_window_yield_grid,raw_fft_harmonic_order_grid,11,0.00010221851426811915,0.25554717819727235,hhg_intensity_prediction,quantum_light_hhg_tdse_dipole_acceleration,odd_harmonic_peak_minus_local_background
thermal,87.0,4.583795906178904,4.599048250549078,0.01525234437017424,0.05590318330683339,55903.18330683339,1000000.0,0.35,0.55,0.95,29.307304271759726,1.0032529856219892,tdse_dipole_acceleration,odd_harmonic_window_yield_grid,raw_fft_harmonic_order_grid,11,0.00010221851426811915,0.25554717819727235,hhg_intensity_prediction,quantum_light_hhg_tdse_dipole_acceleration,odd_harmonic_peak_minus_local_background
thermal,89.0,2.5525382409072193,2.5671453457544384,0.01460710484721918,0.031130315594284443,31130.315594284442,1000000.0,0.35,0.55,0.95,29.307304271759726,1.0032529856219892,tdse_dipole_acceleration,odd_harmonic_window_yield_grid,raw_fft_harmonic_order_grid,11,0.00010221851426811915,0.25554717819727235,hhg_intensity_prediction,quantum_light_hhg_tdse_dipole_acceleration,odd_harmonic_peak_minus_local_background
thermal,91.0,2.979028018259755,2.9866790160839347,0.00765099782417976,0.036331711269360294,36331.71126936029,1000000.0,0.35,0.55,0.95,29.307304271759726,1.0032529856219892,tdse_dipole_acceleration,odd_harmonic_window_yield_grid,raw_fft_harmonic_order_grid,11,0.00010221851426811915,0.25554717819727235,hhg_intensity_prediction,quantum_light_hhg_tdse_dipole_acceleration,odd_harmonic_peak_minus_local_background
thermal,93.0,2.0834220783258717,2.0905931222675025,0.007171043941630919,0.025409055886008117,25409.05588600812,1000000.0,0.35,0.55,0.95,29.307304271759726,1.0032529856219892,tdse_dipole_acceleration,odd_harmonic_window_yield_grid,raw_fft_harmonic_order_grid,11,0.00010221851426811915,0.25554717819727235,hhg_intensity_prediction,quantum_light_hhg_tdse_dipole_acceleration,odd_harmonic_peak_minus_local_background
thermal,95.0,1.6501326036565314,1.6639539358737172,0.013821332217185855,0.020124732276680234,20124.732276680235,1000000.0,0.35,0.55,0.95,29.307304271759726,1.0032529856219892,tdse_dipole_acceleration,odd_harmonic_window_yield_grid,raw_fft_harmonic_order_grid,11,0.00010221851426811915,0.25554717819727235,hhg_intensity_prediction,quantum_light_hhg_tdse_dipole_acceleration,odd_harmonic_peak_minus_local_background
thermal,97.0,2.978079275731145,2.98416345210415,0.006084176373004759,0.03632014056931748,36320.14056931748,1000000.0,0.35,0.55,0.95,29.307304271759726,1.0032529856219892,tdse_dipole_acceleration,odd_harmonic_window_yield_grid,raw_fft_harmonic_order_grid,11,0.00010221851426811915,0.25554717819727235,hhg_intensity_prediction,quantum_light_hhg_tdse_dipole_acceleration,odd_harmonic_peak_minus_local_background
thermal,99.0,0.9106919308507707,0.9184376218954621,0.007745691044691375,0.01110664152341028,11106.64152341028,1000000.0,0.35,0.55,0.95,29.307304271759726,1.0032529856219892,tdse_dipole_acceleration,odd_harmonic_window_yield_grid,raw_fft_harmonic_order_grid,11,0.00010221851426811915,0.25554717819727235,hhg_intensity_prediction,quantum_light_hhg_tdse_dipole_acceleration,odd_harmonic_peak_minus_local_background
thermal,101.0,0.9103244723151158,0.9159765421490976,0.005652069833981777,0.011102160062564983,11102.160062564983,1000000.0,0.35,0.55,0.95,29.307304271759726,1.0032529856219892,tdse_dipole_acceleration,odd_harmonic_window_yield_grid,raw_fft_harmonic_order_grid,11,0.00010221851426811915,0.25554717819727235,hhg_intensity_prediction,quantum_light_hhg_tdse_dipole_acceleration,odd_harmonic_peak_minus_local_background
thermal,103.0,2.172502672001251,2.1764977082560915,0.003995036254840514,0.026495467423355023,26495.46742335502,1000000.0,0.35,0.55,0.95,29.307304271759726,1.0032529856219892,tdse_dipole_acceleration,odd_harmonic_window_yield_grid,raw_fft_harmonic_order_grid,11,0.00010221851426811915,0.25554717819727235,hhg_intensity_prediction,quantum_light_hhg_tdse_dipole_acceleration,odd_harmonic_peak_minus_local_background
thermal,105.0,2.654906813012888,2.6604139050481104,0.005507092035222401,0.03237878502189744,32378.78502189744,1000000.0,0.35,0.55,0.95,29.307304271759726,1.0032529856219892,tdse_dipole_acceleration,odd_harmonic_window_yield_grid,raw_fft_harmonic_order_grid,11,0.00010221851426811915,0.25554717819727235,hhg_intensity_prediction,quantum_light_hhg_tdse_dipole_acceleration,odd_harmonic_peak_minus_local_background
thermal,107.0,1.349904992154613,1.3536662677562636,0.0037612756016507935,0.016463208172402315,16463.208172402316,1000000.0,0.35,0.55,0.95,29.307304271759726,1.0032529856219892,tdse_dipole_acceleration,odd_harmonic_window_yield_grid,raw_fft_harmonic_order_grid,11,0.00010221851426811915,0.25554717819727235,hhg_intensity_prediction,quantum_light_hhg_tdse_dipole_acceleration,odd_harmonic_peak_minus_local_background
thermal,109.0,1.473093398695644,1.478537311480474,0.005443912784829955,0.017965592705460796,17965.592705460796,1000000.0,0.35,0.55,0.95,29.307304271759726,1.0032529856219892,tdse_dipole_acceleration,odd_harmonic_window_yield_grid,raw_fft_harmonic_order_grid,11,0.00010221851426811915,0.25554717819727235,hhg_intensity_prediction,quantum_light_hhg_tdse_dipole_acceleration,odd_harmonic_peak_minus_local_background
thermal,111.0,0.7573547906797322,0.7632549352064429,0.005900144526710744,0.009236568241314068,9236.568241314068,1000000.0,0.35,0.55,0.95,29.307304271759726,1.0032529856219892,tdse_dipole_acceleration,odd_harmonic_window_yield_grid,raw_fft_harmonic_order_grid,11,0.00010221851426811915,0.25554717819727235,hhg_intensity_prediction,quantum_light_hhg_tdse_dipole_acceleration,odd_harmonic_peak_minus_local_background
thermal,113.0,0.1145204390159532,0.1220749322558982,0.00755449323994501,0.0013966714979735389,1396.6714979735389,1000000.0,0.35,0.55,0.95,29.307304271759726,1.0032529856219892,tdse_dipole_acceleration,odd_harmonic_window_yield_grid,raw_fft_harmonic_order_grid,11,0.00010221851426811915,0.25554717819727235,hhg_intensity_prediction,quantum_light_hhg_tdse_dipole_acceleration,odd_harmonic_peak_minus_local_background
thermal,115.0,1.1915529514463048,1.196993436919499,0.005440485473194284,0.01453197402936493,14531.97402936493,1000000.0,0.35,0.55,0.95,29.307304271759726,1.0032529856219892,tdse_dipole_acceleration,odd_harmonic_window_yield_grid,raw_fft_harmonic_order_grid,11,0.00010221851426811915,0.25554717819727235,hhg_intensity_prediction,quantum_light_hhg_tdse_dipole_acceleration,odd_harmonic_peak_minus_local_background
thermal,117.0,0.7345354262683594,0.739999915277779,0.00546448900941955,0.008958267213575287,8958.267213575287,1000000.0,0.35,0.55,0.95,29.307304271759726,1.0032529856219892,tdse_dipole_acceleration,odd_harmonic_window_yield_grid,raw_fft_harmonic_order_grid,11,0.00010221851426811915,0.25554717819727235,hhg_intensity_prediction,quantum_light_hhg_tdse_dipole_acceleration,odd_harmonic_peak_minus_local_background
thermal,119.0,0.5547700567644559,0.5589237921956053,0.00415373543114935,0.006765879810364162,6765.879810364162,1000000.0,0.35,0.55,0.95,29.307304271759726,1.0032529856219892,tdse_dipole_acceleration,odd_harmonic_window_yield_grid,raw_fft_harmonic_order_grid,11,0.00010221851426811915,0.25554717819727235,hhg_intensity_prediction,quantum_light_hhg_tdse_dipole_acceleration,odd_harmonic_peak_minus_local_background
thermal,121.0,0.6020419458624204,0.6068088683422415,0.004766922479821054,0.007342399606531688,7342.399606531688,1000000.0,0.35,0.55,0.95,29.307304271759726,1.0032529856219892,tdse_dipole_acceleration,odd_harmonic_window_yield_grid,raw_fft_harmonic_order_grid,11,0.00010221851426811915,0.25554717819727235,hhg_intensity_prediction,quantum_light_hhg_tdse_dipole_acceleration,odd_harmonic_peak_minus_local_background
thermal,123.0,0.5898131833509299,0.5933510192858839,0.0035378359349538973,0.007193259730697762,7193.259730697762,1000000.0,0.35,0.55,0.95,29.307304271759726,1.0032529856219892,tdse_dipole_acceleration,odd_harmonic_window_yield_grid,raw_fft_harmonic_order_grid,11,0.00010221851426811915,0.25554717819727235,hhg_intensity_prediction,quantum_light_hhg_tdse_dipole_acceleration,odd_harmonic_peak_minus_local_background
thermal,125.0,0.7477015602828596,0.7520437137251208,0.004342153442261183,0.009118839110387442,9118.839110387442,1000000.0,0.35,0.55,0.95,29.307304271759726,1.0032529856219892,tdse_dipole_acceleration,odd_harmonic_window_yield_grid,raw_fft_harmonic_order_grid,11,0.00010221851426811915,0.25554717819727235,hhg_intensity_prediction,quantum_light_hhg_tdse_dipole_acceleration,odd_harmonic_peak_minus_local_background
thermal,127.0,0.43978953360881223,0.44394330310215807,0.004153769493345849,0.005363597205673805,5363.597205673805,1000000.0,0.35,0.55,0.95,29.307304271759726,1.0032529856219892,tdse_dipole_acceleration,odd_harmonic_window_yield_grid,raw_fft_harmonic_order_grid,11,0.00010221851426811915,0.25554717819727235,hhg_intensity_prediction,quantum_light_hhg_tdse_dipole_acceleration,odd_harmonic_peak_minus_local_background
thermal,129.0,0.935642953265048,0.9381483889057705,0.0025054356407225205,0.01141093988404148,11410.939884041481,1000000.0,0.35,0.55,0.95,29.307304271759726,1.0032529856219892,tdse_dipole_acceleration,odd_harmonic_window_yield_grid,raw_fft_harmonic_order_grid,11,0.00010221851426811915,0.25554717819727235,hhg_intensity_prediction,quantum_light_hhg_tdse_dipole_acceleration,odd_harmonic_peak_minus_local_background
thermal,131.0,0.6683066998039059,0.6727871014430751,0.00448040163916919,0.008150553102497678,8150.553102497678,1000000.0,0.35,0.55,0.95,29.307304271759726,1.0032529856219892,tdse_dipole_acceleration,odd_harmonic_window_yield_grid,raw_fft_harmonic_order_grid,11,0.00010221851426811915,0.25554717819727235,hhg_intensity_prediction,quantum_light_hhg_tdse_dipole_acceleration,odd_harmonic_peak_minus_local_background
thermal,133.0,0.5811034685085612,0.5850079645989492,0.003904496090388041,0.007087037552540386,7087.037552540386,1000000.0,0.35,0.55,0.95,29.307304271759726,1.0032529856219892,tdse_dipole_acceleration,odd_harmonic_window_yield_grid,raw_fft_harmonic_order_grid,11,0.00010221851426811915,0.25554717819727235,hhg_intensity_prediction,quantum_light_hhg_tdse_dipole_acceleration,odd_harmonic_peak_minus_local_background
thermal,135.0,0.8532661553745194,0.85721440941164,0.003948254037120502,0.010406286682423903,10406.286682423903,1000000.0,0.35,0.55,0.95,29.307304271759726,1.0032529856219892,tdse_dipole_acceleration,odd_harmonic_window_yield_grid,raw_fft_harmonic_order_grid,11,0.00010221851426811915,0.25554717819727235,hhg_intensity_prediction,quantum_light_hhg_tdse_dipole_acceleration,odd_harmonic_peak_minus_local_background
thermal,137.0,1.127809476606792,1.1318816642845684,0.004072187677776354,0.013754569617932847,13754.569617932846,1000000.0,0.35,0.55,0.95,29.307304271759726,1.0032529856219892,tdse_dipole_acceleration,odd_harmonic_window_yield_grid,raw_fft_harmonic_order_grid,11,0.00010221851426811915,0.25554717819727235,hhg_intensity_prediction,quantum_light_hhg_tdse_dipole_acceleration,odd_harmonic_peak_minus_local_background
thermal,139.0,0.4257873307683941,0.4294535162301082,0.0036661854617140886,0.005192828757839512,5192.828757839512,1000000.0,0.35,0.55,0.95,29.307304271759726,1.0032529856219892,tdse_dipole_acceleration,odd_harmonic_window_yield_grid,raw_fft_harmonic_order_grid,11,0.00010221851426811915,0.25554717819727235,hhg_intensity_prediction,quantum_light_hhg_tdse_dipole_acceleration,odd_harmonic_peak_minus_local_background
thermal,141.0,0.6582574447254825,0.6607057418624306,0.0024482971369480366,0.00802799412294343,8027.99412294343,1000000.0,0.35,0.55,0.95,29.307304271759726,1.0032529856219892,tdse_dipole_acceleration,odd_harmonic_window_yield_grid,raw_fft_harmonic_order_grid,11,0.00010221851426811915,0.25554717819727235,hhg_intensity_prediction,quantum_light_hhg_tdse_dipole_acceleration,odd_harmonic_peak_minus_local_background
thermal,143.0,0.18020269264978578,0.18529090088039885,0.005088208230613068,0.002197720920778001,2197.720920778001,1000000.0,0.35,0.55,0.95,29.307304271759726,1.0032529856219892,tdse_dipole_acceleration,odd_harmonic_window_yield_grid,raw_fft_harmonic_order_grid,11,0.00010221851426811915,0.25554717819727235,hhg_intensity_prediction,quantum_light_hhg_tdse_dipole_acceleration,odd_harmonic_peak_minus_local_background
thermal,145.0,0.5327107143304413,0.5346182138513763,0.0019074995209351043,0.006496847879414834,6496.847879414834,1000000.0,0.35,0.55,0.95,29.307304271759726,1.0032529856219892,tdse_dipole_acceleration,odd_harmonic_window_yield_grid,raw_fft_harmonic_order_grid,11,0.00010221851426811915,0.25554717819727235,hhg_intensity_prediction,quantum_light_hhg_tdse_dipole_acceleration,odd_harmonic_peak_minus_local_background
thermal,147.0,0.14500307817044622,0.14731214605723453,0.002309067886788296,0.0017684325011265384,1768.4325011265385,1000000.0,0.35,0.55,0.95,29.307304271759726,1.0032529856219892,tdse_dipole_acceleration,odd_harmonic_window_yield_grid,raw_fft_harmonic_order_grid,11,0.00010221851426811915,0.25554717819727235,hhg_intensity_prediction,quantum_light_hhg_tdse_dipole_acceleration,odd_harmonic_peak_minus_local_background
thermal,149.0,0.40043136188229683,0.40327659124777254,0.002845229365475724,0.004883591739967246,4883.591739967246,1000000.0,0.35,0.55,0.95,29.307304271759726,1.0032529856219892,tdse_dipole_acceleration,odd_harmonic_window_yield_grid,raw_fft_harmonic_order_grid,11,0.00010221851426811915,0.25554717819727235,hhg_intensity_prediction,quantum_light_hhg_tdse_dipole_acceleration,odd_harmonic_peak_minus_local_background
thermal,151.0,0.06937540702725441,0.0711378645885247,0.0017624575612702944,0.0008460904838286687,846.0904838286688,1000000.0,0.35,0.55,0.95,29.307304271759726,1.0032529856219892,tdse_dipole_acceleration,odd_harmonic_window_yield_grid,raw_fft_harmonic_order_grid,11,0.00010221851426811915,0.25554717819727235,hhg_intensity_prediction,quantum_light_hhg_tdse_dipole_acceleration,odd_harmonic_peak_minus_local_background
bsv,5.0,5.161128390773786,5.2285259909103,0.06739760013651308,0.06294423059076489,62944230.59076489,1000000000.0,0.35,0.55,0.95,29.307304271759726,1.3846100926976097,tdse_dipole_acceleration,odd_harmonic_window_yield_grid,raw_fft_harmonic_order_grid,11,0.00010221851426811915,0.25554717819727235,hhg_intensity_prediction,quantum_light_hhg_tdse_dipole_acceleration,odd_harmonic_peak_minus_local_background
bsv,7.0,303.59595362419896,303.8560400354304,0.2600864112314404,3.702603823130181,3702603823.1301813,1000000000.0,0.35,0.55,0.95,29.307304271759726,1.3846100926976097,tdse_dipole_acceleration,odd_harmonic_window_yield_grid,raw_fft_harmonic_order_grid,11,0.00010221851426811915,0.25554717819727235,hhg_intensity_prediction,quantum_light_hhg_tdse_dipole_acceleration,odd_harmonic_peak_minus_local_background
bsv,9.0,198.41009591684352,199.06597276495717,0.6558768481136567,2.4197752668294283,2419775266.829428,1000000000.0,0.35,0.55,0.95,29.307304271759726,1.3846100926976097,tdse_dipole_acceleration,odd_harmonic_window_yield_grid,raw_fft_harmonic_order_grid,11,0.00010221851426811915,0.25554717819727235,hhg_intensity_prediction,quantum_light_hhg_tdse_dipole_acceleration,odd_harmonic_peak_minus_local_background
bsv,11.0,179.98485562125967,180.41721516408472,0.43235954282505346,2.19506421799586,2195064217.99586,1000000000.0,0.35,0.55,0.95,29.307304271759726,1.3846100926976097,tdse_dipole_acceleration,odd_harmonic_window_yield_grid,raw_fft_harmonic_order_grid,11,0.00010221851426811915,0.25554717819727235,hhg_intensity_prediction,quantum_light_hhg_tdse_dipole_acceleration,odd_harmonic_peak_minus_local_background
bsv,13.0,83.59320798538202,84.07566910059634,0.48246111521431545,1.0194883290754153,1019488329.0754153,1000000000.0,0.35,0.55,0.95,29.307304271759726,1.3846100926976097,tdse_dipole_acceleration,odd_harmonic_window_yield_grid,raw_fft_harmonic_order_grid,11,0.00010221851426811915,0.25554717819727235,hhg_intensity_prediction,quantum_light_hhg_tdse_dipole_acceleration,odd_harmonic_peak_minus_local_background
bsv,15.0,81.79472915974797,81.99525742603997,0.20052826629198964,0.9975543918930572,997554391.8930572,1000000000.0,0.35,0.55,0.95,29.307304271759726,1.3846100926976097,tdse_dipole_acceleration,odd_harmonic_window_yield_grid,raw_fft_harmonic_order_grid,11,0.00010221851426811915,0.25554717819727235,hhg_intensity_prediction,quantum_light_hhg_tdse_dipole_acceleration,odd_harmonic_peak_minus_local_background
bsv,17.0,36.42660969133328,36.54315378691526,0.1165440955819764,0.44425264137002346,444252641.3700235,1000000000.0,0.35,0.55,0.95,29.307304271759726,1.3846100926976097,tdse_dipole_acceleration,odd_harmonic_window_yield_grid,raw_fft_harmonic_order_grid,11,0.00010221851426811915,0.25554717819727235,hhg_intensity_prediction,quantum_light_hhg_tdse_dipole_acceleration,odd_harmonic_peak_minus_local_background
bsv,19.0,33.746058224975144,33.986451913019515,0.24039368804437242,0.41156109858444206,411561098.5844421,1000000000.0,0.35,0.55,0.95,29.307304271759726,1.3846100926976097,tdse_dipole_acceleration,odd_harmonic_window_yield_grid,raw_fft_harmonic_order_grid,11,0.00010221851426811915,0.25554717819727235,hhg_intensity_prediction,quantum_light_hhg_tdse_dipole_acceleration,odd_harmonic_peak_minus_local_background
bsv,21.0,51.479242225870976,51.7019487808536,0.22270655498262315,0.6278319483575674,627831948.3575674,1000000000.0,0.35,0.55,0.95,29.307304271759726,1.3846100926976097,tdse_dipole_acceleration,odd_harmonic_window_yield_grid,raw_fft_harmonic_order_grid,11,0.00010221851426811915,0.25554717819727235,hhg_intensity_prediction,quantum_light_hhg_tdse_dipole_acceleration,odd_harmonic_peak_minus_local_background
bsv,23.0,23.968716578101926,24.16755899542712,0.1988424173251953,0.2923183282852889,292318328.28528893,1000000000.0,0.35,0.55,0.95,29.307304271759726,1.3846100926976097,tdse_dipole_acceleration,odd_harmonic_window_yield_grid,raw_fft_harmonic_order_grid,11,0.00010221851426811915,0.25554717819727235,hhg_intensity_prediction,quantum_light_hhg_tdse_dipole_acceleration,odd_harmonic_peak_minus_local_background
bsv,25.0,32.573846322603316,32.68319483912419,0.10934851652087788,0.3972650046496292,397265004.64962924,1000000000.0,0.35,0.55,0.95,29.307304271759726,1.3846100926976097,tdse_dipole_acceleration,odd_harmonic_window_yield_grid,raw_fft_harmonic_order_grid,11,0.00010221851426811915,0.25554717819727235,hhg_intensity_prediction,quantum_light_hhg_tdse_dipole_acceleration,odd_harmonic_peak_minus_local_background
bsv,27.0,13.696812307761002,13.845624556169705,0.14881224840870358,0.16704395763517882,167043957.6351788,1000000000.0,0.35,0.55,0.95,29.307304271759726,1.3846100926976097,tdse_dipole_acceleration,odd_harmonic_window_yield_grid,raw_fft_harmonic_order_grid,11,0.00010221851426811915,0.25554717819727235,hhg_intensity_prediction,quantum_light_hhg_tdse_dipole_acceleration,odd_harmonic_peak_minus_local_background
bsv,29.0,28.568829601525632,28.649765044944026,0.08093544341839433,0.34842051233627536,348420512.33627534,1000000000.0,0.35,0.55,0.95,29.307304271759726,1.3846100926976097,tdse_dipole_acceleration,odd_harmonic_window_yield_grid,raw_fft_harmonic_order_grid,11,0.00010221851426811915,0.25554717819727235,hhg_intensity_prediction,quantum_light_hhg_tdse_dipole_acceleration,odd_harmonic_peak_minus_local_background
bsv,31.0,19.412519455544746,19.525667660331592,0.1131482047868462,0.2367517349775371,236751734.9775371,1000000000.0,0.35,0.55,0.95,29.307304271759726,1.3846100926976097,tdse_dipole_acceleration,odd_harmonic_window_yield_grid,raw_fft_harmonic_order_grid,11,0.00010221851426811915,0.25554717819727235,hhg_intensity_prediction,quantum_light_hhg_tdse_dipole_acceleration,odd_harmonic_peak_minus_local_background
bsv,33.0,64.04702555394606,64.13229244816571,0.08526689421965089,0.7811064635258536,781106463.5258535,1000000000.0,0.35,0.55,0.95,29.307304271759726,1.3846100926976097,tdse_dipole_acceleration,odd_harmonic_window_yield_grid,raw_fft_harmonic_order_grid,11,0.00010221851426811915,0.25554717819727235,hhg_intensity_prediction,quantum_light_hhg_tdse_dipole_acceleration,odd_harmonic_peak_minus_local_background
bsv,35.0,15.44671762738433,15.563470943630529,0.11675331624619889,0.18838550072627464,188385500.72627464,1000000000.0,0.35,0.55,0.95,29.307304271759726,1.3846100926976097,tdse_dipole_acceleration,odd_harmonic_window_yield_grid,raw_fft_harmonic_order_grid,11,0.00010221851426811915,0.25554717819727235,hhg_intensity_prediction,quantum_light_hhg_tdse_dipole_acceleration,odd_harmonic_peak_minus_local_background
bsv,37.0,24.796403574652683,24.892428116558882,0.09602454190619879,0.30241265596390293,302412655.96390295,1000000000.0,0.35,0.55,0.95,29.307304271759726,1.3846100926976097,tdse_dipole_acceleration,odd_harmonic_window_yield_grid,raw_fft_harmonic_order_grid,11,0.00010221851426811915,0.25554717819727235,hhg_intensity_prediction,quantum_light_hhg_tdse_dipole_acceleration,odd_harmonic_peak_minus_local_background
bsv,39.0,17.484634521961222,17.57306225288261,0.08842773092138907,0.2132395832494633,213239583.2494633,1000000000.0,0.35,0.55,0.95,29.307304271759726,1.3846100926976097,tdse_dipole_acceleration,odd_harmonic_window_yield_grid,raw_fft_harmonic_order_grid,11,0.00010221851426811915,0.25554717819727235,hhg_intensity_prediction,quantum_light_hhg_tdse_dipole_acceleration,odd_harmonic_peak_minus_local_background
bsv,41.0,27.824001198071304,27.904747594973074,0.08074639690176794,0.33933671375040997,339336713.75040996,1000000000.0,0.35,0.55,0.95,29.307304271759726,1.3846100926976097,tdse_dipole_acceleration,odd_harmonic_window_yield_grid,raw_fft_harmonic_order_grid,11,0.00010221851426811915,0.25554717819727235,hhg_intensity_prediction,quantum_light_hhg_tdse_dipole_acceleration,odd_harmonic_peak_minus_local_background
bsv,43.0,24.37046678758687,24.444896995029243,0.07443020744237161,0.2972180044628694,297218004.4628694,1000000000.0,0.35,0.55,0.95,29.307304271759726,1.3846100926976097,tdse_dipole_acceleration,odd_harmonic_window_yield_grid,raw_fft_harmonic_order_grid,11,0.00010221851426811915,0.25554717819727235,hhg_intensity_prediction,quantum_light_hhg_tdse_dipole_acceleration,odd_harmonic_peak_minus_local_background
bsv,45.0,10.090187233925127,10.189760052702063,0.09957281877693566,0.12305818105427029,123058181.05427028,1000000000.0,0.35,0.55,0.95,29.307304271759726,1.3846100926976097,tdse_dipole_acceleration,odd_harmonic_window_yield_grid,raw_fft_harmonic_order_grid,11,0.00010221851426811915,0.25554717819727235,hhg_intensity_prediction,quantum_light_hhg_tdse_dipole_acceleration,odd_harmonic_peak_minus_local_background
bsv,47.0,27.206291773325372,27.251240519792038,0.04494874646666748,0.33180323627699504,331803236.27699506,1000000000.0,0.35,0.55,0.95,29.307304271759726,1.3846100926976097,tdse_dipole_acceleration,odd_harmonic_window_yield_grid,raw_fft_harmonic_order_grid,11,0.00010221851426811915,0.25554717819727235,hhg_intensity_prediction,quantum_light_hhg_tdse_dipole_acceleration,odd_harmonic_peak_minus_local_background
bsv,49.0,5.612055687099591,5.6601268477433235,0.04807116064373194,0.0684436620271811,68443662.0271811,1000000000.0,0.35,0.55,0.95,29.307304271759726,1.3846100926976097,tdse_dipole_acceleration,odd_harmonic_window_yield_grid,raw_fft_harmonic_order_grid,11,0.00010221851426811915,0.25554717819727235,hhg_intensity_prediction,quantum_light_hhg_tdse_dipole_acceleration,odd_harmonic_peak_minus_local_background
bsv,51.0,15.815669915607247,15.856068542313949,0.04039862670670277,0.19288517911993922,192885179.1199392,1000000000.0,0.35,0.55,0.95,29.307304271759726,1.3846100926976097,tdse_dipole_acceleration,odd_harmonic_window_yield_grid,raw_fft_harmonic_order_grid,11,0.00010221851426811915,0.25554717819727235,hhg_intensity_prediction,quantum_light_hhg_tdse_dipole_acceleration,odd_harmonic_peak_minus_local_background
bsv,53.0,12.656371893420019,12.689892042647031,0.03352014922701162,0.1543549260130821,154354926.0130821,1000000000.0,0.35,0.55,0.95,29.307304271759726,1.3846100926976097,tdse_dipole_acceleration,odd_harmonic_window_yield_grid,raw_fft_harmonic_order_grid,11,0.00010221851426811915,0.25554717819727235,hhg_intensity_prediction,quantum_light_hhg_tdse_dipole_acceleration,odd_harmonic_peak_minus_local_background
bsv,55.0,3.4837783191165665,3.5473298879652755,0.06355156884870908,0.04248755877446873,42487558.77446873,1000000000.0,0.35,0.55,0.95,29.307304271759726,1.3846100926976097,tdse_dipole_acceleration,odd_harmonic_window_yield_grid,raw_fft_harmonic_order_grid,11,0.00010221851426811915,0.25554717819727235,hhg_intensity_prediction,quantum_light_hhg_tdse_dipole_acceleration,odd_harmonic_peak_minus_local_background
bsv,57.0,15.556937257089839,15.597262056993694,0.0403247999038544,0.18972972029659466,189729720.29659465,1000000000.0,0.35,0.55,0.95,29.307304271759726,1.3846100926976097,tdse_dipole_acceleration,odd_harmonic_window_yield_grid,raw_fft_harmonic_order_grid,11,0.00010221851426811915,0.25554717819727235,hhg_intensity_prediction,quantum_light_hhg_tdse_dipole_acceleration,odd_harmonic_peak_minus_local_background
bsv,59.0,18.06165198277087,18.118017865977933,0.05636588320706516,0.22027678855771074,220276788.55771074,1000000000.0,0.35,0.55,0.95,29.307304271759726,1.3846100926976097,tdse_dipole_acceleration,odd_harmonic_window_yield_grid,raw_fft_harmonic_order_grid,11,0.00010221851426811915,0.25554717819727235,hhg_intensity_prediction,quantum_light_hhg_tdse_dipole_acceleration,odd_harmonic_peak_minus_local_background
bsv,61.0,5.07374211978394,5.119741415058231,0.045999295274290634,0.06187848272030214,61878482.72030214,1000000000.0,0.35,0.55,0.95,29.307304271759726,1.3846100926976097,tdse_dipole_acceleration,odd_harmonic_window_yield_grid,raw_fft_harmonic_order_grid,11,0.00010221851426811915,0.25554717819727235,hhg_intensity_prediction,quantum_light_hhg_tdse_dipole_acceleration,odd_harmonic_peak_minus_local_background
bsv,63.0,13.730229994331383,13.754233441132786,0.024003446801403643,0.16745151396976957,167451513.96976957,1000000000.0,0.35,0.55,0.95,29.307304271759726,1.3846100926976097,tdse_dipole_acceleration,odd_harmonic_window_yield_grid,raw_fft_harmonic_order_grid,11,0.00010221851426811915,0.25554717819727235,hhg_intensity_prediction,quantum_light_hhg_tdse_dipole_acceleration,odd_harmonic_peak_minus_local_background
bsv,65.0,8.339916505639692,8.37286954292896,0.03295303728926784,0.10171218150223296,101712181.50223297,1000000000.0,0.35,0.55,0.95,29.307304271759726,1.3846100926976097,tdse_dipole_acceleration,odd_harmonic_window_yield_grid,raw_fft_harmonic_order_grid,11,0.00010221851426811915,0.25554717819727235,hhg_intensity_prediction,quantum_light_hhg_tdse_dipole_acceleration,odd_harmonic_peak_minus_local_background
bsv,67.0,9.629228242952328,9.669293667682751,0.040065424730423904,0.11743640480228905,117436404.80228905,1000000000.0,0.35,0.55,0.95,29.307304271759726,1.3846100926976097,tdse_dipole_acceleration,odd_harmonic_window_yield_grid,raw_fft_harmonic_order_grid,11,0.00010221851426811915,0.25554717819727235,hhg_intensity_prediction,quantum_light_hhg_tdse_dipole_acceleration,odd_harmonic_peak_minus_local_background
bsv,69.0,3.142152806885466,3.1664895725245152,0.024336765639049532,0.03832115302180372,38321153.02180372,1000000000.0,0.35,0.55,0.95,29.307304271759726,1.3846100926976097,tdse_dipole_acceleration,odd_harmonic_window_yield_grid,raw_fft_harmonic_order_grid,11,0.00010221851426811915,0.25554717819727235,hhg_intensity_prediction,quantum_light_hhg_tdse_dipole_acceleration,odd_harmonic_peak_minus_local_background
bsv,71.0,7.359696689008894,7.388883928580549,0.02918723957165545,0.08975758989045639,89757589.8904564,1000000000.0,0.35,0.55,0.95,29.307304271759726,1.3846100926976097,tdse_dipole_acceleration,odd_harmonic_window_yield_grid,raw_fft_harmonic_order_grid,11,0.00010221851426811915,0.25554717819727235,hhg_intensity_prediction,quantum_light_hhg_tdse_dipole_acceleration,odd_harmonic_peak_minus_local_background
bsv,73.0,7.960553968405674,7.9910267452601005,0.030472776854426568,0.09708554150935038,97085541.50935037,1000000000.0,0.35,0.55,0.95,29.307304271759726,1.3846100926976097,tdse_dipole_acceleration,odd_harmonic_window_yield_grid,raw_fft_harmonic_order_grid,11,0.00010221851426811915,0.25554717819727235,hhg_intensity_prediction,quantum_light_hhg_tdse_dipole_acceleration,odd_harmonic_peak_minus_local_background
bsv,75.0,2.16245825359232,2.1858346125471226,0.023376358954802754,0.02637296743098667,26372967.43098667,1000000000.0,0.35,0.55,0.95,29.307304271759726,1.3846100926976097,tdse_dipole_acceleration,odd_harmonic_window_yield_grid,raw_fft_harmonic_order_grid,11,0.00010221851426811915,0.25554717819727235,hhg_intensity_prediction,quantum_light_hhg_tdse_dipole_acceleration,odd_harmonic_peak_minus_local_background
bsv,77.0,6.480327624344221,6.500938839417091,0.02061121507287076,0.07903295663397972,79032956.63397972,1000000000.0,0.35,0.55,0.95,29.307304271759726,1.3846100926976097,tdse_dipole_acceleration,odd_harmonic_window_yield_grid,raw_fft_harmonic_order_grid,11,0.00010221851426811915,0.25554717819727235,hhg_intensity_prediction,quantum_light_hhg_tdse_dipole_acceleration,odd_harmonic_peak_minus_local_background
bsv,79.0,3.9257428756375243,3.9474129823118576,0.021670106674333244,0.04787768218397947,47877682.18397947,1000000000.0,0.35,0.55,0.95,29.307304271759726,1.3846100926976097,tdse_dipole_acceleration,odd_harmonic_window_yield_grid,raw_fft_harmonic_order_grid,11,0.00010221851426811915,0.25554717819727235,hhg_intensity_prediction,quantum_light_hhg_tdse_dipole_acceleration,odd_harmonic_peak_minus_local_background
bsv,81.0,3.274182621110692,3.2983041851518973,0.0241215640412054,0.03993136583617677,39931365.83617677,1000000000.0,0.35,0.55,0.95,29.307304271759726,1.3846100926976097,tdse_dipole_acceleration,odd_harmonic_window_yield_grid,raw_fft_harmonic_order_grid,11,0.00010221851426811915,0.25554717819727235,hhg_intensity_prediction,quantum_light_hhg_tdse_dipole_acceleration,odd_harmonic_peak_minus_local_background
bsv,83.0,3.1937111591576883,3.2100731021531654,0.016361942995477066,0.03894994978262527,38949949.782625265,1000000000.0,0.35,0.55,0.95,29.307304271759726,1.3846100926976097,tdse_dipole_acceleration,odd_harmonic_window_yield_grid,raw_fft_harmonic_order_grid,11,0.00010221851426811915,0.25554717819727235,hhg_intensity_prediction,quantum_light_hhg_tdse_dipole_acceleration,odd_harmonic_peak_minus_local_background
bsv,85.0,3.8541939779705636,3.8721736004038876,0.01797962243332402,0.04700508418364393,47005084.18364393,1000000000.0,0.35,0.55,0.95,29.307304271759726,1.3846100926976097,tdse_dipole_acceleration,odd_harmonic_window_yield_grid,raw_fft_harmonic_order_grid,11,0.00010221851426811915,0.25554717819727235,hhg_intensity_prediction,quantum_light_hhg_tdse_dipole_acceleration,odd_harmonic_peak_minus_local_background
bsv,87.0,6.405580735284582,6.4300062826592645,0.02442554737468207,0.07812135648287269,78121356.4828727,1000000000.0,0.35,0.55,0.95,29.307304271759726,1.3846100926976097,tdse_dipole_acceleration,odd_harmonic_window_yield_grid,raw_fft_harmonic_order_grid,11,0.00010221851426811915,0.25554717819727235,hhg_intensity_prediction,quantum_light_hhg_tdse_dipole_acceleration,odd_harmonic_peak_minus_local_background
bsv,89.0,3.4625704415287606,3.4836325497679446,0.02106210823918417,0.0422289111617463,42228911.1617463,1000000000.0,0.35,0.55,0.95,29.307304271759726,1.3846100926976097,tdse_dipole_acceleration,odd_harmonic_window_yield_grid,raw_fft_harmonic_order_grid,11,0.00010221851426811915,0.25554717819727235,hhg_intensity_prediction,quantum_light_hhg_tdse_dipole_acceleration,odd_harmonic_peak_minus_local_background
bsv,91.0,3.9309227509376865,3.941783255252598,0.010860504314911625,0.04794085504863978,47940855.048639774,1000000000.0,0.35,0.55,0.95,29.307304271759726,1.3846100926976097,tdse_dipole_acceleration,odd_harmonic_window_yield_grid,raw_fft_harmonic_order_grid,11,0.00010221851426811915,0.25554717819727235,hhg_intensity_prediction,quantum_light_hhg_tdse_dipole_acceleration,odd_harmonic_peak_minus_local_background
bsv,93.0,2.6589460451688534,2.6692144235458786,0.010268378377025286,0.032428046799746105,32428046.799746104,1000000000.0,0.35,0.55,0.95,29.307304271759726,1.3846100926976097,tdse_dipole_acceleration,odd_harmonic_window_yield_grid,raw_fft_harmonic_order_grid,11,0.00010221851426811915,0.25554717819727235,hhg_intensity_prediction,quantum_light_hhg_tdse_dipole_acceleration,odd_harmonic_peak_minus_local_background
bsv,95.0,2.082890608790257,2.1093947292444133,0.026504120454156302,0.025402574175329984,25402574.175329983,1000000000.0,0.35,0.55,0.95,29.307304271759726,1.3846100926976097,tdse_dipole_acceleration,odd_harmonic_window_yield_grid,raw_fft_harmonic_order_grid,11,0.00010221851426811915,0.25554717819727235,hhg_intensity_prediction,quantum_light_hhg_tdse_dipole_acceleration,odd_harmonic_peak_minus_local_background
bsv,97.0,3.2847990062207586,3.2929926828994813,0.008193676678722735,0.04006084143566059,40060841.43566059,1000000000.0,0.35,0.55,0.95,29.307304271759726,1.3846100926976097,tdse_dipole_acceleration,odd_harmonic_window_yield_grid,raw_fft_harmonic_order_grid,11,0.00010221851426811915,0.25554717819727235,hhg_intensity_prediction,quantum_light_hhg_tdse_dipole_acceleration,odd_harmonic_peak_minus_local_background
bsv,99.0,1.2653704580620393,1.2773256907425508,0.011955232680511574,0.015432239592678981,15432239.59267898,1000000000.0,0.35,0.55,0.95,29.307304271759726,1.3846100926976097,tdse_dipole_acceleration,odd_harmonic_window_yield_grid,raw_fft_harmonic_order_grid,11,0.00010221851426811915,0.25554717819727235,hhg_intensity_prediction,quantum_light_hhg_tdse_dipole_acceleration,odd_harmonic_peak_minus_local_background
bsv,101.0,0.9558075354442018,0.9636578207471344,0.007850285302932507,0.011656863646124213,11656863.646124214,1000000000.0,0.35,0.55,0.95,29.307304271759726,1.3846100926976097,tdse_dipole_acceleration,odd_harmonic_window_yield_grid,raw_fft_harmonic_order_grid,11,0.00010221851426811915,0.25554717819727235,hhg_intensity_prediction,quantum_light_hhg_tdse_dipole_acceleration,odd_harmonic_peak_minus_local_background
bsv,103.0,2.6523585219629897,2.6579590923773737,0.005600570414383973,0.03234770650431126,32347706.504311264,1000000000.0,0.35,0.55,0.95,29.307304271759726,1.3846100926976097,tdse_dipole_acceleration,odd_harmonic_window_yield_grid,raw_fft_harmonic_order_grid,11,0.00010221851426811915,0.25554717819727235,hhg_intensity_prediction,quantum_light_hhg_tdse_dipole_acceleration,odd_harmonic_peak_minus_local_background
bsv,105.0,2.6561059164399135,2.6642071484831833,0.008101232043269773,0.0323934090802231,32393409.0802231,1000000000.0,0.35,0.55,0.95,29.307304271759726,1.3846100926976097,tdse_dipole_acceleration,odd_harmonic_window_yield_grid,raw_fft_harmonic_order_grid,11,0.00010221851426811915,0.25554717819727235,hhg_intensity_prediction,quantum_light_hhg_tdse_dipole_acceleration,odd_harmonic_peak_minus_local_background
bsv,107.0,1.4479342838482008,1.4525845027825017,0.00465021893430098,0.0176587564854497,17658756.485449698,1000000000.0,0.35,0.55,0.95,29.307304271759726,1.3846100926976097,tdse_dipole_acceleration,odd_harmonic_window_yield_grid,raw_fft_harmonic_order_grid,11,0.00010221851426811915,0.25554717819727235,hhg_intensity_prediction,quantum_light_hhg_tdse_dipole_acceleration,odd_harmonic_peak_minus_local_background
bsv,109.0,1.606859651337174,1.6150218977023838,0.008162246365209843,0.019596982822897624,19596982.822897624,1000000000.0,0.35,0.55,0.95,29.307304271759726,1.3846100926976097,tdse_dipole_acceleration,odd_harmonic_window_yield_grid,raw_fft_harmonic_order_grid,11,0.00010221851426811915,0.25554717819727235,hhg_intensity_prediction,quantum_light_hhg_tdse_dipole_acceleration,odd_harmonic_peak_minus_local_background
bsv,111.0,0.7573205858286477,0.7691000642238939,0.011779478395246193,0.009236151084856994,9236151.084856994,1000000000.0,0.35,0.55,0.95,29.307304271759726,1.3846100926976097,tdse_dipole_acceleration,odd_harmonic_window_yield_grid,raw_fft_harmonic_order_grid,11,0.00010221851426811915,0.25554717819727235,hhg_intensity_prediction,quantum_light_hhg_tdse_dipole_acceleration,odd_harmonic_peak_minus_local_background
bsv,113.0,0.17611942470455372,0.1866959257243459,0.010576501019792182,0.00214792209004788,2147922.09004788,1000000000.0,0.35,0.55,0.95,29.307304271759726,1.3846100926976097,tdse_dipole_acceleration,odd_harmonic_window_yield_grid,raw_fft_harmonic_order_grid,11,0.00010221851426811915,0.25554717819727235,hhg_intensity_prediction,quantum_light_hhg_tdse_dipole_acceleration,odd_harmonic_peak_minus_local_background
bsv,115.0,1.4218319649046742,1.4309083448915216,0.009076379986847374,0.01734041711116246,17340417.11116246,1000000000.0,0.35,0.55,0.95,29.307304271759726,1.3846100926976097,tdse_dipole_acceleration,odd_harmonic_window_yield_grid,raw_fft_harmonic_order_grid,11,0.00010221851426811915,0.25554717819727235,hhg_intensity_prediction,quantum_light_hhg_tdse_dipole_acceleration,odd_harmonic_peak_minus_local_background
bsv,117.0,0.9505274538743693,0.9570208983445463,0.006493444470177013,0.011592468683103393,11592468.683103394,1000000000.0,0.35,0.55,0.95,29.307304271759726,1.3846100926976097,tdse_dipole_acceleration,odd_harmonic_window_yield_grid,raw_fft_harmonic_order_grid,11,0.00010221851426811915,0.25554717819727235,hhg_intensity_prediction,quantum_light_hhg_tdse_dipole_acceleration,odd_harmonic_peak_minus_local_background
bsv,119.0,0.5619669076509077,0.5684989823693893,0.006532074718481602,0.00685365136096809,6853651.360968091,1000000000.0,0.35,0.55,0.95,29.307304271759726,1.3846100926976097,tdse_dipole_acceleration,odd_harmonic_window_yield_grid,raw_fft_harmonic_order_grid,11,0.00010221851426811915,0.25554717819727235,hhg_intensity_prediction,quantum_light_hhg_tdse_dipole_acceleration,odd_harmonic_peak_minus_local_background
bsv,121.0,0.6468486403057309,0.6546206653028801,0.007772024997149243,0.007888854314399717,7888854.314399717,1000000000.0,0.35,0.55,0.95,29.307304271759726,1.3846100926976097,tdse_dipole_acceleration,odd_harmonic_window_yield_grid,raw_fft_harmonic_order_grid,11,0.00010221851426811915,0.25554717819727235,hhg_intensity_prediction,quantum_light_hhg_tdse_dipole_acceleration,odd_harmonic_peak_minus_local_background
bsv,123.0,0.8055774057976091,0.8104205274538383,0.004843121656229242,0.009824682927841806,9824682.927841807,1000000000.0,0.35,0.55,0.95,29.307304271759726,1.3846100926976097,tdse_dipole_acceleration,odd_harmonic_window_yield_grid,raw_fft_harmonic_order_grid,11,0.00010221851426811915,0.25554717819727235,hhg_intensity_prediction,quantum_light_hhg_tdse_dipole_acceleration,odd_harmonic_peak_minus_local_background
bsv,125.0,1.2081212532214471,1.2137435106635985,0.005622257442151412,0.014734038176673535,14734038.176673535,1000000000.0,0.35,0.55,0.95,29.307304271759726,1.3846100926976097,tdse_dipole_acceleration,odd_harmonic_window_yield_grid,raw_fft_harmonic_order_grid,11,0.00010221851426811915,0.25554717819727235,hhg_intensity_prediction,quantum_light_hhg_tdse_dipole_acceleration,odd_harmonic_peak_minus_local_background
bsv,127.0,0.467093845729929,0.4739270865274506,0.0068332407975215765,0.005696595881185561,5696595.8811855605,1000000000.0,0.35,0.55,0.95,29.307304271759726,1.3846100926976097,tdse_dipole_acceleration,odd_harmonic_window_yield_grid,raw_fft_harmonic_order_grid,11,0.00010221851426811915,0.25554717819727235,hhg_intensity_prediction,quantum_light_hhg_tdse_dipole_acceleration,odd_harmonic_peak_minus_local_background
bsv,129.0,1.0650934736956765,1.0692194072301746,0.004125933534498107,0.012989696076707788,12989696.076707788,1000000000.0,0.35,0.55,0.95,29.307304271759726,1.3846100926976097,tdse_dipole_acceleration,odd_harmonic_window_yield_grid,raw_fft_harmonic_order_grid,11,0.00010221851426811915,0.25554717819727235,hhg_intensity_prediction,quantum_light_hhg_tdse_dipole_acceleration,odd_harmonic_peak_minus_local_background
bsv,131.0,0.6746749087834846,0.6803224499386987,0.005647541155214166,0.008228218679501602,8228218.6795016015,1000000000.0,0.35,0.55,0.95,29.307304271759726,1.3846100926976097,tdse_dipole_acceleration,odd_harmonic_window_yield_grid,raw_fft_harmonic_order_grid,11,0.00010221851426811915,0.25554717819727235,hhg_intensity_prediction,quantum_light_hhg_tdse_dipole_acceleration,odd_harmonic_peak_minus_local_background
bsv,133.0,0.611776306893831,0.6171669101715098,0.005390603277678825,0.007461118192666882,7461118.192666882,1000000000.0,0.35,0.55,0.95,29.307304271759726,1.3846100926976097,tdse_dipole_acceleration,odd_harmonic_window_yield_grid,raw_fft_harmonic_order_grid,11,0.00010221851426811915,0.25554717819727235,hhg_intensity_prediction,quantum_light_hhg_tdse_dipole_acceleration,odd_harmonic_peak_minus_local_background
bsv,135.0,0.9267242282034125,0.9316102771825909,0.004886048979178486,0.01130216865334341,11302168.65334341,1000000000.0,0.35,0.55,0.95,29.307304271759726,1.3846100926976097,tdse_dipole_acceleration,odd_harmonic_window_yield_grid,raw_fft_harmonic_order_grid,11,0.00010221851426811915,0.25554717819727235,hhg_intensity_prediction,quantum_light_hhg_tdse_dipole_acceleration,odd_harmonic_peak_minus_local_background
bsv,137.0,1.4187061993085492,1.4248676277988204,0.0061614284902710495,0.017302295813733222,17302295.81373322,1000000000.0,0.35,0.55,0.95,29.307304271759726,1.3846100926976097,tdse_dipole_acceleration,odd_harmonic_window_yield_grid,raw_fft_harmonic_order_grid,11,0.00010221851426811915,0.25554717819727235,hhg_intensity_prediction,quantum_light_hhg_tdse_dipole_acceleration,odd_harmonic_peak_minus_local_background
bsv,139.0,0.4934091594336559,0.49933262719222954,0.0059234677585736795,0.006017532902786637,6017532.902786637,1000000000.0,0.35,0.55,0.95,29.307304271759726,1.3846100926976097,tdse_dipole_acceleration,odd_harmonic_window_yield_grid,raw_fft_harmonic_order_grid,11,0.00010221851426811915,0.25554717819727235,hhg_intensity_prediction,quantum_light_hhg_tdse_dipole_acceleration,odd_harmonic_peak_minus_local_background
bsv,141.0,0.8580011215556342,0.8614776940003915,0.003476572444757259,0.010464033512298618,10464033.512298618,1000000000.0,0.35,0.55,0.95,29.307304271759726,1.3846100926976097,tdse_dipole_acceleration,odd_harmonic_window_yield_grid,raw_fft_harmonic_order_grid,11,0.00010221851426811915,0.25554717819727235,hhg_intensity_prediction,quantum_light_hhg_tdse_dipole_acceleration,odd_harmonic_peak_minus_local_background
bsv,143.0,0.19358812727281755,0.2026636807166913,0.009075553443873752,0.0023609673699413014,2360967.369941301,1000000000.0,0.35,0.55,0.95,29.307304271759726,1.3846100926976097,tdse_dipole_acceleration,odd_harmonic_window_yield_grid,raw_fft_harmonic_order_grid,11,0.00010221851426811915,0.25554717819727235,hhg_intensity_prediction,quantum_light_hhg_tdse_dipole_acceleration,odd_harmonic_peak_minus_local_background
bsv,145.0,0.5534003464766095,0.5565128592358434,0.003112512759233876,0.006749175060225631,6749175.060225631,1000000000.0,0.35,0.55,0.95,29.307304271759726,1.3846100926976097,tdse_dipole_acceleration,odd_harmonic_window_yield_grid,raw_fft_harmonic_order_grid,11,0.00010221851426811915,0.25554717819727235,hhg_intensity_prediction,quantum_light_hhg_tdse_dipole_acceleration,odd_harmonic_peak_minus_local_background
bsv,147.0,0.14885455536698422,0.15207246055305415,0.0032179051860699234,0.0018154044519129854,1815404.4519129854,1000000000.0,0.35,0.55,0.95,29.307304271759726,1.3846100926976097,tdse_dipole_acceleration,odd_harmonic_window_yield_grid,raw_fft_harmonic_order_grid,11,0.00010221851426811915,0.25554717819727235,hhg_intensity_prediction,quantum_light_hhg_tdse_dipole_acceleration,odd_harmonic_peak_minus_local_background
bsv,149.0,0.51182819600816,0.5160238157944577,0.0041956197862976835,0.006242168292109222,6242168.292109222,1000000000.0,0.35,0.55,0.95,29.307304271759726,1.3846100926976097,tdse_dipole_acceleration,odd_harmonic_window_yield_grid,raw_fft_harmonic_order_grid,11,0.00010221851426811915,0.25554717819727235,hhg_intensity_prediction,quantum_light_hhg_tdse_dipole_acceleration,odd_harmonic_peak_minus_local_background
bsv,151.0,0.12849876383985603,0.1312367991122777,0.00273803527242168,0.00156714873364185,1567148.7336418498,1000000000.0,0.35,0.55,0.95,29.307304271759726,1.3846100926976097,tdse_dipole_acceleration,odd_harmonic_window_yield_grid,raw_fft_harmonic_order_grid,11,0.00010221851426811915,0.25554717819727235,hhg_intensity_prediction,quantum_light_hhg_tdse_dipole_acceleration,odd_harmonic_peak_minus_local_background
