case_label,intensity_w_cm2,harmonic_order,nearest_harmonic_order,mean_intensity,normalized_intensity,display_intensity,display_scale,display_floor,mean_cutoff_order,cutoff_order_p95,cutoff_order_p99,bsv_tail_quantile,spectrum_model,frequency_grid,driver_sampling,normalization_scope,claim_level,mechanism,processing
BSV - 1e13 W/cm^2,10000000000000.0,0.0,1.0,2.261865622687119e-12,8.287164571788361e-13,0.01,100000.0,0.01,15.124284290526582,18.613676776582036,22.00238858521466,0.999,tdse_dipole_acceleration,raw_fft_harmonic_order_grid,single_mode_bsv_random_phase_gamma_intensity,shared_fig_iv2_intensity_cases,hhg_intensity_prediction,quantum_light_hhg_bsv_threshold_tdse_dipole_acceleration,shared_normalized_raw_spectrum_for_log_display
BSV - 1e13 W/cm^2,10000000000000.0,0.03999902795093681,1.0,2.155583441495285e-09,7.897761276671747e-10,0.01,100000.0,0.01,15.124284290526582,18.613676776582036,22.00238858521466,0.999,tdse_dipole_acceleration,raw_fft_harmonic_order_grid,single_mode_bsv_random_phase_gamma_intensity,shared_fig_iv2_intensity_cases,hhg_intensity_prediction,quantum_light_hhg_bsv_threshold_tdse_dipole_acceleration,shared_normalized_raw_spectrum_for_log_display
BSV - 1e13 W/cm^2,10000000000000.0,0.07999805590187362,1.0,6.987757220504368e-10,2.560218144401788e-10,0.01,100000.0,0.01,15.124284290526582,18.613676776582036,22.00238858521466,0.999,tdse_dipole_acceleration,raw_fft_harmonic_order_grid,single_mode_bsv_random_phase_gamma_intensity,shared_fig_iv2_intensity_cases,hhg_intensity_prediction,quantum_light_hhg_bsv_threshold_tdse_dipole_acceleration,shared_normalized_raw_spectrum_for_log_display
BSV - 1e13 W/cm^2,10000000000000.0,0.11999708385281044,1.0,8.266521881605563e-09,3.028739929641313e-09,0.01,100000.0,0.01,15.124284290526582,18.613676776582036,22.00238858521466,0.999,tdse_dipole_acceleration,raw_fft_harmonic_order_grid,single_mode_bsv_random_phase_gamma_intensity,shared_fig_iv2_intensity_cases,hhg_intensity_prediction,quantum_light_hhg_bsv_threshold_tdse_dipole_acceleration,shared_normalized_raw_spectrum_for_log_display
BSV - 1e13 W/cm^2,10000000000000.0,0.15999611180374723,1.0,1.876105809370068e-11,6.873793668550148e-12,0.01,100000.0,0.01,15.124284290526582,18.613676776582036,22.00238858521466,0.999,tdse_dipole_acceleration,raw_fft_harmonic_order_grid,single_mode_bsv_random_phase_gamma_intensity,shared_fig_iv2_intensity_cases,hhg_intensity_prediction,quantum_light_hhg_bsv_threshold_tdse_dipole_acceleration,shared_normalized_raw_spectrum_for_log_display
BSV - 1e13 W/cm^2,10000000000000.0,0.19999513975468405,1.0,1.6629700692350832e-08,6.092893628816503e-09,0.01,100000.0,0.01,15.124284290526582,18.613676776582036,22.00238858521466,0.999,tdse_dipole_acceleration,raw_fft_harmonic_order_grid,single_mode_bsv_random_phase_gamma_intensity,shared_fig_iv2_intensity_cases,hhg_intensity_prediction,quantum_light_hhg_bsv_threshold_tdse_dipole_acceleration,shared_normalized_raw_spectrum_for_log_display
BSV - 1e13 W/cm^2,10000000000000.0,0.23999416770562088,1.0,3.78610147224777e-09,1.3871755099550266e-09,0.01,100000.0,0.01,15.124284290526582,18.613676776582036,22.00238858521466,0.999,tdse_dipole_acceleration,raw_fft_harmonic_order_grid,single_mode_bsv_random_phase_gamma_intensity,shared_fig_iv2_intensity_cases,hhg_intensity_prediction,quantum_light_hhg_bsv_threshold_tdse_dipole_acceleration,shared_normalized_raw_spectrum_for_log_display
BSV - 1e13 W/cm^2,10000000000000.0,0.2799931956565577,1.0,1.7042594545743797e-08,6.244172258255255e-09,0.01,100000.0,0.01,15.124284290526582,18.613676776582036,22.00238858521466,0.999,tdse_dipole_acceleration,raw_fft_harmonic_order_grid,single_mode_bsv_random_phase_gamma_intensity,shared_fig_iv2_intensity_cases,hhg_intensity_prediction,quantum_light_hhg_bsv_threshold_tdse_dipole_acceleration,shared_normalized_raw_spectrum_for_log_display
BSV - 1e13 W/cm^2,10000000000000.0,0.31999222360749446,1.0,2.0232143544325803e-08,7.41277914612289e-09,0.01,100000.0,0.01,15.124284290526582,18.613676776582036,22.00238858521466,0.999,tdse_dipole_acceleration,raw_fft_harmonic_order_grid,single_mode_bsv_random_phase_gamma_intensity,shared_fig_iv2_intensity_cases,hhg_intensity_prediction,quantum_light_hhg_bsv_threshold_tdse_dipole_acceleration,shared_normalized_raw_spectrum_for_log_display
BSV - 1e13 W/cm^2,10000000000000.0,0.3599912515584313,1.0,3.869181661509075e-09,1.4176149487155754e-09,0.01,100000.0,0.01,15.124284290526582,18.613676776582036,22.00238858521466,0.999,tdse_dipole_acceleration,raw_fft_harmonic_order_grid,single_mode_bsv_random_phase_gamma_intensity,shared_fig_iv2_intensity_cases,hhg_intensity_prediction,quantum_light_hhg_bsv_threshold_tdse_dipole_acceleration,shared_normalized_raw_spectrum_for_log_display
BSV - 1e13 W/cm^2,10000000000000.0,0.3999902795093681,1.0,1.972768315467793e-08,7.227951797096121e-09,0.01,100000.0,0.01,15.124284290526582,18.613676776582036,22.00238858521466,0.999,tdse_dipole_acceleration,raw_fft_harmonic_order_grid,single_mode_bsv_random_phase_gamma_intensity,shared_fig_iv2_intensity_cases,hhg_intensity_prediction,quantum_light_hhg_bsv_threshold_tdse_dipole_acceleration,shared_normalized_raw_spectrum_for_log_display
BSV - 1e13 W/cm^2,10000000000000.0,0.43998930746030496,1.0,1.4390939296451764e-08,5.2726422425851195e-09,0.01,100000.0,0.01,15.124284290526582,18.613676776582036,22.00238858521466,0.999,tdse_dipole_acceleration,raw_fft_harmonic_order_grid,single_mode_bsv_random_phase_gamma_intensity,shared_fig_iv2_intensity_cases,hhg_intensity_prediction,quantum_light_hhg_bsv_threshold_tdse_dipole_acceleration,shared_normalized_raw_spectrum_for_log_display
BSV - 1e13 W/cm^2,10000000000000.0,0.47998833541124175,1.0,2.0251983121783475e-08,7.420048094453743e-09,0.01,100000.0,0.01,15.124284290526582,18.613676776582036,22.00238858521466,0.999,tdse_dipole_acceleration,raw_fft_harmonic_order_grid,single_mode_bsv_random_phase_gamma_intensity,shared_fig_iv2_intensity_cases,hhg_intensity_prediction,quantum_light_hhg_bsv_threshold_tdse_dipole_acceleration,shared_normalized_raw_spectrum_for_log_display
BSV - 1e13 W/cm^2,10000000000000.0,0.5199873633621785,1.0,6.900160645853e-08,2.5281239641472414e-08,0.01,100000.0,0.01,15.124284290526582,18.613676776582036,22.00238858521466,0.999,tdse_dipole_acceleration,raw_fft_harmonic_order_grid,single_mode_bsv_random_phase_gamma_intensity,shared_fig_iv2_intensity_cases,hhg_intensity_prediction,quantum_light_hhg_bsv_threshold_tdse_dipole_acceleration,shared_normalized_raw_spectrum_for_log_display
BSV - 1e13 W/cm^2,10000000000000.0,0.5599863913131155,1.0,2.8367740413030238e-08,1.0393549951622063e-08,0.01,100000.0,0.01,15.124284290526582,18.613676776582036,22.00238858521466,0.999,tdse_dipole_acceleration,raw_fft_harmonic_order_grid,single_mode_bsv_random_phase_gamma_intensity,shared_fig_iv2_intensity_cases,hhg_intensity_prediction,quantum_light_hhg_bsv_threshold_tdse_dipole_acceleration,shared_normalized_raw_spectrum_for_log_display
BSV - 1e13 W/cm^2,10000000000000.0,0.5999854192640521,1.0,6.080368253704234e-07,2.2277633061004635e-07,0.022277633061004637,100000.0,0.01,15.124284290526582,18.613676776582036,22.00238858521466,0.999,tdse_dipole_acceleration,raw_fft_harmonic_order_grid,single_mode_bsv_random_phase_gamma_intensity,shared_fig_iv2_intensity_cases,hhg_intensity_prediction,quantum_light_hhg_bsv_threshold_tdse_dipole_acceleration,shared_normalized_raw_spectrum_for_log_display
BSV - 1e13 W/cm^2,10000000000000.0,0.6399844472149889,1.0,1.7315670307241783e-06,6.344223461713211e-07,0.06344223461713211,100000.0,0.01,15.124284290526582,18.613676776582036,22.00238858521466,0.999,tdse_dipole_acceleration,raw_fft_harmonic_order_grid,single_mode_bsv_random_phase_gamma_intensity,shared_fig_iv2_intensity_cases,hhg_intensity_prediction,quantum_light_hhg_bsv_threshold_tdse_dipole_acceleration,shared_normalized_raw_spectrum_for_log_display
BSV - 1e13 W/cm^2,10000000000000.0,0.6799834751659258,1.0,1.5003908658640084e-07,5.4972257868490763e-08,0.01,100000.0,0.01,15.124284290526582,18.613676776582036,22.00238858521466,0.999,tdse_dipole_acceleration,raw_fft_harmonic_order_grid,single_mode_bsv_random_phase_gamma_intensity,shared_fig_iv2_intensity_cases,hhg_intensity_prediction,quantum_light_hhg_bsv_threshold_tdse_dipole_acceleration,shared_normalized_raw_spectrum_for_log_display
BSV - 1e13 W/cm^2,10000000000000.0,0.7199825031168626,1.0,9.311641330278307e-06,3.4116573223217097e-06,0.34116573223217095,100000.0,0.01,15.124284290526582,18.613676776582036,22.00238858521466,0.999,tdse_dipole_acceleration,raw_fft_harmonic_order_grid,single_mode_bsv_random_phase_gamma_intensity,shared_fig_iv2_intensity_cases,hhg_intensity_prediction,quantum_light_hhg_bsv_threshold_tdse_dipole_acceleration,shared_normalized_raw_spectrum_for_log_display
BSV - 1e13 W/cm^2,10000000000000.0,0.7599815310677994,1.0,1.3396225043158835e-06,4.908192620279578e-07,0.049081926202795785,100000.0,0.01,15.124284290526582,18.613676776582036,22.00238858521466,0.999,tdse_dipole_acceleration,raw_fft_harmonic_order_grid,single_mode_bsv_random_phase_gamma_intensity,shared_fig_iv2_intensity_cases,hhg_intensity_prediction,quantum_light_hhg_bsv_threshold_tdse_dipole_acceleration,shared_normalized_raw_spectrum_for_log_display
BSV - 1e13 W/cm^2,10000000000000.0,0.7999805590187362,1.0,9.753855531419147e-05,3.573678523938558e-05,3.5736785239385576,100000.0,0.01,15.124284290526582,18.613676776582036,22.00238858521466,0.999,tdse_dipole_acceleration,raw_fft_harmonic_order_grid,single_mode_bsv_random_phase_gamma_intensity,shared_fig_iv2_intensity_cases,hhg_intensity_prediction,quantum_light_hhg_bsv_threshold_tdse_dipole_acceleration,shared_normalized_raw_spectrum_for_log_display
BSV - 1e13 W/cm^2,10000000000000.0,0.839979586969673,1.0,0.0006335663683054678,0.00023213000403888187,23.213000403888188,100000.0,0.01,15.124284290526582,18.613676776582036,22.00238858521466,0.999,tdse_dipole_acceleration,raw_fft_harmonic_order_grid,single_mode_bsv_random_phase_gamma_intensity,shared_fig_iv2_intensity_cases,hhg_intensity_prediction,quantum_light_hhg_bsv_threshold_tdse_dipole_acceleration,shared_normalized_raw_spectrum_for_log_display
BSV - 1e13 W/cm^2,10000000000000.0,0.8799786149206099,1.0,0.0008853659488088655,0.0003243859073873709,32.43859073873709,100000.0,0.01,15.124284290526582,18.613676776582036,22.00238858521466,0.999,tdse_dipole_acceleration,raw_fft_harmonic_order_grid,single_mode_bsv_random_phase_gamma_intensity,shared_fig_iv2_intensity_cases,hhg_intensity_prediction,quantum_light_hhg_bsv_threshold_tdse_dipole_acceleration,shared_normalized_raw_spectrum_for_log_display
BSV - 1e13 W/cm^2,10000000000000.0,0.9199776428715466,1.0,0.00011811703376689483,4.327645673286508e-05,4.327645673286508,100000.0,0.01,15.124284290526582,18.613676776582036,22.00238858521466,0.999,tdse_dipole_acceleration,raw_fft_harmonic_order_grid,single_mode_bsv_random_phase_gamma_intensity,shared_fig_iv2_intensity_cases,hhg_intensity_prediction,quantum_light_hhg_bsv_threshold_tdse_dipole_acceleration,shared_normalized_raw_spectrum_for_log_display
BSV - 1e13 W/cm^2,10000000000000.0,0.9599766708224835,1.0,1.2733633403734932,0.4665428156081499,46654.28156081499,100000.0,0.01,15.124284290526582,18.613676776582036,22.00238858521466,0.999,tdse_dipole_acceleration,raw_fft_harmonic_order_grid,single_mode_bsv_random_phase_gamma_intensity,shared_fig_iv2_intensity_cases,hhg_intensity_prediction,quantum_light_hhg_bsv_threshold_tdse_dipole_acceleration,shared_normalized_raw_spectrum_for_log_display
BSV - 1e13 W/cm^2,10000000000000.0,0.9999756987734202,1.0,4.633033671686294,1.697479820144572,169747.9820144572,100000.0,0.01,15.124284290526582,18.613676776582036,22.00238858521466,0.999,tdse_dipole_acceleration,raw_fft_harmonic_order_grid,single_mode_bsv_random_phase_gamma_intensity,shared_fig_iv2_intensity_cases,hhg_intensity_prediction,quantum_light_hhg_bsv_threshold_tdse_dipole_acceleration,shared_normalized_raw_spectrum_for_log_display
BSV - 1e13 W/cm^2,10000000000000.0,1.039974726724357,1.0,1.3417764354094097,0.49160843275805355,49160.84327580535,100000.0,0.01,15.124284290526582,18.613676776582036,22.00238858521466,0.999,tdse_dipole_acceleration,raw_fft_harmonic_order_grid,single_mode_bsv_random_phase_gamma_intensity,shared_fig_iv2_intensity_cases,hhg_intensity_prediction,quantum_light_hhg_bsv_threshold_tdse_dipole_acceleration,shared_normalized_raw_spectrum_for_log_display
BSV - 1e13 W/cm^2,10000000000000.0,1.0799737546752939,1.0,0.00035449872879488123,0.0001298834588821783,12.98834588821783,100000.0,0.01,15.124284290526582,18.613676776582036,22.00238858521466,0.999,tdse_dipole_acceleration,raw_fft_harmonic_order_grid,single_mode_bsv_random_phase_gamma_intensity,shared_fig_iv2_intensity_cases,hhg_intensity_prediction,quantum_light_hhg_bsv_threshold_tdse_dipole_acceleration,shared_normalized_raw_spectrum_for_log_display
BSV - 1e13 W/cm^2,10000000000000.0,1.119972782626231,1.0,0.0005123225565450796,0.00018770793885113687,18.770793885113687,100000.0,0.01,15.124284290526582,18.613676776582036,22.00238858521466,0.999,tdse_dipole_acceleration,raw_fft_harmonic_order_grid,single_mode_bsv_random_phase_gamma_intensity,shared_fig_iv2_intensity_cases,hhg_intensity_prediction,quantum_light_hhg_bsv_threshold_tdse_dipole_acceleration,shared_normalized_raw_spectrum_for_log_display
BSV - 1e13 W/cm^2,10000000000000.0,1.1599718105771675,1.0,0.0016428469674355014,0.0006019165351311729,60.19165351311729,100000.0,0.01,15.124284290526582,18.613676776582036,22.00238858521466,0.999,tdse_dipole_acceleration,raw_fft_harmonic_order_grid,single_mode_bsv_random_phase_gamma_intensity,shared_fig_iv2_intensity_cases,hhg_intensity_prediction,quantum_light_hhg_bsv_threshold_tdse_dipole_acceleration,shared_normalized_raw_spectrum_for_log_display
BSV - 1e13 W/cm^2,10000000000000.0,1.1999708385281043,1.0,0.0007131932200578919,0.0002613041874292191,26.130418742921908,100000.0,0.01,15.124284290526582,18.613676776582036,22.00238858521466,0.999,tdse_dipole_acceleration,raw_fft_harmonic_order_grid,single_mode_bsv_random_phase_gamma_intensity,shared_fig_iv2_intensity_cases,hhg_intensity_prediction,quantum_light_hhg_bsv_threshold_tdse_dipole_acceleration,shared_normalized_raw_spectrum_for_log_display
BSV - 1e13 W/cm^2,10000000000000.0,1.239969866479041,1.0,1.3942987490551082e-07,5.108518861492367e-08,0.01,100000.0,0.01,15.124284290526582,18.613676776582036,22.00238858521466,0.999,tdse_dipole_acceleration,raw_fft_harmonic_order_grid,single_mode_bsv_random_phase_gamma_intensity,shared_fig_iv2_intensity_cases,hhg_intensity_prediction,quantum_light_hhg_bsv_threshold_tdse_dipole_acceleration,shared_normalized_raw_spectrum_for_log_display
BSV - 1e13 W/cm^2,10000000000000.0,1.2799688944299779,1.0,0.00018030353194175452,6.606073442598631e-05,6.606073442598631,100000.0,0.01,15.124284290526582,18.613676776582036,22.00238858521466,0.999,tdse_dipole_acceleration,raw_fft_harmonic_order_grid,single_mode_bsv_random_phase_gamma_intensity,shared_fig_iv2_intensity_cases,hhg_intensity_prediction,quantum_light_hhg_bsv_threshold_tdse_dipole_acceleration,shared_normalized_raw_spectrum_for_log_display
BSV - 1e13 W/cm^2,10000000000000.0,1.3199679223809149,1.0,5.0497803867243334e-05,1.850170085102463e-05,1.850170085102463,100000.0,0.01,15.124284290526582,18.613676776582036,22.00238858521466,0.999,tdse_dipole_acceleration,raw_fft_harmonic_order_grid,single_mode_bsv_random_phase_gamma_intensity,shared_fig_iv2_intensity_cases,hhg_intensity_prediction,quantum_light_hhg_bsv_threshold_tdse_dipole_acceleration,shared_normalized_raw_spectrum_for_log_display
BSV - 1e13 W/cm^2,10000000000000.0,1.3599669503318517,1.0,3.2033414801303314e-05,1.1736602634217733e-05,1.1736602634217732,100000.0,0.01,15.124284290526582,18.613676776582036,22.00238858521466,0.999,tdse_dipole_acceleration,raw_fft_harmonic_order_grid,single_mode_bsv_random_phase_gamma_intensity,shared_fig_iv2_intensity_cases,hhg_intensity_prediction,quantum_light_hhg_bsv_threshold_tdse_dipole_acceleration,shared_normalized_raw_spectrum_for_log_display
BSV - 1e13 W/cm^2,10000000000000.0,1.3999659782827885,1.0,7.850760511212157e-05,2.8764106814099725e-05,2.8764106814099724,100000.0,0.01,15.124284290526582,18.613676776582036,22.00238858521466,0.999,tdse_dipole_acceleration,raw_fft_harmonic_order_grid,single_mode_bsv_random_phase_gamma_intensity,shared_fig_iv2_intensity_cases,hhg_intensity_prediction,quantum_light_hhg_bsv_threshold_tdse_dipole_acceleration,shared_normalized_raw_spectrum_for_log_display
BSV - 1e13 W/cm^2,10000000000000.0,1.4399650062337253,1.0,1.4209045131489768e-06,5.205998722096166e-07,0.05205998722096166,100000.0,0.01,15.124284290526582,18.613676776582036,22.00238858521466,0.999,tdse_dipole_acceleration,raw_fft_harmonic_order_grid,single_mode_bsv_random_phase_gamma_intensity,shared_fig_iv2_intensity_cases,hhg_intensity_prediction,quantum_light_hhg_bsv_threshold_tdse_dipole_acceleration,shared_normalized_raw_spectrum_for_log_display
BSV - 1e13 W/cm^2,10000000000000.0,1.4799640341846618,1.0,3.610474714810778e-05,1.322828281388865e-05,1.322828281388865,100000.0,0.01,15.124284290526582,18.613676776582036,22.00238858521466,0.999,tdse_dipole_acceleration,raw_fft_harmonic_order_grid,single_mode_bsv_random_phase_gamma_intensity,shared_fig_iv2_intensity_cases,hhg_intensity_prediction,quantum_light_hhg_bsv_threshold_tdse_dipole_acceleration,shared_normalized_raw_spectrum_for_log_display
BSV - 1e13 W/cm^2,10000000000000.0,1.5199630621355988,1.0,1.8696394430669846e-05,6.850101791721738e-06,0.6850101791721738,100000.0,0.01,15.124284290526582,18.613676776582036,22.00238858521466,0.999,tdse_dipole_acceleration,raw_fft_harmonic_order_grid,single_mode_bsv_random_phase_gamma_intensity,shared_fig_iv2_intensity_cases,hhg_intensity_prediction,quantum_light_hhg_bsv_threshold_tdse_dipole_acceleration,shared_normalized_raw_spectrum_for_log_display
BSV - 1e13 W/cm^2,10000000000000.0,1.5599620900865356,1.0,6.181079644287175e-06,2.2646625745469665e-06,0.22646625745469665,100000.0,0.01,15.124284290526582,18.613676776582036,22.00238858521466,0.999,tdse_dipole_acceleration,raw_fft_harmonic_order_grid,single_mode_bsv_random_phase_gamma_intensity,shared_fig_iv2_intensity_cases,hhg_intensity_prediction,quantum_light_hhg_bsv_threshold_tdse_dipole_acceleration,shared_normalized_raw_spectrum_for_log_display
BSV - 1e13 W/cm^2,10000000000000.0,1.5999611180374724,1.0,2.6473370334191463e-05,9.699478807618464e-06,0.9699478807618463,100000.0,0.01,15.124284290526582,18.613676776582036,22.00238858521466,0.999,tdse_dipole_acceleration,raw_fft_harmonic_order_grid,single_mode_bsv_random_phase_gamma_intensity,shared_fig_iv2_intensity_cases,hhg_intensity_prediction,quantum_light_hhg_bsv_threshold_tdse_dipole_acceleration,shared_normalized_raw_spectrum_for_log_display
BSV - 1e13 W/cm^2,10000000000000.0,1.6399601459884094,1.0,9.77530018794799e-07,3.581535551166765e-07,0.03581535551166765,100000.0,0.01,15.124284290526582,18.613676776582036,22.00238858521466,0.999,tdse_dipole_acceleration,raw_fft_harmonic_order_grid,single_mode_bsv_random_phase_gamma_intensity,shared_fig_iv2_intensity_cases,hhg_intensity_prediction,quantum_light_hhg_bsv_threshold_tdse_dipole_acceleration,shared_normalized_raw_spectrum_for_log_display
BSV - 1e13 W/cm^2,10000000000000.0,1.679959173939346,1.0,1.426801841582879e-05,5.227605722430507e-06,0.5227605722430507,100000.0,0.01,15.124284290526582,18.613676776582036,22.00238858521466,0.999,tdse_dipole_acceleration,raw_fft_harmonic_order_grid,single_mode_bsv_random_phase_gamma_intensity,shared_fig_iv2_intensity_cases,hhg_intensity_prediction,quantum_light_hhg_bsv_threshold_tdse_dipole_acceleration,shared_normalized_raw_spectrum_for_log_display
BSV - 1e13 W/cm^2,10000000000000.0,1.719958201890283,1.0,9.291088559181386e-06,3.404127069649841e-06,0.3404127069649841,100000.0,0.01,15.124284290526582,18.613676776582036,22.00238858521466,0.999,tdse_dipole_acceleration,raw_fft_harmonic_order_grid,single_mode_bsv_random_phase_gamma_intensity,shared_fig_iv2_intensity_cases,hhg_intensity_prediction,quantum_light_hhg_bsv_threshold_tdse_dipole_acceleration,shared_normalized_raw_spectrum_for_log_display
BSV - 1e13 W/cm^2,10000000000000.0,1.7599572298412198,1.0,2.3747324098768735e-06,8.700692957714008e-07,0.08700692957714008,100000.0,0.01,15.124284290526582,18.613676776582036,22.00238858521466,0.999,tdse_dipole_acceleration,raw_fft_harmonic_order_grid,single_mode_bsv_random_phase_gamma_intensity,shared_fig_iv2_intensity_cases,hhg_intensity_prediction,quantum_light_hhg_bsv_threshold_tdse_dipole_acceleration,shared_normalized_raw_spectrum_for_log_display
BSV - 1e13 W/cm^2,10000000000000.0,1.7999562577921564,1.0,1.3205819637712305e-05,4.8384306983304355e-06,0.48384306983304354,100000.0,0.01,15.124284290526582,18.613676776582036,22.00238858521466,0.999,tdse_dipole_acceleration,raw_fft_harmonic_order_grid,single_mode_bsv_random_phase_gamma_intensity,shared_fig_iv2_intensity_cases,hhg_intensity_prediction,quantum_light_hhg_bsv_threshold_tdse_dipole_acceleration,shared_normalized_raw_spectrum_for_log_display
BSV - 1e13 W/cm^2,10000000000000.0,1.8399552857430932,1.0,6.529488306895242e-07,2.3923147169337264e-07,0.023923147169337265,100000.0,0.01,15.124284290526582,18.613676776582036,22.00238858521466,0.999,tdse_dipole_acceleration,raw_fft_harmonic_order_grid,single_mode_bsv_random_phase_gamma_intensity,shared_fig_iv2_intensity_cases,hhg_intensity_prediction,quantum_light_hhg_bsv_threshold_tdse_dipole_acceleration,shared_normalized_raw_spectrum_for_log_display
BSV - 1e13 W/cm^2,10000000000000.0,1.87995431369403,1.0,7.614235990317307e-06,2.7897513498272954e-06,0.2789751349827295,100000.0,0.01,15.124284290526582,18.613676776582036,22.00238858521466,0.999,tdse_dipole_acceleration,raw_fft_harmonic_order_grid,single_mode_bsv_random_phase_gamma_intensity,shared_fig_iv2_intensity_cases,hhg_intensity_prediction,quantum_light_hhg_bsv_threshold_tdse_dipole_acceleration,shared_normalized_raw_spectrum_for_log_display
BSV - 1e13 W/cm^2,10000000000000.0,1.919953341644967,1.0,5.536158390037322e-06,2.028372296459478e-06,0.2028372296459478,100000.0,0.01,15.124284290526582,18.613676776582036,22.00238858521466,0.999,tdse_dipole_acceleration,raw_fft_harmonic_order_grid,single_mode_bsv_random_phase_gamma_intensity,shared_fig_iv2_intensity_cases,hhg_intensity_prediction,quantum_light_hhg_bsv_threshold_tdse_dipole_acceleration,shared_normalized_raw_spectrum_for_log_display
BSV - 1e13 W/cm^2,10000000000000.0,1.9599523695959038,1.0,1.2421157993030552e-06,4.550941463009611e-07,0.04550941463009611,100000.0,0.01,15.124284290526582,18.613676776582036,22.00238858521466,0.999,tdse_dipole_acceleration,raw_fft_harmonic_order_grid,single_mode_bsv_random_phase_gamma_intensity,shared_fig_iv2_intensity_cases,hhg_intensity_prediction,quantum_light_hhg_bsv_threshold_tdse_dipole_acceleration,shared_normalized_raw_spectrum_for_log_display
BSV - 1e13 W/cm^2,10000000000000.0,1.9999513975468404,1.0,7.957184570966756e-06,2.9154029932758043e-06,0.2915402993275804,100000.0,0.01,15.124284290526582,18.613676776582036,22.00238858521466,0.999,tdse_dipole_acceleration,raw_fft_harmonic_order_grid,single_mode_bsv_random_phase_gamma_intensity,shared_fig_iv2_intensity_cases,hhg_intensity_prediction,quantum_light_hhg_bsv_threshold_tdse_dipole_acceleration,shared_normalized_raw_spectrum_for_log_display
BSV - 1e13 W/cm^2,10000000000000.0,2.0399504254977776,3.0,4.5945280083612083e-07,1.683371874662746e-07,0.01683371874662746,100000.0,0.01,15.124284290526582,18.613676776582036,22.00238858521466,0.999,tdse_dipole_acceleration,raw_fft_harmonic_order_grid,single_mode_bsv_random_phase_gamma_intensity,shared_fig_iv2_intensity_cases,hhg_intensity_prediction,quantum_light_hhg_bsv_threshold_tdse_dipole_acceleration,shared_normalized_raw_spectrum_for_log_display
BSV - 1e13 W/cm^2,10000000000000.0,2.079949453448714,3.0,4.778945599653844e-06,1.7509399438550812e-06,0.17509399438550813,100000.0,0.01,15.124284290526582,18.613676776582036,22.00238858521466,0.999,tdse_dipole_acceleration,raw_fft_harmonic_order_grid,single_mode_bsv_random_phase_gamma_intensity,shared_fig_iv2_intensity_cases,hhg_intensity_prediction,quantum_light_hhg_bsv_threshold_tdse_dipole_acceleration,shared_normalized_raw_spectrum_for_log_display
BSV - 1e13 W/cm^2,10000000000000.0,2.1199484813996508,3.0,3.6537078452778076e-06,1.3386683058156138e-06,0.13386683058156137,100000.0,0.01,15.124284290526582,18.613676776582036,22.00238858521466,0.999,tdse_dipole_acceleration,raw_fft_harmonic_order_grid,single_mode_bsv_random_phase_gamma_intensity,shared_fig_iv2_intensity_cases,hhg_intensity_prediction,quantum_light_hhg_bsv_threshold_tdse_dipole_acceleration,shared_normalized_raw_spectrum_for_log_display
BSV - 1e13 W/cm^2,10000000000000.0,2.1599475093505878,3.0,7.805390685633721e-07,2.859787801279934e-07,0.028597878012799338,100000.0,0.01,15.124284290526582,18.613676776582036,22.00238858521466,0.999,tdse_dipole_acceleration,raw_fft_harmonic_order_grid,single_mode_bsv_random_phase_gamma_intensity,shared_fig_iv2_intensity_cases,hhg_intensity_prediction,quantum_light_hhg_bsv_threshold_tdse_dipole_acceleration,shared_normalized_raw_spectrum_for_log_display
BSV - 1e13 W/cm^2,10000000000000.0,2.199946537301525,3.0,5.290378231473157e-06,1.9383218265256495e-06,0.19383218265256494,100000.0,0.01,15.124284290526582,18.613676776582036,22.00238858521466,0.999,tdse_dipole_acceleration,raw_fft_harmonic_order_grid,single_mode_bsv_random_phase_gamma_intensity,shared_fig_iv2_intensity_cases,hhg_intensity_prediction,quantum_light_hhg_bsv_threshold_tdse_dipole_acceleration,shared_normalized_raw_spectrum_for_log_display
BSV - 1e13 W/cm^2,10000000000000.0,2.239945565252462,3.0,3.0877531792531324e-07,1.1313102996425482e-07,0.011313102996425482,100000.0,0.01,15.124284290526582,18.613676776582036,22.00238858521466,0.999,tdse_dipole_acceleration,raw_fft_harmonic_order_grid,single_mode_bsv_random_phase_gamma_intensity,shared_fig_iv2_intensity_cases,hhg_intensity_prediction,quantum_light_hhg_bsv_threshold_tdse_dipole_acceleration,shared_normalized_raw_spectrum_for_log_display
BSV - 1e13 W/cm^2,10000000000000.0,2.2799445932033984,3.0,3.2246412488254104e-06,1.1814642057403027e-06,0.11814642057403027,100000.0,0.01,15.124284290526582,18.613676776582036,22.00238858521466,0.999,tdse_dipole_acceleration,raw_fft_harmonic_order_grid,single_mode_bsv_random_phase_gamma_intensity,shared_fig_iv2_intensity_cases,hhg_intensity_prediction,quantum_light_hhg_bsv_threshold_tdse_dipole_acceleration,shared_normalized_raw_spectrum_for_log_display
BSV - 1e13 W/cm^2,10000000000000.0,2.319943621154335,3.0,2.477406386476742e-06,9.076876287434634e-07,0.09076876287434633,100000.0,0.01,15.124284290526582,18.613676776582036,22.00238858521466,0.999,tdse_dipole_acceleration,raw_fft_harmonic_order_grid,single_mode_bsv_random_phase_gamma_intensity,shared_fig_iv2_intensity_cases,hhg_intensity_prediction,quantum_light_hhg_bsv_threshold_tdse_dipole_acceleration,shared_normalized_raw_spectrum_for_log_display
BSV - 1e13 W/cm^2,10000000000000.0,2.359942649105272,3.0,5.52198286094313e-07,2.0231785775525085e-07,0.020231785775525084,100000.0,0.01,15.124284290526582,18.613676776582036,22.00238858521466,0.999,tdse_dipole_acceleration,raw_fft_harmonic_order_grid,single_mode_bsv_random_phase_gamma_intensity,shared_fig_iv2_intensity_cases,hhg_intensity_prediction,quantum_light_hhg_bsv_threshold_tdse_dipole_acceleration,shared_normalized_raw_spectrum_for_log_display
BSV - 1e13 W/cm^2,10000000000000.0,2.3999416770562085,3.0,3.5781760458610413e-06,1.3109944932826471e-06,0.1310994493282647,100000.0,0.01,15.124284290526582,18.613676776582036,22.00238858521466,0.999,tdse_dipole_acceleration,raw_fft_harmonic_order_grid,single_mode_bsv_random_phase_gamma_intensity,shared_fig_iv2_intensity_cases,hhg_intensity_prediction,quantum_light_hhg_bsv_threshold_tdse_dipole_acceleration,shared_normalized_raw_spectrum_for_log_display
BSV - 1e13 W/cm^2,10000000000000.0,2.439940705007145,3.0,1.8340572607269248e-07,6.719733569172273e-08,0.01,100000.0,0.01,15.124284290526582,18.613676776582036,22.00238858521466,0.999,tdse_dipole_acceleration,raw_fft_harmonic_order_grid,single_mode_bsv_random_phase_gamma_intensity,shared_fig_iv2_intensity_cases,hhg_intensity_prediction,quantum_light_hhg_bsv_threshold_tdse_dipole_acceleration,shared_normalized_raw_spectrum_for_log_display
BSV - 1e13 W/cm^2,10000000000000.0,2.479939732958082,3.0,2.246100375415017e-06,8.229402873945484e-07,0.08229402873945484,100000.0,0.01,15.124284290526582,18.613676776582036,22.00238858521466,0.999,tdse_dipole_acceleration,raw_fft_harmonic_order_grid,single_mode_bsv_random_phase_gamma_intensity,shared_fig_iv2_intensity_cases,hhg_intensity_prediction,quantum_light_hhg_bsv_threshold_tdse_dipole_acceleration,shared_normalized_raw_spectrum_for_log_display
BSV - 1e13 W/cm^2,10000000000000.0,2.519938760909019,3.0,1.4876731782459352e-06,5.450629928453935e-07,0.05450629928453935,100000.0,0.01,15.124284290526582,18.613676776582036,22.00238858521466,0.999,tdse_dipole_acceleration,raw_fft_harmonic_order_grid,single_mode_bsv_random_phase_gamma_intensity,shared_fig_iv2_intensity_cases,hhg_intensity_prediction,quantum_light_hhg_bsv_threshold_tdse_dipole_acceleration,shared_normalized_raw_spectrum_for_log_display
BSV - 1e13 W/cm^2,10000000000000.0,2.5599377888599557,3.0,5.017376871220706e-07,1.8382978826608327e-07,0.018382978826608328,100000.0,0.01,15.124284290526582,18.613676776582036,22.00238858521466,0.999,tdse_dipole_acceleration,raw_fft_harmonic_order_grid,single_mode_bsv_random_phase_gamma_intensity,shared_fig_iv2_intensity_cases,hhg_intensity_prediction,quantum_light_hhg_bsv_threshold_tdse_dipole_acceleration,shared_normalized_raw_spectrum_for_log_display
BSV - 1e13 W/cm^2,10000000000000.0,2.5999368168108927,3.0,2.1046370897852117e-06,7.711100850553236e-07,0.07711100850553236,100000.0,0.01,15.124284290526582,18.613676776582036,22.00238858521466,0.999,tdse_dipole_acceleration,raw_fft_harmonic_order_grid,single_mode_bsv_random_phase_gamma_intensity,shared_fig_iv2_intensity_cases,hhg_intensity_prediction,quantum_light_hhg_bsv_threshold_tdse_dipole_acceleration,shared_normalized_raw_spectrum_for_log_display
BSV - 1e13 W/cm^2,10000000000000.0,2.6399358447618297,3.0,1.5756963484132577e-07,5.7731347183010545e-08,0.01,100000.0,0.01,15.124284290526582,18.613676776582036,22.00238858521466,0.999,tdse_dipole_acceleration,raw_fft_harmonic_order_grid,single_mode_bsv_random_phase_gamma_intensity,shared_fig_iv2_intensity_cases,hhg_intensity_prediction,quantum_light_hhg_bsv_threshold_tdse_dipole_acceleration,shared_normalized_raw_spectrum_for_log_display
BSV - 1e13 W/cm^2,10000000000000.0,2.6799348727127663,3.0,1.500146607779263e-06,5.496330858818882e-07,0.05496330858818882,100000.0,0.01,15.124284290526582,18.613676776582036,22.00238858521466,0.999,tdse_dipole_acceleration,raw_fft_harmonic_order_grid,single_mode_bsv_random_phase_gamma_intensity,shared_fig_iv2_intensity_cases,hhg_intensity_prediction,quantum_light_hhg_bsv_threshold_tdse_dipole_acceleration,shared_normalized_raw_spectrum_for_log_display
BSV - 1e13 W/cm^2,10000000000000.0,2.7199339006637033,3.0,8.150081302500037e-07,2.986077702840436e-07,0.02986077702840436,100000.0,0.01,15.124284290526582,18.613676776582036,22.00238858521466,0.999,tdse_dipole_acceleration,raw_fft_harmonic_order_grid,single_mode_bsv_random_phase_gamma_intensity,shared_fig_iv2_intensity_cases,hhg_intensity_prediction,quantum_light_hhg_bsv_threshold_tdse_dipole_acceleration,shared_normalized_raw_spectrum_for_log_display
BSV - 1e13 W/cm^2,10000000000000.0,2.7599329286146403,3.0,2.223982497072019e-06,8.148366009523157e-07,0.08148366009523157,100000.0,0.01,15.124284290526582,18.613676776582036,22.00238858521466,0.999,tdse_dipole_acceleration,raw_fft_harmonic_order_grid,single_mode_bsv_random_phase_gamma_intensity,shared_fig_iv2_intensity_cases,hhg_intensity_prediction,quantum_light_hhg_bsv_threshold_tdse_dipole_acceleration,shared_normalized_raw_spectrum_for_log_display
BSV - 1e13 W/cm^2,10000000000000.0,2.799931956565577,3.0,9.680638317296423e-07,3.546852743625312e-07,0.03546852743625312,100000.0,0.01,15.124284290526582,18.613676776582036,22.00238858521466,0.999,tdse_dipole_acceleration,raw_fft_harmonic_order_grid,single_mode_bsv_random_phase_gamma_intensity,shared_fig_iv2_intensity_cases,hhg_intensity_prediction,quantum_light_hhg_bsv_threshold_tdse_dipole_acceleration,shared_normalized_raw_spectrum_for_log_display
BSV - 1e13 W/cm^2,10000000000000.0,2.8399309845165135,3.0,1.420679516303646e-05,5.205174364598228e-06,0.5205174364598228,100000.0,0.01,15.124284290526582,18.613676776582036,22.00238858521466,0.999,tdse_dipole_acceleration,raw_fft_harmonic_order_grid,single_mode_bsv_random_phase_gamma_intensity,shared_fig_iv2_intensity_cases,hhg_intensity_prediction,quantum_light_hhg_bsv_threshold_tdse_dipole_acceleration,shared_normalized_raw_spectrum_for_log_display
BSV - 1e13 W/cm^2,10000000000000.0,2.8799300124674505,3.0,3.005811731745664e-05,1.1012880801997233e-05,1.1012880801997234,100000.0,0.01,15.124284290526582,18.613676776582036,22.00238858521466,0.999,tdse_dipole_acceleration,raw_fft_harmonic_order_grid,single_mode_bsv_random_phase_gamma_intensity,shared_fig_iv2_intensity_cases,hhg_intensity_prediction,quantum_light_hhg_bsv_threshold_tdse_dipole_acceleration,shared_normalized_raw_spectrum_for_log_display
BSV - 1e13 W/cm^2,10000000000000.0,2.919929040418387,3.0,3.7024250844840974e-06,1.3565176322626055e-06,0.13565176322626055,100000.0,0.01,15.124284290526582,18.613676776582036,22.00238858521466,0.999,tdse_dipole_acceleration,raw_fft_harmonic_order_grid,single_mode_bsv_random_phase_gamma_intensity,shared_fig_iv2_intensity_cases,hhg_intensity_prediction,quantum_light_hhg_bsv_threshold_tdse_dipole_acceleration,shared_normalized_raw_spectrum_for_log_display
BSV - 1e13 W/cm^2,10000000000000.0,2.9599280683693237,3.0,0.006026651981699314,0.002208082402786726,220.8082402786726,100000.0,0.01,15.124284290526582,18.613676776582036,22.00238858521466,0.999,tdse_dipole_acceleration,raw_fft_harmonic_order_grid,single_mode_bsv_random_phase_gamma_intensity,shared_fig_iv2_intensity_cases,hhg_intensity_prediction,quantum_light_hhg_bsv_threshold_tdse_dipole_acceleration,shared_normalized_raw_spectrum_for_log_display
BSV - 1e13 W/cm^2,10000000000000.0,2.9999270963202607,3.0,0.018788016843715335,0.006883670983797361,688.3670983797361,100000.0,0.01,15.124284290526582,18.613676776582036,22.00238858521466,0.999,tdse_dipole_acceleration,raw_fft_harmonic_order_grid,single_mode_bsv_random_phase_gamma_intensity,shared_fig_iv2_intensity_cases,hhg_intensity_prediction,quantum_light_hhg_bsv_threshold_tdse_dipole_acceleration,shared_normalized_raw_spectrum_for_log_display
BSV - 1e13 W/cm^2,10000000000000.0,3.0399261242711977,3.0,0.006234729385377563,0.0022843191018486054,228.43191018486056,100000.0,0.01,15.124284290526582,18.613676776582036,22.00238858521466,0.999,tdse_dipole_acceleration,raw_fft_harmonic_order_grid,single_mode_bsv_random_phase_gamma_intensity,shared_fig_iv2_intensity_cases,hhg_intensity_prediction,quantum_light_hhg_bsv_threshold_tdse_dipole_acceleration,shared_normalized_raw_spectrum_for_log_display
BSV - 1e13 W/cm^2,10000000000000.0,3.0799251522221343,3.0,1.4046248197985742e-06,5.146352164573108e-07,0.051463521645731085,100000.0,0.01,15.124284290526582,18.613676776582036,22.00238858521466,0.999,tdse_dipole_acceleration,raw_fft_harmonic_order_grid,single_mode_bsv_random_phase_gamma_intensity,shared_fig_iv2_intensity_cases,hhg_intensity_prediction,quantum_light_hhg_bsv_threshold_tdse_dipole_acceleration,shared_normalized_raw_spectrum_for_log_display
BSV - 1e13 W/cm^2,10000000000000.0,3.1199241801730713,3.0,2.8579755838129036e-05,1.0471229487573632e-05,1.0471229487573632,100000.0,0.01,15.124284290526582,18.613676776582036,22.00238858521466,0.999,tdse_dipole_acceleration,raw_fft_harmonic_order_grid,single_mode_bsv_random_phase_gamma_intensity,shared_fig_iv2_intensity_cases,hhg_intensity_prediction,quantum_light_hhg_bsv_threshold_tdse_dipole_acceleration,shared_normalized_raw_spectrum_for_log_display
BSV - 1e13 W/cm^2,10000000000000.0,3.1599232081240083,3.0,2.2760810775656206e-05,8.339248043440855e-06,0.8339248043440854,100000.0,0.01,15.124284290526582,18.613676776582036,22.00238858521466,0.999,tdse_dipole_acceleration,raw_fft_harmonic_order_grid,single_mode_bsv_random_phase_gamma_intensity,shared_fig_iv2_intensity_cases,hhg_intensity_prediction,quantum_light_hhg_bsv_threshold_tdse_dipole_acceleration,shared_normalized_raw_spectrum_for_log_display
BSV - 1e13 W/cm^2,10000000000000.0,3.199922236074945,3.0,1.84727809269012e-06,6.768172879251533e-07,0.06768172879251533,100000.0,0.01,15.124284290526582,18.613676776582036,22.00238858521466,0.999,tdse_dipole_acceleration,raw_fft_harmonic_order_grid,single_mode_bsv_random_phase_gamma_intensity,shared_fig_iv2_intensity_cases,hhg_intensity_prediction,quantum_light_hhg_bsv_threshold_tdse_dipole_acceleration,shared_normalized_raw_spectrum_for_log_display
BSV - 1e13 W/cm^2,10000000000000.0,3.239921264025882,3.0,2.6046502399325933e-06,9.543080266910838e-07,0.09543080266910837,100000.0,0.01,15.124284290526582,18.613676776582036,22.00238858521466,0.999,tdse_dipole_acceleration,raw_fft_harmonic_order_grid,single_mode_bsv_random_phase_gamma_intensity,shared_fig_iv2_intensity_cases,hhg_intensity_prediction,quantum_light_hhg_bsv_threshold_tdse_dipole_acceleration,shared_normalized_raw_spectrum_for_log_display
BSV - 1e13 W/cm^2,10000000000000.0,3.279920291976819,3.0,1.8968262099535119e-06,6.949710366653717e-07,0.06949710366653716,100000.0,0.01,15.124284290526582,18.613676776582036,22.00238858521466,0.999,tdse_dipole_acceleration,raw_fft_harmonic_order_grid,single_mode_bsv_random_phase_gamma_intensity,shared_fig_iv2_intensity_cases,hhg_intensity_prediction,quantum_light_hhg_bsv_threshold_tdse_dipole_acceleration,shared_normalized_raw_spectrum_for_log_display
BSV - 1e13 W/cm^2,10000000000000.0,3.3199193199277555,3.0,5.024127384387582e-07,1.840771177846754e-07,0.01840771177846754,100000.0,0.01,15.124284290526582,18.613676776582036,22.00238858521466,0.999,tdse_dipole_acceleration,raw_fft_harmonic_order_grid,single_mode_bsv_random_phase_gamma_intensity,shared_fig_iv2_intensity_cases,hhg_intensity_prediction,quantum_light_hhg_bsv_threshold_tdse_dipole_acceleration,shared_normalized_raw_spectrum_for_log_display
BSV - 1e13 W/cm^2,10000000000000.0,3.359918347878692,3.0,5.389238871388826e-07,1.974543005380658e-07,0.01974543005380658,100000.0,0.01,15.124284290526582,18.613676776582036,22.00238858521466,0.999,tdse_dipole_acceleration,raw_fft_harmonic_order_grid,single_mode_bsv_random_phase_gamma_intensity,shared_fig_iv2_intensity_cases,hhg_intensity_prediction,quantum_light_hhg_bsv_threshold_tdse_dipole_acceleration,shared_normalized_raw_spectrum_for_log_display
BSV - 1e13 W/cm^2,10000000000000.0,3.399917375829629,3.0,6.993091511789935e-07,2.562172555367407e-07,0.02562172555367407,100000.0,0.01,15.124284290526582,18.613676776582036,22.00238858521466,0.999,tdse_dipole_acceleration,raw_fft_harmonic_order_grid,single_mode_bsv_random_phase_gamma_intensity,shared_fig_iv2_intensity_cases,hhg_intensity_prediction,quantum_light_hhg_bsv_threshold_tdse_dipole_acceleration,shared_normalized_raw_spectrum_for_log_display
BSV - 1e13 W/cm^2,10000000000000.0,3.439916403780566,3.0,1.8324348810172322e-07,6.713789393038512e-08,0.01,100000.0,0.01,15.124284290526582,18.613676776582036,22.00238858521466,0.999,tdse_dipole_acceleration,raw_fft_harmonic_order_grid,single_mode_bsv_random_phase_gamma_intensity,shared_fig_iv2_intensity_cases,hhg_intensity_prediction,quantum_light_hhg_bsv_threshold_tdse_dipole_acceleration,shared_normalized_raw_spectrum_for_log_display
BSV - 1e13 W/cm^2,10000000000000.0,3.4799154317315026,3.0,4.6565404231692134e-07,1.7060923706043845e-07,0.017060923706043844,100000.0,0.01,15.124284290526582,18.613676776582036,22.00238858521466,0.999,tdse_dipole_acceleration,raw_fft_harmonic_order_grid,single_mode_bsv_random_phase_gamma_intensity,shared_fig_iv2_intensity_cases,hhg_intensity_prediction,quantum_light_hhg_bsv_threshold_tdse_dipole_acceleration,shared_normalized_raw_spectrum_for_log_display
BSV - 1e13 W/cm^2,10000000000000.0,3.5199144596824397,3.0,5.460280934638099e-07,2.000571840328275e-07,0.02000571840328275,100000.0,0.01,15.124284290526582,18.613676776582036,22.00238858521466,0.999,tdse_dipole_acceleration,raw_fft_harmonic_order_grid,single_mode_bsv_random_phase_gamma_intensity,shared_fig_iv2_intensity_cases,hhg_intensity_prediction,quantum_light_hhg_bsv_threshold_tdse_dipole_acceleration,shared_normalized_raw_spectrum_for_log_display
BSV - 1e13 W/cm^2,10000000000000.0,3.5599134876333767,3.0,7.240312940800937e-08,2.65275108697146e-08,0.01,100000.0,0.01,15.124284290526582,18.613676776582036,22.00238858521466,0.999,tdse_dipole_acceleration,raw_fft_harmonic_order_grid,single_mode_bsv_random_phase_gamma_intensity,shared_fig_iv2_intensity_cases,hhg_intensity_prediction,quantum_light_hhg_bsv_threshold_tdse_dipole_acceleration,shared_normalized_raw_spectrum_for_log_display
BSV - 1e13 W/cm^2,10000000000000.0,3.599912515584313,3.0,7.814007753500111e-07,2.862944976437413e-07,0.028629449764374128,100000.0,0.01,15.124284290526582,18.613676776582036,22.00238858521466,0.999,tdse_dipole_acceleration,raw_fft_harmonic_order_grid,single_mode_bsv_random_phase_gamma_intensity,shared_fig_iv2_intensity_cases,hhg_intensity_prediction,quantum_light_hhg_bsv_threshold_tdse_dipole_acceleration,shared_normalized_raw_spectrum_for_log_display
BSV - 1e13 W/cm^2,10000000000000.0,3.6399115435352494,3.0,1.1659770474777482e-07,4.271979547527971e-08,0.01,100000.0,0.01,15.124284290526582,18.613676776582036,22.00238858521466,0.999,tdse_dipole_acceleration,raw_fft_harmonic_order_grid,single_mode_bsv_random_phase_gamma_intensity,shared_fig_iv2_intensity_cases,hhg_intensity_prediction,quantum_light_hhg_bsv_threshold_tdse_dipole_acceleration,shared_normalized_raw_spectrum_for_log_display
BSV - 1e13 W/cm^2,10000000000000.0,3.6799105714861864,3.0,5.0767204824166e-07,1.8600405656625025e-07,0.018600405656625026,100000.0,0.01,15.124284290526582,18.613676776582036,22.00238858521466,0.999,tdse_dipole_acceleration,raw_fft_harmonic_order_grid,single_mode_bsv_random_phase_gamma_intensity,shared_fig_iv2_intensity_cases,hhg_intensity_prediction,quantum_light_hhg_bsv_threshold_tdse_dipole_acceleration,shared_normalized_raw_spectrum_for_log_display
BSV - 1e13 W/cm^2,10000000000000.0,3.7199095994371234,3.0,5.855870694554873e-07,2.1455104878969966e-07,0.021455104878969965,100000.0,0.01,15.124284290526582,18.613676776582036,22.00238858521466,0.999,tdse_dipole_acceleration,raw_fft_harmonic_order_grid,single_mode_bsv_random_phase_gamma_intensity,shared_fig_iv2_intensity_cases,hhg_intensity_prediction,quantum_light_hhg_bsv_threshold_tdse_dipole_acceleration,shared_normalized_raw_spectrum_for_log_display
BSV - 1e13 W/cm^2,10000000000000.0,3.75990862738806,3.0,7.159829709412418e-08,2.6232631378600708e-08,0.01,100000.0,0.01,15.124284290526582,18.613676776582036,22.00238858521466,0.999,tdse_dipole_acceleration,raw_fft_harmonic_order_grid,single_mode_bsv_random_phase_gamma_intensity,shared_fig_iv2_intensity_cases,hhg_intensity_prediction,quantum_light_hhg_bsv_threshold_tdse_dipole_acceleration,shared_normalized_raw_spectrum_for_log_display
BSV - 1e13 W/cm^2,10000000000000.0,3.799907655338997,3.0,8.730289501357632e-07,3.1986580074175716e-07,0.031986580074175715,100000.0,0.01,15.124284290526582,18.613676776582036,22.00238858521466,0.999,tdse_dipole_acceleration,raw_fft_harmonic_order_grid,single_mode_bsv_random_phase_gamma_intensity,shared_fig_iv2_intensity_cases,hhg_intensity_prediction,quantum_light_hhg_bsv_threshold_tdse_dipole_acceleration,shared_normalized_raw_spectrum_for_log_display
BSV - 1e13 W/cm^2,10000000000000.0,3.839906683289934,3.0,9.887100372527464e-08,3.62249760123169e-08,0.01,100000.0,0.01,15.124284290526582,18.613676776582036,22.00238858521466,0.999,tdse_dipole_acceleration,raw_fft_harmonic_order_grid,single_mode_bsv_random_phase_gamma_intensity,shared_fig_iv2_intensity_cases,hhg_intensity_prediction,quantum_light_hhg_bsv_threshold_tdse_dipole_acceleration,shared_normalized_raw_spectrum_for_log_display
BSV - 1e13 W/cm^2,10000000000000.0,3.8799057112408706,3.0,5.654594106195468e-07,2.071765514037724e-07,0.02071765514037724,100000.0,0.01,15.124284290526582,18.613676776582036,22.00238858521466,0.999,tdse_dipole_acceleration,raw_fft_harmonic_order_grid,single_mode_bsv_random_phase_gamma_intensity,shared_fig_iv2_intensity_cases,hhg_intensity_prediction,quantum_light_hhg_bsv_threshold_tdse_dipole_acceleration,shared_normalized_raw_spectrum_for_log_display
BSV - 1e13 W/cm^2,10000000000000.0,3.9199047391918076,3.0,5.995927047792598e-07,2.1968252095570156e-07,0.021968252095570157,100000.0,0.01,15.124284290526582,18.613676776582036,22.00238858521466,0.999,tdse_dipole_acceleration,raw_fft_harmonic_order_grid,single_mode_bsv_random_phase_gamma_intensity,shared_fig_iv2_intensity_cases,hhg_intensity_prediction,quantum_light_hhg_bsv_threshold_tdse_dipole_acceleration,shared_normalized_raw_spectrum_for_log_display
BSV - 1e13 W/cm^2,10000000000000.0,3.9599037671427446,3.0,8.383059156529756e-08,3.071437584460311e-08,0.01,100000.0,0.01,15.124284290526582,18.613676776582036,22.00238858521466,0.999,tdse_dipole_acceleration,raw_fft_harmonic_order_grid,single_mode_bsv_random_phase_gamma_intensity,shared_fig_iv2_intensity_cases,hhg_intensity_prediction,quantum_light_hhg_bsv_threshold_tdse_dipole_acceleration,shared_normalized_raw_spectrum_for_log_display
BSV - 1e13 W/cm^2,10000000000000.0,3.9999027950936807,3.0,9.223794932356921e-07,3.3794716102567966e-07,0.033794716102567963,100000.0,0.01,15.124284290526582,18.613676776582036,22.00238858521466,0.999,tdse_dipole_acceleration,raw_fft_harmonic_order_grid,single_mode_bsv_random_phase_gamma_intensity,shared_fig_iv2_intensity_cases,hhg_intensity_prediction,quantum_light_hhg_bsv_threshold_tdse_dipole_acceleration,shared_normalized_raw_spectrum_for_log_display
BSV - 1e13 W/cm^2,10000000000000.0,4.039901823044618,5.0,1.0531882715696234e-07,3.858736984209485e-08,0.01,100000.0,0.01,15.124284290526582,18.613676776582036,22.00238858521466,0.999,tdse_dipole_acceleration,raw_fft_harmonic_order_grid,single_mode_bsv_random_phase_gamma_intensity,shared_fig_iv2_intensity_cases,hhg_intensity_prediction,quantum_light_hhg_bsv_threshold_tdse_dipole_acceleration,shared_normalized_raw_spectrum_for_log_display
BSV - 1e13 W/cm^2,10000000000000.0,4.079900850995555,5.0,6.181641289130115e-07,2.2648683534932334e-07,0.022648683534932334,100000.0,0.01,15.124284290526582,18.613676776582036,22.00238858521466,0.999,tdse_dipole_acceleration,raw_fft_harmonic_order_grid,single_mode_bsv_random_phase_gamma_intensity,shared_fig_iv2_intensity_cases,hhg_intensity_prediction,quantum_light_hhg_bsv_threshold_tdse_dipole_acceleration,shared_normalized_raw_spectrum_for_log_display
BSV - 1e13 W/cm^2,10000000000000.0,4.119899878946492,5.0,6.186174138510563e-07,2.2665291271668824e-07,0.022665291271668823,100000.0,0.01,15.124284290526582,18.613676776582036,22.00238858521466,0.999,tdse_dipole_acceleration,raw_fft_harmonic_order_grid,single_mode_bsv_random_phase_gamma_intensity,shared_fig_iv2_intensity_cases,hhg_intensity_prediction,quantum_light_hhg_bsv_threshold_tdse_dipole_acceleration,shared_normalized_raw_spectrum_for_log_display
BSV - 1e13 W/cm^2,10000000000000.0,4.159898906897428,5.0,8.786699261669828e-08,3.2193257678041035e-08,0.01,100000.0,0.01,15.124284290526582,18.613676776582036,22.00238858521466,0.999,tdse_dipole_acceleration,raw_fft_harmonic_order_grid,single_mode_bsv_random_phase_gamma_intensity,shared_fig_iv2_intensity_cases,hhg_intensity_prediction,quantum_light_hhg_bsv_threshold_tdse_dipole_acceleration,shared_normalized_raw_spectrum_for_log_display
BSV - 1e13 W/cm^2,10000000000000.0,4.199897934848366,5.0,9.228673943484586e-07,3.3812592128339345e-07,0.03381259212833935,100000.0,0.01,15.124284290526582,18.613676776582036,22.00238858521466,0.999,tdse_dipole_acceleration,raw_fft_harmonic_order_grid,single_mode_bsv_random_phase_gamma_intensity,shared_fig_iv2_intensity_cases,hhg_intensity_prediction,quantum_light_hhg_bsv_threshold_tdse_dipole_acceleration,shared_normalized_raw_spectrum_for_log_display
BSV - 1e13 W/cm^2,10000000000000.0,4.2398969627993015,5.0,1.0030413237548651e-07,3.6750054640230315e-08,0.01,100000.0,0.01,15.124284290526582,18.613676776582036,22.00238858521466,0.999,tdse_dipole_acceleration,raw_fft_harmonic_order_grid,single_mode_bsv_random_phase_gamma_intensity,shared_fig_iv2_intensity_cases,hhg_intensity_prediction,quantum_light_hhg_bsv_threshold_tdse_dipole_acceleration,shared_normalized_raw_spectrum_for_log_display
BSV - 1e13 W/cm^2,10000000000000.0,4.279895990750239,5.0,6.194384246291548e-07,2.2695371977459077e-07,0.022695371977459078,100000.0,0.01,15.124284290526582,18.613676776582036,22.00238858521466,0.999,tdse_dipole_acceleration,raw_fft_harmonic_order_grid,single_mode_bsv_random_phase_gamma_intensity,shared_fig_iv2_intensity_cases,hhg_intensity_prediction,quantum_light_hhg_bsv_threshold_tdse_dipole_acceleration,shared_normalized_raw_spectrum_for_log_display
BSV - 1e13 W/cm^2,10000000000000.0,4.3198950187011755,5.0,6.740942027335299e-07,2.469788452023341e-07,0.024697884520233408,100000.0,0.01,15.124284290526582,18.613676776582036,22.00238858521466,0.999,tdse_dipole_acceleration,raw_fft_harmonic_order_grid,single_mode_bsv_random_phase_gamma_intensity,shared_fig_iv2_intensity_cases,hhg_intensity_prediction,quantum_light_hhg_bsv_threshold_tdse_dipole_acceleration,shared_normalized_raw_spectrum_for_log_display
BSV - 1e13 W/cm^2,10000000000000.0,4.359894046652112,5.0,1.31909164939345e-07,4.8329703914101265e-08,0.01,100000.0,0.01,15.124284290526582,18.613676776582036,22.00238858521466,0.999,tdse_dipole_acceleration,raw_fft_harmonic_order_grid,single_mode_bsv_random_phase_gamma_intensity,shared_fig_iv2_intensity_cases,hhg_intensity_prediction,quantum_light_hhg_bsv_threshold_tdse_dipole_acceleration,shared_normalized_raw_spectrum_for_log_display
BSV - 1e13 W/cm^2,10000000000000.0,4.39989307460305,5.0,9.46612931438357e-07,3.468259595056337e-07,0.034682595950563375,100000.0,0.01,15.124284290526582,18.613676776582036,22.00238858521466,0.999,tdse_dipole_acceleration,raw_fft_harmonic_order_grid,single_mode_bsv_random_phase_gamma_intensity,shared_fig_iv2_intensity_cases,hhg_intensity_prediction,quantum_light_hhg_bsv_threshold_tdse_dipole_acceleration,shared_normalized_raw_spectrum_for_log_display
BSV - 1e13 W/cm^2,10000000000000.0,4.439892102553986,5.0,1.310919151716153e-07,4.8030274838673435e-08,0.01,100000.0,0.01,15.124284290526582,18.613676776582036,22.00238858521466,0.999,tdse_dipole_acceleration,raw_fft_harmonic_order_grid,single_mode_bsv_random_phase_gamma_intensity,shared_fig_iv2_intensity_cases,hhg_intensity_prediction,quantum_light_hhg_bsv_threshold_tdse_dipole_acceleration,shared_normalized_raw_spectrum_for_log_display
BSV - 1e13 W/cm^2,10000000000000.0,4.479891130504924,5.0,6.603677097226323e-07,2.4194964694078267e-07,0.024194964694078266,100000.0,0.01,15.124284290526582,18.613676776582036,22.00238858521466,0.999,tdse_dipole_acceleration,raw_fft_harmonic_order_grid,single_mode_bsv_random_phase_gamma_intensity,shared_fig_iv2_intensity_cases,hhg_intensity_prediction,quantum_light_hhg_bsv_threshold_tdse_dipole_acceleration,shared_normalized_raw_spectrum_for_log_display
BSV - 1e13 W/cm^2,10000000000000.0,4.51989015845586,5.0,6.707624493866204e-07,2.457581365969465e-07,0.024575813659694648,100000.0,0.01,15.124284290526582,18.613676776582036,22.00238858521466,0.999,tdse_dipole_acceleration,raw_fft_harmonic_order_grid,single_mode_bsv_random_phase_gamma_intensity,shared_fig_iv2_intensity_cases,hhg_intensity_prediction,quantum_light_hhg_bsv_threshold_tdse_dipole_acceleration,shared_normalized_raw_spectrum_for_log_display
BSV - 1e13 W/cm^2,10000000000000.0,4.559889186406797,5.0,9.244231892530238e-08,3.386959431398981e-08,0.01,100000.0,0.01,15.124284290526582,18.613676776582036,22.00238858521466,0.999,tdse_dipole_acceleration,raw_fft_harmonic_order_grid,single_mode_bsv_random_phase_gamma_intensity,shared_fig_iv2_intensity_cases,hhg_intensity_prediction,quantum_light_hhg_bsv_threshold_tdse_dipole_acceleration,shared_normalized_raw_spectrum_for_log_display
BSV - 1e13 W/cm^2,10000000000000.0,4.599888214357733,5.0,9.755271636671435e-07,3.574197365427591e-07,0.03574197365427591,100000.0,0.01,15.124284290526582,18.613676776582036,22.00238858521466,0.999,tdse_dipole_acceleration,raw_fft_harmonic_order_grid,single_mode_bsv_random_phase_gamma_intensity,shared_fig_iv2_intensity_cases,hhg_intensity_prediction,quantum_light_hhg_bsv_threshold_tdse_dipole_acceleration,shared_normalized_raw_spectrum_for_log_display
BSV - 1e13 W/cm^2,10000000000000.0,4.63988724230867,5.0,2.700736579728304e-07,9.8951274013652e-08,0.01,100000.0,0.01,15.124284290526582,18.613676776582036,22.00238858521466,0.999,tdse_dipole_acceleration,raw_fft_harmonic_order_grid,single_mode_bsv_random_phase_gamma_intensity,shared_fig_iv2_intensity_cases,hhg_intensity_prediction,quantum_light_hhg_bsv_threshold_tdse_dipole_acceleration,shared_normalized_raw_spectrum_for_log_display
BSV - 1e13 W/cm^2,10000000000000.0,4.6798862702596065,5.0,6.593824292069971e-07,2.415886537102146e-07,0.024158865371021458,100000.0,0.01,15.124284290526582,18.613676776582036,22.00238858521466,0.999,tdse_dipole_acceleration,raw_fft_harmonic_order_grid,single_mode_bsv_random_phase_gamma_intensity,shared_fig_iv2_intensity_cases,hhg_intensity_prediction,quantum_light_hhg_bsv_threshold_tdse_dipole_acceleration,shared_normalized_raw_spectrum_for_log_display
BSV - 1e13 W/cm^2,10000000000000.0,4.719885298210544,5.0,1.1359271539551441e-06,4.161880870361337e-07,0.04161880870361337,100000.0,0.01,15.124284290526582,18.613676776582036,22.00238858521466,0.999,tdse_dipole_acceleration,raw_fft_harmonic_order_grid,single_mode_bsv_random_phase_gamma_intensity,shared_fig_iv2_intensity_cases,hhg_intensity_prediction,quantum_light_hhg_bsv_threshold_tdse_dipole_acceleration,shared_normalized_raw_spectrum_for_log_display
BSV - 1e13 W/cm^2,10000000000000.0,4.7598843261614805,5.0,5.000654374919425e-07,1.8321709899971035e-07,0.018321709899971034,100000.0,0.01,15.124284290526582,18.613676776582036,22.00238858521466,0.999,tdse_dipole_acceleration,raw_fft_harmonic_order_grid,single_mode_bsv_random_phase_gamma_intensity,shared_fig_iv2_intensity_cases,hhg_intensity_prediction,quantum_light_hhg_bsv_threshold_tdse_dipole_acceleration,shared_normalized_raw_spectrum_for_log_display
BSV - 1e13 W/cm^2,10000000000000.0,4.799883354112417,5.0,1.150646522104865e-06,4.21581061093742e-07,0.042158106109374205,100000.0,0.01,15.124284290526582,18.613676776582036,22.00238858521466,0.999,tdse_dipole_acceleration,raw_fft_harmonic_order_grid,single_mode_bsv_random_phase_gamma_intensity,shared_fig_iv2_intensity_cases,hhg_intensity_prediction,quantum_light_hhg_bsv_threshold_tdse_dipole_acceleration,shared_normalized_raw_spectrum_for_log_display
BSV - 1e13 W/cm^2,10000000000000.0,4.8398823820633545,5.0,2.023425875110924e-06,7.413554128798336e-07,0.07413554128798336,100000.0,0.01,15.124284290526582,18.613676776582036,22.00238858521466,0.999,tdse_dipole_acceleration,raw_fft_harmonic_order_grid,single_mode_bsv_random_phase_gamma_intensity,shared_fig_iv2_intensity_cases,hhg_intensity_prediction,quantum_light_hhg_bsv_threshold_tdse_dipole_acceleration,shared_normalized_raw_spectrum_for_log_display
BSV - 1e13 W/cm^2,10000000000000.0,4.87988141001429,5.0,4.130428232648529e-06,1.5133320995105922e-06,0.15133320995105923,100000.0,0.01,15.124284290526582,18.613676776582036,22.00238858521466,0.999,tdse_dipole_acceleration,raw_fft_harmonic_order_grid,single_mode_bsv_random_phase_gamma_intensity,shared_fig_iv2_intensity_cases,hhg_intensity_prediction,quantum_light_hhg_bsv_threshold_tdse_dipole_acceleration,shared_normalized_raw_spectrum_for_log_display
BSV - 1e13 W/cm^2,10000000000000.0,4.919880437965228,5.0,1.4980565597620279e-06,5.488673210323748e-07,0.054886732103237475,100000.0,0.01,15.124284290526582,18.613676776582036,22.00238858521466,0.999,tdse_dipole_acceleration,raw_fft_harmonic_order_grid,single_mode_bsv_random_phase_gamma_intensity,shared_fig_iv2_intensity_cases,hhg_intensity_prediction,quantum_light_hhg_bsv_threshold_tdse_dipole_acceleration,shared_normalized_raw_spectrum_for_log_display
BSV - 1e13 W/cm^2,10000000000000.0,4.959879465916164,5.0,0.0004326438213286603,0.0001585147460731344,15.85147460731344,100000.0,0.01,15.124284290526582,18.613676776582036,22.00238858521466,0.999,tdse_dipole_acceleration,raw_fft_harmonic_order_grid,single_mode_bsv_random_phase_gamma_intensity,shared_fig_iv2_intensity_cases,hhg_intensity_prediction,quantum_light_hhg_bsv_threshold_tdse_dipole_acceleration,shared_normalized_raw_spectrum_for_log_display
BSV - 1e13 W/cm^2,10000000000000.0,4.999878493867102,5.0,0.0012596131615782258,0.00046150493920095107,46.15049392009511,100000.0,0.01,15.124284290526582,18.613676776582036,22.00238858521466,0.999,tdse_dipole_acceleration,raw_fft_harmonic_order_grid,single_mode_bsv_random_phase_gamma_intensity,shared_fig_iv2_intensity_cases,hhg_intensity_prediction,quantum_light_hhg_bsv_threshold_tdse_dipole_acceleration,shared_normalized_raw_spectrum_for_log_display
BSV - 1e13 W/cm^2,10000000000000.0,5.039877521818038,5.0,0.0005236061724492316,0.00019184210053716424,19.184210053716424,100000.0,0.01,15.124284290526582,18.613676776582036,22.00238858521466,0.999,tdse_dipole_acceleration,raw_fft_harmonic_order_grid,single_mode_bsv_random_phase_gamma_intensity,shared_fig_iv2_intensity_cases,hhg_intensity_prediction,quantum_light_hhg_bsv_threshold_tdse_dipole_acceleration,shared_normalized_raw_spectrum_for_log_display
BSV - 1e13 W/cm^2,10000000000000.0,5.079876549768976,5.0,2.3866794362867573e-05,8.744465219429797e-06,0.8744465219429797,100000.0,0.01,15.124284290526582,18.613676776582036,22.00238858521466,0.999,tdse_dipole_acceleration,raw_fft_harmonic_order_grid,single_mode_bsv_random_phase_gamma_intensity,shared_fig_iv2_intensity_cases,hhg_intensity_prediction,quantum_light_hhg_bsv_threshold_tdse_dipole_acceleration,shared_normalized_raw_spectrum_for_log_display
BSV - 1e13 W/cm^2,10000000000000.0,5.119875577719911,5.0,2.2222291066050996e-06,8.141941827992557e-07,0.08141941827992556,100000.0,0.01,15.124284290526582,18.613676776582036,22.00238858521466,0.999,tdse_dipole_acceleration,raw_fft_harmonic_order_grid,single_mode_bsv_random_phase_gamma_intensity,shared_fig_iv2_intensity_cases,hhg_intensity_prediction,quantum_light_hhg_bsv_threshold_tdse_dipole_acceleration,shared_normalized_raw_spectrum_for_log_display
BSV - 1e13 W/cm^2,10000000000000.0,5.159874605670849,5.0,3.2621760920279474e-06,1.1952164560807165e-06,0.11952164560807164,100000.0,0.01,15.124284290526582,18.613676776582036,22.00238858521466,0.999,tdse_dipole_acceleration,raw_fft_harmonic_order_grid,single_mode_bsv_random_phase_gamma_intensity,shared_fig_iv2_intensity_cases,hhg_intensity_prediction,quantum_light_hhg_bsv_threshold_tdse_dipole_acceleration,shared_normalized_raw_spectrum_for_log_display
BSV - 1e13 W/cm^2,10000000000000.0,5.1998736336217855,5.0,2.5386876328558742e-06,9.301402346283722e-07,0.09301402346283721,100000.0,0.01,15.124284290526582,18.613676776582036,22.00238858521466,0.999,tdse_dipole_acceleration,raw_fft_harmonic_order_grid,single_mode_bsv_random_phase_gamma_intensity,shared_fig_iv2_intensity_cases,hhg_intensity_prediction,quantum_light_hhg_bsv_threshold_tdse_dipole_acceleration,shared_normalized_raw_spectrum_for_log_display
BSV - 1e13 W/cm^2,10000000000000.0,5.239872661572723,5.0,1.0879093930380208e-06,3.985950398145113e-07,0.03985950398145113,100000.0,0.01,15.124284290526582,18.613676776582036,22.00238858521466,0.999,tdse_dipole_acceleration,raw_fft_harmonic_order_grid,single_mode_bsv_random_phase_gamma_intensity,shared_fig_iv2_intensity_cases,hhg_intensity_prediction,quantum_light_hhg_bsv_threshold_tdse_dipole_acceleration,shared_normalized_raw_spectrum_for_log_display
BSV - 1e13 W/cm^2,10000000000000.0,5.2798716895236595,5.0,1.9408269704671153e-06,7.110923101841266e-07,0.07110923101841266,100000.0,0.01,15.124284290526582,18.613676776582036,22.00238858521466,0.999,tdse_dipole_acceleration,raw_fft_harmonic_order_grid,single_mode_bsv_random_phase_gamma_intensity,shared_fig_iv2_intensity_cases,hhg_intensity_prediction,quantum_light_hhg_bsv_threshold_tdse_dipole_acceleration,shared_normalized_raw_spectrum_for_log_display
BSV - 1e13 W/cm^2,10000000000000.0,5.319870717474597,5.0,1.8806204903715618e-06,6.890334838844809e-07,0.0689033483884481,100000.0,0.01,15.124284290526582,18.613676776582036,22.00238858521466,0.999,tdse_dipole_acceleration,raw_fft_harmonic_order_grid,single_mode_bsv_random_phase_gamma_intensity,shared_fig_iv2_intensity_cases,hhg_intensity_prediction,quantum_light_hhg_bsv_threshold_tdse_dipole_acceleration,shared_normalized_raw_spectrum_for_log_display
BSV - 1e13 W/cm^2,10000000000000.0,5.359869745425533,5.0,6.078347696229137e-07,2.2270230016299e-07,0.022270230016299,100000.0,0.01,15.124284290526582,18.613676776582036,22.00238858521466,0.999,tdse_dipole_acceleration,raw_fft_harmonic_order_grid,single_mode_bsv_random_phase_gamma_intensity,shared_fig_iv2_intensity_cases,hhg_intensity_prediction,quantum_light_hhg_bsv_threshold_tdse_dipole_acceleration,shared_normalized_raw_spectrum_for_log_display
BSV - 1e13 W/cm^2,10000000000000.0,5.399868773376469,5.0,1.7248280802628117e-06,6.31953287401679e-07,0.06319532874016791,100000.0,0.01,15.124284290526582,18.613676776582036,22.00238858521466,0.999,tdse_dipole_acceleration,raw_fft_harmonic_order_grid,single_mode_bsv_random_phase_gamma_intensity,shared_fig_iv2_intensity_cases,hhg_intensity_prediction,quantum_light_hhg_bsv_threshold_tdse_dipole_acceleration,shared_normalized_raw_spectrum_for_log_display
BSV - 1e13 W/cm^2,10000000000000.0,5.439867801327407,5.0,4.834534347803311e-07,1.7713068966764006e-07,0.017713068966764008,100000.0,0.01,15.124284290526582,18.613676776582036,22.00238858521466,0.999,tdse_dipole_acceleration,raw_fft_harmonic_order_grid,single_mode_bsv_random_phase_gamma_intensity,shared_fig_iv2_intensity_cases,hhg_intensity_prediction,quantum_light_hhg_bsv_threshold_tdse_dipole_acceleration,shared_normalized_raw_spectrum_for_log_display
BSV - 1e13 W/cm^2,10000000000000.0,5.479866829278343,5.0,1.4358409364265412e-06,5.260723722809521e-07,0.05260723722809521,100000.0,0.01,15.124284290526582,18.613676776582036,22.00238858521466,0.999,tdse_dipole_acceleration,raw_fft_harmonic_order_grid,single_mode_bsv_random_phase_gamma_intensity,shared_fig_iv2_intensity_cases,hhg_intensity_prediction,quantum_light_hhg_bsv_threshold_tdse_dipole_acceleration,shared_normalized_raw_spectrum_for_log_display
BSV - 1e13 W/cm^2,10000000000000.0,5.519865857229281,5.0,1.0291350896495535e-06,3.770609433639096e-07,0.03770609433639096,100000.0,0.01,15.124284290526582,18.613676776582036,22.00238858521466,0.999,tdse_dipole_acceleration,raw_fft_harmonic_order_grid,single_mode_bsv_random_phase_gamma_intensity,shared_fig_iv2_intensity_cases,hhg_intensity_prediction,quantum_light_hhg_bsv_threshold_tdse_dipole_acceleration,shared_normalized_raw_spectrum_for_log_display
BSV - 1e13 W/cm^2,10000000000000.0,5.559864885180217,5.0,3.068373367802763e-07,1.1242098032537027e-07,0.011242098032537028,100000.0,0.01,15.124284290526582,18.613676776582036,22.00238858521466,0.999,tdse_dipole_acceleration,raw_fft_harmonic_order_grid,single_mode_bsv_random_phase_gamma_intensity,shared_fig_iv2_intensity_cases,hhg_intensity_prediction,quantum_light_hhg_bsv_threshold_tdse_dipole_acceleration,shared_normalized_raw_spectrum_for_log_display
BSV - 1e13 W/cm^2,10000000000000.0,5.599863913131154,5.0,1.8284571607426327e-06,6.699215573000086e-07,0.06699215573000086,100000.0,0.01,15.124284290526582,18.613676776582036,22.00238858521466,0.999,tdse_dipole_acceleration,raw_fft_harmonic_order_grid,single_mode_bsv_random_phase_gamma_intensity,shared_fig_iv2_intensity_cases,hhg_intensity_prediction,quantum_light_hhg_bsv_threshold_tdse_dipole_acceleration,shared_normalized_raw_spectrum_for_log_display
BSV - 1e13 W/cm^2,10000000000000.0,5.6398629410820895,5.0,4.3164719531022785e-07,1.5814959600637388e-07,0.015814959600637387,100000.0,0.01,15.124284290526582,18.613676776582036,22.00238858521466,0.999,tdse_dipole_acceleration,raw_fft_harmonic_order_grid,single_mode_bsv_random_phase_gamma_intensity,shared_fig_iv2_intensity_cases,hhg_intensity_prediction,quantum_light_hhg_bsv_threshold_tdse_dipole_acceleration,shared_normalized_raw_spectrum_for_log_display
BSV - 1e13 W/cm^2,10000000000000.0,5.679861969033027,5.0,1.172951036188682e-06,4.297531283046477e-07,0.04297531283046477,100000.0,0.01,15.124284290526582,18.613676776582036,22.00238858521466,0.999,tdse_dipole_acceleration,raw_fft_harmonic_order_grid,single_mode_bsv_random_phase_gamma_intensity,shared_fig_iv2_intensity_cases,hhg_intensity_prediction,quantum_light_hhg_bsv_threshold_tdse_dipole_acceleration,shared_normalized_raw_spectrum_for_log_display
BSV - 1e13 W/cm^2,10000000000000.0,5.7198609969839636,5.0,1.2402770724195429e-06,4.5442046205847566e-07,0.04544204620584757,100000.0,0.01,15.124284290526582,18.613676776582036,22.00238858521466,0.999,tdse_dipole_acceleration,raw_fft_harmonic_order_grid,single_mode_bsv_random_phase_gamma_intensity,shared_fig_iv2_intensity_cases,hhg_intensity_prediction,quantum_light_hhg_bsv_threshold_tdse_dipole_acceleration,shared_normalized_raw_spectrum_for_log_display
BSV - 1e13 W/cm^2,10000000000000.0,5.759860024934901,5.0,6.548949809672138e-07,2.3994451439011276e-07,0.023994451439011275,100000.0,0.01,15.124284290526582,18.613676776582036,22.00238858521466,0.999,tdse_dipole_acceleration,raw_fft_harmonic_order_grid,single_mode_bsv_random_phase_gamma_intensity,shared_fig_iv2_intensity_cases,hhg_intensity_prediction,quantum_light_hhg_bsv_threshold_tdse_dipole_acceleration,shared_normalized_raw_spectrum_for_log_display
BSV - 1e13 W/cm^2,10000000000000.0,5.799859052885838,5.0,1.4556369377326531e-06,5.333253549091682e-07,0.05333253549091682,100000.0,0.01,15.124284290526582,18.613676776582036,22.00238858521466,0.999,tdse_dipole_acceleration,raw_fft_harmonic_order_grid,single_mode_bsv_random_phase_gamma_intensity,shared_fig_iv2_intensity_cases,hhg_intensity_prediction,quantum_light_hhg_bsv_threshold_tdse_dipole_acceleration,shared_normalized_raw_spectrum_for_log_display
BSV - 1e13 W/cm^2,10000000000000.0,5.839858080836774,5.0,6.659124460845372e-07,2.439811620881633e-07,0.02439811620881633,100000.0,0.01,15.124284290526582,18.613676776582036,22.00238858521466,0.999,tdse_dipole_acceleration,raw_fft_harmonic_order_grid,single_mode_bsv_random_phase_gamma_intensity,shared_fig_iv2_intensity_cases,hhg_intensity_prediction,quantum_light_hhg_bsv_threshold_tdse_dipole_acceleration,shared_normalized_raw_spectrum_for_log_display
BSV - 1e13 W/cm^2,10000000000000.0,5.879857108787712,5.0,1.1657875223868122e-06,4.2712851536597784e-07,0.04271285153659778,100000.0,0.01,15.124284290526582,18.613676776582036,22.00238858521466,0.999,tdse_dipole_acceleration,raw_fft_harmonic_order_grid,single_mode_bsv_random_phase_gamma_intensity,shared_fig_iv2_intensity_cases,hhg_intensity_prediction,quantum_light_hhg_bsv_threshold_tdse_dipole_acceleration,shared_normalized_raw_spectrum_for_log_display
BSV - 1e13 W/cm^2,10000000000000.0,5.919856136738647,5.0,1.1972997793561936e-06,4.386741729379561e-07,0.04386741729379561,100000.0,0.01,15.124284290526582,18.613676776582036,22.00238858521466,0.999,tdse_dipole_acceleration,raw_fft_harmonic_order_grid,single_mode_bsv_random_phase_gamma_intensity,shared_fig_iv2_intensity_cases,hhg_intensity_prediction,quantum_light_hhg_bsv_threshold_tdse_dipole_acceleration,shared_normalized_raw_spectrum_for_log_display
BSV - 1e13 W/cm^2,10000000000000.0,5.959855164689585,5.0,4.721294722730964e-07,1.729817455411217e-07,0.017298174554112172,100000.0,0.01,15.124284290526582,18.613676776582036,22.00238858521466,0.999,tdse_dipole_acceleration,raw_fft_harmonic_order_grid,single_mode_bsv_random_phase_gamma_intensity,shared_fig_iv2_intensity_cases,hhg_intensity_prediction,quantum_light_hhg_bsv_threshold_tdse_dipole_acceleration,shared_normalized_raw_spectrum_for_log_display
BSV - 1e13 W/cm^2,10000000000000.0,5.999854192640521,5.0,1.7401810302541396e-06,6.37578397132531e-07,0.0637578397132531,100000.0,0.01,15.124284290526582,18.613676776582036,22.00238858521466,0.999,tdse_dipole_acceleration,raw_fft_harmonic_order_grid,single_mode_bsv_random_phase_gamma_intensity,shared_fig_iv2_intensity_cases,hhg_intensity_prediction,quantum_light_hhg_bsv_threshold_tdse_dipole_acceleration,shared_normalized_raw_spectrum_for_log_display
BSV - 1e13 W/cm^2,10000000000000.0,6.039853220591459,7.0,1.0574947890205775e-06,3.874515471883274e-07,0.03874515471883274,100000.0,0.01,15.124284290526582,18.613676776582036,22.00238858521466,0.999,tdse_dipole_acceleration,raw_fft_harmonic_order_grid,single_mode_bsv_random_phase_gamma_intensity,shared_fig_iv2_intensity_cases,hhg_intensity_prediction,quantum_light_hhg_bsv_threshold_tdse_dipole_acceleration,shared_normalized_raw_spectrum_for_log_display
BSV - 1e13 W/cm^2,10000000000000.0,6.079852248542395,7.0,9.476333636526865e-07,3.471998318351692e-07,0.03471998318351692,100000.0,0.01,15.124284290526582,18.613676776582036,22.00238858521466,0.999,tdse_dipole_acceleration,raw_fft_harmonic_order_grid,single_mode_bsv_random_phase_gamma_intensity,shared_fig_iv2_intensity_cases,hhg_intensity_prediction,quantum_light_hhg_bsv_threshold_tdse_dipole_acceleration,shared_normalized_raw_spectrum_for_log_display
BSV - 1e13 W/cm^2,10000000000000.0,6.119851276493333,7.0,1.144020357450978e-06,4.1915332549284044e-07,0.04191533254928404,100000.0,0.01,15.124284290526582,18.613676776582036,22.00238858521466,0.999,tdse_dipole_acceleration,raw_fft_harmonic_order_grid,single_mode_bsv_random_phase_gamma_intensity,shared_fig_iv2_intensity_cases,hhg_intensity_prediction,quantum_light_hhg_bsv_threshold_tdse_dipole_acceleration,shared_normalized_raw_spectrum_for_log_display
BSV - 1e13 W/cm^2,10000000000000.0,6.1598503044442685,7.0,3.9826212091239237e-07,1.459177638850838e-07,0.014591776388508379,100000.0,0.01,15.124284290526582,18.613676776582036,22.00238858521466,0.999,tdse_dipole_acceleration,raw_fft_harmonic_order_grid,single_mode_bsv_random_phase_gamma_intensity,shared_fig_iv2_intensity_cases,hhg_intensity_prediction,quantum_light_hhg_bsv_threshold_tdse_dipole_acceleration,shared_normalized_raw_spectrum_for_log_display
BSV - 1e13 W/cm^2,10000000000000.0,6.199849332395206,7.0,1.1724277273064602e-06,4.295613951271613e-07,0.04295613951271613,100000.0,0.01,15.124284290526582,18.613676776582036,22.00238858521466,0.999,tdse_dipole_acceleration,raw_fft_harmonic_order_grid,single_mode_bsv_random_phase_gamma_intensity,shared_fig_iv2_intensity_cases,hhg_intensity_prediction,quantum_light_hhg_bsv_threshold_tdse_dipole_acceleration,shared_normalized_raw_spectrum_for_log_display
BSV - 1e13 W/cm^2,10000000000000.0,6.2398483603461425,7.0,2.6427123823673974e-07,9.682534722183624e-08,0.01,100000.0,0.01,15.124284290526582,18.613676776582036,22.00238858521466,0.999,tdse_dipole_acceleration,raw_fft_harmonic_order_grid,single_mode_bsv_random_phase_gamma_intensity,shared_fig_iv2_intensity_cases,hhg_intensity_prediction,quantum_light_hhg_bsv_threshold_tdse_dipole_acceleration,shared_normalized_raw_spectrum_for_log_display
BSV - 1e13 W/cm^2,10000000000000.0,6.27984738829708,7.0,1.24319698233915e-06,4.554902768960978e-07,0.04554902768960978,100000.0,0.01,15.124284290526582,18.613676776582036,22.00238858521466,0.999,tdse_dipole_acceleration,raw_fft_harmonic_order_grid,single_mode_bsv_random_phase_gamma_intensity,shared_fig_iv2_intensity_cases,hhg_intensity_prediction,quantum_light_hhg_bsv_threshold_tdse_dipole_acceleration,shared_normalized_raw_spectrum_for_log_display
BSV - 1e13 W/cm^2,10000000000000.0,6.319846416248017,7.0,1.561686987468081e-06,5.721806346476587e-07,0.05721806346476587,100000.0,0.01,15.124284290526582,18.613676776582036,22.00238858521466,0.999,tdse_dipole_acceleration,raw_fft_harmonic_order_grid,single_mode_bsv_random_phase_gamma_intensity,shared_fig_iv2_intensity_cases,hhg_intensity_prediction,quantum_light_hhg_bsv_threshold_tdse_dipole_acceleration,shared_normalized_raw_spectrum_for_log_display
BSV - 1e13 W/cm^2,10000000000000.0,6.359845444198954,7.0,9.054213131245673e-07,3.3173391705533443e-07,0.03317339170553344,100000.0,0.01,15.124284290526582,18.613676776582036,22.00238858521466,0.999,tdse_dipole_acceleration,raw_fft_harmonic_order_grid,single_mode_bsv_random_phase_gamma_intensity,shared_fig_iv2_intensity_cases,hhg_intensity_prediction,quantum_light_hhg_bsv_threshold_tdse_dipole_acceleration,shared_normalized_raw_spectrum_for_log_display
BSV - 1e13 W/cm^2,10000000000000.0,6.39984447214989,7.0,2.1519594344922175e-06,7.884483413414754e-07,0.07884483413414754,100000.0,0.01,15.124284290526582,18.613676776582036,22.00238858521466,0.999,tdse_dipole_acceleration,raw_fft_harmonic_order_grid,single_mode_bsv_random_phase_gamma_intensity,shared_fig_iv2_intensity_cases,hhg_intensity_prediction,quantum_light_hhg_bsv_threshold_tdse_dipole_acceleration,shared_normalized_raw_spectrum_for_log_display
BSV - 1e13 W/cm^2,10000000000000.0,6.439843500100826,7.0,5.145510512938633e-07,1.8852442867906024e-07,0.018852442867906025,100000.0,0.01,15.124284290526582,18.613676776582036,22.00238858521466,0.999,tdse_dipole_acceleration,raw_fft_harmonic_order_grid,single_mode_bsv_random_phase_gamma_intensity,shared_fig_iv2_intensity_cases,hhg_intensity_prediction,quantum_light_hhg_bsv_threshold_tdse_dipole_acceleration,shared_normalized_raw_spectrum_for_log_display
BSV - 1e13 W/cm^2,10000000000000.0,6.479842528051764,7.0,2.1229624866771905e-06,7.778242584511219e-07,0.07778242584511219,100000.0,0.01,15.124284290526582,18.613676776582036,22.00238858521466,0.999,tdse_dipole_acceleration,raw_fft_harmonic_order_grid,single_mode_bsv_random_phase_gamma_intensity,shared_fig_iv2_intensity_cases,hhg_intensity_prediction,quantum_light_hhg_bsv_threshold_tdse_dipole_acceleration,shared_normalized_raw_spectrum_for_log_display
BSV - 1e13 W/cm^2,10000000000000.0,6.5198415560027,7.0,1.2240827746630123e-06,4.484870940773365e-07,0.04484870940773365,100000.0,0.01,15.124284290526582,18.613676776582036,22.00238858521466,0.999,tdse_dipole_acceleration,raw_fft_harmonic_order_grid,single_mode_bsv_random_phase_gamma_intensity,shared_fig_iv2_intensity_cases,hhg_intensity_prediction,quantum_light_hhg_bsv_threshold_tdse_dipole_acceleration,shared_normalized_raw_spectrum_for_log_display
BSV - 1e13 W/cm^2,10000000000000.0,6.559840583953638,7.0,5.534263565758708e-07,2.027678058902923e-07,0.02027678058902923,100000.0,0.01,15.124284290526582,18.613676776582036,22.00238858521466,0.999,tdse_dipole_acceleration,raw_fft_harmonic_order_grid,single_mode_bsv_random_phase_gamma_intensity,shared_fig_iv2_intensity_cases,hhg_intensity_prediction,quantum_light_hhg_bsv_threshold_tdse_dipole_acceleration,shared_normalized_raw_spectrum_for_log_display
BSV - 1e13 W/cm^2,10000000000000.0,6.599839611904574,7.0,2.7802668629191275e-06,1.0186515421339744e-06,0.10186515421339744,100000.0,0.01,15.124284290526582,18.613676776582036,22.00238858521466,0.999,tdse_dipole_acceleration,raw_fft_harmonic_order_grid,single_mode_bsv_random_phase_gamma_intensity,shared_fig_iv2_intensity_cases,hhg_intensity_prediction,quantum_light_hhg_bsv_threshold_tdse_dipole_acceleration,shared_normalized_raw_spectrum_for_log_display
BSV - 1e13 W/cm^2,10000000000000.0,6.639838639855511,7.0,4.1056096448863716e-07,1.5042389102794817e-07,0.015042389102794818,100000.0,0.01,15.124284290526582,18.613676776582036,22.00238858521466,0.999,tdse_dipole_acceleration,raw_fft_harmonic_order_grid,single_mode_bsv_random_phase_gamma_intensity,shared_fig_iv2_intensity_cases,hhg_intensity_prediction,quantum_light_hhg_bsv_threshold_tdse_dipole_acceleration,shared_normalized_raw_spectrum_for_log_display
BSV - 1e13 W/cm^2,10000000000000.0,6.679837667806447,7.0,4.355480948208962e-06,1.5957883193881235e-06,0.15957883193881237,100000.0,0.01,15.124284290526582,18.613676776582036,22.00238858521466,0.999,tdse_dipole_acceleration,raw_fft_harmonic_order_grid,single_mode_bsv_random_phase_gamma_intensity,shared_fig_iv2_intensity_cases,hhg_intensity_prediction,quantum_light_hhg_bsv_threshold_tdse_dipole_acceleration,shared_normalized_raw_spectrum_for_log_display
BSV - 1e13 W/cm^2,10000000000000.0,6.719836695757384,7.0,1.5361187791111674e-06,5.62812794740008e-07,0.0562812794740008,100000.0,0.01,15.124284290526582,18.613676776582036,22.00238858521466,0.999,tdse_dipole_acceleration,raw_fft_harmonic_order_grid,single_mode_bsv_random_phase_gamma_intensity,shared_fig_iv2_intensity_cases,hhg_intensity_prediction,quantum_light_hhg_bsv_threshold_tdse_dipole_acceleration,shared_normalized_raw_spectrum_for_log_display
BSV - 1e13 W/cm^2,10000000000000.0,6.759835723708321,7.0,6.717397237055458e-06,2.4611619646714764e-06,0.24611619646714764,100000.0,0.01,15.124284290526582,18.613676776582036,22.00238858521466,0.999,tdse_dipole_acceleration,raw_fft_harmonic_order_grid,single_mode_bsv_random_phase_gamma_intensity,shared_fig_iv2_intensity_cases,hhg_intensity_prediction,quantum_light_hhg_bsv_threshold_tdse_dipole_acceleration,shared_normalized_raw_spectrum_for_log_display
BSV - 1e13 W/cm^2,10000000000000.0,6.799834751659258,7.0,5.2923438121091625e-06,1.9390419882384544e-06,0.19390419882384544,100000.0,0.01,15.124284290526582,18.613676776582036,22.00238858521466,0.999,tdse_dipole_acceleration,raw_fft_harmonic_order_grid,single_mode_bsv_random_phase_gamma_intensity,shared_fig_iv2_intensity_cases,hhg_intensity_prediction,quantum_light_hhg_bsv_threshold_tdse_dipole_acceleration,shared_normalized_raw_spectrum_for_log_display
BSV - 1e13 W/cm^2,10000000000000.0,6.839833779610195,7.0,9.11686012139848e-06,3.3402921661741336e-06,0.33402921661741336,100000.0,0.01,15.124284290526582,18.613676776582036,22.00238858521466,0.999,tdse_dipole_acceleration,raw_fft_harmonic_order_grid,single_mode_bsv_random_phase_gamma_intensity,shared_fig_iv2_intensity_cases,hhg_intensity_prediction,quantum_light_hhg_bsv_threshold_tdse_dipole_acceleration,shared_normalized_raw_spectrum_for_log_display
BSV - 1e13 W/cm^2,10000000000000.0,6.879832807561132,7.0,6.438325606912024e-05,2.3589139574017797e-05,2.35891395740178,100000.0,0.01,15.124284290526582,18.613676776582036,22.00238858521466,0.999,tdse_dipole_acceleration,raw_fft_harmonic_order_grid,single_mode_bsv_random_phase_gamma_intensity,shared_fig_iv2_intensity_cases,hhg_intensity_prediction,quantum_light_hhg_bsv_threshold_tdse_dipole_acceleration,shared_normalized_raw_spectrum_for_log_display
BSV - 1e13 W/cm^2,10000000000000.0,6.919831835512069,7.0,4.0316912792870164e-05,1.4771562377079905e-05,1.4771562377079905,100000.0,0.01,15.124284290526582,18.613676776582036,22.00238858521466,0.999,tdse_dipole_acceleration,raw_fft_harmonic_order_grid,single_mode_bsv_random_phase_gamma_intensity,shared_fig_iv2_intensity_cases,hhg_intensity_prediction,quantum_light_hhg_bsv_threshold_tdse_dipole_acceleration,shared_normalized_raw_spectrum_for_log_display
BSV - 1e13 W/cm^2,10000000000000.0,6.959830863463005,7.0,0.0054570740335849735,0.001999396875886262,199.9396875886262,100000.0,0.01,15.124284290526582,18.613676776582036,22.00238858521466,0.999,tdse_dipole_acceleration,raw_fft_harmonic_order_grid,single_mode_bsv_random_phase_gamma_intensity,shared_fig_iv2_intensity_cases,hhg_intensity_prediction,quantum_light_hhg_bsv_threshold_tdse_dipole_acceleration,shared_normalized_raw_spectrum_for_log_display
BSV - 1e13 W/cm^2,10000000000000.0,6.999829891413942,7.0,0.017775729386456083,0.006512782781239228,651.2782781239227,100000.0,0.01,15.124284290526582,18.613676776582036,22.00238858521466,0.999,tdse_dipole_acceleration,raw_fft_harmonic_order_grid,single_mode_bsv_random_phase_gamma_intensity,shared_fig_iv2_intensity_cases,hhg_intensity_prediction,quantum_light_hhg_bsv_threshold_tdse_dipole_acceleration,shared_normalized_raw_spectrum_for_log_display
BSV - 1e13 W/cm^2,10000000000000.0,7.039828919364879,7.0,0.010930942742142909,0.004004947089708899,400.4947089708899,100000.0,0.01,15.124284290526582,18.613676776582036,22.00238858521466,0.999,tdse_dipole_acceleration,raw_fft_harmonic_order_grid,single_mode_bsv_random_phase_gamma_intensity,shared_fig_iv2_intensity_cases,hhg_intensity_prediction,quantum_light_hhg_bsv_threshold_tdse_dipole_acceleration,shared_normalized_raw_spectrum_for_log_display
BSV - 1e13 W/cm^2,10000000000000.0,7.079827947315816,7.0,0.0007557127545488084,0.00027688276010425894,27.688276010425895,100000.0,0.01,15.124284290526582,18.613676776582036,22.00238858521466,0.999,tdse_dipole_acceleration,raw_fft_harmonic_order_grid,single_mode_bsv_random_phase_gamma_intensity,shared_fig_iv2_intensity_cases,hhg_intensity_prediction,quantum_light_hhg_bsv_threshold_tdse_dipole_acceleration,shared_normalized_raw_spectrum_for_log_display
BSV - 1e13 W/cm^2,10000000000000.0,7.119826975266753,7.0,6.601214955586727e-05,2.4185943745724072e-05,2.4185943745724074,100000.0,0.01,15.124284290526582,18.613676776582036,22.00238858521466,0.999,tdse_dipole_acceleration,raw_fft_harmonic_order_grid,single_mode_bsv_random_phase_gamma_intensity,shared_fig_iv2_intensity_cases,hhg_intensity_prediction,quantum_light_hhg_bsv_threshold_tdse_dipole_acceleration,shared_normalized_raw_spectrum_for_log_display
BSV - 1e13 W/cm^2,10000000000000.0,7.15982600321769,7.0,1.1668554175951713e-05,4.27519777483777e-06,0.42751977748377695,100000.0,0.01,15.124284290526582,18.613676776582036,22.00238858521466,0.999,tdse_dipole_acceleration,raw_fft_harmonic_order_grid,single_mode_bsv_random_phase_gamma_intensity,shared_fig_iv2_intensity_cases,hhg_intensity_prediction,quantum_light_hhg_bsv_threshold_tdse_dipole_acceleration,shared_normalized_raw_spectrum_for_log_display
BSV - 1e13 W/cm^2,10000000000000.0,7.199825031168626,7.0,9.68436515229044e-06,3.5482182047127225e-06,0.35482182047127225,100000.0,0.01,15.124284290526582,18.613676776582036,22.00238858521466,0.999,tdse_dipole_acceleration,raw_fft_harmonic_order_grid,single_mode_bsv_random_phase_gamma_intensity,shared_fig_iv2_intensity_cases,hhg_intensity_prediction,quantum_light_hhg_bsv_threshold_tdse_dipole_acceleration,shared_normalized_raw_spectrum_for_log_display
BSV - 1e13 W/cm^2,10000000000000.0,7.239824059119563,7.0,2.158906750265551e-05,7.909937422958167e-06,0.7909937422958166,100000.0,0.01,15.124284290526582,18.613676776582036,22.00238858521466,0.999,tdse_dipole_acceleration,raw_fft_harmonic_order_grid,single_mode_bsv_random_phase_gamma_intensity,shared_fig_iv2_intensity_cases,hhg_intensity_prediction,quantum_light_hhg_bsv_threshold_tdse_dipole_acceleration,shared_normalized_raw_spectrum_for_log_display
BSV - 1e13 W/cm^2,10000000000000.0,7.279823087070499,7.0,1.7977607219342514e-05,6.58674804282441e-06,0.658674804282441,100000.0,0.01,15.124284290526582,18.613676776582036,22.00238858521466,0.999,tdse_dipole_acceleration,raw_fft_harmonic_order_grid,single_mode_bsv_random_phase_gamma_intensity,shared_fig_iv2_intensity_cases,hhg_intensity_prediction,quantum_light_hhg_bsv_threshold_tdse_dipole_acceleration,shared_normalized_raw_spectrum_for_log_display
BSV - 1e13 W/cm^2,10000000000000.0,7.319822115021437,7.0,4.099384647224896e-05,1.5019581567474326e-05,1.5019581567474327,100000.0,0.01,15.124284290526582,18.613676776582036,22.00238858521466,0.999,tdse_dipole_acceleration,raw_fft_harmonic_order_grid,single_mode_bsv_random_phase_gamma_intensity,shared_fig_iv2_intensity_cases,hhg_intensity_prediction,quantum_light_hhg_bsv_threshold_tdse_dipole_acceleration,shared_normalized_raw_spectrum_for_log_display
BSV - 1e13 W/cm^2,10000000000000.0,7.359821142972373,7.0,7.61230340379775e-06,2.789043276704995e-06,0.2789043276704995,100000.0,0.01,15.124284290526582,18.613676776582036,22.00238858521466,0.999,tdse_dipole_acceleration,raw_fft_harmonic_order_grid,single_mode_bsv_random_phase_gamma_intensity,shared_fig_iv2_intensity_cases,hhg_intensity_prediction,quantum_light_hhg_bsv_threshold_tdse_dipole_acceleration,shared_normalized_raw_spectrum_for_log_display
BSV - 1e13 W/cm^2,10000000000000.0,7.399820170923311,7.0,1.0411994265500793e-05,3.814811504859127e-06,0.38148115048591275,100000.0,0.01,15.124284290526582,18.613676776582036,22.00238858521466,0.999,tdse_dipole_acceleration,raw_fft_harmonic_order_grid,single_mode_bsv_random_phase_gamma_intensity,shared_fig_iv2_intensity_cases,hhg_intensity_prediction,quantum_light_hhg_bsv_threshold_tdse_dipole_acceleration,shared_normalized_raw_spectrum_for_log_display
BSV - 1e13 W/cm^2,10000000000000.0,7.439819198874247,7.0,2.582428610272034e-05,9.461663271929674e-06,0.9461663271929673,100000.0,0.01,15.124284290526582,18.613676776582036,22.00238858521466,0.999,tdse_dipole_acceleration,raw_fft_harmonic_order_grid,single_mode_bsv_random_phase_gamma_intensity,shared_fig_iv2_intensity_cases,hhg_intensity_prediction,quantum_light_hhg_bsv_threshold_tdse_dipole_acceleration,shared_normalized_raw_spectrum_for_log_display
BSV - 1e13 W/cm^2,10000000000000.0,7.479818226825183,7.0,1.8070680940995195e-05,6.620848974414159e-06,0.6620848974414159,100000.0,0.01,15.124284290526582,18.613676776582036,22.00238858521466,0.999,tdse_dipole_acceleration,raw_fft_harmonic_order_grid,single_mode_bsv_random_phase_gamma_intensity,shared_fig_iv2_intensity_cases,hhg_intensity_prediction,quantum_light_hhg_bsv_threshold_tdse_dipole_acceleration,shared_normalized_raw_spectrum_for_log_display
BSV - 1e13 W/cm^2,10000000000000.0,7.51981725477612,7.0,1.596570830190317e-05,5.84961594870756e-06,0.584961594870756,100000.0,0.01,15.124284290526582,18.613676776582036,22.00238858521466,0.999,tdse_dipole_acceleration,raw_fft_harmonic_order_grid,single_mode_bsv_random_phase_gamma_intensity,shared_fig_iv2_intensity_cases,hhg_intensity_prediction,quantum_light_hhg_bsv_threshold_tdse_dipole_acceleration,shared_normalized_raw_spectrum_for_log_display
BSV - 1e13 W/cm^2,10000000000000.0,7.559816282727057,7.0,9.988506029000418e-06,3.6596512391521976e-06,0.36596512391521974,100000.0,0.01,15.124284290526582,18.613676776582036,22.00238858521466,0.999,tdse_dipole_acceleration,raw_fft_harmonic_order_grid,single_mode_bsv_random_phase_gamma_intensity,shared_fig_iv2_intensity_cases,hhg_intensity_prediction,quantum_light_hhg_bsv_threshold_tdse_dipole_acceleration,shared_normalized_raw_spectrum_for_log_display
BSV - 1e13 W/cm^2,10000000000000.0,7.599815310677994,7.0,2.2606971358797908e-05,8.282883396825903e-06,0.8282883396825903,100000.0,0.01,15.124284290526582,18.613676776582036,22.00238858521466,0.999,tdse_dipole_acceleration,raw_fft_harmonic_order_grid,single_mode_bsv_random_phase_gamma_intensity,shared_fig_iv2_intensity_cases,hhg_intensity_prediction,quantum_light_hhg_bsv_threshold_tdse_dipole_acceleration,shared_normalized_raw_spectrum_for_log_display
BSV - 1e13 W/cm^2,10000000000000.0,7.6398143386289314,7.0,3.340273496645155e-05,1.223830271074883e-05,1.223830271074883,100000.0,0.01,15.124284290526582,18.613676776582036,22.00238858521466,0.999,tdse_dipole_acceleration,raw_fft_harmonic_order_grid,single_mode_bsv_random_phase_gamma_intensity,shared_fig_iv2_intensity_cases,hhg_intensity_prediction,quantum_light_hhg_bsv_threshold_tdse_dipole_acceleration,shared_normalized_raw_spectrum_for_log_display
BSV - 1e13 W/cm^2,10000000000000.0,7.679813366579868,7.0,3.313089034798167e-05,1.2138702581164716e-05,1.2138702581164715,100000.0,0.01,15.124284290526582,18.613676776582036,22.00238858521466,0.999,tdse_dipole_acceleration,raw_fft_harmonic_order_grid,single_mode_bsv_random_phase_gamma_intensity,shared_fig_iv2_intensity_cases,hhg_intensity_prediction,quantum_light_hhg_bsv_threshold_tdse_dipole_acceleration,shared_normalized_raw_spectrum_for_log_display
BSV - 1e13 W/cm^2,10000000000000.0,7.719812394530805,7.0,3.676372786771832e-05,1.3469724286727354e-05,1.3469724286727354,100000.0,0.01,15.124284290526582,18.613676776582036,22.00238858521466,0.999,tdse_dipole_acceleration,raw_fft_harmonic_order_grid,single_mode_bsv_random_phase_gamma_intensity,shared_fig_iv2_intensity_cases,hhg_intensity_prediction,quantum_light_hhg_bsv_threshold_tdse_dipole_acceleration,shared_normalized_raw_spectrum_for_log_display
BSV - 1e13 W/cm^2,10000000000000.0,7.759811422481741,7.0,6.122839017891941e-05,2.2433240100071352e-05,2.2433240100071354,100000.0,0.01,15.124284290526582,18.613676776582036,22.00238858521466,0.999,tdse_dipole_acceleration,raw_fft_harmonic_order_grid,single_mode_bsv_random_phase_gamma_intensity,shared_fig_iv2_intensity_cases,hhg_intensity_prediction,quantum_light_hhg_bsv_threshold_tdse_dipole_acceleration,shared_normalized_raw_spectrum_for_log_display
BSV - 1e13 W/cm^2,10000000000000.0,7.799810450432679,7.0,5.362849074202939e-05,1.964874146625214e-05,1.9648741466252142,100000.0,0.01,15.124284290526582,18.613676776582036,22.00238858521466,0.999,tdse_dipole_acceleration,raw_fft_harmonic_order_grid,single_mode_bsv_random_phase_gamma_intensity,shared_fig_iv2_intensity_cases,hhg_intensity_prediction,quantum_light_hhg_bsv_threshold_tdse_dipole_acceleration,shared_normalized_raw_spectrum_for_log_display
BSV - 1e13 W/cm^2,10000000000000.0,7.839809478383615,7.0,8.129761395047141e-05,2.9786327682052122e-05,2.978632768205212,100000.0,0.01,15.124284290526582,18.613676776582036,22.00238858521466,0.999,tdse_dipole_acceleration,raw_fft_harmonic_order_grid,single_mode_bsv_random_phase_gamma_intensity,shared_fig_iv2_intensity_cases,hhg_intensity_prediction,quantum_light_hhg_bsv_threshold_tdse_dipole_acceleration,shared_normalized_raw_spectrum_for_log_display
BSV - 1e13 W/cm^2,10000000000000.0,7.879808506334553,7.0,8.119746500394652e-05,2.974963448537331e-05,2.974963448537331,100000.0,0.01,15.124284290526582,18.613676776582036,22.00238858521466,0.999,tdse_dipole_acceleration,raw_fft_harmonic_order_grid,single_mode_bsv_random_phase_gamma_intensity,shared_fig_iv2_intensity_cases,hhg_intensity_prediction,quantum_light_hhg_bsv_threshold_tdse_dipole_acceleration,shared_normalized_raw_spectrum_for_log_display
BSV - 1e13 W/cm^2,10000000000000.0,7.919807534285489,7.0,0.000100884431221555,3.696266815669886e-05,3.6962668156698864,100000.0,0.01,15.124284290526582,18.613676776582036,22.00238858521466,0.999,tdse_dipole_acceleration,raw_fft_harmonic_order_grid,single_mode_bsv_random_phase_gamma_intensity,shared_fig_iv2_intensity_cases,hhg_intensity_prediction,quantum_light_hhg_bsv_threshold_tdse_dipole_acceleration,shared_normalized_raw_spectrum_for_log_display
BSV - 1e13 W/cm^2,10000000000000.0,7.959806562236426,7.0,0.00012353437151775952,4.5261294781247574e-05,4.526129478124758,100000.0,0.01,15.124284290526582,18.613676776582036,22.00238858521466,0.999,tdse_dipole_acceleration,raw_fft_harmonic_order_grid,single_mode_bsv_random_phase_gamma_intensity,shared_fig_iv2_intensity_cases,hhg_intensity_prediction,quantum_light_hhg_bsv_threshold_tdse_dipole_acceleration,shared_normalized_raw_spectrum_for_log_display
BSV - 1e13 W/cm^2,10000000000000.0,7.9998055901873615,7.0,0.00013528094441225746,4.956507754158526e-05,4.956507754158526,100000.0,0.01,15.124284290526582,18.613676776582036,22.00238858521466,0.999,tdse_dipole_acceleration,raw_fft_harmonic_order_grid,single_mode_bsv_random_phase_gamma_intensity,shared_fig_iv2_intensity_cases,hhg_intensity_prediction,quantum_light_hhg_bsv_threshold_tdse_dipole_acceleration,shared_normalized_raw_spectrum_for_log_display
BSV - 1e13 W/cm^2,10000000000000.0,8.0398046181383,9.0,0.0002229112774300341,8.16716263973123e-05,8.16716263973123,100000.0,0.01,15.124284290526582,18.613676776582036,22.00238858521466,0.999,tdse_dipole_acceleration,raw_fft_harmonic_order_grid,single_mode_bsv_random_phase_gamma_intensity,shared_fig_iv2_intensity_cases,hhg_intensity_prediction,quantum_light_hhg_bsv_threshold_tdse_dipole_acceleration,shared_normalized_raw_spectrum_for_log_display
BSV - 1e13 W/cm^2,10000000000000.0,8.079803646089236,9.0,0.00013529201268197523,4.9569132803390205e-05,4.956913280339021,100000.0,0.01,15.124284290526582,18.613676776582036,22.00238858521466,0.999,tdse_dipole_acceleration,raw_fft_harmonic_order_grid,single_mode_bsv_random_phase_gamma_intensity,shared_fig_iv2_intensity_cases,hhg_intensity_prediction,quantum_light_hhg_bsv_threshold_tdse_dipole_acceleration,shared_normalized_raw_spectrum_for_log_display
BSV - 1e13 W/cm^2,10000000000000.0,8.119802674040173,9.0,0.0002775234321708114,0.00010168076882457657,10.168076882457656,100000.0,0.01,15.124284290526582,18.613676776582036,22.00238858521466,0.999,tdse_dipole_acceleration,raw_fft_harmonic_order_grid,single_mode_bsv_random_phase_gamma_intensity,shared_fig_iv2_intensity_cases,hhg_intensity_prediction,quantum_light_hhg_bsv_threshold_tdse_dipole_acceleration,shared_normalized_raw_spectrum_for_log_display
BSV - 1e13 W/cm^2,10000000000000.0,8.15980170199111,9.0,0.00015394634807681327,5.640382474281246e-05,5.640382474281246,100000.0,0.01,15.124284290526582,18.613676776582036,22.00238858521466,0.999,tdse_dipole_acceleration,raw_fft_harmonic_order_grid,single_mode_bsv_random_phase_gamma_intensity,shared_fig_iv2_intensity_cases,hhg_intensity_prediction,quantum_light_hhg_bsv_threshold_tdse_dipole_acceleration,shared_normalized_raw_spectrum_for_log_display
BSV - 1e13 W/cm^2,10000000000000.0,8.199800729942046,9.0,0.00014442216560785773,5.2914295270314074e-05,5.291429527031408,100000.0,0.01,15.124284290526582,18.613676776582036,22.00238858521466,0.999,tdse_dipole_acceleration,raw_fft_harmonic_order_grid,single_mode_bsv_random_phase_gamma_intensity,shared_fig_iv2_intensity_cases,hhg_intensity_prediction,quantum_light_hhg_bsv_threshold_tdse_dipole_acceleration,shared_normalized_raw_spectrum_for_log_display
BSV - 1e13 W/cm^2,10000000000000.0,8.239799757892984,9.0,8.341730003972991e-05,3.0562951513548654e-05,3.0562951513548655,100000.0,0.01,15.124284290526582,18.613676776582036,22.00238858521466,0.999,tdse_dipole_acceleration,raw_fft_harmonic_order_grid,single_mode_bsv_random_phase_gamma_intensity,shared_fig_iv2_intensity_cases,hhg_intensity_prediction,quantum_light_hhg_bsv_threshold_tdse_dipole_acceleration,shared_normalized_raw_spectrum_for_log_display
BSV - 1e13 W/cm^2,10000000000000.0,8.27979878584392,9.0,0.0003020033835847537,0.00011064988635489705,11.064988635489705,100000.0,0.01,15.124284290526582,18.613676776582036,22.00238858521466,0.999,tdse_dipole_acceleration,raw_fft_harmonic_order_grid,single_mode_bsv_random_phase_gamma_intensity,shared_fig_iv2_intensity_cases,hhg_intensity_prediction,quantum_light_hhg_bsv_threshold_tdse_dipole_acceleration,shared_normalized_raw_spectrum_for_log_display
BSV - 1e13 W/cm^2,10000000000000.0,8.319797813794857,9.0,0.000906287879039433,0.00033205141488883806,33.205141488883804,100000.0,0.01,15.124284290526582,18.613676776582036,22.00238858521466,0.999,tdse_dipole_acceleration,raw_fft_harmonic_order_grid,single_mode_bsv_random_phase_gamma_intensity,shared_fig_iv2_intensity_cases,hhg_intensity_prediction,quantum_light_hhg_bsv_threshold_tdse_dipole_acceleration,shared_normalized_raw_spectrum_for_log_display
BSV - 1e13 W/cm^2,10000000000000.0,8.359796841745792,9.0,0.0004851543235531022,0.00017775387192200915,17.775387192200917,100000.0,0.01,15.124284290526582,18.613676776582036,22.00238858521466,0.999,tdse_dipole_acceleration,raw_fft_harmonic_order_grid,single_mode_bsv_random_phase_gamma_intensity,shared_fig_iv2_intensity_cases,hhg_intensity_prediction,quantum_light_hhg_bsv_threshold_tdse_dipole_acceleration,shared_normalized_raw_spectrum_for_log_display
BSV - 1e13 W/cm^2,10000000000000.0,8.399795869696732,9.0,0.0005683182568878038,0.00020822399335933576,20.822399335933575,100000.0,0.01,15.124284290526582,18.613676776582036,22.00238858521466,0.999,tdse_dipole_acceleration,raw_fft_harmonic_order_grid,single_mode_bsv_random_phase_gamma_intensity,shared_fig_iv2_intensity_cases,hhg_intensity_prediction,quantum_light_hhg_bsv_threshold_tdse_dipole_acceleration,shared_normalized_raw_spectrum_for_log_display
BSV - 1e13 W/cm^2,10000000000000.0,8.439794897647667,9.0,0.0003082464673367971,0.00011293726638179613,11.293726638179614,100000.0,0.01,15.124284290526582,18.613676776582036,22.00238858521466,0.999,tdse_dipole_acceleration,raw_fft_harmonic_order_grid,single_mode_bsv_random_phase_gamma_intensity,shared_fig_iv2_intensity_cases,hhg_intensity_prediction,quantum_light_hhg_bsv_threshold_tdse_dipole_acceleration,shared_normalized_raw_spectrum_for_log_display
BSV - 1e13 W/cm^2,10000000000000.0,8.479793925598603,9.0,0.00029345266551997234,0.00010751702085223191,10.75170208522319,100000.0,0.01,15.124284290526582,18.613676776582036,22.00238858521466,0.999,tdse_dipole_acceleration,raw_fft_harmonic_order_grid,single_mode_bsv_random_phase_gamma_intensity,shared_fig_iv2_intensity_cases,hhg_intensity_prediction,quantum_light_hhg_bsv_threshold_tdse_dipole_acceleration,shared_normalized_raw_spectrum_for_log_display
BSV - 1e13 W/cm^2,10000000000000.0,8.51979295354954,9.0,0.00022620673445448896,8.28790365293284e-05,8.28790365293284,100000.0,0.01,15.124284290526582,18.613676776582036,22.00238858521466,0.999,tdse_dipole_acceleration,raw_fft_harmonic_order_grid,single_mode_bsv_random_phase_gamma_intensity,shared_fig_iv2_intensity_cases,hhg_intensity_prediction,quantum_light_hhg_bsv_threshold_tdse_dipole_acceleration,shared_normalized_raw_spectrum_for_log_display
BSV - 1e13 W/cm^2,10000000000000.0,8.559791981500478,9.0,0.0007439225816676622,0.000272563002908435,27.2563002908435,100000.0,0.01,15.124284290526582,18.613676776582036,22.00238858521466,0.999,tdse_dipole_acceleration,raw_fft_harmonic_order_grid,single_mode_bsv_random_phase_gamma_intensity,shared_fig_iv2_intensity_cases,hhg_intensity_prediction,quantum_light_hhg_bsv_threshold_tdse_dipole_acceleration,shared_normalized_raw_spectrum_for_log_display
BSV - 1e13 W/cm^2,10000000000000.0,8.599791009451414,9.0,0.0015774994227440882,0.0005779740934676105,57.79740934676105,100000.0,0.01,15.124284290526582,18.613676776582036,22.00238858521466,0.999,tdse_dipole_acceleration,raw_fft_harmonic_order_grid,single_mode_bsv_random_phase_gamma_intensity,shared_fig_iv2_intensity_cases,hhg_intensity_prediction,quantum_light_hhg_bsv_threshold_tdse_dipole_acceleration,shared_normalized_raw_spectrum_for_log_display
BSV - 1e13 W/cm^2,10000000000000.0,8.639790037402351,9.0,0.0011965829840491883,0.00043841154899540815,43.84115489954082,100000.0,0.01,15.124284290526582,18.613676776582036,22.00238858521466,0.999,tdse_dipole_acceleration,raw_fft_harmonic_order_grid,single_mode_bsv_random_phase_gamma_intensity,shared_fig_iv2_intensity_cases,hhg_intensity_prediction,quantum_light_hhg_bsv_threshold_tdse_dipole_acceleration,shared_normalized_raw_spectrum_for_log_display
BSV - 1e13 W/cm^2,10000000000000.0,8.679789065353289,9.0,0.0002510950950732785,9.199778957553694e-05,9.199778957553695,100000.0,0.01,15.124284290526582,18.613676776582036,22.00238858521466,0.999,tdse_dipole_acceleration,raw_fft_harmonic_order_grid,single_mode_bsv_random_phase_gamma_intensity,shared_fig_iv2_intensity_cases,hhg_intensity_prediction,quantum_light_hhg_bsv_threshold_tdse_dipole_acceleration,shared_normalized_raw_spectrum_for_log_display
BSV - 1e13 W/cm^2,10000000000000.0,8.719788093304224,9.0,9.15628178958378e-05,3.354735723239115e-05,3.354735723239115,100000.0,0.01,15.124284290526582,18.613676776582036,22.00238858521466,0.999,tdse_dipole_acceleration,raw_fft_harmonic_order_grid,single_mode_bsv_random_phase_gamma_intensity,shared_fig_iv2_intensity_cases,hhg_intensity_prediction,quantum_light_hhg_bsv_threshold_tdse_dipole_acceleration,shared_normalized_raw_spectrum_for_log_display
BSV - 1e13 W/cm^2,10000000000000.0,8.759787121255162,9.0,0.00016930098355864089,6.202955201420343e-05,6.202955201420343,100000.0,0.01,15.124284290526582,18.613676776582036,22.00238858521466,0.999,tdse_dipole_acceleration,raw_fft_harmonic_order_grid,single_mode_bsv_random_phase_gamma_intensity,shared_fig_iv2_intensity_cases,hhg_intensity_prediction,quantum_light_hhg_bsv_threshold_tdse_dipole_acceleration,shared_normalized_raw_spectrum_for_log_display
BSV - 1e13 W/cm^2,10000000000000.0,8.7997861492061,9.0,0.00016557417484181218,6.066410055439284e-05,6.066410055439285,100000.0,0.01,15.124284290526582,18.613676776582036,22.00238858521466,0.999,tdse_dipole_acceleration,raw_fft_harmonic_order_grid,single_mode_bsv_random_phase_gamma_intensity,shared_fig_iv2_intensity_cases,hhg_intensity_prediction,quantum_light_hhg_bsv_threshold_tdse_dipole_acceleration,shared_normalized_raw_spectrum_for_log_display
BSV - 1e13 W/cm^2,10000000000000.0,8.839785177157035,9.0,0.00021314987478726014,7.809518271556721e-05,7.809518271556721,100000.0,0.01,15.124284290526582,18.613676776582036,22.00238858521466,0.999,tdse_dipole_acceleration,raw_fft_harmonic_order_grid,single_mode_bsv_random_phase_gamma_intensity,shared_fig_iv2_intensity_cases,hhg_intensity_prediction,quantum_light_hhg_bsv_threshold_tdse_dipole_acceleration,shared_normalized_raw_spectrum_for_log_display
BSV - 1e13 W/cm^2,10000000000000.0,8.879784205107972,9.0,0.0006204857658728785,0.00022733745120242195,22.733745120242194,100000.0,0.01,15.124284290526582,18.613676776582036,22.00238858521466,0.999,tdse_dipole_acceleration,raw_fft_harmonic_order_grid,single_mode_bsv_random_phase_gamma_intensity,shared_fig_iv2_intensity_cases,hhg_intensity_prediction,quantum_light_hhg_bsv_threshold_tdse_dipole_acceleration,shared_normalized_raw_spectrum_for_log_display
BSV - 1e13 W/cm^2,10000000000000.0,8.91978323305891,9.0,0.0005847409280241164,0.00021424103420605482,21.42410342060548,100000.0,0.01,15.124284290526582,18.613676776582036,22.00238858521466,0.999,tdse_dipole_acceleration,raw_fft_harmonic_order_grid,single_mode_bsv_random_phase_gamma_intensity,shared_fig_iv2_intensity_cases,hhg_intensity_prediction,quantum_light_hhg_bsv_threshold_tdse_dipole_acceleration,shared_normalized_raw_spectrum_for_log_display
BSV - 1e13 W/cm^2,10000000000000.0,8.959782261009847,9.0,0.04226431457373081,0.015485063607370203,1548.5063607370203,100000.0,0.01,15.124284290526582,18.613676776582036,22.00238858521466,0.999,tdse_dipole_acceleration,raw_fft_harmonic_order_grid,single_mode_bsv_random_phase_gamma_intensity,shared_fig_iv2_intensity_cases,hhg_intensity_prediction,quantum_light_hhg_bsv_threshold_tdse_dipole_acceleration,shared_normalized_raw_spectrum_for_log_display
BSV - 1e13 W/cm^2,10000000000000.0,8.999781288960783,9.0,0.12766100260351296,0.046773235658357185,4677.323565835719,100000.0,0.01,15.124284290526582,18.613676776582036,22.00238858521466,0.999,tdse_dipole_acceleration,raw_fft_harmonic_order_grid,single_mode_bsv_random_phase_gamma_intensity,shared_fig_iv2_intensity_cases,hhg_intensity_prediction,quantum_light_hhg_bsv_threshold_tdse_dipole_acceleration,shared_normalized_raw_spectrum_for_log_display
BSV - 1e13 W/cm^2,10000000000000.0,9.03978031691172,9.0,0.08139856664065782,0.029823315359354792,2982.331535935479,100000.0,0.01,15.124284290526582,18.613676776582036,22.00238858521466,0.999,tdse_dipole_acceleration,raw_fft_harmonic_order_grid,single_mode_bsv_random_phase_gamma_intensity,shared_fig_iv2_intensity_cases,hhg_intensity_prediction,quantum_light_hhg_bsv_threshold_tdse_dipole_acceleration,shared_normalized_raw_spectrum_for_log_display
BSV - 1e13 W/cm^2,10000000000000.0,9.079779344862658,9.0,0.007346789835357326,0.0026917627567820414,269.17627567820415,100000.0,0.01,15.124284290526582,18.613676776582036,22.00238858521466,0.999,tdse_dipole_acceleration,raw_fft_harmonic_order_grid,single_mode_bsv_random_phase_gamma_intensity,shared_fig_iv2_intensity_cases,hhg_intensity_prediction,quantum_light_hhg_bsv_threshold_tdse_dipole_acceleration,shared_normalized_raw_spectrum_for_log_display
BSV - 1e13 W/cm^2,10000000000000.0,9.119778372813593,9.0,0.00020798757774396936,7.620378807491728e-05,7.620378807491728,100000.0,0.01,15.124284290526582,18.613676776582036,22.00238858521466,0.999,tdse_dipole_acceleration,raw_fft_harmonic_order_grid,single_mode_bsv_random_phase_gamma_intensity,shared_fig_iv2_intensity_cases,hhg_intensity_prediction,quantum_light_hhg_bsv_threshold_tdse_dipole_acceleration,shared_normalized_raw_spectrum_for_log_display
BSV - 1e13 W/cm^2,10000000000000.0,9.15977740076453,9.0,8.975095182780326e-05,3.2883514423285494e-05,3.2883514423285494,100000.0,0.01,15.124284290526582,18.613676776582036,22.00238858521466,0.999,tdse_dipole_acceleration,raw_fft_harmonic_order_grid,single_mode_bsv_random_phase_gamma_intensity,shared_fig_iv2_intensity_cases,hhg_intensity_prediction,quantum_light_hhg_bsv_threshold_tdse_dipole_acceleration,shared_normalized_raw_spectrum_for_log_display
BSV - 1e13 W/cm^2,10000000000000.0,9.199776428715467,9.0,4.749183797554129e-05,1.740035628873702e-05,1.7400356288737022,100000.0,0.01,15.124284290526582,18.613676776582036,22.00238858521466,0.999,tdse_dipole_acceleration,raw_fft_harmonic_order_grid,single_mode_bsv_random_phase_gamma_intensity,shared_fig_iv2_intensity_cases,hhg_intensity_prediction,quantum_light_hhg_bsv_threshold_tdse_dipole_acceleration,shared_normalized_raw_spectrum_for_log_display
BSV - 1e13 W/cm^2,10000000000000.0,9.239775456666402,9.0,0.00023150413002490734,8.481992941233556e-05,8.481992941233557,100000.0,0.01,15.124284290526582,18.613676776582036,22.00238858521466,0.999,tdse_dipole_acceleration,raw_fft_harmonic_order_grid,single_mode_bsv_random_phase_gamma_intensity,shared_fig_iv2_intensity_cases,hhg_intensity_prediction,quantum_light_hhg_bsv_threshold_tdse_dipole_acceleration,shared_normalized_raw_spectrum_for_log_display
BSV - 1e13 W/cm^2,10000000000000.0,9.27977448461734,9.0,5.9174686910669424e-05,2.1680791466744142e-05,2.168079146674414,100000.0,0.01,15.124284290526582,18.613676776582036,22.00238858521466,0.999,tdse_dipole_acceleration,raw_fft_harmonic_order_grid,single_mode_bsv_random_phase_gamma_intensity,shared_fig_iv2_intensity_cases,hhg_intensity_prediction,quantum_light_hhg_bsv_threshold_tdse_dipole_acceleration,shared_normalized_raw_spectrum_for_log_display
BSV - 1e13 W/cm^2,10000000000000.0,9.319773512568277,9.0,6.066270215196919e-05,2.222597978678814e-05,2.222597978678814,100000.0,0.01,15.124284290526582,18.613676776582036,22.00238858521466,0.999,tdse_dipole_acceleration,raw_fft_harmonic_order_grid,single_mode_bsv_random_phase_gamma_intensity,shared_fig_iv2_intensity_cases,hhg_intensity_prediction,quantum_light_hhg_bsv_threshold_tdse_dipole_acceleration,shared_normalized_raw_spectrum_for_log_display
BSV - 1e13 W/cm^2,10000000000000.0,9.359772540519213,9.0,2.177073699150391e-05,7.976498625209022e-06,0.7976498625209022,100000.0,0.01,15.124284290526582,18.613676776582036,22.00238858521466,0.999,tdse_dipole_acceleration,raw_fft_harmonic_order_grid,single_mode_bsv_random_phase_gamma_intensity,shared_fig_iv2_intensity_cases,hhg_intensity_prediction,quantum_light_hhg_bsv_threshold_tdse_dipole_acceleration,shared_normalized_raw_spectrum_for_log_display
BSV - 1e13 W/cm^2,10000000000000.0,9.39977156847015,9.0,2.43515893910711e-05,8.922087450477038e-06,0.8922087450477038,100000.0,0.01,15.124284290526582,18.613676776582036,22.00238858521466,0.999,tdse_dipole_acceleration,raw_fft_harmonic_order_grid,single_mode_bsv_random_phase_gamma_intensity,shared_fig_iv2_intensity_cases,hhg_intensity_prediction,quantum_light_hhg_bsv_threshold_tdse_dipole_acceleration,shared_normalized_raw_spectrum_for_log_display
BSV - 1e13 W/cm^2,10000000000000.0,9.439770596421088,9.0,2.8566894579760892e-05,1.0466517299385791e-05,1.0466517299385791,100000.0,0.01,15.124284290526582,18.613676776582036,22.00238858521466,0.999,tdse_dipole_acceleration,raw_fft_harmonic_order_grid,single_mode_bsv_random_phase_gamma_intensity,shared_fig_iv2_intensity_cases,hhg_intensity_prediction,quantum_light_hhg_bsv_threshold_tdse_dipole_acceleration,shared_normalized_raw_spectrum_for_log_display
BSV - 1e13 W/cm^2,10000000000000.0,9.479769624372025,9.0,7.572198749094901e-05,2.774349482772957e-05,2.774349482772957,100000.0,0.01,15.124284290526582,18.613676776582036,22.00238858521466,0.999,tdse_dipole_acceleration,raw_fft_harmonic_order_grid,single_mode_bsv_random_phase_gamma_intensity,shared_fig_iv2_intensity_cases,hhg_intensity_prediction,quantum_light_hhg_bsv_threshold_tdse_dipole_acceleration,shared_normalized_raw_spectrum_for_log_display
BSV - 1e13 W/cm^2,10000000000000.0,9.519768652322961,9.0,5.337167102051384e-05,1.9554646252277765e-05,1.9554646252277765,100000.0,0.01,15.124284290526582,18.613676776582036,22.00238858521466,0.999,tdse_dipole_acceleration,raw_fft_harmonic_order_grid,single_mode_bsv_random_phase_gamma_intensity,shared_fig_iv2_intensity_cases,hhg_intensity_prediction,quantum_light_hhg_bsv_threshold_tdse_dipole_acceleration,shared_normalized_raw_spectrum_for_log_display
BSV - 1e13 W/cm^2,10000000000000.0,9.559767680273898,9.0,4.891791130361738e-05,1.792284994365028e-05,1.792284994365028,100000.0,0.01,15.124284290526582,18.613676776582036,22.00238858521466,0.999,tdse_dipole_acceleration,raw_fft_harmonic_order_grid,single_mode_bsv_random_phase_gamma_intensity,shared_fig_iv2_intensity_cases,hhg_intensity_prediction,quantum_light_hhg_bsv_threshold_tdse_dipole_acceleration,shared_normalized_raw_spectrum_for_log_display
BSV - 1e13 W/cm^2,10000000000000.0,9.599766708224834,9.0,6.206736038958021e-05,2.274062724707234e-05,2.274062724707234,100000.0,0.01,15.124284290526582,18.613676776582036,22.00238858521466,0.999,tdse_dipole_acceleration,raw_fft_harmonic_order_grid,single_mode_bsv_random_phase_gamma_intensity,shared_fig_iv2_intensity_cases,hhg_intensity_prediction,quantum_light_hhg_bsv_threshold_tdse_dipole_acceleration,shared_normalized_raw_spectrum_for_log_display
BSV - 1e13 W/cm^2,10000000000000.0,9.639765736175772,9.0,6.294287080226769e-05,2.3061402221566e-05,2.3061402221566,100000.0,0.01,15.124284290526582,18.613676776582036,22.00238858521466,0.999,tdse_dipole_acceleration,raw_fft_harmonic_order_grid,single_mode_bsv_random_phase_gamma_intensity,shared_fig_iv2_intensity_cases,hhg_intensity_prediction,quantum_light_hhg_bsv_threshold_tdse_dipole_acceleration,shared_normalized_raw_spectrum_for_log_display
BSV - 1e13 W/cm^2,10000000000000.0,9.679764764126709,9.0,7.588697376428867e-05,2.7803943529258865e-05,2.7803943529258865,100000.0,0.01,15.124284290526582,18.613676776582036,22.00238858521466,0.999,tdse_dipole_acceleration,raw_fft_harmonic_order_grid,single_mode_bsv_random_phase_gamma_intensity,shared_fig_iv2_intensity_cases,hhg_intensity_prediction,quantum_light_hhg_bsv_threshold_tdse_dipole_acceleration,shared_normalized_raw_spectrum_for_log_display
BSV - 1e13 W/cm^2,10000000000000.0,9.719763792077645,9.0,8.590128523423401e-05,3.1473049527076344e-05,3.147304952707634,100000.0,0.01,15.124284290526582,18.613676776582036,22.00238858521466,0.999,tdse_dipole_acceleration,raw_fft_harmonic_order_grid,single_mode_bsv_random_phase_gamma_intensity,shared_fig_iv2_intensity_cases,hhg_intensity_prediction,quantum_light_hhg_bsv_threshold_tdse_dipole_acceleration,shared_normalized_raw_spectrum_for_log_display
BSV - 1e13 W/cm^2,10000000000000.0,9.75976282002858,9.0,9.105139091462682e-05,3.3359977420025766e-05,3.3359977420025766,100000.0,0.01,15.124284290526582,18.613676776582036,22.00238858521466,0.999,tdse_dipole_acceleration,raw_fft_harmonic_order_grid,single_mode_bsv_random_phase_gamma_intensity,shared_fig_iv2_intensity_cases,hhg_intensity_prediction,quantum_light_hhg_bsv_threshold_tdse_dipole_acceleration,shared_normalized_raw_spectrum_for_log_display
BSV - 1e13 W/cm^2,10000000000000.0,9.79976184797952,9.0,9.421550306073007e-05,3.451926459497299e-05,3.451926459497299,100000.0,0.01,15.124284290526582,18.613676776582036,22.00238858521466,0.999,tdse_dipole_acceleration,raw_fft_harmonic_order_grid,single_mode_bsv_random_phase_gamma_intensity,shared_fig_iv2_intensity_cases,hhg_intensity_prediction,quantum_light_hhg_bsv_threshold_tdse_dipole_acceleration,shared_normalized_raw_spectrum_for_log_display
BSV - 1e13 W/cm^2,10000000000000.0,9.839760875930455,9.0,0.00010516996387165333,3.853282838164384e-05,3.853282838164384,100000.0,0.01,15.124284290526582,18.613676776582036,22.00238858521466,0.999,tdse_dipole_acceleration,raw_fft_harmonic_order_grid,single_mode_bsv_random_phase_gamma_intensity,shared_fig_iv2_intensity_cases,hhg_intensity_prediction,quantum_light_hhg_bsv_threshold_tdse_dipole_acceleration,shared_normalized_raw_spectrum_for_log_display
BSV - 1e13 W/cm^2,10000000000000.0,9.879759903881393,9.0,7.565782266996803e-05,2.7719985719767756e-05,2.7719985719767757,100000.0,0.01,15.124284290526582,18.613676776582036,22.00238858521466,0.999,tdse_dipole_acceleration,raw_fft_harmonic_order_grid,single_mode_bsv_random_phase_gamma_intensity,shared_fig_iv2_intensity_cases,hhg_intensity_prediction,quantum_light_hhg_bsv_threshold_tdse_dipole_acceleration,shared_normalized_raw_spectrum_for_log_display
BSV - 1e13 W/cm^2,10000000000000.0,9.919758931832328,9.0,8.298597253975072e-05,3.0404919049514872e-05,3.0404919049514874,100000.0,0.01,15.124284290526582,18.613676776582036,22.00238858521466,0.999,tdse_dipole_acceleration,raw_fft_harmonic_order_grid,single_mode_bsv_random_phase_gamma_intensity,shared_fig_iv2_intensity_cases,hhg_intensity_prediction,quantum_light_hhg_bsv_threshold_tdse_dipole_acceleration,shared_normalized_raw_spectrum_for_log_display
BSV - 1e13 W/cm^2,10000000000000.0,9.959757959783268,9.0,6.928611838515009e-05,2.5385480898551874e-05,2.5385480898551873,100000.0,0.01,15.124284290526582,18.613676776582036,22.00238858521466,0.999,tdse_dipole_acceleration,raw_fft_harmonic_order_grid,single_mode_bsv_random_phase_gamma_intensity,shared_fig_iv2_intensity_cases,hhg_intensity_prediction,quantum_light_hhg_bsv_threshold_tdse_dipole_acceleration,shared_normalized_raw_spectrum_for_log_display
BSV - 1e13 W/cm^2,10000000000000.0,9.999756987734203,9.0,0.0001293737238234385,4.740075315863446e-05,4.740075315863446,100000.0,0.01,15.124284290526582,18.613676776582036,22.00238858521466,0.999,tdse_dipole_acceleration,raw_fft_harmonic_order_grid,single_mode_bsv_random_phase_gamma_intensity,shared_fig_iv2_intensity_cases,hhg_intensity_prediction,quantum_light_hhg_bsv_threshold_tdse_dipole_acceleration,shared_normalized_raw_spectrum_for_log_display
BSV - 1e13 W/cm^2,10000000000000.0,10.03975601568514,11.0,0.00025737445166915877,9.429845947356487e-05,9.429845947356487,100000.0,0.01,15.124284290526582,18.613676776582036,22.00238858521466,0.999,tdse_dipole_acceleration,raw_fft_harmonic_order_grid,single_mode_bsv_random_phase_gamma_intensity,shared_fig_iv2_intensity_cases,hhg_intensity_prediction,quantum_light_hhg_bsv_threshold_tdse_dipole_acceleration,shared_normalized_raw_spectrum_for_log_display
BSV - 1e13 W/cm^2,10000000000000.0,10.079755043636077,11.0,0.00012716134395256382,4.6590167600352304e-05,4.659016760035231,100000.0,0.01,15.124284290526582,18.613676776582036,22.00238858521466,0.999,tdse_dipole_acceleration,raw_fft_harmonic_order_grid,single_mode_bsv_random_phase_gamma_intensity,shared_fig_iv2_intensity_cases,hhg_intensity_prediction,quantum_light_hhg_bsv_threshold_tdse_dipole_acceleration,shared_normalized_raw_spectrum_for_log_display
BSV - 1e13 W/cm^2,10000000000000.0,10.119754071587016,11.0,5.228584736008452e-05,1.915681539620643e-05,1.915681539620643,100000.0,0.01,15.124284290526582,18.613676776582036,22.00238858521466,0.999,tdse_dipole_acceleration,raw_fft_harmonic_order_grid,single_mode_bsv_random_phase_gamma_intensity,shared_fig_iv2_intensity_cases,hhg_intensity_prediction,quantum_light_hhg_bsv_threshold_tdse_dipole_acceleration,shared_normalized_raw_spectrum_for_log_display
BSV - 1e13 W/cm^2,10000000000000.0,10.159753099537951,11.0,7.016626063030624e-05,2.5707952912761417e-05,2.570795291276142,100000.0,0.01,15.124284290526582,18.613676776582036,22.00238858521466,0.999,tdse_dipole_acceleration,raw_fft_harmonic_order_grid,single_mode_bsv_random_phase_gamma_intensity,shared_fig_iv2_intensity_cases,hhg_intensity_prediction,quantum_light_hhg_bsv_threshold_tdse_dipole_acceleration,shared_normalized_raw_spectrum_for_log_display
BSV - 1e13 W/cm^2,10000000000000.0,10.199752127488887,11.0,0.00012006699086994828,4.3990894198064e-05,4.3990894198064,100000.0,0.01,15.124284290526582,18.613676776582036,22.00238858521466,0.999,tdse_dipole_acceleration,raw_fft_harmonic_order_grid,single_mode_bsv_random_phase_gamma_intensity,shared_fig_iv2_intensity_cases,hhg_intensity_prediction,quantum_light_hhg_bsv_threshold_tdse_dipole_acceleration,shared_normalized_raw_spectrum_for_log_display
BSV - 1e13 W/cm^2,10000000000000.0,10.239751155439823,11.0,6.14224474550297e-05,2.250434001720827e-05,2.250434001720827,100000.0,0.01,15.124284290526582,18.613676776582036,22.00238858521466,0.999,tdse_dipole_acceleration,raw_fft_harmonic_order_grid,single_mode_bsv_random_phase_gamma_intensity,shared_fig_iv2_intensity_cases,hhg_intensity_prediction,quantum_light_hhg_bsv_threshold_tdse_dipole_acceleration,shared_normalized_raw_spectrum_for_log_display
BSV - 1e13 W/cm^2,10000000000000.0,10.279750183390759,11.0,2.5775152376782246e-05,9.443661350472005e-06,0.9443661350472006,100000.0,0.01,15.124284290526582,18.613676776582036,22.00238858521466,0.999,tdse_dipole_acceleration,raw_fft_harmonic_order_grid,single_mode_bsv_random_phase_gamma_intensity,shared_fig_iv2_intensity_cases,hhg_intensity_prediction,quantum_light_hhg_bsv_threshold_tdse_dipole_acceleration,shared_normalized_raw_spectrum_for_log_display
BSV - 1e13 W/cm^2,10000000000000.0,10.319749211341698,11.0,7.5100438041299e-05,2.7515767657419833e-05,2.751576765741983,100000.0,0.01,15.124284290526582,18.613676776582036,22.00238858521466,0.999,tdse_dipole_acceleration,raw_fft_harmonic_order_grid,single_mode_bsv_random_phase_gamma_intensity,shared_fig_iv2_intensity_cases,hhg_intensity_prediction,quantum_light_hhg_bsv_threshold_tdse_dipole_acceleration,shared_normalized_raw_spectrum_for_log_display
BSV - 1e13 W/cm^2,10000000000000.0,10.359748239292633,11.0,5.9580174596378264e-05,2.1829356578198935e-05,2.1829356578198933,100000.0,0.01,15.124284290526582,18.613676776582036,22.00238858521466,0.999,tdse_dipole_acceleration,raw_fft_harmonic_order_grid,single_mode_bsv_random_phase_gamma_intensity,shared_fig_iv2_intensity_cases,hhg_intensity_prediction,quantum_light_hhg_bsv_threshold_tdse_dipole_acceleration,shared_normalized_raw_spectrum_for_log_display
BSV - 1e13 W/cm^2,10000000000000.0,10.399747267243571,11.0,5.8622204932684235e-05,2.147836966818163e-05,2.147836966818163,100000.0,0.01,15.124284290526582,18.613676776582036,22.00238858521466,0.999,tdse_dipole_acceleration,raw_fft_harmonic_order_grid,single_mode_bsv_random_phase_gamma_intensity,shared_fig_iv2_intensity_cases,hhg_intensity_prediction,quantum_light_hhg_bsv_threshold_tdse_dipole_acceleration,shared_normalized_raw_spectrum_for_log_display
BSV - 1e13 W/cm^2,10000000000000.0,10.439746295194507,11.0,2.1602125464560075e-05,7.914721680616528e-06,0.7914721680616528,100000.0,0.01,15.124284290526582,18.613676776582036,22.00238858521466,0.999,tdse_dipole_acceleration,raw_fft_harmonic_order_grid,single_mode_bsv_random_phase_gamma_intensity,shared_fig_iv2_intensity_cases,hhg_intensity_prediction,quantum_light_hhg_bsv_threshold_tdse_dipole_acceleration,shared_normalized_raw_spectrum_for_log_display
BSV - 1e13 W/cm^2,10000000000000.0,10.479745323145446,11.0,3.784263572573198e-05,1.3865021287905202e-05,1.3865021287905201,100000.0,0.01,15.124284290526582,18.613676776582036,22.00238858521466,0.999,tdse_dipole_acceleration,raw_fft_harmonic_order_grid,single_mode_bsv_random_phase_gamma_intensity,shared_fig_iv2_intensity_cases,hhg_intensity_prediction,quantum_light_hhg_bsv_threshold_tdse_dipole_acceleration,shared_normalized_raw_spectrum_for_log_display
BSV - 1e13 W/cm^2,10000000000000.0,10.519744351096382,11.0,2.5432418806886513e-05,9.31808848400666e-06,0.9318088484006659,100000.0,0.01,15.124284290526582,18.613676776582036,22.00238858521466,0.999,tdse_dipole_acceleration,raw_fft_harmonic_order_grid,single_mode_bsv_random_phase_gamma_intensity,shared_fig_iv2_intensity_cases,hhg_intensity_prediction,quantum_light_hhg_bsv_threshold_tdse_dipole_acceleration,shared_normalized_raw_spectrum_for_log_display
BSV - 1e13 W/cm^2,10000000000000.0,10.559743379047319,11.0,2.7095537461192712e-05,9.927432286414906e-06,0.9927432286414906,100000.0,0.01,15.124284290526582,18.613676776582036,22.00238858521466,0.999,tdse_dipole_acceleration,raw_fft_harmonic_order_grid,single_mode_bsv_random_phase_gamma_intensity,shared_fig_iv2_intensity_cases,hhg_intensity_prediction,quantum_light_hhg_bsv_threshold_tdse_dipole_acceleration,shared_normalized_raw_spectrum_for_log_display
BSV - 1e13 W/cm^2,10000000000000.0,10.599742406998255,11.0,3.937490352692359e-05,1.4426423137297193e-05,1.4426423137297193,100000.0,0.01,15.124284290526582,18.613676776582036,22.00238858521466,0.999,tdse_dipole_acceleration,raw_fft_harmonic_order_grid,single_mode_bsv_random_phase_gamma_intensity,shared_fig_iv2_intensity_cases,hhg_intensity_prediction,quantum_light_hhg_bsv_threshold_tdse_dipole_acceleration,shared_normalized_raw_spectrum_for_log_display
BSV - 1e13 W/cm^2,10000000000000.0,10.639741434949194,11.0,2.5950181284957966e-05,9.507789535290935e-06,0.9507789535290935,100000.0,0.01,15.124284290526582,18.613676776582036,22.00238858521466,0.999,tdse_dipole_acceleration,raw_fft_harmonic_order_grid,single_mode_bsv_random_phase_gamma_intensity,shared_fig_iv2_intensity_cases,hhg_intensity_prediction,quantum_light_hhg_bsv_threshold_tdse_dipole_acceleration,shared_normalized_raw_spectrum_for_log_display
BSV - 1e13 W/cm^2,10000000000000.0,10.67974046290013,11.0,4.576973490315989e-05,1.6769401406746616e-05,1.6769401406746616,100000.0,0.01,15.124284290526582,18.613676776582036,22.00238858521466,0.999,tdse_dipole_acceleration,raw_fft_harmonic_order_grid,single_mode_bsv_random_phase_gamma_intensity,shared_fig_iv2_intensity_cases,hhg_intensity_prediction,quantum_light_hhg_bsv_threshold_tdse_dipole_acceleration,shared_normalized_raw_spectrum_for_log_display
BSV - 1e13 W/cm^2,10000000000000.0,10.719739490851065,11.0,2.9856750529469672e-05,1.0939102780234918e-05,1.0939102780234917,100000.0,0.01,15.124284290526582,18.613676776582036,22.00238858521466,0.999,tdse_dipole_acceleration,raw_fft_harmonic_order_grid,single_mode_bsv_random_phase_gamma_intensity,shared_fig_iv2_intensity_cases,hhg_intensity_prediction,quantum_light_hhg_bsv_threshold_tdse_dipole_acceleration,shared_normalized_raw_spectrum_for_log_display
BSV - 1e13 W/cm^2,10000000000000.0,10.759738518802001,11.0,5.909591986381868e-05,2.1651932304045058e-05,2.1651932304045056,100000.0,0.01,15.124284290526582,18.613676776582036,22.00238858521466,0.999,tdse_dipole_acceleration,raw_fft_harmonic_order_grid,single_mode_bsv_random_phase_gamma_intensity,shared_fig_iv2_intensity_cases,hhg_intensity_prediction,quantum_light_hhg_bsv_threshold_tdse_dipole_acceleration,shared_normalized_raw_spectrum_for_log_display
BSV - 1e13 W/cm^2,10000000000000.0,10.799737546752938,11.0,6.47480660634737e-05,2.372280093879192e-05,2.372280093879192,100000.0,0.01,15.124284290526582,18.613676776582036,22.00238858521466,0.999,tdse_dipole_acceleration,raw_fft_harmonic_order_grid,single_mode_bsv_random_phase_gamma_intensity,shared_fig_iv2_intensity_cases,hhg_intensity_prediction,quantum_light_hhg_bsv_threshold_tdse_dipole_acceleration,shared_normalized_raw_spectrum_for_log_display
BSV - 1e13 W/cm^2,10000000000000.0,10.839736574703876,11.0,7.937017764970168e-05,2.9080141529085986e-05,2.9080141529085988,100000.0,0.01,15.124284290526582,18.613676776582036,22.00238858521466,0.999,tdse_dipole_acceleration,raw_fft_harmonic_order_grid,single_mode_bsv_random_phase_gamma_intensity,shared_fig_iv2_intensity_cases,hhg_intensity_prediction,quantum_light_hhg_bsv_threshold_tdse_dipole_acceleration,shared_normalized_raw_spectrum_for_log_display
BSV - 1e13 W/cm^2,10000000000000.0,10.879735602654813,11.0,0.00019994992648541402,7.325890319395086e-05,7.325890319395086,100000.0,0.01,15.124284290526582,18.613676776582036,22.00238858521466,0.999,tdse_dipole_acceleration,raw_fft_harmonic_order_grid,single_mode_bsv_random_phase_gamma_intensity,shared_fig_iv2_intensity_cases,hhg_intensity_prediction,quantum_light_hhg_bsv_threshold_tdse_dipole_acceleration,shared_normalized_raw_spectrum_for_log_display
BSV - 1e13 W/cm^2,10000000000000.0,10.919734630605749,11.0,0.00029745402546422285,0.00010898306410592315,10.898306410592316,100000.0,0.01,15.124284290526582,18.613676776582036,22.00238858521466,0.999,tdse_dipole_acceleration,raw_fft_harmonic_order_grid,single_mode_bsv_random_phase_gamma_intensity,shared_fig_iv2_intensity_cases,hhg_intensity_prediction,quantum_light_hhg_bsv_threshold_tdse_dipole_acceleration,shared_normalized_raw_spectrum_for_log_display
BSV - 1e13 W/cm^2,10000000000000.0,10.959733658556686,11.0,0.014937438015830848,0.005472871857480882,547.2871857480882,100000.0,0.01,15.124284290526582,18.613676776582036,22.00238858521466,0.999,tdse_dipole_acceleration,raw_fft_harmonic_order_grid,single_mode_bsv_random_phase_gamma_intensity,shared_fig_iv2_intensity_cases,hhg_intensity_prediction,quantum_light_hhg_bsv_threshold_tdse_dipole_acceleration,shared_normalized_raw_spectrum_for_log_display
BSV - 1e13 W/cm^2,10000000000000.0,10.999732686507624,11.0,0.04312682860596552,0.01580107688680252,1580.107688680252,100000.0,0.01,15.124284290526582,18.613676776582036,22.00238858521466,0.999,tdse_dipole_acceleration,raw_fft_harmonic_order_grid,single_mode_bsv_random_phase_gamma_intensity,shared_fig_iv2_intensity_cases,hhg_intensity_prediction,quantum_light_hhg_bsv_threshold_tdse_dipole_acceleration,shared_normalized_raw_spectrum_for_log_display
BSV - 1e13 W/cm^2,10000000000000.0,11.039731714458561,11.0,0.026394934744892216,0.009670741086407782,967.0741086407781,100000.0,0.01,15.124284290526582,18.613676776582036,22.00238858521466,0.999,tdse_dipole_acceleration,raw_fft_harmonic_order_grid,single_mode_bsv_random_phase_gamma_intensity,shared_fig_iv2_intensity_cases,hhg_intensity_prediction,quantum_light_hhg_bsv_threshold_tdse_dipole_acceleration,shared_normalized_raw_spectrum_for_log_display
BSV - 1e13 W/cm^2,10000000000000.0,11.079730742409497,11.0,0.0021006311245819736,0.0007696423544980744,76.96423544980745,100000.0,0.01,15.124284290526582,18.613676776582036,22.00238858521466,0.999,tdse_dipole_acceleration,raw_fft_harmonic_order_grid,single_mode_bsv_random_phase_gamma_intensity,shared_fig_iv2_intensity_cases,hhg_intensity_prediction,quantum_light_hhg_bsv_threshold_tdse_dipole_acceleration,shared_normalized_raw_spectrum_for_log_display
BSV - 1e13 W/cm^2,10000000000000.0,11.119729770360435,11.0,8.498478424259458e-05,3.113725616818971e-05,3.113725616818971,100000.0,0.01,15.124284290526582,18.613676776582036,22.00238858521466,0.999,tdse_dipole_acceleration,raw_fft_harmonic_order_grid,single_mode_bsv_random_phase_gamma_intensity,shared_fig_iv2_intensity_cases,hhg_intensity_prediction,quantum_light_hhg_bsv_threshold_tdse_dipole_acceleration,shared_normalized_raw_spectrum_for_log_display
BSV - 1e13 W/cm^2,10000000000000.0,11.159728798311372,11.0,4.02449388255841e-05,1.4745192105309494e-05,1.4745192105309495,100000.0,0.01,15.124284290526582,18.613676776582036,22.00238858521466,0.999,tdse_dipole_acceleration,raw_fft_harmonic_order_grid,single_mode_bsv_random_phase_gamma_intensity,shared_fig_iv2_intensity_cases,hhg_intensity_prediction,quantum_light_hhg_bsv_threshold_tdse_dipole_acceleration,shared_normalized_raw_spectrum_for_log_display
BSV - 1e13 W/cm^2,10000000000000.0,11.199727826262308,11.0,2.7172023371231108e-05,9.95545567195795e-06,0.9955455671957951,100000.0,0.01,15.124284290526582,18.613676776582036,22.00238858521466,0.999,tdse_dipole_acceleration,raw_fft_harmonic_order_grid,single_mode_bsv_random_phase_gamma_intensity,shared_fig_iv2_intensity_cases,hhg_intensity_prediction,quantum_light_hhg_bsv_threshold_tdse_dipole_acceleration,shared_normalized_raw_spectrum_for_log_display
BSV - 1e13 W/cm^2,10000000000000.0,11.239726854213243,11.0,0.00010577749185107681,3.8755418278096984e-05,3.8755418278096982,100000.0,0.01,15.124284290526582,18.613676776582036,22.00238858521466,0.999,tdse_dipole_acceleration,raw_fft_harmonic_order_grid,single_mode_bsv_random_phase_gamma_intensity,shared_fig_iv2_intensity_cases,hhg_intensity_prediction,quantum_light_hhg_bsv_threshold_tdse_dipole_acceleration,shared_normalized_raw_spectrum_for_log_display
BSV - 1e13 W/cm^2,10000000000000.0,11.279725882164179,11.0,5.908785120945584e-05,2.164897606005306e-05,2.1648976060053062,100000.0,0.01,15.124284290526582,18.613676776582036,22.00238858521466,0.999,tdse_dipole_acceleration,raw_fft_harmonic_order_grid,single_mode_bsv_random_phase_gamma_intensity,shared_fig_iv2_intensity_cases,hhg_intensity_prediction,quantum_light_hhg_bsv_threshold_tdse_dipole_acceleration,shared_normalized_raw_spectrum_for_log_display
BSV - 1e13 W/cm^2,10000000000000.0,11.319724910115117,11.0,1.1610390896830942e-05,4.253887549275561e-06,0.42538875492755607,100000.0,0.01,15.124284290526582,18.613676776582036,22.00238858521466,0.999,tdse_dipole_acceleration,raw_fft_harmonic_order_grid,single_mode_bsv_random_phase_gamma_intensity,shared_fig_iv2_intensity_cases,hhg_intensity_prediction,quantum_light_hhg_bsv_threshold_tdse_dipole_acceleration,shared_normalized_raw_spectrum_for_log_display
BSV - 1e13 W/cm^2,10000000000000.0,11.359723938066054,11.0,1.101608961116413e-05,4.036143731510859e-06,0.4036143731510859,100000.0,0.01,15.124284290526582,18.613676776582036,22.00238858521466,0.999,tdse_dipole_acceleration,raw_fft_harmonic_order_grid,single_mode_bsv_random_phase_gamma_intensity,shared_fig_iv2_intensity_cases,hhg_intensity_prediction,quantum_light_hhg_bsv_threshold_tdse_dipole_acceleration,shared_normalized_raw_spectrum_for_log_display
BSV - 1e13 W/cm^2,10000000000000.0,11.399722966016991,11.0,1.816376685726323e-05,6.654954373943264e-06,0.6654954373943264,100000.0,0.01,15.124284290526582,18.613676776582036,22.00238858521466,0.999,tdse_dipole_acceleration,raw_fft_harmonic_order_grid,single_mode_bsv_random_phase_gamma_intensity,shared_fig_iv2_intensity_cases,hhg_intensity_prediction,quantum_light_hhg_bsv_threshold_tdse_dipole_acceleration,shared_normalized_raw_spectrum_for_log_display
BSV - 1e13 W/cm^2,10000000000000.0,11.439721993967927,11.0,3.379740865958245e-05,1.2382905724045688e-05,1.2382905724045687,100000.0,0.01,15.124284290526582,18.613676776582036,22.00238858521466,0.999,tdse_dipole_acceleration,raw_fft_harmonic_order_grid,single_mode_bsv_random_phase_gamma_intensity,shared_fig_iv2_intensity_cases,hhg_intensity_prediction,quantum_light_hhg_bsv_threshold_tdse_dipole_acceleration,shared_normalized_raw_spectrum_for_log_display
BSV - 1e13 W/cm^2,10000000000000.0,11.479721021918865,11.0,4.299545292776011e-05,1.57529426450908e-05,1.57529426450908,100000.0,0.01,15.124284290526582,18.613676776582036,22.00238858521466,0.999,tdse_dipole_acceleration,raw_fft_harmonic_order_grid,single_mode_bsv_random_phase_gamma_intensity,shared_fig_iv2_intensity_cases,hhg_intensity_prediction,quantum_light_hhg_bsv_threshold_tdse_dipole_acceleration,shared_normalized_raw_spectrum_for_log_display
BSV - 1e13 W/cm^2,10000000000000.0,11.519720049869802,11.0,3.7072689673420316e-05,1.3582923643248256e-05,1.3582923643248257,100000.0,0.01,15.124284290526582,18.613676776582036,22.00238858521466,0.999,tdse_dipole_acceleration,raw_fft_harmonic_order_grid,single_mode_bsv_random_phase_gamma_intensity,shared_fig_iv2_intensity_cases,hhg_intensity_prediction,quantum_light_hhg_bsv_threshold_tdse_dipole_acceleration,shared_normalized_raw_spectrum_for_log_display
BSV - 1e13 W/cm^2,10000000000000.0,11.55971907782074,11.0,2.921284619088308e-05,1.0703185086061016e-05,1.0703185086061016,100000.0,0.01,15.124284290526582,18.613676776582036,22.00238858521466,0.999,tdse_dipole_acceleration,raw_fft_harmonic_order_grid,single_mode_bsv_random_phase_gamma_intensity,shared_fig_iv2_intensity_cases,hhg_intensity_prediction,quantum_light_hhg_bsv_threshold_tdse_dipole_acceleration,shared_normalized_raw_spectrum_for_log_display
BSV - 1e13 W/cm^2,10000000000000.0,11.599718105771675,11.0,3.524011200351886e-05,1.2911492388060972e-05,1.2911492388060972,100000.0,0.01,15.124284290526582,18.613676776582036,22.00238858521466,0.999,tdse_dipole_acceleration,raw_fft_harmonic_order_grid,single_mode_bsv_random_phase_gamma_intensity,shared_fig_iv2_intensity_cases,hhg_intensity_prediction,quantum_light_hhg_bsv_threshold_tdse_dipole_acceleration,shared_normalized_raw_spectrum_for_log_display
BSV - 1e13 W/cm^2,10000000000000.0,11.639717133722613,11.0,3.266909958126241e-05,1.1969508795152423e-05,1.1969508795152424,100000.0,0.01,15.124284290526582,18.613676776582036,22.00238858521466,0.999,tdse_dipole_acceleration,raw_fft_harmonic_order_grid,single_mode_bsv_random_phase_gamma_intensity,shared_fig_iv2_intensity_cases,hhg_intensity_prediction,quantum_light_hhg_bsv_threshold_tdse_dipole_acceleration,shared_normalized_raw_spectrum_for_log_display
BSV - 1e13 W/cm^2,10000000000000.0,11.679716161673548,11.0,4.6834763328297156e-05,1.7159613174599548e-05,1.7159613174599548,100000.0,0.01,15.124284290526582,18.613676776582036,22.00238858521466,0.999,tdse_dipole_acceleration,raw_fft_harmonic_order_grid,single_mode_bsv_random_phase_gamma_intensity,shared_fig_iv2_intensity_cases,hhg_intensity_prediction,quantum_light_hhg_bsv_threshold_tdse_dipole_acceleration,shared_normalized_raw_spectrum_for_log_display
BSV - 1e13 W/cm^2,10000000000000.0,11.719715189624486,11.0,0.00010916712918190262,3.999733477912498e-05,3.999733477912498,100000.0,0.01,15.124284290526582,18.613676776582036,22.00238858521466,0.999,tdse_dipole_acceleration,raw_fft_harmonic_order_grid,single_mode_bsv_random_phase_gamma_intensity,shared_fig_iv2_intensity_cases,hhg_intensity_prediction,quantum_light_hhg_bsv_threshold_tdse_dipole_acceleration,shared_normalized_raw_spectrum_for_log_display
BSV - 1e13 W/cm^2,10000000000000.0,11.759714217575423,11.0,9.693276825324098e-05,3.551483319151844e-05,3.5514833191518442,100000.0,0.01,15.124284290526582,18.613676776582036,22.00238858521466,0.999,tdse_dipole_acceleration,raw_fft_harmonic_order_grid,single_mode_bsv_random_phase_gamma_intensity,shared_fig_iv2_intensity_cases,hhg_intensity_prediction,quantum_light_hhg_bsv_threshold_tdse_dipole_acceleration,shared_normalized_raw_spectrum_for_log_display
BSV - 1e13 W/cm^2,10000000000000.0,11.799713245526359,11.0,6.779522194894715e-05,2.4839236948319842e-05,2.4839236948319843,100000.0,0.01,15.124284290526582,18.613676776582036,22.00238858521466,0.999,tdse_dipole_acceleration,raw_fft_harmonic_order_grid,single_mode_bsv_random_phase_gamma_intensity,shared_fig_iv2_intensity_cases,hhg_intensity_prediction,quantum_light_hhg_bsv_threshold_tdse_dipole_acceleration,shared_normalized_raw_spectrum_for_log_display
BSV - 1e13 W/cm^2,10000000000000.0,11.839712273477295,11.0,6.040435611681344e-05,2.2131325352487073e-05,2.2131325352487075,100000.0,0.01,15.124284290526582,18.613676776582036,22.00238858521466,0.999,tdse_dipole_acceleration,raw_fft_harmonic_order_grid,single_mode_bsv_random_phase_gamma_intensity,shared_fig_iv2_intensity_cases,hhg_intensity_prediction,quantum_light_hhg_bsv_threshold_tdse_dipole_acceleration,shared_normalized_raw_spectrum_for_log_display
BSV - 1e13 W/cm^2,10000000000000.0,11.879711301428234,11.0,3.126189296536678e-05,1.1453927644112064e-05,1.1453927644112063,100000.0,0.01,15.124284290526582,18.613676776582036,22.00238858521466,0.999,tdse_dipole_acceleration,raw_fft_harmonic_order_grid,single_mode_bsv_random_phase_gamma_intensity,shared_fig_iv2_intensity_cases,hhg_intensity_prediction,quantum_light_hhg_bsv_threshold_tdse_dipole_acceleration,shared_normalized_raw_spectrum_for_log_display
BSV - 1e13 W/cm^2,10000000000000.0,11.91971032937917,11.0,3.1191747013303435e-05,1.1428227131978937e-05,1.1428227131978936,100000.0,0.01,15.124284290526582,18.613676776582036,22.00238858521466,0.999,tdse_dipole_acceleration,raw_fft_harmonic_order_grid,single_mode_bsv_random_phase_gamma_intensity,shared_fig_iv2_intensity_cases,hhg_intensity_prediction,quantum_light_hhg_bsv_threshold_tdse_dipole_acceleration,shared_normalized_raw_spectrum_for_log_display
BSV - 1e13 W/cm^2,10000000000000.0,11.959709357330107,11.0,4.0583211279456564e-05,1.4869130480216725e-05,1.4869130480216726,100000.0,0.01,15.124284290526582,18.613676776582036,22.00238858521466,0.999,tdse_dipole_acceleration,raw_fft_harmonic_order_grid,single_mode_bsv_random_phase_gamma_intensity,shared_fig_iv2_intensity_cases,hhg_intensity_prediction,quantum_light_hhg_bsv_threshold_tdse_dipole_acceleration,shared_normalized_raw_spectrum_for_log_display
BSV - 1e13 W/cm^2,10000000000000.0,11.999708385281043,11.0,0.00019776471666882778,7.245827236989582e-05,7.245827236989582,100000.0,0.01,15.124284290526582,18.613676776582036,22.00238858521466,0.999,tdse_dipole_acceleration,raw_fft_harmonic_order_grid,single_mode_bsv_random_phase_gamma_intensity,shared_fig_iv2_intensity_cases,hhg_intensity_prediction,quantum_light_hhg_bsv_threshold_tdse_dipole_acceleration,shared_normalized_raw_spectrum_for_log_display
BSV - 1e13 W/cm^2,10000000000000.0,12.039707413231982,13.0,0.0003854641253729568,0.00014122875432764082,14.122875432764083,100000.0,0.01,15.124284290526582,18.613676776582036,22.00238858521466,0.999,tdse_dipole_acceleration,raw_fft_harmonic_order_grid,single_mode_bsv_random_phase_gamma_intensity,shared_fig_iv2_intensity_cases,hhg_intensity_prediction,quantum_light_hhg_bsv_threshold_tdse_dipole_acceleration,shared_normalized_raw_spectrum_for_log_display
BSV - 1e13 W/cm^2,10000000000000.0,12.079706441182918,13.0,9.23882865049725e-05,3.384979757827773e-05,3.384979757827773,100000.0,0.01,15.124284290526582,18.613676776582036,22.00238858521466,0.999,tdse_dipole_acceleration,raw_fft_harmonic_order_grid,single_mode_bsv_random_phase_gamma_intensity,shared_fig_iv2_intensity_cases,hhg_intensity_prediction,quantum_light_hhg_bsv_threshold_tdse_dipole_acceleration,shared_normalized_raw_spectrum_for_log_display
BSV - 1e13 W/cm^2,10000000000000.0,12.119705469133855,13.0,4.9779853567040784e-05,1.8238653734853557e-05,1.8238653734853558,100000.0,0.01,15.124284290526582,18.613676776582036,22.00238858521466,0.999,tdse_dipole_acceleration,raw_fft_harmonic_order_grid,single_mode_bsv_random_phase_gamma_intensity,shared_fig_iv2_intensity_cases,hhg_intensity_prediction,quantum_light_hhg_bsv_threshold_tdse_dipole_acceleration,shared_normalized_raw_spectrum_for_log_display
BSV - 1e13 W/cm^2,10000000000000.0,12.15970449708479,13.0,1.711988579243967e-05,6.272490708073968e-06,0.6272490708073968,100000.0,0.01,15.124284290526582,18.613676776582036,22.00238858521466,0.999,tdse_dipole_acceleration,raw_fft_harmonic_order_grid,single_mode_bsv_random_phase_gamma_intensity,shared_fig_iv2_intensity_cases,hhg_intensity_prediction,quantum_light_hhg_bsv_threshold_tdse_dipole_acceleration,shared_normalized_raw_spectrum_for_log_display
BSV - 1e13 W/cm^2,10000000000000.0,12.19970352503573,13.0,4.772949412338475e-05,1.7487430232870635e-05,1.7487430232870635,100000.0,0.01,15.124284290526582,18.613676776582036,22.00238858521466,0.999,tdse_dipole_acceleration,raw_fft_harmonic_order_grid,single_mode_bsv_random_phase_gamma_intensity,shared_fig_iv2_intensity_cases,hhg_intensity_prediction,quantum_light_hhg_bsv_threshold_tdse_dipole_acceleration,shared_normalized_raw_spectrum_for_log_display
BSV - 1e13 W/cm^2,10000000000000.0,12.239702552986666,13.0,3.647090993422323e-05,1.3362439822959698e-05,1.3362439822959697,100000.0,0.01,15.124284290526582,18.613676776582036,22.00238858521466,0.999,tdse_dipole_acceleration,raw_fft_harmonic_order_grid,single_mode_bsv_random_phase_gamma_intensity,shared_fig_iv2_intensity_cases,hhg_intensity_prediction,quantum_light_hhg_bsv_threshold_tdse_dipole_acceleration,shared_normalized_raw_spectrum_for_log_display
BSV - 1e13 W/cm^2,10000000000000.0,12.279701580937601,13.0,3.244953504469549e-05,1.1889063368580317e-05,1.1889063368580317,100000.0,0.01,15.124284290526582,18.613676776582036,22.00238858521466,0.999,tdse_dipole_acceleration,raw_fft_harmonic_order_grid,single_mode_bsv_random_phase_gamma_intensity,shared_fig_iv2_intensity_cases,hhg_intensity_prediction,quantum_light_hhg_bsv_threshold_tdse_dipole_acceleration,shared_normalized_raw_spectrum_for_log_display
BSV - 1e13 W/cm^2,10000000000000.0,12.319700608888537,13.0,7.052693690779911e-05,2.584009974052798e-05,2.584009974052798,100000.0,0.01,15.124284290526582,18.613676776582036,22.00238858521466,0.999,tdse_dipole_acceleration,raw_fft_harmonic_order_grid,single_mode_bsv_random_phase_gamma_intensity,shared_fig_iv2_intensity_cases,hhg_intensity_prediction,quantum_light_hhg_bsv_threshold_tdse_dipole_acceleration,shared_normalized_raw_spectrum_for_log_display
BSV - 1e13 W/cm^2,10000000000000.0,12.359699636839473,13.0,6.299894347309752e-05,2.3081946477002114e-05,2.3081946477002115,100000.0,0.01,15.124284290526582,18.613676776582036,22.00238858521466,0.999,tdse_dipole_acceleration,raw_fft_harmonic_order_grid,single_mode_bsv_random_phase_gamma_intensity,shared_fig_iv2_intensity_cases,hhg_intensity_prediction,quantum_light_hhg_bsv_threshold_tdse_dipole_acceleration,shared_normalized_raw_spectrum_for_log_display
BSV - 1e13 W/cm^2,10000000000000.0,12.399698664790412,13.0,6.297385756566449e-05,2.3072755345519986e-05,2.307275534551999,100000.0,0.01,15.124284290526582,18.613676776582036,22.00238858521466,0.999,tdse_dipole_acceleration,raw_fft_harmonic_order_grid,single_mode_bsv_random_phase_gamma_intensity,shared_fig_iv2_intensity_cases,hhg_intensity_prediction,quantum_light_hhg_bsv_threshold_tdse_dipole_acceleration,shared_normalized_raw_spectrum_for_log_display
BSV - 1e13 W/cm^2,10000000000000.0,12.439697692741348,13.0,1.914938135121217e-05,7.0160699695722905e-06,0.7016069969572291,100000.0,0.01,15.124284290526582,18.613676776582036,22.00238858521466,0.999,tdse_dipole_acceleration,raw_fft_harmonic_order_grid,single_mode_bsv_random_phase_gamma_intensity,shared_fig_iv2_intensity_cases,hhg_intensity_prediction,quantum_light_hhg_bsv_threshold_tdse_dipole_acceleration,shared_normalized_raw_spectrum_for_log_display
BSV - 1e13 W/cm^2,10000000000000.0,12.479696720692285,13.0,3.8770240886975714e-05,1.420488306182149e-05,1.420488306182149,100000.0,0.01,15.124284290526582,18.613676776582036,22.00238858521466,0.999,tdse_dipole_acceleration,raw_fft_harmonic_order_grid,single_mode_bsv_random_phase_gamma_intensity,shared_fig_iv2_intensity_cases,hhg_intensity_prediction,quantum_light_hhg_bsv_threshold_tdse_dipole_acceleration,shared_normalized_raw_spectrum_for_log_display
BSV - 1e13 W/cm^2,10000000000000.0,12.51969574864322,13.0,3.287673384872014e-05,1.2045583135197467e-05,1.2045583135197466,100000.0,0.01,15.124284290526582,18.613676776582036,22.00238858521466,0.999,tdse_dipole_acceleration,raw_fft_harmonic_order_grid,single_mode_bsv_random_phase_gamma_intensity,shared_fig_iv2_intensity_cases,hhg_intensity_prediction,quantum_light_hhg_bsv_threshold_tdse_dipole_acceleration,shared_normalized_raw_spectrum_for_log_display
BSV - 1e13 W/cm^2,10000000000000.0,12.55969477659416,13.0,3.031059698884798e-05,1.1105385881293913e-05,1.1105385881293912,100000.0,0.01,15.124284290526582,18.613676776582036,22.00238858521466,0.999,tdse_dipole_acceleration,raw_fft_harmonic_order_grid,single_mode_bsv_random_phase_gamma_intensity,shared_fig_iv2_intensity_cases,hhg_intensity_prediction,quantum_light_hhg_bsv_threshold_tdse_dipole_acceleration,shared_normalized_raw_spectrum_for_log_display
BSV - 1e13 W/cm^2,10000000000000.0,12.599693804545096,13.0,5.191394323818524e-05,1.90205548406636e-05,1.9020554840663602,100000.0,0.01,15.124284290526582,18.613676776582036,22.00238858521466,0.999,tdse_dipole_acceleration,raw_fft_harmonic_order_grid,single_mode_bsv_random_phase_gamma_intensity,shared_fig_iv2_intensity_cases,hhg_intensity_prediction,quantum_light_hhg_bsv_threshold_tdse_dipole_acceleration,shared_normalized_raw_spectrum_for_log_display
BSV - 1e13 W/cm^2,10000000000000.0,12.639692832496033,13.0,4.5515028310811154e-05,1.6676080414237532e-05,1.6676080414237533,100000.0,0.01,15.124284290526582,18.613676776582036,22.00238858521466,0.999,tdse_dipole_acceleration,raw_fft_harmonic_order_grid,single_mode_bsv_random_phase_gamma_intensity,shared_fig_iv2_intensity_cases,hhg_intensity_prediction,quantum_light_hhg_bsv_threshold_tdse_dipole_acceleration,shared_normalized_raw_spectrum_for_log_display
BSV - 1e13 W/cm^2,10000000000000.0,12.679691860446969,13.0,3.6494276638470574e-05,1.3371001062038437e-05,1.3371001062038437,100000.0,0.01,15.124284290526582,18.613676776582036,22.00238858521466,0.999,tdse_dipole_acceleration,raw_fft_harmonic_order_grid,single_mode_bsv_random_phase_gamma_intensity,shared_fig_iv2_intensity_cases,hhg_intensity_prediction,quantum_light_hhg_bsv_threshold_tdse_dipole_acceleration,shared_normalized_raw_spectrum_for_log_display
BSV - 1e13 W/cm^2,10000000000000.0,12.719690888397908,13.0,2.376818610039611e-05,8.70833650819945e-06,0.8708336508199451,100000.0,0.01,15.124284290526582,18.613676776582036,22.00238858521466,0.999,tdse_dipole_acceleration,raw_fft_harmonic_order_grid,single_mode_bsv_random_phase_gamma_intensity,shared_fig_iv2_intensity_cases,hhg_intensity_prediction,quantum_light_hhg_bsv_threshold_tdse_dipole_acceleration,shared_normalized_raw_spectrum_for_log_display
BSV - 1e13 W/cm^2,10000000000000.0,12.759689916348844,13.0,2.780492452838873e-05,1.0187341951780774e-05,1.0187341951780773,100000.0,0.01,15.124284290526582,18.613676776582036,22.00238858521466,0.999,tdse_dipole_acceleration,raw_fft_harmonic_order_grid,single_mode_bsv_random_phase_gamma_intensity,shared_fig_iv2_intensity_cases,hhg_intensity_prediction,quantum_light_hhg_bsv_threshold_tdse_dipole_acceleration,shared_normalized_raw_spectrum_for_log_display
BSV - 1e13 W/cm^2,10000000000000.0,12.79968894429978,13.0,3.666548591038311e-05,1.3433729784661211e-05,1.343372978466121,100000.0,0.01,15.124284290526582,18.613676776582036,22.00238858521466,0.999,tdse_dipole_acceleration,raw_fft_harmonic_order_grid,single_mode_bsv_random_phase_gamma_intensity,shared_fig_iv2_intensity_cases,hhg_intensity_prediction,quantum_light_hhg_bsv_threshold_tdse_dipole_acceleration,shared_normalized_raw_spectrum_for_log_display
BSV - 1e13 W/cm^2,10000000000000.0,12.839687972250715,13.0,5.8061203889487533e-05,2.1272826601286577e-05,2.1272826601286576,100000.0,0.01,15.124284290526582,18.613676776582036,22.00238858521466,0.999,tdse_dipole_acceleration,raw_fft_harmonic_order_grid,single_mode_bsv_random_phase_gamma_intensity,shared_fig_iv2_intensity_cases,hhg_intensity_prediction,quantum_light_hhg_bsv_threshold_tdse_dipole_acceleration,shared_normalized_raw_spectrum_for_log_display
BSV - 1e13 W/cm^2,10000000000000.0,12.879687000201653,13.0,0.00012904661174496473,4.728090379178695e-05,4.728090379178695,100000.0,0.01,15.124284290526582,18.613676776582036,22.00238858521466,0.999,tdse_dipole_acceleration,raw_fft_harmonic_order_grid,single_mode_bsv_random_phase_gamma_intensity,shared_fig_iv2_intensity_cases,hhg_intensity_prediction,quantum_light_hhg_bsv_threshold_tdse_dipole_acceleration,shared_normalized_raw_spectrum_for_log_display
BSV - 1e13 W/cm^2,10000000000000.0,12.91968602815259,13.0,0.00010000389393740648,3.664005140563541e-05,3.664005140563541,100000.0,0.01,15.124284290526582,18.613676776582036,22.00238858521466,0.999,tdse_dipole_acceleration,raw_fft_harmonic_order_grid,single_mode_bsv_random_phase_gamma_intensity,shared_fig_iv2_intensity_cases,hhg_intensity_prediction,quantum_light_hhg_bsv_threshold_tdse_dipole_acceleration,shared_normalized_raw_spectrum_for_log_display
BSV - 1e13 W/cm^2,10000000000000.0,12.959685056103528,13.0,0.0038852393791217505,0.0014234982756103649,142.34982756103648,100000.0,0.01,15.124284290526582,18.613676776582036,22.00238858521466,0.999,tdse_dipole_acceleration,raw_fft_harmonic_order_grid,single_mode_bsv_random_phase_gamma_intensity,shared_fig_iv2_intensity_cases,hhg_intensity_prediction,quantum_light_hhg_bsv_threshold_tdse_dipole_acceleration,shared_normalized_raw_spectrum_for_log_display
BSV - 1e13 W/cm^2,10000000000000.0,12.999684084054463,13.0,0.012833565910776744,0.004702042052310358,470.2042052310358,100000.0,0.01,15.124284290526582,18.613676776582036,22.00238858521466,0.999,tdse_dipole_acceleration,raw_fft_harmonic_order_grid,single_mode_bsv_random_phase_gamma_intensity,shared_fig_iv2_intensity_cases,hhg_intensity_prediction,quantum_light_hhg_bsv_threshold_tdse_dipole_acceleration,shared_normalized_raw_spectrum_for_log_display
BSV - 1e13 W/cm^2,10000000000000.0,13.0396831120054,13.0,0.009037647413267666,0.0033112697193111223,331.1269719311122,100000.0,0.01,15.124284290526582,18.613676776582036,22.00238858521466,0.999,tdse_dipole_acceleration,raw_fft_harmonic_order_grid,single_mode_bsv_random_phase_gamma_intensity,shared_fig_iv2_intensity_cases,hhg_intensity_prediction,quantum_light_hhg_bsv_threshold_tdse_dipole_acceleration,shared_normalized_raw_spectrum_for_log_display
BSV - 1e13 W/cm^2,10000000000000.0,13.079682139956338,13.0,0.0008270589238247258,0.00030302301531773084,30.302301531773082,100000.0,0.01,15.124284290526582,18.613676776582036,22.00238858521466,0.999,tdse_dipole_acceleration,raw_fft_harmonic_order_grid,single_mode_bsv_random_phase_gamma_intensity,shared_fig_iv2_intensity_cases,hhg_intensity_prediction,quantum_light_hhg_bsv_threshold_tdse_dipole_acceleration,shared_normalized_raw_spectrum_for_log_display
BSV - 1e13 W/cm^2,10000000000000.0,13.119681167907276,13.0,2.5428002272959423e-05,9.316470326715457e-06,0.9316470326715457,100000.0,0.01,15.124284290526582,18.613676776582036,22.00238858521466,0.999,tdse_dipole_acceleration,raw_fft_harmonic_order_grid,single_mode_bsv_random_phase_gamma_intensity,shared_fig_iv2_intensity_cases,hhg_intensity_prediction,quantum_light_hhg_bsv_threshold_tdse_dipole_acceleration,shared_normalized_raw_spectrum_for_log_display
BSV - 1e13 W/cm^2,10000000000000.0,13.159680195858211,13.0,1.031674279880094e-05,3.7799126774341753e-06,0.3779912677434175,100000.0,0.01,15.124284290526582,18.613676776582036,22.00238858521466,0.999,tdse_dipole_acceleration,raw_fft_harmonic_order_grid,single_mode_bsv_random_phase_gamma_intensity,shared_fig_iv2_intensity_cases,hhg_intensity_prediction,quantum_light_hhg_bsv_threshold_tdse_dipole_acceleration,shared_normalized_raw_spectrum_for_log_display
BSV - 1e13 W/cm^2,10000000000000.0,13.199679223809149,13.0,1.1206543725426891e-05,4.105923499700387e-06,0.4105923499700387,100000.0,0.01,15.124284290526582,18.613676776582036,22.00238858521466,0.999,tdse_dipole_acceleration,raw_fft_harmonic_order_grid,single_mode_bsv_random_phase_gamma_intensity,shared_fig_iv2_intensity_cases,hhg_intensity_prediction,quantum_light_hhg_bsv_threshold_tdse_dipole_acceleration,shared_normalized_raw_spectrum_for_log_display
BSV - 1e13 W/cm^2,10000000000000.0,13.239678251760086,13.0,2.141644953774471e-05,7.846692574594295e-06,0.7846692574594295,100000.0,0.01,15.124284290526582,18.613676776582036,22.00238858521466,0.999,tdse_dipole_acceleration,raw_fft_harmonic_order_grid,single_mode_bsv_random_phase_gamma_intensity,shared_fig_iv2_intensity_cases,hhg_intensity_prediction,quantum_light_hhg_bsv_threshold_tdse_dipole_acceleration,shared_normalized_raw_spectrum_for_log_display
BSV - 1e13 W/cm^2,10000000000000.0,13.279677279711022,13.0,3.1652768562056195e-05,1.15971390871072e-05,1.15971390871072,100000.0,0.01,15.124284290526582,18.613676776582036,22.00238858521466,0.999,tdse_dipole_acceleration,raw_fft_harmonic_order_grid,single_mode_bsv_random_phase_gamma_intensity,shared_fig_iv2_intensity_cases,hhg_intensity_prediction,quantum_light_hhg_bsv_threshold_tdse_dipole_acceleration,shared_normalized_raw_spectrum_for_log_display
BSV - 1e13 W/cm^2,10000000000000.0,13.319676307661958,13.0,8.578566448119797e-06,3.143068767327243e-06,0.3143068767327243,100000.0,0.01,15.124284290526582,18.613676776582036,22.00238858521466,0.999,tdse_dipole_acceleration,raw_fft_harmonic_order_grid,single_mode_bsv_random_phase_gamma_intensity,shared_fig_iv2_intensity_cases,hhg_intensity_prediction,quantum_light_hhg_bsv_threshold_tdse_dipole_acceleration,shared_normalized_raw_spectrum_for_log_display
BSV - 1e13 W/cm^2,10000000000000.0,13.359675335612893,13.0,5.663703325067171e-06,2.0751030065550983e-06,0.20751030065550982,100000.0,0.01,15.124284290526582,18.613676776582036,22.00238858521466,0.999,tdse_dipole_acceleration,raw_fft_harmonic_order_grid,single_mode_bsv_random_phase_gamma_intensity,shared_fig_iv2_intensity_cases,hhg_intensity_prediction,quantum_light_hhg_bsv_threshold_tdse_dipole_acceleration,shared_normalized_raw_spectrum_for_log_display
BSV - 1e13 W/cm^2,10000000000000.0,13.39967436356383,13.0,3.1123643650518514e-06,1.1403274996466114e-06,0.11403274996466115,100000.0,0.01,15.124284290526582,18.613676776582036,22.00238858521466,0.999,tdse_dipole_acceleration,raw_fft_harmonic_order_grid,single_mode_bsv_random_phase_gamma_intensity,shared_fig_iv2_intensity_cases,hhg_intensity_prediction,quantum_light_hhg_bsv_threshold_tdse_dipole_acceleration,shared_normalized_raw_spectrum_for_log_display
BSV - 1e13 W/cm^2,10000000000000.0,13.439673391514768,13.0,5.518439859910234e-06,2.0218804707002216e-06,0.20218804707002216,100000.0,0.01,15.124284290526582,18.613676776582036,22.00238858521466,0.999,tdse_dipole_acceleration,raw_fft_harmonic_order_grid,single_mode_bsv_random_phase_gamma_intensity,shared_fig_iv2_intensity_cases,hhg_intensity_prediction,quantum_light_hhg_bsv_threshold_tdse_dipole_acceleration,shared_normalized_raw_spectrum_for_log_display
BSV - 1e13 W/cm^2,10000000000000.0,13.479672419465706,13.0,6.300912755079462e-06,2.30856777830108e-06,0.230856777830108,100000.0,0.01,15.124284290526582,18.613676776582036,22.00238858521466,0.999,tdse_dipole_acceleration,raw_fft_harmonic_order_grid,single_mode_bsv_random_phase_gamma_intensity,shared_fig_iv2_intensity_cases,hhg_intensity_prediction,quantum_light_hhg_bsv_threshold_tdse_dipole_acceleration,shared_normalized_raw_spectrum_for_log_display
BSV - 1e13 W/cm^2,10000000000000.0,13.519671447416641,13.0,2.7990266641383776e-06,1.0255248753010115e-06,0.10255248753010114,100000.0,0.01,15.124284290526582,18.613676776582036,22.00238858521466,0.999,tdse_dipole_acceleration,raw_fft_harmonic_order_grid,single_mode_bsv_random_phase_gamma_intensity,shared_fig_iv2_intensity_cases,hhg_intensity_prediction,quantum_light_hhg_bsv_threshold_tdse_dipole_acceleration,shared_normalized_raw_spectrum_for_log_display
BSV - 1e13 W/cm^2,10000000000000.0,13.559670475367579,13.0,3.910800911701045e-06,1.4328636696049066e-06,0.14328636696049066,100000.0,0.01,15.124284290526582,18.613676776582036,22.00238858521466,0.999,tdse_dipole_acceleration,raw_fft_harmonic_order_grid,single_mode_bsv_random_phase_gamma_intensity,shared_fig_iv2_intensity_cases,hhg_intensity_prediction,quantum_light_hhg_bsv_threshold_tdse_dipole_acceleration,shared_normalized_raw_spectrum_for_log_display
BSV - 1e13 W/cm^2,10000000000000.0,13.599669503318516,13.0,4.042720705881059e-06,1.4811972679266073e-06,0.14811972679266072,100000.0,0.01,15.124284290526582,18.613676776582036,22.00238858521466,0.999,tdse_dipole_acceleration,raw_fft_harmonic_order_grid,single_mode_bsv_random_phase_gamma_intensity,shared_fig_iv2_intensity_cases,hhg_intensity_prediction,quantum_light_hhg_bsv_threshold_tdse_dipole_acceleration,shared_normalized_raw_spectrum_for_log_display
BSV - 1e13 W/cm^2,10000000000000.0,13.639668531269454,13.0,4.823030268324534e-06,1.767091960168621e-06,0.1767091960168621,100000.0,0.01,15.124284290526582,18.613676776582036,22.00238858521466,0.999,tdse_dipole_acceleration,raw_fft_harmonic_order_grid,single_mode_bsv_random_phase_gamma_intensity,shared_fig_iv2_intensity_cases,hhg_intensity_prediction,quantum_light_hhg_bsv_threshold_tdse_dipole_acceleration,shared_normalized_raw_spectrum_for_log_display
BSV - 1e13 W/cm^2,10000000000000.0,13.67966755922039,13.0,7.731056202378827e-06,2.8325526689222334e-06,0.28325526689222336,100000.0,0.01,15.124284290526582,18.613676776582036,22.00238858521466,0.999,tdse_dipole_acceleration,raw_fft_harmonic_order_grid,single_mode_bsv_random_phase_gamma_intensity,shared_fig_iv2_intensity_cases,hhg_intensity_prediction,quantum_light_hhg_bsv_threshold_tdse_dipole_acceleration,shared_normalized_raw_spectrum_for_log_display
BSV - 1e13 W/cm^2,10000000000000.0,13.719666587171327,13.0,3.249173185205073e-05,1.1904523698471243e-05,1.1904523698471243,100000.0,0.01,15.124284290526582,18.613676776582036,22.00238858521466,0.999,tdse_dipole_acceleration,raw_fft_harmonic_order_grid,single_mode_bsv_random_phase_gamma_intensity,shared_fig_iv2_intensity_cases,hhg_intensity_prediction,quantum_light_hhg_bsv_threshold_tdse_dipole_acceleration,shared_normalized_raw_spectrum_for_log_display
BSV - 1e13 W/cm^2,10000000000000.0,13.759665615122264,13.0,2.459971652058749e-05,9.012997818290351e-06,0.9012997818290351,100000.0,0.01,15.124284290526582,18.613676776582036,22.00238858521466,0.999,tdse_dipole_acceleration,raw_fft_harmonic_order_grid,single_mode_bsv_random_phase_gamma_intensity,shared_fig_iv2_intensity_cases,hhg_intensity_prediction,quantum_light_hhg_bsv_threshold_tdse_dipole_acceleration,shared_normalized_raw_spectrum_for_log_display
BSV - 1e13 W/cm^2,10000000000000.0,13.7996646430732,13.0,2.9557661657242615e-05,1.0829520730758805e-05,1.0829520730758806,100000.0,0.01,15.124284290526582,18.613676776582036,22.00238858521466,0.999,tdse_dipole_acceleration,raw_fft_harmonic_order_grid,single_mode_bsv_random_phase_gamma_intensity,shared_fig_iv2_intensity_cases,hhg_intensity_prediction,quantum_light_hhg_bsv_threshold_tdse_dipole_acceleration,shared_normalized_raw_spectrum_for_log_display
BSV - 1e13 W/cm^2,10000000000000.0,13.839663671024137,13.0,1.6633647115837378e-05,6.094339544107621e-06,0.6094339544107621,100000.0,0.01,15.124284290526582,18.613676776582036,22.00238858521466,0.999,tdse_dipole_acceleration,raw_fft_harmonic_order_grid,single_mode_bsv_random_phase_gamma_intensity,shared_fig_iv2_intensity_cases,hhg_intensity_prediction,quantum_light_hhg_bsv_threshold_tdse_dipole_acceleration,shared_normalized_raw_spectrum_for_log_display
BSV - 1e13 W/cm^2,10000000000000.0,13.879662698975073,13.0,8.307313802779474e-06,3.043685528556513e-06,0.3043685528556513,100000.0,0.01,15.124284290526582,18.613676776582036,22.00238858521466,0.999,tdse_dipole_acceleration,raw_fft_harmonic_order_grid,single_mode_bsv_random_phase_gamma_intensity,shared_fig_iv2_intensity_cases,hhg_intensity_prediction,quantum_light_hhg_bsv_threshold_tdse_dipole_acceleration,shared_normalized_raw_spectrum_for_log_display
BSV - 1e13 W/cm^2,10000000000000.0,13.91966172692601,13.0,1.0011146363234737e-05,3.6679463462477815e-06,0.3667946346247781,100000.0,0.01,15.124284290526582,18.613676776582036,22.00238858521466,0.999,tdse_dipole_acceleration,raw_fft_harmonic_order_grid,single_mode_bsv_random_phase_gamma_intensity,shared_fig_iv2_intensity_cases,hhg_intensity_prediction,quantum_light_hhg_bsv_threshold_tdse_dipole_acceleration,shared_normalized_raw_spectrum_for_log_display
BSV - 1e13 W/cm^2,10000000000000.0,13.959660754876946,13.0,1.0506629152563784e-05,3.8494844259848265e-06,0.38494844259848265,100000.0,0.01,15.124284290526582,18.613676776582036,22.00238858521466,0.999,tdse_dipole_acceleration,raw_fft_harmonic_order_grid,single_mode_bsv_random_phase_gamma_intensity,shared_fig_iv2_intensity_cases,hhg_intensity_prediction,quantum_light_hhg_bsv_threshold_tdse_dipole_acceleration,shared_normalized_raw_spectrum_for_log_display
BSV - 1e13 W/cm^2,10000000000000.0,13.999659782827884,13.0,1.8644450675335168e-05,6.831070314138919e-06,0.6831070314138918,100000.0,0.01,15.124284290526582,18.613676776582036,22.00238858521466,0.999,tdse_dipole_acceleration,raw_fft_harmonic_order_grid,single_mode_bsv_random_phase_gamma_intensity,shared_fig_iv2_intensity_cases,hhg_intensity_prediction,quantum_light_hhg_bsv_threshold_tdse_dipole_acceleration,shared_normalized_raw_spectrum_for_log_display
BSV - 1e13 W/cm^2,10000000000000.0,14.039658810778821,15.0,6.270500456404396e-05,2.297425130320638e-05,2.297425130320638,100000.0,0.01,15.124284290526582,18.613676776582036,22.00238858521466,0.999,tdse_dipole_acceleration,raw_fft_harmonic_order_grid,single_mode_bsv_random_phase_gamma_intensity,shared_fig_iv2_intensity_cases,hhg_intensity_prediction,quantum_light_hhg_bsv_threshold_tdse_dipole_acceleration,shared_normalized_raw_spectrum_for_log_display
BSV - 1e13 W/cm^2,10000000000000.0,14.079657838729759,15.0,3.5898380902766957e-05,1.3152673059708394e-05,1.3152673059708393,100000.0,0.01,15.124284290526582,18.613676776582036,22.00238858521466,0.999,tdse_dipole_acceleration,raw_fft_harmonic_order_grid,single_mode_bsv_random_phase_gamma_intensity,shared_fig_iv2_intensity_cases,hhg_intensity_prediction,quantum_light_hhg_bsv_threshold_tdse_dipole_acceleration,shared_normalized_raw_spectrum_for_log_display
BSV - 1e13 W/cm^2,10000000000000.0,14.119656866680694,15.0,1.5151385384352355e-05,5.551259230932909e-06,0.5551259230932909,100000.0,0.01,15.124284290526582,18.613676776582036,22.00238858521466,0.999,tdse_dipole_acceleration,raw_fft_harmonic_order_grid,single_mode_bsv_random_phase_gamma_intensity,shared_fig_iv2_intensity_cases,hhg_intensity_prediction,quantum_light_hhg_bsv_threshold_tdse_dipole_acceleration,shared_normalized_raw_spectrum_for_log_display
BSV - 1e13 W/cm^2,10000000000000.0,14.159655894631632,15.0,2.5421341273715833e-05,9.314029828199963e-06,0.9314029828199962,100000.0,0.01,15.124284290526582,18.613676776582036,22.00238858521466,0.999,tdse_dipole_acceleration,raw_fft_harmonic_order_grid,single_mode_bsv_random_phase_gamma_intensity,shared_fig_iv2_intensity_cases,hhg_intensity_prediction,quantum_light_hhg_bsv_threshold_tdse_dipole_acceleration,shared_normalized_raw_spectrum_for_log_display
BSV - 1e13 W/cm^2,10000000000000.0,14.19965492258257,15.0,4.017643584542917e-05,1.4720093555488153e-05,1.4720093555488154,100000.0,0.01,15.124284290526582,18.613676776582036,22.00238858521466,0.999,tdse_dipole_acceleration,raw_fft_harmonic_order_grid,single_mode_bsv_random_phase_gamma_intensity,shared_fig_iv2_intensity_cases,hhg_intensity_prediction,quantum_light_hhg_bsv_threshold_tdse_dipole_acceleration,shared_normalized_raw_spectrum_for_log_display
BSV - 1e13 W/cm^2,10000000000000.0,14.239653950533507,15.0,1.9979089994382402e-05,7.320063805617168e-06,0.7320063805617169,100000.0,0.01,15.124284290526582,18.613676776582036,22.00238858521466,0.999,tdse_dipole_acceleration,raw_fft_harmonic_order_grid,single_mode_bsv_random_phase_gamma_intensity,shared_fig_iv2_intensity_cases,hhg_intensity_prediction,quantum_light_hhg_bsv_threshold_tdse_dipole_acceleration,shared_normalized_raw_spectrum_for_log_display
BSV - 1e13 W/cm^2,10000000000000.0,14.27965297848444,15.0,1.3965235996698376e-05,5.116670408165596e-06,0.5116670408165596,100000.0,0.01,15.124284290526582,18.613676776582036,22.00238858521466,0.999,tdse_dipole_acceleration,raw_fft_harmonic_order_grid,single_mode_bsv_random_phase_gamma_intensity,shared_fig_iv2_intensity_cases,hhg_intensity_prediction,quantum_light_hhg_bsv_threshold_tdse_dipole_acceleration,shared_normalized_raw_spectrum_for_log_display
BSV - 1e13 W/cm^2,10000000000000.0,14.31965200643538,15.0,2.3013202781008342e-05,8.431721003106424e-06,0.8431721003106424,100000.0,0.01,15.124284290526582,18.613676776582036,22.00238858521466,0.999,tdse_dipole_acceleration,raw_fft_harmonic_order_grid,single_mode_bsv_random_phase_gamma_intensity,shared_fig_iv2_intensity_cases,hhg_intensity_prediction,quantum_light_hhg_bsv_threshold_tdse_dipole_acceleration,shared_normalized_raw_spectrum_for_log_display
BSV - 1e13 W/cm^2,10000000000000.0,14.359651034386316,15.0,2.1575688252454942e-05,7.90503544968676e-06,0.790503544968676,100000.0,0.01,15.124284290526582,18.613676776582036,22.00238858521466,0.999,tdse_dipole_acceleration,raw_fft_harmonic_order_grid,single_mode_bsv_random_phase_gamma_intensity,shared_fig_iv2_intensity_cases,hhg_intensity_prediction,quantum_light_hhg_bsv_threshold_tdse_dipole_acceleration,shared_normalized_raw_spectrum_for_log_display
BSV - 1e13 W/cm^2,10000000000000.0,14.399650062337251,15.0,2.126710910439805e-05,7.791976293664412e-06,0.7791976293664412,100000.0,0.01,15.124284290526582,18.613676776582036,22.00238858521466,0.999,tdse_dipole_acceleration,raw_fft_harmonic_order_grid,single_mode_bsv_random_phase_gamma_intensity,shared_fig_iv2_intensity_cases,hhg_intensity_prediction,quantum_light_hhg_bsv_threshold_tdse_dipole_acceleration,shared_normalized_raw_spectrum_for_log_display
BSV - 1e13 W/cm^2,10000000000000.0,14.439649090288187,15.0,9.976872049600768e-06,3.6553887090998967e-06,0.36553887090998965,100000.0,0.01,15.124284290526582,18.613676776582036,22.00238858521466,0.999,tdse_dipole_acceleration,raw_fft_harmonic_order_grid,single_mode_bsv_random_phase_gamma_intensity,shared_fig_iv2_intensity_cases,hhg_intensity_prediction,quantum_light_hhg_bsv_threshold_tdse_dipole_acceleration,shared_normalized_raw_spectrum_for_log_display
BSV - 1e13 W/cm^2,10000000000000.0,14.479648118239126,15.0,1.9783458278673124e-05,7.248387035464127e-06,0.7248387035464127,100000.0,0.01,15.124284290526582,18.613676776582036,22.00238858521466,0.999,tdse_dipole_acceleration,raw_fft_harmonic_order_grid,single_mode_bsv_random_phase_gamma_intensity,shared_fig_iv2_intensity_cases,hhg_intensity_prediction,quantum_light_hhg_bsv_threshold_tdse_dipole_acceleration,shared_normalized_raw_spectrum_for_log_display
BSV - 1e13 W/cm^2,10000000000000.0,14.519647146190064,15.0,1.6820483914588073e-05,6.162793977641726e-06,0.6162793977641726,100000.0,0.01,15.124284290526582,18.613676776582036,22.00238858521466,0.999,tdse_dipole_acceleration,raw_fft_harmonic_order_grid,single_mode_bsv_random_phase_gamma_intensity,shared_fig_iv2_intensity_cases,hhg_intensity_prediction,quantum_light_hhg_bsv_threshold_tdse_dipole_acceleration,shared_normalized_raw_spectrum_for_log_display
BSV - 1e13 W/cm^2,10000000000000.0,14.559646174140997,15.0,1.440369839219175e-05,5.277316999791025e-06,0.5277316999791025,100000.0,0.01,15.124284290526582,18.613676776582036,22.00238858521466,0.999,tdse_dipole_acceleration,raw_fft_harmonic_order_grid,single_mode_bsv_random_phase_gamma_intensity,shared_fig_iv2_intensity_cases,hhg_intensity_prediction,quantum_light_hhg_bsv_threshold_tdse_dipole_acceleration,shared_normalized_raw_spectrum_for_log_display
BSV - 1e13 W/cm^2,10000000000000.0,14.599645202091935,15.0,1.4522396797142802e-05,5.320806462930287e-06,0.5320806462930286,100000.0,0.01,15.124284290526582,18.613676776582036,22.00238858521466,0.999,tdse_dipole_acceleration,raw_fft_harmonic_order_grid,single_mode_bsv_random_phase_gamma_intensity,shared_fig_iv2_intensity_cases,hhg_intensity_prediction,quantum_light_hhg_bsv_threshold_tdse_dipole_acceleration,shared_normalized_raw_spectrum_for_log_display
BSV - 1e13 W/cm^2,10000000000000.0,14.639644230042874,15.0,1.7057019385759697e-05,6.249457321255216e-06,0.6249457321255216,100000.0,0.01,15.124284290526582,18.613676776582036,22.00238858521466,0.999,tdse_dipole_acceleration,raw_fft_harmonic_order_grid,single_mode_bsv_random_phase_gamma_intensity,shared_fig_iv2_intensity_cases,hhg_intensity_prediction,quantum_light_hhg_bsv_threshold_tdse_dipole_acceleration,shared_normalized_raw_spectrum_for_log_display
BSV - 1e13 W/cm^2,10000000000000.0,14.679643257993812,15.0,2.4519161793092453e-05,8.983483673988805e-06,0.8983483673988805,100000.0,0.01,15.124284290526582,18.613676776582036,22.00238858521466,0.999,tdse_dipole_acceleration,raw_fft_harmonic_order_grid,single_mode_bsv_random_phase_gamma_intensity,shared_fig_iv2_intensity_cases,hhg_intensity_prediction,quantum_light_hhg_bsv_threshold_tdse_dipole_acceleration,shared_normalized_raw_spectrum_for_log_display
BSV - 1e13 W/cm^2,10000000000000.0,14.719642285944746,15.0,1.7809987481386945e-05,6.525334476077346e-06,0.6525334476077346,100000.0,0.01,15.124284290526582,18.613676776582036,22.00238858521466,0.999,tdse_dipole_acceleration,raw_fft_harmonic_order_grid,single_mode_bsv_random_phase_gamma_intensity,shared_fig_iv2_intensity_cases,hhg_intensity_prediction,quantum_light_hhg_bsv_threshold_tdse_dipole_acceleration,shared_normalized_raw_spectrum_for_log_display
BSV - 1e13 W/cm^2,10000000000000.0,14.759641313895683,15.0,9.139850659927073e-06,3.3487155833068518e-06,0.33487155833068516,100000.0,0.01,15.124284290526582,18.613676776582036,22.00238858521466,0.999,tdse_dipole_acceleration,raw_fft_harmonic_order_grid,single_mode_bsv_random_phase_gamma_intensity,shared_fig_iv2_intensity_cases,hhg_intensity_prediction,quantum_light_hhg_bsv_threshold_tdse_dipole_acceleration,shared_normalized_raw_spectrum_for_log_display
BSV - 1e13 W/cm^2,10000000000000.0,14.799640341846622,15.0,1.0740614303943335e-05,3.935213367500526e-06,0.39352133675005263,100000.0,0.01,15.124284290526582,18.613676776582036,22.00238858521466,0.999,tdse_dipole_acceleration,raw_fft_harmonic_order_grid,single_mode_bsv_random_phase_gamma_intensity,shared_fig_iv2_intensity_cases,hhg_intensity_prediction,quantum_light_hhg_bsv_threshold_tdse_dipole_acceleration,shared_normalized_raw_spectrum_for_log_display
BSV - 1e13 W/cm^2,10000000000000.0,14.839639369797558,15.0,2.1433749773000392e-05,7.853031142865392e-06,0.7853031142865392,100000.0,0.01,15.124284290526582,18.613676776582036,22.00238858521466,0.999,tdse_dipole_acceleration,raw_fft_harmonic_order_grid,single_mode_bsv_random_phase_gamma_intensity,shared_fig_iv2_intensity_cases,hhg_intensity_prediction,quantum_light_hhg_bsv_threshold_tdse_dipole_acceleration,shared_normalized_raw_spectrum_for_log_display
BSV - 1e13 W/cm^2,10000000000000.0,14.879638397748494,15.0,2.4382556815947186e-05,8.933433489062997e-06,0.8933433489062997,100000.0,0.01,15.124284290526582,18.613676776582036,22.00238858521466,0.999,tdse_dipole_acceleration,raw_fft_harmonic_order_grid,single_mode_bsv_random_phase_gamma_intensity,shared_fig_iv2_intensity_cases,hhg_intensity_prediction,quantum_light_hhg_bsv_threshold_tdse_dipole_acceleration,shared_normalized_raw_spectrum_for_log_display
BSV - 1e13 W/cm^2,10000000000000.0,14.91963742569943,15.0,7.883621817573483e-05,2.8884506121259598e-05,2.88845061212596,100000.0,0.01,15.124284290526582,18.613676776582036,22.00238858521466,0.999,tdse_dipole_acceleration,raw_fft_harmonic_order_grid,single_mode_bsv_random_phase_gamma_intensity,shared_fig_iv2_intensity_cases,hhg_intensity_prediction,quantum_light_hhg_bsv_threshold_tdse_dipole_acceleration,shared_normalized_raw_spectrum_for_log_display
BSV - 1e13 W/cm^2,10000000000000.0,14.959636453650367,15.0,0.0009564317154906096,0.000350423426946657,35.0423426946657,100000.0,0.01,15.124284290526582,18.613676776582036,22.00238858521466,0.999,tdse_dipole_acceleration,raw_fft_harmonic_order_grid,single_mode_bsv_random_phase_gamma_intensity,shared_fig_iv2_intensity_cases,hhg_intensity_prediction,quantum_light_hhg_bsv_threshold_tdse_dipole_acceleration,shared_normalized_raw_spectrum_for_log_display
BSV - 1e13 W/cm^2,10000000000000.0,14.999635481601306,15.0,0.0023100800283780165,0.0008463815523411542,84.63815523411542,100000.0,0.01,15.124284290526582,18.613676776582036,22.00238858521466,0.999,tdse_dipole_acceleration,raw_fft_harmonic_order_grid,single_mode_bsv_random_phase_gamma_intensity,shared_fig_iv2_intensity_cases,hhg_intensity_prediction,quantum_light_hhg_bsv_threshold_tdse_dipole_acceleration,shared_normalized_raw_spectrum_for_log_display
BSV - 1e13 W/cm^2,10000000000000.0,15.03963450955224,15.0,0.0011434789170766636,0.00041895494918601,41.895494918600996,100000.0,0.01,15.124284290526582,18.613676776582036,22.00238858521466,0.999,tdse_dipole_acceleration,raw_fft_harmonic_order_grid,single_mode_bsv_random_phase_gamma_intensity,shared_fig_iv2_intensity_cases,hhg_intensity_prediction,quantum_light_hhg_bsv_threshold_tdse_dipole_acceleration,shared_normalized_raw_spectrum_for_log_display
BSV - 1e13 W/cm^2,10000000000000.0,15.079633537503177,15.0,0.0001017053613871782,3.7263445679299115e-05,3.7263445679299116,100000.0,0.01,15.124284290526582,18.613676776582036,22.00238858521466,0.999,tdse_dipole_acceleration,raw_fft_harmonic_order_grid,single_mode_bsv_random_phase_gamma_intensity,shared_fig_iv2_intensity_cases,hhg_intensity_prediction,quantum_light_hhg_bsv_threshold_tdse_dipole_acceleration,shared_normalized_raw_spectrum_for_log_display
BSV - 1e13 W/cm^2,10000000000000.0,15.119632565454115,15.0,2.6309540859707937e-05,9.639453941280841e-06,0.9639453941280841,100000.0,0.01,15.124284290526582,18.613676776582036,22.00238858521466,0.999,tdse_dipole_acceleration,raw_fft_harmonic_order_grid,single_mode_bsv_random_phase_gamma_intensity,shared_fig_iv2_intensity_cases,hhg_intensity_prediction,quantum_light_hhg_bsv_threshold_tdse_dipole_acceleration,shared_normalized_raw_spectrum_for_log_display
BSV - 1e13 W/cm^2,10000000000000.0,15.159631593405054,15.0,1.4940862573237166e-05,5.474126568217321e-06,0.5474126568217321,100000.0,0.01,15.124284290526582,18.613676776582036,22.00238858521466,0.999,tdse_dipole_acceleration,raw_fft_harmonic_order_grid,single_mode_bsv_random_phase_gamma_intensity,shared_fig_iv2_intensity_cases,hhg_intensity_prediction,quantum_light_hhg_bsv_threshold_tdse_dipole_acceleration,shared_normalized_raw_spectrum_for_log_display
BSV - 1e13 W/cm^2,10000000000000.0,15.199630621355988,15.0,4.169604033618768e-06,1.5276855742093368e-06,0.15276855742093368,100000.0,0.01,15.124284290526582,18.613676776582036,22.00238858521466,0.999,tdse_dipole_acceleration,raw_fft_harmonic_order_grid,single_mode_bsv_random_phase_gamma_intensity,shared_fig_iv2_intensity_cases,hhg_intensity_prediction,quantum_light_hhg_bsv_threshold_tdse_dipole_acceleration,shared_normalized_raw_spectrum_for_log_display
BSV - 1e13 W/cm^2,10000000000000.0,15.239629649306925,15.0,2.263883794043373e-05,8.294558874082711e-06,0.8294558874082711,100000.0,0.01,15.124284290526582,18.613676776582036,22.00238858521466,0.999,tdse_dipole_acceleration,raw_fft_harmonic_order_grid,single_mode_bsv_random_phase_gamma_intensity,shared_fig_iv2_intensity_cases,hhg_intensity_prediction,quantum_light_hhg_bsv_threshold_tdse_dipole_acceleration,shared_normalized_raw_spectrum_for_log_display
BSV - 1e13 W/cm^2,10000000000000.0,15.279628677257863,15.0,1.0866538248189778e-05,3.98135016886626e-06,0.398135016886626,100000.0,0.01,15.124284290526582,18.613676776582036,22.00238858521466,0.999,tdse_dipole_acceleration,raw_fft_harmonic_order_grid,single_mode_bsv_random_phase_gamma_intensity,shared_fig_iv2_intensity_cases,hhg_intensity_prediction,quantum_light_hhg_bsv_threshold_tdse_dipole_acceleration,shared_normalized_raw_spectrum_for_log_display
BSV - 1e13 W/cm^2,10000000000000.0,15.3196277052088,15.0,2.5786733144215682e-05,9.447904384391699e-06,0.9447904384391699,100000.0,0.01,15.124284290526582,18.613676776582036,22.00238858521466,0.999,tdse_dipole_acceleration,raw_fft_harmonic_order_grid,single_mode_bsv_random_phase_gamma_intensity,shared_fig_iv2_intensity_cases,hhg_intensity_prediction,quantum_light_hhg_bsv_threshold_tdse_dipole_acceleration,shared_normalized_raw_spectrum_for_log_display
BSV - 1e13 W/cm^2,10000000000000.0,15.359626733159736,15.0,1.95262499936426e-05,7.154149457161702e-06,0.7154149457161701,100000.0,0.01,15.124284290526582,18.613676776582036,22.00238858521466,0.999,tdse_dipole_acceleration,raw_fft_harmonic_order_grid,single_mode_bsv_random_phase_gamma_intensity,shared_fig_iv2_intensity_cases,hhg_intensity_prediction,quantum_light_hhg_bsv_threshold_tdse_dipole_acceleration,shared_normalized_raw_spectrum_for_log_display
BSV - 1e13 W/cm^2,10000000000000.0,15.399625761110672,15.0,1.4237861853588425e-05,5.216556772762649e-06,0.5216556772762648,100000.0,0.01,15.124284290526582,18.613676776582036,22.00238858521466,0.999,tdse_dipole_acceleration,raw_fft_harmonic_order_grid,single_mode_bsv_random_phase_gamma_intensity,shared_fig_iv2_intensity_cases,hhg_intensity_prediction,quantum_light_hhg_bsv_threshold_tdse_dipole_acceleration,shared_normalized_raw_spectrum_for_log_display
BSV - 1e13 W/cm^2,10000000000000.0,15.43962478906161,15.0,3.218520853720579e-05,1.1792217771464302e-05,1.1792217771464302,100000.0,0.01,15.124284290526582,18.613676776582036,22.00238858521466,0.999,tdse_dipole_acceleration,raw_fft_harmonic_order_grid,single_mode_bsv_random_phase_gamma_intensity,shared_fig_iv2_intensity_cases,hhg_intensity_prediction,quantum_light_hhg_bsv_threshold_tdse_dipole_acceleration,shared_normalized_raw_spectrum_for_log_display
BSV - 1e13 W/cm^2,10000000000000.0,15.479623817012545,15.0,3.654772789490678e-05,1.3390584867292503e-05,1.3390584867292503,100000.0,0.01,15.124284290526582,18.613676776582036,22.00238858521466,0.999,tdse_dipole_acceleration,raw_fft_harmonic_order_grid,single_mode_bsv_random_phase_gamma_intensity,shared_fig_iv2_intensity_cases,hhg_intensity_prediction,quantum_light_hhg_bsv_threshold_tdse_dipole_acceleration,shared_normalized_raw_spectrum_for_log_display
BSV - 1e13 W/cm^2,10000000000000.0,15.519622844963482,15.0,2.914017193148391e-05,1.0676558236891335e-05,1.0676558236891334,100000.0,0.01,15.124284290526582,18.613676776582036,22.00238858521466,0.999,tdse_dipole_acceleration,raw_fft_harmonic_order_grid,single_mode_bsv_random_phase_gamma_intensity,shared_fig_iv2_intensity_cases,hhg_intensity_prediction,quantum_light_hhg_bsv_threshold_tdse_dipole_acceleration,shared_normalized_raw_spectrum_for_log_display
BSV - 1e13 W/cm^2,10000000000000.0,15.55962187291442,15.0,3.552057427490678e-05,1.3014249907157445e-05,1.3014249907157445,100000.0,0.01,15.124284290526582,18.613676776582036,22.00238858521466,0.999,tdse_dipole_acceleration,raw_fft_harmonic_order_grid,single_mode_bsv_random_phase_gamma_intensity,shared_fig_iv2_intensity_cases,hhg_intensity_prediction,quantum_light_hhg_bsv_threshold_tdse_dipole_acceleration,shared_normalized_raw_spectrum_for_log_display
BSV - 1e13 W/cm^2,10000000000000.0,15.599620900865357,15.0,2.830120691832919e-05,1.0369172994185097e-05,1.0369172994185096,100000.0,0.01,15.124284290526582,18.613676776582036,22.00238858521466,0.999,tdse_dipole_acceleration,raw_fft_harmonic_order_grid,single_mode_bsv_random_phase_gamma_intensity,shared_fig_iv2_intensity_cases,hhg_intensity_prediction,quantum_light_hhg_bsv_threshold_tdse_dipole_acceleration,shared_normalized_raw_spectrum_for_log_display
BSV - 1e13 W/cm^2,10000000000000.0,15.639619928816291,15.0,4.075619927374737e-05,1.4932510902256494e-05,1.4932510902256495,100000.0,0.01,15.124284290526582,18.613676776582036,22.00238858521466,0.999,tdse_dipole_acceleration,raw_fft_harmonic_order_grid,single_mode_bsv_random_phase_gamma_intensity,shared_fig_iv2_intensity_cases,hhg_intensity_prediction,quantum_light_hhg_bsv_threshold_tdse_dipole_acceleration,shared_normalized_raw_spectrum_for_log_display
BSV - 1e13 W/cm^2,10000000000000.0,15.67961895676723,15.0,3.283840660836608e-05,1.203154056143841e-05,1.203154056143841,100000.0,0.01,15.124284290526582,18.613676776582036,22.00238858521466,0.999,tdse_dipole_acceleration,raw_fft_harmonic_order_grid,single_mode_bsv_random_phase_gamma_intensity,shared_fig_iv2_intensity_cases,hhg_intensity_prediction,quantum_light_hhg_bsv_threshold_tdse_dipole_acceleration,shared_normalized_raw_spectrum_for_log_display
BSV - 1e13 W/cm^2,10000000000000.0,15.719617984718168,15.0,2.613429161178366e-05,9.575245027008327e-06,0.9575245027008328,100000.0,0.01,15.124284290526582,18.613676776582036,22.00238858521466,0.999,tdse_dipole_acceleration,raw_fft_harmonic_order_grid,single_mode_bsv_random_phase_gamma_intensity,shared_fig_iv2_intensity_cases,hhg_intensity_prediction,quantum_light_hhg_bsv_threshold_tdse_dipole_acceleration,shared_normalized_raw_spectrum_for_log_display
BSV - 1e13 W/cm^2,10000000000000.0,15.759617012669105,15.0,2.6928766241456244e-05,9.866329605073824e-06,0.9866329605073824,100000.0,0.01,15.124284290526582,18.613676776582036,22.00238858521466,0.999,tdse_dipole_acceleration,raw_fft_harmonic_order_grid,single_mode_bsv_random_phase_gamma_intensity,shared_fig_iv2_intensity_cases,hhg_intensity_prediction,quantum_light_hhg_bsv_threshold_tdse_dipole_acceleration,shared_normalized_raw_spectrum_for_log_display
BSV - 1e13 W/cm^2,10000000000000.0,15.79961604062004,15.0,1.6421770990410947e-05,6.016711045640248e-06,0.6016711045640248,100000.0,0.01,15.124284290526582,18.613676776582036,22.00238858521466,0.999,tdse_dipole_acceleration,raw_fft_harmonic_order_grid,single_mode_bsv_random_phase_gamma_intensity,shared_fig_iv2_intensity_cases,hhg_intensity_prediction,quantum_light_hhg_bsv_threshold_tdse_dipole_acceleration,shared_normalized_raw_spectrum_for_log_display
BSV - 1e13 W/cm^2,10000000000000.0,15.839615068570978,15.0,1.2171802035242982e-05,4.45958086941756e-06,0.445958086941756,100000.0,0.01,15.124284290526582,18.613676776582036,22.00238858521466,0.999,tdse_dipole_acceleration,raw_fft_harmonic_order_grid,single_mode_bsv_random_phase_gamma_intensity,shared_fig_iv2_intensity_cases,hhg_intensity_prediction,quantum_light_hhg_bsv_threshold_tdse_dipole_acceleration,shared_normalized_raw_spectrum_for_log_display
BSV - 1e13 W/cm^2,10000000000000.0,15.879614096521916,15.0,1.1328569218291177e-05,4.1506319620942996e-06,0.41506319620942994,100000.0,0.01,15.124284290526582,18.613676776582036,22.00238858521466,0.999,tdse_dipole_acceleration,raw_fft_harmonic_order_grid,single_mode_bsv_random_phase_gamma_intensity,shared_fig_iv2_intensity_cases,hhg_intensity_prediction,quantum_light_hhg_bsv_threshold_tdse_dipole_acceleration,shared_normalized_raw_spectrum_for_log_display
BSV - 1e13 W/cm^2,10000000000000.0,15.919613124472852,15.0,5.327985083300753e-06,1.952100459835965e-06,0.1952100459835965,100000.0,0.01,15.124284290526582,18.613676776582036,22.00238858521466,0.999,tdse_dipole_acceleration,raw_fft_harmonic_order_grid,single_mode_bsv_random_phase_gamma_intensity,shared_fig_iv2_intensity_cases,hhg_intensity_prediction,quantum_light_hhg_bsv_threshold_tdse_dipole_acceleration,shared_normalized_raw_spectrum_for_log_display
BSV - 1e13 W/cm^2,10000000000000.0,15.959612152423787,15.0,1.481847202661534e-05,5.429284355147155e-06,0.5429284355147155,100000.0,0.01,15.124284290526582,18.613676776582036,22.00238858521466,0.999,tdse_dipole_acceleration,raw_fft_harmonic_order_grid,single_mode_bsv_random_phase_gamma_intensity,shared_fig_iv2_intensity_cases,hhg_intensity_prediction,quantum_light_hhg_bsv_threshold_tdse_dipole_acceleration,shared_normalized_raw_spectrum_for_log_display
BSV - 1e13 W/cm^2,10000000000000.0,15.999611180374723,15.0,8.329481421348769e-06,3.0518074391335938e-06,0.30518074391335936,100000.0,0.01,15.124284290526582,18.613676776582036,22.00238858521466,0.999,tdse_dipole_acceleration,raw_fft_harmonic_order_grid,single_mode_bsv_random_phase_gamma_intensity,shared_fig_iv2_intensity_cases,hhg_intensity_prediction,quantum_light_hhg_bsv_threshold_tdse_dipole_acceleration,shared_normalized_raw_spectrum_for_log_display
BSV - 1e13 W/cm^2,10000000000000.0,16.039610208325662,17.0,3.660886077991838e-05,1.341298311561273e-05,1.341298311561273,100000.0,0.01,15.124284290526582,18.613676776582036,22.00238858521466,0.999,tdse_dipole_acceleration,raw_fft_harmonic_order_grid,single_mode_bsv_random_phase_gamma_intensity,shared_fig_iv2_intensity_cases,hhg_intensity_prediction,quantum_light_hhg_bsv_threshold_tdse_dipole_acceleration,shared_normalized_raw_spectrum_for_log_display
BSV - 1e13 W/cm^2,10000000000000.0,16.0796092362766,17.0,2.462263081406618e-05,9.021393300285367e-06,0.9021393300285367,100000.0,0.01,15.124284290526582,18.613676776582036,22.00238858521466,0.999,tdse_dipole_acceleration,raw_fft_harmonic_order_grid,single_mode_bsv_random_phase_gamma_intensity,shared_fig_iv2_intensity_cases,hhg_intensity_prediction,quantum_light_hhg_bsv_threshold_tdse_dipole_acceleration,shared_normalized_raw_spectrum_for_log_display
BSV - 1e13 W/cm^2,10000000000000.0,16.119608264227534,17.0,3.553574810275365e-05,1.3019809388997999e-05,1.3019809388997998,100000.0,0.01,15.124284290526582,18.613676776582036,22.00238858521466,0.999,tdse_dipole_acceleration,raw_fft_harmonic_order_grid,single_mode_bsv_random_phase_gamma_intensity,shared_fig_iv2_intensity_cases,hhg_intensity_prediction,quantum_light_hhg_bsv_threshold_tdse_dipole_acceleration,shared_normalized_raw_spectrum_for_log_display
BSV - 1e13 W/cm^2,10000000000000.0,16.15960729217847,17.0,1.821394090493826e-05,6.673337454978014e-06,0.6673337454978013,100000.0,0.01,15.124284290526582,18.613676776582036,22.00238858521466,0.999,tdse_dipole_acceleration,raw_fft_harmonic_order_grid,single_mode_bsv_random_phase_gamma_intensity,shared_fig_iv2_intensity_cases,hhg_intensity_prediction,quantum_light_hhg_bsv_threshold_tdse_dipole_acceleration,shared_normalized_raw_spectrum_for_log_display
BSV - 1e13 W/cm^2,10000000000000.0,16.19960632012941,17.0,1.4991615818596313e-05,5.492721859317945e-06,0.5492721859317945,100000.0,0.01,15.124284290526582,18.613676776582036,22.00238858521466,0.999,tdse_dipole_acceleration,raw_fft_harmonic_order_grid,single_mode_bsv_random_phase_gamma_intensity,shared_fig_iv2_intensity_cases,hhg_intensity_prediction,quantum_light_hhg_bsv_threshold_tdse_dipole_acceleration,shared_normalized_raw_spectrum_for_log_display
BSV - 1e13 W/cm^2,10000000000000.0,16.239605348080346,17.0,2.5688109458604963e-05,9.411770022335239e-06,0.9411770022335239,100000.0,0.01,15.124284290526582,18.613676776582036,22.00238858521466,0.999,tdse_dipole_acceleration,raw_fft_harmonic_order_grid,single_mode_bsv_random_phase_gamma_intensity,shared_fig_iv2_intensity_cases,hhg_intensity_prediction,quantum_light_hhg_bsv_threshold_tdse_dipole_acceleration,shared_normalized_raw_spectrum_for_log_display
BSV - 1e13 W/cm^2,10000000000000.0,16.279604376031283,17.0,2.1765687370351877e-05,7.974648513465321e-06,0.7974648513465321,100000.0,0.01,15.124284290526582,18.613676776582036,22.00238858521466,0.999,tdse_dipole_acceleration,raw_fft_harmonic_order_grid,single_mode_bsv_random_phase_gamma_intensity,shared_fig_iv2_intensity_cases,hhg_intensity_prediction,quantum_light_hhg_bsv_threshold_tdse_dipole_acceleration,shared_normalized_raw_spectrum_for_log_display
BSV - 1e13 W/cm^2,10000000000000.0,16.31960340398222,17.0,1.2235564120610251e-05,4.482942420589252e-06,0.4482942420589252,100000.0,0.01,15.124284290526582,18.613676776582036,22.00238858521466,0.999,tdse_dipole_acceleration,raw_fft_harmonic_order_grid,single_mode_bsv_random_phase_gamma_intensity,shared_fig_iv2_intensity_cases,hhg_intensity_prediction,quantum_light_hhg_bsv_threshold_tdse_dipole_acceleration,shared_normalized_raw_spectrum_for_log_display
BSV - 1e13 W/cm^2,10000000000000.0,16.35960243193316,17.0,4.9445782484661665e-05,1.8116254684680884e-05,1.8116254684680884,100000.0,0.01,15.124284290526582,18.613676776582036,22.00238858521466,0.999,tdse_dipole_acceleration,raw_fft_harmonic_order_grid,single_mode_bsv_random_phase_gamma_intensity,shared_fig_iv2_intensity_cases,hhg_intensity_prediction,quantum_light_hhg_bsv_threshold_tdse_dipole_acceleration,shared_normalized_raw_spectrum_for_log_display
BSV - 1e13 W/cm^2,10000000000000.0,16.399601459884092,17.0,2.870726044620612e-05,1.0517945422428368e-05,1.0517945422428367,100000.0,0.01,15.124284290526582,18.613676776582036,22.00238858521466,0.999,tdse_dipole_acceleration,raw_fft_harmonic_order_grid,single_mode_bsv_random_phase_gamma_intensity,shared_fig_iv2_intensity_cases,hhg_intensity_prediction,quantum_light_hhg_bsv_threshold_tdse_dipole_acceleration,shared_normalized_raw_spectrum_for_log_display
BSV - 1e13 W/cm^2,10000000000000.0,16.43960048783503,17.0,1.1859320443010137e-05,4.3450919115186545e-06,0.4345091911518654,100000.0,0.01,15.124284290526582,18.613676776582036,22.00238858521466,0.999,tdse_dipole_acceleration,raw_fft_harmonic_order_grid,single_mode_bsv_random_phase_gamma_intensity,shared_fig_iv2_intensity_cases,hhg_intensity_prediction,quantum_light_hhg_bsv_threshold_tdse_dipole_acceleration,shared_normalized_raw_spectrum_for_log_display
BSV - 1e13 W/cm^2,10000000000000.0,16.479599515785967,17.0,6.84835228916901e-06,2.5091420947679246e-06,0.25091420947679244,100000.0,0.01,15.124284290526582,18.613676776582036,22.00238858521466,0.999,tdse_dipole_acceleration,raw_fft_harmonic_order_grid,single_mode_bsv_random_phase_gamma_intensity,shared_fig_iv2_intensity_cases,hhg_intensity_prediction,quantum_light_hhg_bsv_threshold_tdse_dipole_acceleration,shared_normalized_raw_spectrum_for_log_display
BSV - 1e13 W/cm^2,10000000000000.0,16.519598543736905,17.0,1.0555247015040485e-05,3.867297342164805e-06,0.3867297342164805,100000.0,0.01,15.124284290526582,18.613676776582036,22.00238858521466,0.999,tdse_dipole_acceleration,raw_fft_harmonic_order_grid,single_mode_bsv_random_phase_gamma_intensity,shared_fig_iv2_intensity_cases,hhg_intensity_prediction,quantum_light_hhg_bsv_threshold_tdse_dipole_acceleration,shared_normalized_raw_spectrum_for_log_display
BSV - 1e13 W/cm^2,10000000000000.0,16.55959757168784,17.0,1.767046844635405e-05,6.474216620417949e-06,0.647421662041795,100000.0,0.01,15.124284290526582,18.613676776582036,22.00238858521466,0.999,tdse_dipole_acceleration,raw_fft_harmonic_order_grid,single_mode_bsv_random_phase_gamma_intensity,shared_fig_iv2_intensity_cases,hhg_intensity_prediction,quantum_light_hhg_bsv_threshold_tdse_dipole_acceleration,shared_normalized_raw_spectrum_for_log_display
BSV - 1e13 W/cm^2,10000000000000.0,16.599596599638776,17.0,1.368967951831491e-05,5.015710304157591e-06,0.5015710304157591,100000.0,0.01,15.124284290526582,18.613676776582036,22.00238858521466,0.999,tdse_dipole_acceleration,raw_fft_harmonic_order_grid,single_mode_bsv_random_phase_gamma_intensity,shared_fig_iv2_intensity_cases,hhg_intensity_prediction,quantum_light_hhg_bsv_threshold_tdse_dipole_acceleration,shared_normalized_raw_spectrum_for_log_display
BSV - 1e13 W/cm^2,10000000000000.0,16.639595627589713,17.0,1.865486445317379e-05,6.83488577912044e-06,0.683488577912044,100000.0,0.01,15.124284290526582,18.613676776582036,22.00238858521466,0.999,tdse_dipole_acceleration,raw_fft_harmonic_order_grid,single_mode_bsv_random_phase_gamma_intensity,shared_fig_iv2_intensity_cases,hhg_intensity_prediction,quantum_light_hhg_bsv_threshold_tdse_dipole_acceleration,shared_normalized_raw_spectrum_for_log_display
BSV - 1e13 W/cm^2,10000000000000.0,16.67959465554065,17.0,1.7033945270623492e-05,6.241003282802881e-06,0.6241003282802882,100000.0,0.01,15.124284290526582,18.613676776582036,22.00238858521466,0.999,tdse_dipole_acceleration,raw_fft_harmonic_order_grid,single_mode_bsv_random_phase_gamma_intensity,shared_fig_iv2_intensity_cases,hhg_intensity_prediction,quantum_light_hhg_bsv_threshold_tdse_dipole_acceleration,shared_normalized_raw_spectrum_for_log_display
BSV - 1e13 W/cm^2,10000000000000.0,16.719593683491585,17.0,2.9683982454516748e-05,1.0875802933616046e-05,1.0875802933616046,100000.0,0.01,15.124284290526582,18.613676776582036,22.00238858521466,0.999,tdse_dipole_acceleration,raw_fft_harmonic_order_grid,single_mode_bsv_random_phase_gamma_intensity,shared_fig_iv2_intensity_cases,hhg_intensity_prediction,quantum_light_hhg_bsv_threshold_tdse_dipole_acceleration,shared_normalized_raw_spectrum_for_log_display
BSV - 1e13 W/cm^2,10000000000000.0,16.759592711442522,17.0,3.9342240904816376e-05,1.4414456001759449e-05,1.4414456001759448,100000.0,0.01,15.124284290526582,18.613676776582036,22.00238858521466,0.999,tdse_dipole_acceleration,raw_fft_harmonic_order_grid,single_mode_bsv_random_phase_gamma_intensity,shared_fig_iv2_intensity_cases,hhg_intensity_prediction,quantum_light_hhg_bsv_threshold_tdse_dipole_acceleration,shared_normalized_raw_spectrum_for_log_display
BSV - 1e13 W/cm^2,10000000000000.0,16.799591739393463,17.0,2.8131355638444464e-05,1.0306941821165129e-05,1.0306941821165128,100000.0,0.01,15.124284290526582,18.613676776582036,22.00238858521466,0.999,tdse_dipole_acceleration,raw_fft_harmonic_order_grid,single_mode_bsv_random_phase_gamma_intensity,shared_fig_iv2_intensity_cases,hhg_intensity_prediction,quantum_light_hhg_bsv_threshold_tdse_dipole_acceleration,shared_normalized_raw_spectrum_for_log_display
BSV - 1e13 W/cm^2,10000000000000.0,16.8395907673444,17.0,4.0238323016334793e-05,1.4742768163786414e-05,1.4742768163786413,100000.0,0.01,15.124284290526582,18.613676776582036,22.00238858521466,0.999,tdse_dipole_acceleration,raw_fft_harmonic_order_grid,single_mode_bsv_random_phase_gamma_intensity,shared_fig_iv2_intensity_cases,hhg_intensity_prediction,quantum_light_hhg_bsv_threshold_tdse_dipole_acceleration,shared_normalized_raw_spectrum_for_log_display
BSV - 1e13 W/cm^2,10000000000000.0,16.879589795295335,17.0,8.408840567491334e-05,3.080883538870179e-05,3.080883538870179,100000.0,0.01,15.124284290526582,18.613676776582036,22.00238858521466,0.999,tdse_dipole_acceleration,raw_fft_harmonic_order_grid,single_mode_bsv_random_phase_gamma_intensity,shared_fig_iv2_intensity_cases,hhg_intensity_prediction,quantum_light_hhg_bsv_threshold_tdse_dipole_acceleration,shared_normalized_raw_spectrum_for_log_display
BSV - 1e13 W/cm^2,10000000000000.0,16.919588823246272,17.0,0.00015905238802962104,5.827460755920163e-05,5.827460755920163,100000.0,0.01,15.124284290526582,18.613676776582036,22.00238858521466,0.999,tdse_dipole_acceleration,raw_fft_harmonic_order_grid,single_mode_bsv_random_phase_gamma_intensity,shared_fig_iv2_intensity_cases,hhg_intensity_prediction,quantum_light_hhg_bsv_threshold_tdse_dipole_acceleration,shared_normalized_raw_spectrum_for_log_display
BSV - 1e13 W/cm^2,10000000000000.0,16.959587851197206,17.0,0.004942255397121547,0.0018107744076811176,181.07744076811176,100000.0,0.01,15.124284290526582,18.613676776582036,22.00238858521466,0.999,tdse_dipole_acceleration,raw_fft_harmonic_order_grid,single_mode_bsv_random_phase_gamma_intensity,shared_fig_iv2_intensity_cases,hhg_intensity_prediction,quantum_light_hhg_bsv_threshold_tdse_dipole_acceleration,shared_normalized_raw_spectrum_for_log_display
BSV - 1e13 W/cm^2,10000000000000.0,16.999586879148147,17.0,0.01685237857894138,0.006174479744020004,617.4479744020003,100000.0,0.01,15.124284290526582,18.613676776582036,22.00238858521466,0.999,tdse_dipole_acceleration,raw_fft_harmonic_order_grid,single_mode_bsv_random_phase_gamma_intensity,shared_fig_iv2_intensity_cases,hhg_intensity_prediction,quantum_light_hhg_bsv_threshold_tdse_dipole_acceleration,shared_normalized_raw_spectrum_for_log_display
BSV - 1e13 W/cm^2,10000000000000.0,17.03958590709908,17.0,0.013800846767475448,0.0050564404553896485,505.64404553896486,100000.0,0.01,15.124284290526582,18.613676776582036,22.00238858521466,0.999,tdse_dipole_acceleration,raw_fft_harmonic_order_grid,single_mode_bsv_random_phase_gamma_intensity,shared_fig_iv2_intensity_cases,hhg_intensity_prediction,quantum_light_hhg_bsv_threshold_tdse_dipole_acceleration,shared_normalized_raw_spectrum_for_log_display
BSV - 1e13 W/cm^2,10000000000000.0,17.07958493505002,17.0,0.0016332683888544267,0.0005984070756712926,59.84070756712926,100000.0,0.01,15.124284290526582,18.613676776582036,22.00238858521466,0.999,tdse_dipole_acceleration,raw_fft_harmonic_order_grid,single_mode_bsv_random_phase_gamma_intensity,shared_fig_iv2_intensity_cases,hhg_intensity_prediction,quantum_light_hhg_bsv_threshold_tdse_dipole_acceleration,shared_normalized_raw_spectrum_for_log_display
BSV - 1e13 W/cm^2,10000000000000.0,17.119583963000956,17.0,6.762703361855696e-05,2.477761505712447e-05,2.477761505712447,100000.0,0.01,15.124284290526582,18.613676776582036,22.00238858521466,0.999,tdse_dipole_acceleration,raw_fft_harmonic_order_grid,single_mode_bsv_random_phase_gamma_intensity,shared_fig_iv2_intensity_cases,hhg_intensity_prediction,quantum_light_hhg_bsv_threshold_tdse_dipole_acceleration,shared_normalized_raw_spectrum_for_log_display
BSV - 1e13 W/cm^2,10000000000000.0,17.159582990951893,17.0,1.1939313114203616e-05,4.374400126121155e-06,0.4374400126121155,100000.0,0.01,15.124284290526582,18.613676776582036,22.00238858521466,0.999,tdse_dipole_acceleration,raw_fft_harmonic_order_grid,single_mode_bsv_random_phase_gamma_intensity,shared_fig_iv2_intensity_cases,hhg_intensity_prediction,quantum_light_hhg_bsv_threshold_tdse_dipole_acceleration,shared_normalized_raw_spectrum_for_log_display
BSV - 1e13 W/cm^2,10000000000000.0,17.199582018902827,17.0,3.7400996590183154e-05,1.370321078241251e-05,1.370321078241251,100000.0,0.01,15.124284290526582,18.613676776582036,22.00238858521466,0.999,tdse_dipole_acceleration,raw_fft_harmonic_order_grid,single_mode_bsv_random_phase_gamma_intensity,shared_fig_iv2_intensity_cases,hhg_intensity_prediction,quantum_light_hhg_bsv_threshold_tdse_dipole_acceleration,shared_normalized_raw_spectrum_for_log_display
BSV - 1e13 W/cm^2,10000000000000.0,17.239581046853765,17.0,0.00011027738998293492,4.0404119067434265e-05,4.040411906743427,100000.0,0.01,15.124284290526582,18.613676776582036,22.00238858521466,0.999,tdse_dipole_acceleration,raw_fft_harmonic_order_grid,single_mode_bsv_random_phase_gamma_intensity,shared_fig_iv2_intensity_cases,hhg_intensity_prediction,quantum_light_hhg_bsv_threshold_tdse_dipole_acceleration,shared_normalized_raw_spectrum_for_log_display
BSV - 1e13 W/cm^2,10000000000000.0,17.279580074804702,17.0,0.00011489186272453829,4.209479841806112e-05,4.209479841806112,100000.0,0.01,15.124284290526582,18.613676776582036,22.00238858521466,0.999,tdse_dipole_acceleration,raw_fft_harmonic_order_grid,single_mode_bsv_random_phase_gamma_intensity,shared_fig_iv2_intensity_cases,hhg_intensity_prediction,quantum_light_hhg_bsv_threshold_tdse_dipole_acceleration,shared_normalized_raw_spectrum_for_log_display
BSV - 1e13 W/cm^2,10000000000000.0,17.319579102755643,17.0,8.553944558750767e-06,3.1340476456822223e-06,0.31340476456822225,100000.0,0.01,15.124284290526582,18.613676776582036,22.00238858521466,0.999,tdse_dipole_acceleration,raw_fft_harmonic_order_grid,single_mode_bsv_random_phase_gamma_intensity,shared_fig_iv2_intensity_cases,hhg_intensity_prediction,quantum_light_hhg_bsv_threshold_tdse_dipole_acceleration,shared_normalized_raw_spectrum_for_log_display
BSV - 1e13 W/cm^2,10000000000000.0,17.359578130706577,17.0,1.8325021634585772e-06,6.714035906650384e-07,0.06714035906650384,100000.0,0.01,15.124284290526582,18.613676776582036,22.00238858521466,0.999,tdse_dipole_acceleration,raw_fft_harmonic_order_grid,single_mode_bsv_random_phase_gamma_intensity,shared_fig_iv2_intensity_cases,hhg_intensity_prediction,quantum_light_hhg_bsv_threshold_tdse_dipole_acceleration,shared_normalized_raw_spectrum_for_log_display
BSV - 1e13 W/cm^2,10000000000000.0,17.399577158657515,17.0,3.252455058045298e-06,1.1916548029208592e-06,0.11916548029208592,100000.0,0.01,15.124284290526582,18.613676776582036,22.00238858521466,0.999,tdse_dipole_acceleration,raw_fft_harmonic_order_grid,single_mode_bsv_random_phase_gamma_intensity,shared_fig_iv2_intensity_cases,hhg_intensity_prediction,quantum_light_hhg_bsv_threshold_tdse_dipole_acceleration,shared_normalized_raw_spectrum_for_log_display
BSV - 1e13 W/cm^2,10000000000000.0,17.43957618660845,17.0,2.36337308065933e-06,8.659073937686163e-07,0.08659073937686163,100000.0,0.01,15.124284290526582,18.613676776582036,22.00238858521466,0.999,tdse_dipole_acceleration,raw_fft_harmonic_order_grid,single_mode_bsv_random_phase_gamma_intensity,shared_fig_iv2_intensity_cases,hhg_intensity_prediction,quantum_light_hhg_bsv_threshold_tdse_dipole_acceleration,shared_normalized_raw_spectrum_for_log_display
BSV - 1e13 W/cm^2,10000000000000.0,17.479575214559386,17.0,4.629698608904704e-06,1.6962578990078313e-06,0.1696257899007831,100000.0,0.01,15.124284290526582,18.613676776582036,22.00238858521466,0.999,tdse_dipole_acceleration,raw_fft_harmonic_order_grid,single_mode_bsv_random_phase_gamma_intensity,shared_fig_iv2_intensity_cases,hhg_intensity_prediction,quantum_light_hhg_bsv_threshold_tdse_dipole_acceleration,shared_normalized_raw_spectrum_for_log_display
BSV - 1e13 W/cm^2,10000000000000.0,17.519574242510323,17.0,3.456131410638189e-06,1.2662790173918161e-06,0.12662790173918162,100000.0,0.01,15.124284290526582,18.613676776582036,22.00238858521466,0.999,tdse_dipole_acceleration,raw_fft_harmonic_order_grid,single_mode_bsv_random_phase_gamma_intensity,shared_fig_iv2_intensity_cases,hhg_intensity_prediction,quantum_light_hhg_bsv_threshold_tdse_dipole_acceleration,shared_normalized_raw_spectrum_for_log_display
BSV - 1e13 W/cm^2,10000000000000.0,17.55957327046126,17.0,2.4768866476860483e-06,9.074972035984141e-07,0.09074972035984141,100000.0,0.01,15.124284290526582,18.613676776582036,22.00238858521466,0.999,tdse_dipole_acceleration,raw_fft_harmonic_order_grid,single_mode_bsv_random_phase_gamma_intensity,shared_fig_iv2_intensity_cases,hhg_intensity_prediction,quantum_light_hhg_bsv_threshold_tdse_dipole_acceleration,shared_normalized_raw_spectrum_for_log_display
BSV - 1e13 W/cm^2,10000000000000.0,17.5995722984122,17.0,3.6567094737460476e-06,1.3397680612055966e-06,0.13397680612055968,100000.0,0.01,15.124284290526582,18.613676776582036,22.00238858521466,0.999,tdse_dipole_acceleration,raw_fft_harmonic_order_grid,single_mode_bsv_random_phase_gamma_intensity,shared_fig_iv2_intensity_cases,hhg_intensity_prediction,quantum_light_hhg_bsv_threshold_tdse_dipole_acceleration,shared_normalized_raw_spectrum_for_log_display
BSV - 1e13 W/cm^2,10000000000000.0,17.639571326363132,17.0,6.065249171133921e-06,2.2222238821763405e-06,0.22222238821763404,100000.0,0.01,15.124284290526582,18.613676776582036,22.00238858521466,0.999,tdse_dipole_acceleration,raw_fft_harmonic_order_grid,single_mode_bsv_random_phase_gamma_intensity,shared_fig_iv2_intensity_cases,hhg_intensity_prediction,quantum_light_hhg_bsv_threshold_tdse_dipole_acceleration,shared_normalized_raw_spectrum_for_log_display
BSV - 1e13 W/cm^2,10000000000000.0,17.67957035431407,17.0,4.212613842617143e-06,1.5434437767212647e-06,0.15434437767212647,100000.0,0.01,15.124284290526582,18.613676776582036,22.00238858521466,0.999,tdse_dipole_acceleration,raw_fft_harmonic_order_grid,single_mode_bsv_random_phase_gamma_intensity,shared_fig_iv2_intensity_cases,hhg_intensity_prediction,quantum_light_hhg_bsv_threshold_tdse_dipole_acceleration,shared_normalized_raw_spectrum_for_log_display
BSV - 1e13 W/cm^2,10000000000000.0,17.71956938226501,17.0,9.978225857991132e-06,3.655884725875477e-06,0.36558847258754773,100000.0,0.01,15.124284290526582,18.613676776582036,22.00238858521466,0.999,tdse_dipole_acceleration,raw_fft_harmonic_order_grid,single_mode_bsv_random_phase_gamma_intensity,shared_fig_iv2_intensity_cases,hhg_intensity_prediction,quantum_light_hhg_bsv_threshold_tdse_dipole_acceleration,shared_normalized_raw_spectrum_for_log_display
BSV - 1e13 W/cm^2,10000000000000.0,17.759568410215945,17.0,8.805374105532388e-06,3.22616797376405e-06,0.322616797376405,100000.0,0.01,15.124284290526582,18.613676776582036,22.00238858521466,0.999,tdse_dipole_acceleration,raw_fft_harmonic_order_grid,single_mode_bsv_random_phase_gamma_intensity,shared_fig_iv2_intensity_cases,hhg_intensity_prediction,quantum_light_hhg_bsv_threshold_tdse_dipole_acceleration,shared_normalized_raw_spectrum_for_log_display
BSV - 1e13 W/cm^2,10000000000000.0,17.799567438166882,17.0,8.74728203768536e-06,3.2048838390331867e-06,0.3204883839033187,100000.0,0.01,15.124284290526582,18.613676776582036,22.00238858521466,0.999,tdse_dipole_acceleration,raw_fft_harmonic_order_grid,single_mode_bsv_random_phase_gamma_intensity,shared_fig_iv2_intensity_cases,hhg_intensity_prediction,quantum_light_hhg_bsv_threshold_tdse_dipole_acceleration,shared_normalized_raw_spectrum_for_log_display
BSV - 1e13 W/cm^2,10000000000000.0,17.83956646611782,17.0,9.207484993831171e-06,3.373495873088199e-06,0.3373495873088199,100000.0,0.01,15.124284290526582,18.613676776582036,22.00238858521466,0.999,tdse_dipole_acceleration,raw_fft_harmonic_order_grid,single_mode_bsv_random_phase_gamma_intensity,shared_fig_iv2_intensity_cases,hhg_intensity_prediction,quantum_light_hhg_bsv_threshold_tdse_dipole_acceleration,shared_normalized_raw_spectrum_for_log_display
BSV - 1e13 W/cm^2,10000000000000.0,17.879565494068753,17.0,1.0917030977730283e-05,3.999850010553754e-06,0.3999850010553754,100000.0,0.01,15.124284290526582,18.613676776582036,22.00238858521466,0.999,tdse_dipole_acceleration,raw_fft_harmonic_order_grid,single_mode_bsv_random_phase_gamma_intensity,shared_fig_iv2_intensity_cases,hhg_intensity_prediction,quantum_light_hhg_bsv_threshold_tdse_dipole_acceleration,shared_normalized_raw_spectrum_for_log_display
BSV - 1e13 W/cm^2,10000000000000.0,17.919564522019694,17.0,5.817712162401233e-06,2.1315297265023645e-06,0.21315297265023644,100000.0,0.01,15.124284290526582,18.613676776582036,22.00238858521466,0.999,tdse_dipole_acceleration,raw_fft_harmonic_order_grid,single_mode_bsv_random_phase_gamma_intensity,shared_fig_iv2_intensity_cases,hhg_intensity_prediction,quantum_light_hhg_bsv_threshold_tdse_dipole_acceleration,shared_normalized_raw_spectrum_for_log_display
BSV - 1e13 W/cm^2,10000000000000.0,17.959563549970625,17.0,7.498351152589059e-06,2.747292739024056e-06,0.2747292739024056,100000.0,0.01,15.124284290526582,18.613676776582036,22.00238858521466,0.999,tdse_dipole_acceleration,raw_fft_harmonic_order_grid,single_mode_bsv_random_phase_gamma_intensity,shared_fig_iv2_intensity_cases,hhg_intensity_prediction,quantum_light_hhg_bsv_threshold_tdse_dipole_acceleration,shared_normalized_raw_spectrum_for_log_display
BSV - 1e13 W/cm^2,10000000000000.0,17.999562577921566,17.0,1.0283607496003754e-05,3.7677723581923053e-06,0.37677723581923056,100000.0,0.01,15.124284290526582,18.613676776582036,22.00238858521466,0.999,tdse_dipole_acceleration,raw_fft_harmonic_order_grid,single_mode_bsv_random_phase_gamma_intensity,shared_fig_iv2_intensity_cases,hhg_intensity_prediction,quantum_light_hhg_bsv_threshold_tdse_dipole_acceleration,shared_normalized_raw_spectrum_for_log_display
BSV - 1e13 W/cm^2,10000000000000.0,18.039561605872503,19.0,1.2479650752538041e-05,4.5723724056542375e-06,0.45723724056542375,100000.0,0.01,15.124284290526582,18.613676776582036,22.00238858521466,0.999,tdse_dipole_acceleration,raw_fft_harmonic_order_grid,single_mode_bsv_random_phase_gamma_intensity,shared_fig_iv2_intensity_cases,hhg_intensity_prediction,quantum_light_hhg_bsv_threshold_tdse_dipole_acceleration,shared_normalized_raw_spectrum_for_log_display
BSV - 1e13 W/cm^2,10000000000000.0,18.07956063382344,19.0,1.2670196888109764e-05,4.642185889185819e-06,0.46421858891858186,100000.0,0.01,15.124284290526582,18.613676776582036,22.00238858521466,0.999,tdse_dipole_acceleration,raw_fft_harmonic_order_grid,single_mode_bsv_random_phase_gamma_intensity,shared_fig_iv2_intensity_cases,hhg_intensity_prediction,quantum_light_hhg_bsv_threshold_tdse_dipole_acceleration,shared_normalized_raw_spectrum_for_log_display
BSV - 1e13 W/cm^2,10000000000000.0,18.119559661774375,19.0,6.121636748180469e-06,2.2428835149194207e-06,0.22428835149194207,100000.0,0.01,15.124284290526582,18.613676776582036,22.00238858521466,0.999,tdse_dipole_acceleration,raw_fft_harmonic_order_grid,single_mode_bsv_random_phase_gamma_intensity,shared_fig_iv2_intensity_cases,hhg_intensity_prediction,quantum_light_hhg_bsv_threshold_tdse_dipole_acceleration,shared_normalized_raw_spectrum_for_log_display
BSV - 1e13 W/cm^2,10000000000000.0,18.159558689725316,19.0,6.670830844477419e-06,2.4441006788489237e-06,0.24441006788489236,100000.0,0.01,15.124284290526582,18.613676776582036,22.00238858521466,0.999,tdse_dipole_acceleration,raw_fft_harmonic_order_grid,single_mode_bsv_random_phase_gamma_intensity,shared_fig_iv2_intensity_cases,hhg_intensity_prediction,quantum_light_hhg_bsv_threshold_tdse_dipole_acceleration,shared_normalized_raw_spectrum_for_log_display
BSV - 1e13 W/cm^2,10000000000000.0,18.19955771767625,19.0,4.895463023840465e-06,1.7936303256368363e-06,0.17936303256368363,100000.0,0.01,15.124284290526582,18.613676776582036,22.00238858521466,0.999,tdse_dipole_acceleration,raw_fft_harmonic_order_grid,single_mode_bsv_random_phase_gamma_intensity,shared_fig_iv2_intensity_cases,hhg_intensity_prediction,quantum_light_hhg_bsv_threshold_tdse_dipole_acceleration,shared_normalized_raw_spectrum_for_log_display
BSV - 1e13 W/cm^2,10000000000000.0,18.239556745627187,19.0,7.839702083342436e-06,2.8723590255227957e-06,0.28723590255227954,100000.0,0.01,15.124284290526582,18.613676776582036,22.00238858521466,0.999,tdse_dipole_acceleration,raw_fft_harmonic_order_grid,single_mode_bsv_random_phase_gamma_intensity,shared_fig_iv2_intensity_cases,hhg_intensity_prediction,quantum_light_hhg_bsv_threshold_tdse_dipole_acceleration,shared_normalized_raw_spectrum_for_log_display
BSV - 1e13 W/cm^2,10000000000000.0,18.27955577357812,19.0,1.8690443322682132e-05,6.847921387599406e-06,0.6847921387599406,100000.0,0.01,15.124284290526582,18.613676776582036,22.00238858521466,0.999,tdse_dipole_acceleration,raw_fft_harmonic_order_grid,single_mode_bsv_random_phase_gamma_intensity,shared_fig_iv2_intensity_cases,hhg_intensity_prediction,quantum_light_hhg_bsv_threshold_tdse_dipole_acceleration,shared_normalized_raw_spectrum_for_log_display
BSV - 1e13 W/cm^2,10000000000000.0,18.31955480152906,19.0,1.3760077938039583e-05,5.0415033169696915e-06,0.5041503316969691,100000.0,0.01,15.124284290526582,18.613676776582036,22.00238858521466,0.999,tdse_dipole_acceleration,raw_fft_harmonic_order_grid,single_mode_bsv_random_phase_gamma_intensity,shared_fig_iv2_intensity_cases,hhg_intensity_prediction,quantum_light_hhg_bsv_threshold_tdse_dipole_acceleration,shared_normalized_raw_spectrum_for_log_display
BSV - 1e13 W/cm^2,10000000000000.0,18.35955382948,19.0,9.326917294033525e-06,3.4172542253544275e-06,0.34172542253544275,100000.0,0.01,15.124284290526582,18.613676776582036,22.00238858521466,0.999,tdse_dipole_acceleration,raw_fft_harmonic_order_grid,single_mode_bsv_random_phase_gamma_intensity,shared_fig_iv2_intensity_cases,hhg_intensity_prediction,quantum_light_hhg_bsv_threshold_tdse_dipole_acceleration,shared_normalized_raw_spectrum_for_log_display
BSV - 1e13 W/cm^2,10000000000000.0,18.399552857430933,19.0,1.20268452858209e-05,4.406470709989735e-06,0.4406470709989735,100000.0,0.01,15.124284290526582,18.613676776582036,22.00238858521466,0.999,tdse_dipole_acceleration,raw_fft_harmonic_order_grid,single_mode_bsv_random_phase_gamma_intensity,shared_fig_iv2_intensity_cases,hhg_intensity_prediction,quantum_light_hhg_bsv_threshold_tdse_dipole_acceleration,shared_normalized_raw_spectrum_for_log_display
BSV - 1e13 W/cm^2,10000000000000.0,18.43955188538187,19.0,1.1582078926520562e-05,4.243514432722555e-06,0.42435144327225544,100000.0,0.01,15.124284290526582,18.613676776582036,22.00238858521466,0.999,tdse_dipole_acceleration,raw_fft_harmonic_order_grid,single_mode_bsv_random_phase_gamma_intensity,shared_fig_iv2_intensity_cases,hhg_intensity_prediction,quantum_light_hhg_bsv_threshold_tdse_dipole_acceleration,shared_normalized_raw_spectrum_for_log_display
BSV - 1e13 W/cm^2,10000000000000.0,18.479550913332805,19.0,7.990208612361521e-06,2.927502547869982e-06,0.2927502547869982,100000.0,0.01,15.124284290526582,18.613676776582036,22.00238858521466,0.999,tdse_dipole_acceleration,raw_fft_harmonic_order_grid,single_mode_bsv_random_phase_gamma_intensity,shared_fig_iv2_intensity_cases,hhg_intensity_prediction,quantum_light_hhg_bsv_threshold_tdse_dipole_acceleration,shared_normalized_raw_spectrum_for_log_display
BSV - 1e13 W/cm^2,10000000000000.0,18.519549941283746,19.0,5.135896550187086e-06,1.8817218630572924e-06,0.18817218630572924,100000.0,0.01,15.124284290526582,18.613676776582036,22.00238858521466,0.999,tdse_dipole_acceleration,raw_fft_harmonic_order_grid,single_mode_bsv_random_phase_gamma_intensity,shared_fig_iv2_intensity_cases,hhg_intensity_prediction,quantum_light_hhg_bsv_threshold_tdse_dipole_acceleration,shared_normalized_raw_spectrum_for_log_display
BSV - 1e13 W/cm^2,10000000000000.0,18.55954896923468,19.0,6.194422218504604e-06,2.2695511102425476e-06,0.22695511102425475,100000.0,0.01,15.124284290526582,18.613676776582036,22.00238858521466,0.999,tdse_dipole_acceleration,raw_fft_harmonic_order_grid,single_mode_bsv_random_phase_gamma_intensity,shared_fig_iv2_intensity_cases,hhg_intensity_prediction,quantum_light_hhg_bsv_threshold_tdse_dipole_acceleration,shared_normalized_raw_spectrum_for_log_display
BSV - 1e13 W/cm^2,10000000000000.0,18.599547997185617,19.0,6.162436370469088e-06,2.257831935417138e-06,0.2257831935417138,100000.0,0.01,15.124284290526582,18.613676776582036,22.00238858521466,0.999,tdse_dipole_acceleration,raw_fft_harmonic_order_grid,single_mode_bsv_random_phase_gamma_intensity,shared_fig_iv2_intensity_cases,hhg_intensity_prediction,quantum_light_hhg_bsv_threshold_tdse_dipole_acceleration,shared_normalized_raw_spectrum_for_log_display
BSV - 1e13 W/cm^2,10000000000000.0,18.639547025136554,19.0,1.1738557378385576e-05,4.30084598546986e-06,0.430084598546986,100000.0,0.01,15.124284290526582,18.613676776582036,22.00238858521466,0.999,tdse_dipole_acceleration,raw_fft_harmonic_order_grid,single_mode_bsv_random_phase_gamma_intensity,shared_fig_iv2_intensity_cases,hhg_intensity_prediction,quantum_light_hhg_bsv_threshold_tdse_dipole_acceleration,shared_normalized_raw_spectrum_for_log_display
BSV - 1e13 W/cm^2,10000000000000.0,18.679546053087495,19.0,9.31475444889551e-06,3.4127979261689717e-06,0.34127979261689717,100000.0,0.01,15.124284290526582,18.613676776582036,22.00238858521466,0.999,tdse_dipole_acceleration,raw_fft_harmonic_order_grid,single_mode_bsv_random_phase_gamma_intensity,shared_fig_iv2_intensity_cases,hhg_intensity_prediction,quantum_light_hhg_bsv_threshold_tdse_dipole_acceleration,shared_normalized_raw_spectrum_for_log_display
BSV - 1e13 W/cm^2,10000000000000.0,18.719545081038426,19.0,1.627809968502185e-05,5.9640718552276616e-06,0.5964071855227662,100000.0,0.01,15.124284290526582,18.613676776582036,22.00238858521466,0.999,tdse_dipole_acceleration,raw_fft_harmonic_order_grid,single_mode_bsv_random_phase_gamma_intensity,shared_fig_iv2_intensity_cases,hhg_intensity_prediction,quantum_light_hhg_bsv_threshold_tdse_dipole_acceleration,shared_normalized_raw_spectrum_for_log_display
BSV - 1e13 W/cm^2,10000000000000.0,18.759544108989367,19.0,1.639128747473683e-05,6.0055423047307875e-06,0.6005542304730788,100000.0,0.01,15.124284290526582,18.613676776582036,22.00238858521466,0.999,tdse_dipole_acceleration,raw_fft_harmonic_order_grid,single_mode_bsv_random_phase_gamma_intensity,shared_fig_iv2_intensity_cases,hhg_intensity_prediction,quantum_light_hhg_bsv_threshold_tdse_dipole_acceleration,shared_normalized_raw_spectrum_for_log_display
BSV - 1e13 W/cm^2,10000000000000.0,18.7995431369403,19.0,1.6447368754168253e-05,6.026089714240133e-06,0.6026089714240134,100000.0,0.01,15.124284290526582,18.613676776582036,22.00238858521466,0.999,tdse_dipole_acceleration,raw_fft_harmonic_order_grid,single_mode_bsv_random_phase_gamma_intensity,shared_fig_iv2_intensity_cases,hhg_intensity_prediction,quantum_light_hhg_bsv_threshold_tdse_dipole_acceleration,shared_normalized_raw_spectrum_for_log_display
BSV - 1e13 W/cm^2,10000000000000.0,18.83954216489124,19.0,3.168053866730996e-05,1.160731367175562e-05,1.1607313671755621,100000.0,0.01,15.124284290526582,18.613676776582036,22.00238858521466,0.999,tdse_dipole_acceleration,raw_fft_harmonic_order_grid,single_mode_bsv_random_phase_gamma_intensity,shared_fig_iv2_intensity_cases,hhg_intensity_prediction,quantum_light_hhg_bsv_threshold_tdse_dipole_acceleration,shared_normalized_raw_spectrum_for_log_display
BSV - 1e13 W/cm^2,10000000000000.0,18.879541192842176,19.0,3.77163697360766e-05,1.3818759165805714e-05,1.3818759165805714,100000.0,0.01,15.124284290526582,18.613676776582036,22.00238858521466,0.999,tdse_dipole_acceleration,raw_fft_harmonic_order_grid,single_mode_bsv_random_phase_gamma_intensity,shared_fig_iv2_intensity_cases,hhg_intensity_prediction,quantum_light_hhg_bsv_threshold_tdse_dipole_acceleration,shared_normalized_raw_spectrum_for_log_display
BSV - 1e13 W/cm^2,10000000000000.0,18.91954022079311,19.0,8.644448550569758e-05,3.167207063601874e-05,3.167207063601874,100000.0,0.01,15.124284290526582,18.613676776582036,22.00238858521466,0.999,tdse_dipole_acceleration,raw_fft_harmonic_order_grid,single_mode_bsv_random_phase_gamma_intensity,shared_fig_iv2_intensity_cases,hhg_intensity_prediction,quantum_light_hhg_bsv_threshold_tdse_dipole_acceleration,shared_normalized_raw_spectrum_for_log_display
BSV - 1e13 W/cm^2,10000000000000.0,18.95953924874405,19.0,0.0033415632758870785,0.0012243028284510545,122.43028284510545,100000.0,0.01,15.124284290526582,18.613676776582036,22.00238858521466,0.999,tdse_dipole_acceleration,raw_fft_harmonic_order_grid,single_mode_bsv_random_phase_gamma_intensity,shared_fig_iv2_intensity_cases,hhg_intensity_prediction,quantum_light_hhg_bsv_threshold_tdse_dipole_acceleration,shared_normalized_raw_spectrum_for_log_display
BSV - 1e13 W/cm^2,10000000000000.0,18.999538276694985,19.0,0.012129004160798984,0.004443900316811663,444.39003168116625,100000.0,0.01,15.124284290526582,18.613676776582036,22.00238858521466,0.999,tdse_dipole_acceleration,raw_fft_harmonic_order_grid,single_mode_bsv_random_phase_gamma_intensity,shared_fig_iv2_intensity_cases,hhg_intensity_prediction,quantum_light_hhg_bsv_threshold_tdse_dipole_acceleration,shared_normalized_raw_spectrum_for_log_display
BSV - 1e13 W/cm^2,10000000000000.0,19.039537304645922,19.0,0.00909890796400879,0.0033337147425988875,333.37147425988877,100000.0,0.01,15.124284290526582,18.613676776582036,22.00238858521466,0.999,tdse_dipole_acceleration,raw_fft_harmonic_order_grid,single_mode_bsv_random_phase_gamma_intensity,shared_fig_iv2_intensity_cases,hhg_intensity_prediction,quantum_light_hhg_bsv_threshold_tdse_dipole_acceleration,shared_normalized_raw_spectrum_for_log_display
BSV - 1e13 W/cm^2,10000000000000.0,19.07953633259686,19.0,0.001075568255080959,0.00039407341659218153,39.407341659218154,100000.0,0.01,15.124284290526582,18.613676776582036,22.00238858521466,0.999,tdse_dipole_acceleration,raw_fft_harmonic_order_grid,single_mode_bsv_random_phase_gamma_intensity,shared_fig_iv2_intensity_cases,hhg_intensity_prediction,quantum_light_hhg_bsv_threshold_tdse_dipole_acceleration,shared_normalized_raw_spectrum_for_log_display
BSV - 1e13 W/cm^2,10000000000000.0,19.119535360547797,19.0,2.903553483122067e-05,1.063822064240745e-05,1.063822064240745,100000.0,0.01,15.124284290526582,18.613676776582036,22.00238858521466,0.999,tdse_dipole_acceleration,raw_fft_harmonic_order_grid,single_mode_bsv_random_phase_gamma_intensity,shared_fig_iv2_intensity_cases,hhg_intensity_prediction,quantum_light_hhg_bsv_threshold_tdse_dipole_acceleration,shared_normalized_raw_spectrum_for_log_display
BSV - 1e13 W/cm^2,10000000000000.0,19.159534388498734,19.0,4.489387775206251e-06,1.644849939206819e-06,0.16448499392068192,100000.0,0.01,15.124284290526582,18.613676776582036,22.00238858521466,0.999,tdse_dipole_acceleration,raw_fft_harmonic_order_grid,single_mode_bsv_random_phase_gamma_intensity,shared_fig_iv2_intensity_cases,hhg_intensity_prediction,quantum_light_hhg_bsv_threshold_tdse_dipole_acceleration,shared_normalized_raw_spectrum_for_log_display
BSV - 1e13 W/cm^2,10000000000000.0,19.19953341644967,19.0,3.41556063519961e-05,1.2514144432326693e-05,1.2514144432326693,100000.0,0.01,15.124284290526582,18.613676776582036,22.00238858521466,0.999,tdse_dipole_acceleration,raw_fft_harmonic_order_grid,single_mode_bsv_random_phase_gamma_intensity,shared_fig_iv2_intensity_cases,hhg_intensity_prediction,quantum_light_hhg_bsv_threshold_tdse_dipole_acceleration,shared_normalized_raw_spectrum_for_log_display
BSV - 1e13 W/cm^2,10000000000000.0,19.239532444400606,19.0,5.946134572425756e-05,2.1785819313682998e-05,2.1785819313682997,100000.0,0.01,15.124284290526582,18.613676776582036,22.00238858521466,0.999,tdse_dipole_acceleration,raw_fft_harmonic_order_grid,single_mode_bsv_random_phase_gamma_intensity,shared_fig_iv2_intensity_cases,hhg_intensity_prediction,quantum_light_hhg_bsv_threshold_tdse_dipole_acceleration,shared_normalized_raw_spectrum_for_log_display
BSV - 1e13 W/cm^2,10000000000000.0,19.279531472351543,19.0,9.978728754263251e-05,3.656068980153352e-05,3.656068980153352,100000.0,0.01,15.124284290526582,18.613676776582036,22.00238858521466,0.999,tdse_dipole_acceleration,raw_fft_harmonic_order_grid,single_mode_bsv_random_phase_gamma_intensity,shared_fig_iv2_intensity_cases,hhg_intensity_prediction,quantum_light_hhg_bsv_threshold_tdse_dipole_acceleration,shared_normalized_raw_spectrum_for_log_display
BSV - 1e13 W/cm^2,10000000000000.0,19.31953050030248,19.0,7.151023589099195e-06,2.6200366964860716e-06,0.26200366964860716,100000.0,0.01,15.124284290526582,18.613676776582036,22.00238858521466,0.999,tdse_dipole_acceleration,raw_fft_harmonic_order_grid,single_mode_bsv_random_phase_gamma_intensity,shared_fig_iv2_intensity_cases,hhg_intensity_prediction,quantum_light_hhg_bsv_threshold_tdse_dipole_acceleration,shared_normalized_raw_spectrum_for_log_display
BSV - 1e13 W/cm^2,10000000000000.0,19.359529528253418,19.0,2.3231610466870136e-06,8.511742575490104e-07,0.08511742575490104,100000.0,0.01,15.124284290526582,18.613676776582036,22.00238858521466,0.999,tdse_dipole_acceleration,raw_fft_harmonic_order_grid,single_mode_bsv_random_phase_gamma_intensity,shared_fig_iv2_intensity_cases,hhg_intensity_prediction,quantum_light_hhg_bsv_threshold_tdse_dipole_acceleration,shared_normalized_raw_spectrum_for_log_display
BSV - 1e13 W/cm^2,10000000000000.0,19.399528556204356,19.0,1.6228880623730086e-06,5.946038668070008e-07,0.059460386680700084,100000.0,0.01,15.124284290526582,18.613676776582036,22.00238858521466,0.999,tdse_dipole_acceleration,raw_fft_harmonic_order_grid,single_mode_bsv_random_phase_gamma_intensity,shared_fig_iv2_intensity_cases,hhg_intensity_prediction,quantum_light_hhg_bsv_threshold_tdse_dipole_acceleration,shared_normalized_raw_spectrum_for_log_display
BSV - 1e13 W/cm^2,10000000000000.0,19.43952758415529,19.0,3.5961702151836956e-06,1.3175873094523498e-06,0.131758730945235,100000.0,0.01,15.124284290526582,18.613676776582036,22.00238858521466,0.999,tdse_dipole_acceleration,raw_fft_harmonic_order_grid,single_mode_bsv_random_phase_gamma_intensity,shared_fig_iv2_intensity_cases,hhg_intensity_prediction,quantum_light_hhg_bsv_threshold_tdse_dipole_acceleration,shared_normalized_raw_spectrum_for_log_display
BSV - 1e13 W/cm^2,10000000000000.0,19.479526612106227,19.0,4.2706637028008284e-06,1.564712447144753e-06,0.1564712447144753,100000.0,0.01,15.124284290526582,18.613676776582036,22.00238858521466,0.999,tdse_dipole_acceleration,raw_fft_harmonic_order_grid,single_mode_bsv_random_phase_gamma_intensity,shared_fig_iv2_intensity_cases,hhg_intensity_prediction,quantum_light_hhg_bsv_threshold_tdse_dipole_acceleration,shared_normalized_raw_spectrum_for_log_display
BSV - 1e13 W/cm^2,10000000000000.0,19.51952564005716,19.0,2.223706007013044e-06,8.147352987972183e-07,0.08147352987972184,100000.0,0.01,15.124284290526582,18.613676776582036,22.00238858521466,0.999,tdse_dipole_acceleration,raw_fft_harmonic_order_grid,single_mode_bsv_random_phase_gamma_intensity,shared_fig_iv2_intensity_cases,hhg_intensity_prediction,quantum_light_hhg_bsv_threshold_tdse_dipole_acceleration,shared_normalized_raw_spectrum_for_log_display
BSV - 1e13 W/cm^2,10000000000000.0,19.559524668008102,19.0,1.3184582484536949e-06,4.830649697477195e-07,0.04830649697477195,100000.0,0.01,15.124284290526582,18.613676776582036,22.00238858521466,0.999,tdse_dipole_acceleration,raw_fft_harmonic_order_grid,single_mode_bsv_random_phase_gamma_intensity,shared_fig_iv2_intensity_cases,hhg_intensity_prediction,quantum_light_hhg_bsv_threshold_tdse_dipole_acceleration,shared_normalized_raw_spectrum_for_log_display
BSV - 1e13 W/cm^2,10000000000000.0,19.59952369595904,19.0,1.8975183313724804e-06,6.952246204346779e-07,0.06952246204346779,100000.0,0.01,15.124284290526582,18.613676776582036,22.00238858521466,0.999,tdse_dipole_acceleration,raw_fft_harmonic_order_grid,single_mode_bsv_random_phase_gamma_intensity,shared_fig_iv2_intensity_cases,hhg_intensity_prediction,quantum_light_hhg_bsv_threshold_tdse_dipole_acceleration,shared_normalized_raw_spectrum_for_log_display
BSV - 1e13 W/cm^2,10000000000000.0,19.639522723909973,19.0,9.578918100104106e-07,3.509583854983318e-07,0.03509583854983318,100000.0,0.01,15.124284290526582,18.613676776582036,22.00238858521466,0.999,tdse_dipole_acceleration,raw_fft_harmonic_order_grid,single_mode_bsv_random_phase_gamma_intensity,shared_fig_iv2_intensity_cases,hhg_intensity_prediction,quantum_light_hhg_bsv_threshold_tdse_dipole_acceleration,shared_normalized_raw_spectrum_for_log_display
BSV - 1e13 W/cm^2,10000000000000.0,19.67952175186091,19.0,1.5618471536500178e-06,5.722393173339877e-07,0.05722393173339877,100000.0,0.01,15.124284290526582,18.613676776582036,22.00238858521466,0.999,tdse_dipole_acceleration,raw_fft_harmonic_order_grid,single_mode_bsv_random_phase_gamma_intensity,shared_fig_iv2_intensity_cases,hhg_intensity_prediction,quantum_light_hhg_bsv_threshold_tdse_dipole_acceleration,shared_normalized_raw_spectrum_for_log_display
BSV - 1e13 W/cm^2,10000000000000.0,19.71952077981185,19.0,1.2683439910313868e-06,4.6470379503928356e-07,0.04647037950392836,100000.0,0.01,15.124284290526582,18.613676776582036,22.00238858521466,0.999,tdse_dipole_acceleration,raw_fft_harmonic_order_grid,single_mode_bsv_random_phase_gamma_intensity,shared_fig_iv2_intensity_cases,hhg_intensity_prediction,quantum_light_hhg_bsv_threshold_tdse_dipole_acceleration,shared_normalized_raw_spectrum_for_log_display
BSV - 1e13 W/cm^2,10000000000000.0,19.759519807762786,19.0,2.40444686806096e-06,8.809562645932047e-07,0.08809562645932047,100000.0,0.01,15.124284290526582,18.613676776582036,22.00238858521466,0.999,tdse_dipole_acceleration,raw_fft_harmonic_order_grid,single_mode_bsv_random_phase_gamma_intensity,shared_fig_iv2_intensity_cases,hhg_intensity_prediction,quantum_light_hhg_bsv_threshold_tdse_dipole_acceleration,shared_normalized_raw_spectrum_for_log_display
BSV - 1e13 W/cm^2,10000000000000.0,19.799518835713723,19.0,2.2139303466262227e-06,8.111536312741381e-07,0.08111536312741381,100000.0,0.01,15.124284290526582,18.613676776582036,22.00238858521466,0.999,tdse_dipole_acceleration,raw_fft_harmonic_order_grid,single_mode_bsv_random_phase_gamma_intensity,shared_fig_iv2_intensity_cases,hhg_intensity_prediction,quantum_light_hhg_bsv_threshold_tdse_dipole_acceleration,shared_normalized_raw_spectrum_for_log_display
BSV - 1e13 W/cm^2,10000000000000.0,19.839517863664657,19.0,2.431787097619822e-06,8.909733486990055e-07,0.08909733486990055,100000.0,0.01,15.124284290526582,18.613676776582036,22.00238858521466,0.999,tdse_dipole_acceleration,raw_fft_harmonic_order_grid,single_mode_bsv_random_phase_gamma_intensity,shared_fig_iv2_intensity_cases,hhg_intensity_prediction,quantum_light_hhg_bsv_threshold_tdse_dipole_acceleration,shared_normalized_raw_spectrum_for_log_display
BSV - 1e13 W/cm^2,10000000000000.0,19.879516891615594,19.0,2.832845024498038e-06,1.0379154574398213e-06,0.10379154574398214,100000.0,0.01,15.124284290526582,18.613676776582036,22.00238858521466,0.999,tdse_dipole_acceleration,raw_fft_harmonic_order_grid,single_mode_bsv_random_phase_gamma_intensity,shared_fig_iv2_intensity_cases,hhg_intensity_prediction,quantum_light_hhg_bsv_threshold_tdse_dipole_acceleration,shared_normalized_raw_spectrum_for_log_display
BSV - 1e13 W/cm^2,10000000000000.0,19.919515919566535,19.0,2.1521870310134136e-06,7.885317295767534e-07,0.07885317295767534,100000.0,0.01,15.124284290526582,18.613676776582036,22.00238858521466,0.999,tdse_dipole_acceleration,raw_fft_harmonic_order_grid,single_mode_bsv_random_phase_gamma_intensity,shared_fig_iv2_intensity_cases,hhg_intensity_prediction,quantum_light_hhg_bsv_threshold_tdse_dipole_acceleration,shared_normalized_raw_spectrum_for_log_display
BSV - 1e13 W/cm^2,10000000000000.0,19.959514947517466,19.0,2.710443824924842e-06,9.930693412747806e-07,0.09930693412747806,100000.0,0.01,15.124284290526582,18.613676776582036,22.00238858521466,0.999,tdse_dipole_acceleration,raw_fft_harmonic_order_grid,single_mode_bsv_random_phase_gamma_intensity,shared_fig_iv2_intensity_cases,hhg_intensity_prediction,quantum_light_hhg_bsv_threshold_tdse_dipole_acceleration,shared_normalized_raw_spectrum_for_log_display
BSV - 1e13 W/cm^2,10000000000000.0,19.999513975468407,19.0,3.106804597639934e-06,1.138290477329225e-06,0.1138290477329225,100000.0,0.01,15.124284290526582,18.613676776582036,22.00238858521466,0.999,tdse_dipole_acceleration,raw_fft_harmonic_order_grid,single_mode_bsv_random_phase_gamma_intensity,shared_fig_iv2_intensity_cases,hhg_intensity_prediction,quantum_light_hhg_bsv_threshold_tdse_dipole_acceleration,shared_normalized_raw_spectrum_for_log_display
BSV - 1e13 W/cm^2,10000000000000.0,20.03951300341934,21.0,1.3045607419841637e-06,4.779731145068376e-07,0.04779731145068376,100000.0,0.01,15.124284290526582,18.613676776582036,22.00238858521466,0.999,tdse_dipole_acceleration,raw_fft_harmonic_order_grid,single_mode_bsv_random_phase_gamma_intensity,shared_fig_iv2_intensity_cases,hhg_intensity_prediction,quantum_light_hhg_bsv_threshold_tdse_dipole_acceleration,shared_normalized_raw_spectrum_for_log_display
BSV - 1e13 W/cm^2,10000000000000.0,20.07951203137028,21.0,4.879399792167712e-06,1.787744978466268e-06,0.1787744978466268,100000.0,0.01,15.124284290526582,18.613676776582036,22.00238858521466,0.999,tdse_dipole_acceleration,raw_fft_harmonic_order_grid,single_mode_bsv_random_phase_gamma_intensity,shared_fig_iv2_intensity_cases,hhg_intensity_prediction,quantum_light_hhg_bsv_threshold_tdse_dipole_acceleration,shared_normalized_raw_spectrum_for_log_display
BSV - 1e13 W/cm^2,10000000000000.0,20.119511059321216,21.0,3.0313991460032174e-06,1.1106629568852336e-06,0.11106629568852336,100000.0,0.01,15.124284290526582,18.613676776582036,22.00238858521466,0.999,tdse_dipole_acceleration,raw_fft_harmonic_order_grid,single_mode_bsv_random_phase_gamma_intensity,shared_fig_iv2_intensity_cases,hhg_intensity_prediction,quantum_light_hhg_bsv_threshold_tdse_dipole_acceleration,shared_normalized_raw_spectrum_for_log_display
BSV - 1e13 W/cm^2,10000000000000.0,20.159510087272153,21.0,2.324418971802619e-06,8.516351440113823e-07,0.08516351440113823,100000.0,0.01,15.124284290526582,18.613676776582036,22.00238858521466,0.999,tdse_dipole_acceleration,raw_fft_harmonic_order_grid,single_mode_bsv_random_phase_gamma_intensity,shared_fig_iv2_intensity_cases,hhg_intensity_prediction,quantum_light_hhg_bsv_threshold_tdse_dipole_acceleration,shared_normalized_raw_spectrum_for_log_display
BSV - 1e13 W/cm^2,10000000000000.0,20.19950911522309,21.0,1.5616384644791295e-06,5.721628564918336e-07,0.057216285649183365,100000.0,0.01,15.124284290526582,18.613676776582036,22.00238858521466,0.999,tdse_dipole_acceleration,raw_fft_harmonic_order_grid,single_mode_bsv_random_phase_gamma_intensity,shared_fig_iv2_intensity_cases,hhg_intensity_prediction,quantum_light_hhg_bsv_threshold_tdse_dipole_acceleration,shared_normalized_raw_spectrum_for_log_display
BSV - 1e13 W/cm^2,10000000000000.0,20.23950814317403,21.0,2.806366729325115e-06,1.0282141742390218e-06,0.10282141742390218,100000.0,0.01,15.124284290526582,18.613676776582036,22.00238858521466,0.999,tdse_dipole_acceleration,raw_fft_harmonic_order_grid,single_mode_bsv_random_phase_gamma_intensity,shared_fig_iv2_intensity_cases,hhg_intensity_prediction,quantum_light_hhg_bsv_threshold_tdse_dipole_acceleration,shared_normalized_raw_spectrum_for_log_display
BSV - 1e13 W/cm^2,10000000000000.0,20.279507171124962,21.0,7.990561278221163e-06,2.9276317597908135e-06,0.29276317597908136,100000.0,0.01,15.124284290526582,18.613676776582036,22.00238858521466,0.999,tdse_dipole_acceleration,raw_fft_harmonic_order_grid,single_mode_bsv_random_phase_gamma_intensity,shared_fig_iv2_intensity_cases,hhg_intensity_prediction,quantum_light_hhg_bsv_threshold_tdse_dipole_acceleration,shared_normalized_raw_spectrum_for_log_display
BSV - 1e13 W/cm^2,10000000000000.0,20.319506199075903,21.0,1.0899805953863193e-05,3.99353899870107e-06,0.399353899870107,100000.0,0.01,15.124284290526582,18.613676776582036,22.00238858521466,0.999,tdse_dipole_acceleration,raw_fft_harmonic_order_grid,single_mode_bsv_random_phase_gamma_intensity,shared_fig_iv2_intensity_cases,hhg_intensity_prediction,quantum_light_hhg_bsv_threshold_tdse_dipole_acceleration,shared_normalized_raw_spectrum_for_log_display
BSV - 1e13 W/cm^2,10000000000000.0,20.359505227026837,21.0,1.774194772183739e-05,6.500405643915239e-06,0.6500405643915239,100000.0,0.01,15.124284290526582,18.613676776582036,22.00238858521466,0.999,tdse_dipole_acceleration,raw_fft_harmonic_order_grid,single_mode_bsv_random_phase_gamma_intensity,shared_fig_iv2_intensity_cases,hhg_intensity_prediction,quantum_light_hhg_bsv_threshold_tdse_dipole_acceleration,shared_normalized_raw_spectrum_for_log_display
BSV - 1e13 W/cm^2,10000000000000.0,20.399504254977774,21.0,1.409239409520344e-05,5.163259386678618e-06,0.5163259386678618,100000.0,0.01,15.124284290526582,18.613676776582036,22.00238858521466,0.999,tdse_dipole_acceleration,raw_fft_harmonic_order_grid,single_mode_bsv_random_phase_gamma_intensity,shared_fig_iv2_intensity_cases,hhg_intensity_prediction,quantum_light_hhg_bsv_threshold_tdse_dipole_acceleration,shared_normalized_raw_spectrum_for_log_display
BSV - 1e13 W/cm^2,10000000000000.0,20.43950328292871,21.0,6.878771464443233e-06,2.520287262239725e-06,0.2520287262239725,100000.0,0.01,15.124284290526582,18.613676776582036,22.00238858521466,0.999,tdse_dipole_acceleration,raw_fft_harmonic_order_grid,single_mode_bsv_random_phase_gamma_intensity,shared_fig_iv2_intensity_cases,hhg_intensity_prediction,quantum_light_hhg_bsv_threshold_tdse_dipole_acceleration,shared_normalized_raw_spectrum_for_log_display
BSV - 1e13 W/cm^2,10000000000000.0,20.479502310879646,21.0,3.90349126307801e-06,1.430185514877524e-06,0.14301855148775242,100000.0,0.01,15.124284290526582,18.613676776582036,22.00238858521466,0.999,tdse_dipole_acceleration,raw_fft_harmonic_order_grid,single_mode_bsv_random_phase_gamma_intensity,shared_fig_iv2_intensity_cases,hhg_intensity_prediction,quantum_light_hhg_bsv_threshold_tdse_dipole_acceleration,shared_normalized_raw_spectrum_for_log_display
BSV - 1e13 W/cm^2,10000000000000.0,20.519501338830587,21.0,2.329367822805802e-06,8.534483349584162e-07,0.08534483349584163,100000.0,0.01,15.124284290526582,18.613676776582036,22.00238858521466,0.999,tdse_dipole_acceleration,raw_fft_harmonic_order_grid,single_mode_bsv_random_phase_gamma_intensity,shared_fig_iv2_intensity_cases,hhg_intensity_prediction,quantum_light_hhg_bsv_threshold_tdse_dipole_acceleration,shared_normalized_raw_spectrum_for_log_display
BSV - 1e13 W/cm^2,10000000000000.0,20.559500366781517,21.0,7.069070506481802e-07,2.5900102140989854e-07,0.025900102140989853,100000.0,0.01,15.124284290526582,18.613676776582036,22.00238858521466,0.999,tdse_dipole_acceleration,raw_fft_harmonic_order_grid,single_mode_bsv_random_phase_gamma_intensity,shared_fig_iv2_intensity_cases,hhg_intensity_prediction,quantum_light_hhg_bsv_threshold_tdse_dipole_acceleration,shared_normalized_raw_spectrum_for_log_display
BSV - 1e13 W/cm^2,10000000000000.0,20.599499394732458,21.0,2.264213079993887e-06,8.295765332519373e-07,0.08295765332519373,100000.0,0.01,15.124284290526582,18.613676776582036,22.00238858521466,0.999,tdse_dipole_acceleration,raw_fft_harmonic_order_grid,single_mode_bsv_random_phase_gamma_intensity,shared_fig_iv2_intensity_cases,hhg_intensity_prediction,quantum_light_hhg_bsv_threshold_tdse_dipole_acceleration,shared_normalized_raw_spectrum_for_log_display
BSV - 1e13 W/cm^2,10000000000000.0,20.639498422683396,21.0,2.181303998201882e-06,7.991997859149338e-07,0.07991997859149338,100000.0,0.01,15.124284290526582,18.613676776582036,22.00238858521466,0.999,tdse_dipole_acceleration,raw_fft_harmonic_order_grid,single_mode_bsv_random_phase_gamma_intensity,shared_fig_iv2_intensity_cases,hhg_intensity_prediction,quantum_light_hhg_bsv_threshold_tdse_dipole_acceleration,shared_normalized_raw_spectrum_for_log_display
BSV - 1e13 W/cm^2,10000000000000.0,20.679497450634333,21.0,1.1063157133349135e-06,4.0533886243294713e-07,0.040533886243294716,100000.0,0.01,15.124284290526582,18.613676776582036,22.00238858521466,0.999,tdse_dipole_acceleration,raw_fft_harmonic_order_grid,single_mode_bsv_random_phase_gamma_intensity,shared_fig_iv2_intensity_cases,hhg_intensity_prediction,quantum_light_hhg_bsv_threshold_tdse_dipole_acceleration,shared_normalized_raw_spectrum_for_log_display
BSV - 1e13 W/cm^2,10000000000000.0,20.719496478585267,21.0,4.363498915698465e-06,1.598725992406816e-06,0.15987259924068162,100000.0,0.01,15.124284290526582,18.613676776582036,22.00238858521466,0.999,tdse_dipole_acceleration,raw_fft_harmonic_order_grid,single_mode_bsv_random_phase_gamma_intensity,shared_fig_iv2_intensity_cases,hhg_intensity_prediction,quantum_light_hhg_bsv_threshold_tdse_dipole_acceleration,shared_normalized_raw_spectrum_for_log_display
BSV - 1e13 W/cm^2,10000000000000.0,20.759495506536204,21.0,1.6387283900090602e-06,6.00407545004075e-07,0.0600407545004075,100000.0,0.01,15.124284290526582,18.613676776582036,22.00238858521466,0.999,tdse_dipole_acceleration,raw_fft_harmonic_order_grid,single_mode_bsv_random_phase_gamma_intensity,shared_fig_iv2_intensity_cases,hhg_intensity_prediction,quantum_light_hhg_bsv_threshold_tdse_dipole_acceleration,shared_normalized_raw_spectrum_for_log_display
BSV - 1e13 W/cm^2,10000000000000.0,20.799494534487142,21.0,2.9026401636666997e-06,1.0634874365529935e-06,0.10634874365529935,100000.0,0.01,15.124284290526582,18.613676776582036,22.00238858521466,0.999,tdse_dipole_acceleration,raw_fft_harmonic_order_grid,single_mode_bsv_random_phase_gamma_intensity,shared_fig_iv2_intensity_cases,hhg_intensity_prediction,quantum_light_hhg_bsv_threshold_tdse_dipole_acceleration,shared_normalized_raw_spectrum_for_log_display
BSV - 1e13 W/cm^2,10000000000000.0,20.83949356243808,21.0,4.631157924901477e-06,1.6967925723193754e-06,0.16967925723193755,100000.0,0.01,15.124284290526582,18.613676776582036,22.00238858521466,0.999,tdse_dipole_acceleration,raw_fft_harmonic_order_grid,single_mode_bsv_random_phase_gamma_intensity,shared_fig_iv2_intensity_cases,hhg_intensity_prediction,quantum_light_hhg_bsv_threshold_tdse_dipole_acceleration,shared_normalized_raw_spectrum_for_log_display
BSV - 1e13 W/cm^2,10000000000000.0,20.879492590389013,21.0,7.503338311112858e-06,2.7491199653198087e-06,0.2749119965319809,100000.0,0.01,15.124284290526582,18.613676776582036,22.00238858521466,0.999,tdse_dipole_acceleration,raw_fft_harmonic_order_grid,single_mode_bsv_random_phase_gamma_intensity,shared_fig_iv2_intensity_cases,hhg_intensity_prediction,quantum_light_hhg_bsv_threshold_tdse_dipole_acceleration,shared_normalized_raw_spectrum_for_log_display
BSV - 1e13 W/cm^2,10000000000000.0,20.91949161833995,21.0,1.644568655748017e-05,6.025473380508526e-06,0.6025473380508526,100000.0,0.01,15.124284290526582,18.613676776582036,22.00238858521466,0.999,tdse_dipole_acceleration,raw_fft_harmonic_order_grid,single_mode_bsv_random_phase_gamma_intensity,shared_fig_iv2_intensity_cases,hhg_intensity_prediction,quantum_light_hhg_bsv_threshold_tdse_dipole_acceleration,shared_normalized_raw_spectrum_for_log_display
BSV - 1e13 W/cm^2,10000000000000.0,20.95949064629089,21.0,0.0011747495477502337,0.00043041207820623985,43.04120782062399,100000.0,0.01,15.124284290526582,18.613676776582036,22.00238858521466,0.999,tdse_dipole_acceleration,raw_fft_harmonic_order_grid,single_mode_bsv_random_phase_gamma_intensity,shared_fig_iv2_intensity_cases,hhg_intensity_prediction,quantum_light_hhg_bsv_threshold_tdse_dipole_acceleration,shared_normalized_raw_spectrum_for_log_display
BSV - 1e13 W/cm^2,10000000000000.0,20.999489674241826,21.0,0.003719708298786592,0.0013628499642905402,136.28499642905402,100000.0,0.01,15.124284290526582,18.613676776582036,22.00238858521466,0.999,tdse_dipole_acceleration,raw_fft_harmonic_order_grid,single_mode_bsv_random_phase_gamma_intensity,shared_fig_iv2_intensity_cases,hhg_intensity_prediction,quantum_light_hhg_bsv_threshold_tdse_dipole_acceleration,shared_normalized_raw_spectrum_for_log_display
BSV - 1e13 W/cm^2,10000000000000.0,21.039488702192763,21.0,0.002012052250700389,0.0007371882733149361,73.7188273314936,100000.0,0.01,15.124284290526582,18.613676776582036,22.00238858521466,0.999,tdse_dipole_acceleration,raw_fft_harmonic_order_grid,single_mode_bsv_random_phase_gamma_intensity,shared_fig_iv2_intensity_cases,hhg_intensity_prediction,quantum_light_hhg_bsv_threshold_tdse_dipole_acceleration,shared_normalized_raw_spectrum_for_log_display
BSV - 1e13 W/cm^2,10000000000000.0,21.079487730143697,21.0,8.414515238465482e-05,3.082962660272522e-05,3.0829626602725217,100000.0,0.01,15.124284290526582,18.613676776582036,22.00238858521466,0.999,tdse_dipole_acceleration,raw_fft_harmonic_order_grid,single_mode_bsv_random_phase_gamma_intensity,shared_fig_iv2_intensity_cases,hhg_intensity_prediction,quantum_light_hhg_bsv_threshold_tdse_dipole_acceleration,shared_normalized_raw_spectrum_for_log_display
BSV - 1e13 W/cm^2,10000000000000.0,21.119486758094638,21.0,3.3429504982421264e-05,1.2248110876437597e-05,1.2248110876437597,100000.0,0.01,15.124284290526582,18.613676776582036,22.00238858521466,0.999,tdse_dipole_acceleration,raw_fft_harmonic_order_grid,single_mode_bsv_random_phase_gamma_intensity,shared_fig_iv2_intensity_cases,hhg_intensity_prediction,quantum_light_hhg_bsv_threshold_tdse_dipole_acceleration,shared_normalized_raw_spectrum_for_log_display
BSV - 1e13 W/cm^2,10000000000000.0,21.159485786045575,21.0,8.44679489353455e-06,3.0947894819543565e-06,0.30947894819543564,100000.0,0.01,15.124284290526582,18.613676776582036,22.00238858521466,0.999,tdse_dipole_acceleration,raw_fft_harmonic_order_grid,single_mode_bsv_random_phase_gamma_intensity,shared_fig_iv2_intensity_cases,hhg_intensity_prediction,quantum_light_hhg_bsv_threshold_tdse_dipole_acceleration,shared_normalized_raw_spectrum_for_log_display
BSV - 1e13 W/cm^2,10000000000000.0,21.19948481399651,21.0,7.302817415294612e-06,2.6756518668147324e-06,0.2675651866814732,100000.0,0.01,15.124284290526582,18.613676776582036,22.00238858521466,0.999,tdse_dipole_acceleration,raw_fft_harmonic_order_grid,single_mode_bsv_random_phase_gamma_intensity,shared_fig_iv2_intensity_cases,hhg_intensity_prediction,quantum_light_hhg_bsv_threshold_tdse_dipole_acceleration,shared_normalized_raw_spectrum_for_log_display
BSV - 1e13 W/cm^2,10000000000000.0,21.239483841947447,21.0,0.00016745257699689236,6.135232127073487e-05,6.135232127073487,100000.0,0.01,15.124284290526582,18.613676776582036,22.00238858521466,0.999,tdse_dipole_acceleration,raw_fft_harmonic_order_grid,single_mode_bsv_random_phase_gamma_intensity,shared_fig_iv2_intensity_cases,hhg_intensity_prediction,quantum_light_hhg_bsv_threshold_tdse_dipole_acceleration,shared_normalized_raw_spectrum_for_log_display
BSV - 1e13 W/cm^2,10000000000000.0,21.279482869898388,21.0,0.00012799399406531996,4.6895239150400035e-05,4.689523915040003,100000.0,0.01,15.124284290526582,18.613676776582036,22.00238858521466,0.999,tdse_dipole_acceleration,raw_fft_harmonic_order_grid,single_mode_bsv_random_phase_gamma_intensity,shared_fig_iv2_intensity_cases,hhg_intensity_prediction,quantum_light_hhg_bsv_threshold_tdse_dipole_acceleration,shared_normalized_raw_spectrum_for_log_display
BSV - 1e13 W/cm^2,10000000000000.0,21.31948189784932,21.0,2.1180626722938175e-05,7.760290338471957e-06,0.7760290338471957,100000.0,0.01,15.124284290526582,18.613676776582036,22.00238858521466,0.999,tdse_dipole_acceleration,raw_fft_harmonic_order_grid,single_mode_bsv_random_phase_gamma_intensity,shared_fig_iv2_intensity_cases,hhg_intensity_prediction,quantum_light_hhg_bsv_threshold_tdse_dipole_acceleration,shared_normalized_raw_spectrum_for_log_display
BSV - 1e13 W/cm^2,10000000000000.0,21.35948092580026,21.0,9.849949848650215e-07,3.6088861602065967e-07,0.036088861602065966,100000.0,0.01,15.124284290526582,18.613676776582036,22.00238858521466,0.999,tdse_dipole_acceleration,raw_fft_harmonic_order_grid,single_mode_bsv_random_phase_gamma_intensity,shared_fig_iv2_intensity_cases,hhg_intensity_prediction,quantum_light_hhg_bsv_threshold_tdse_dipole_acceleration,shared_normalized_raw_spectrum_for_log_display
BSV - 1e13 W/cm^2,10000000000000.0,21.399479953751193,21.0,2.645965272241829e-06,9.694452863320273e-07,0.09694452863320273,100000.0,0.01,15.124284290526582,18.613676776582036,22.00238858521466,0.999,tdse_dipole_acceleration,raw_fft_harmonic_order_grid,single_mode_bsv_random_phase_gamma_intensity,shared_fig_iv2_intensity_cases,hhg_intensity_prediction,quantum_light_hhg_bsv_threshold_tdse_dipole_acceleration,shared_normalized_raw_spectrum_for_log_display
BSV - 1e13 W/cm^2,10000000000000.0,21.43947898170213,21.0,9.551226480505742e-06,3.499438026399639e-06,0.3499438026399639,100000.0,0.01,15.124284290526582,18.613676776582036,22.00238858521466,0.999,tdse_dipole_acceleration,raw_fft_harmonic_order_grid,single_mode_bsv_random_phase_gamma_intensity,shared_fig_iv2_intensity_cases,hhg_intensity_prediction,quantum_light_hhg_bsv_threshold_tdse_dipole_acceleration,shared_normalized_raw_spectrum_for_log_display
BSV - 1e13 W/cm^2,10000000000000.0,21.47947800965307,21.0,6.985730670230086e-06,2.5594756442520215e-06,0.25594756442520217,100000.0,0.01,15.124284290526582,18.613676776582036,22.00238858521466,0.999,tdse_dipole_acceleration,raw_fft_harmonic_order_grid,single_mode_bsv_random_phase_gamma_intensity,shared_fig_iv2_intensity_cases,hhg_intensity_prediction,quantum_light_hhg_bsv_threshold_tdse_dipole_acceleration,shared_normalized_raw_spectrum_for_log_display
BSV - 1e13 W/cm^2,10000000000000.0,21.519477037604002,21.0,2.4181683972121547e-06,8.85983644164828e-07,0.0885983644164828,100000.0,0.01,15.124284290526582,18.613676776582036,22.00238858521466,0.999,tdse_dipole_acceleration,raw_fft_harmonic_order_grid,single_mode_bsv_random_phase_gamma_intensity,shared_fig_iv2_intensity_cases,hhg_intensity_prediction,quantum_light_hhg_bsv_threshold_tdse_dipole_acceleration,shared_normalized_raw_spectrum_for_log_display
BSV - 1e13 W/cm^2,10000000000000.0,21.559476065554943,21.0,1.105031848676967e-06,4.048684720790027e-07,0.04048684720790027,100000.0,0.01,15.124284290526582,18.613676776582036,22.00238858521466,0.999,tdse_dipole_acceleration,raw_fft_harmonic_order_grid,single_mode_bsv_random_phase_gamma_intensity,shared_fig_iv2_intensity_cases,hhg_intensity_prediction,quantum_light_hhg_bsv_threshold_tdse_dipole_acceleration,shared_normalized_raw_spectrum_for_log_display
BSV - 1e13 W/cm^2,10000000000000.0,21.599475093505877,21.0,1.852535270431865e-06,6.78743445548842e-07,0.0678743445548842,100000.0,0.01,15.124284290526582,18.613676776582036,22.00238858521466,0.999,tdse_dipole_acceleration,raw_fft_harmonic_order_grid,single_mode_bsv_random_phase_gamma_intensity,shared_fig_iv2_intensity_cases,hhg_intensity_prediction,quantum_light_hhg_bsv_threshold_tdse_dipole_acceleration,shared_normalized_raw_spectrum_for_log_display
BSV - 1e13 W/cm^2,10000000000000.0,21.639474121456814,21.0,1.1209180268728356e-06,4.106889492906204e-07,0.041068894929062044,100000.0,0.01,15.124284290526582,18.613676776582036,22.00238858521466,0.999,tdse_dipole_acceleration,raw_fft_harmonic_order_grid,single_mode_bsv_random_phase_gamma_intensity,shared_fig_iv2_intensity_cases,hhg_intensity_prediction,quantum_light_hhg_bsv_threshold_tdse_dipole_acceleration,shared_normalized_raw_spectrum_for_log_display
BSV - 1e13 W/cm^2,10000000000000.0,21.67947314940775,21.0,4.3664189226766406e-07,1.5997958428053626e-07,0.015997958428053627,100000.0,0.01,15.124284290526582,18.613676776582036,22.00238858521466,0.999,tdse_dipole_acceleration,raw_fft_harmonic_order_grid,single_mode_bsv_random_phase_gamma_intensity,shared_fig_iv2_intensity_cases,hhg_intensity_prediction,quantum_light_hhg_bsv_threshold_tdse_dipole_acceleration,shared_normalized_raw_spectrum_for_log_display
BSV - 1e13 W/cm^2,10000000000000.0,21.71947217735869,21.0,1.0324264666967536e-06,3.7826685864837063e-07,0.03782668586483706,100000.0,0.01,15.124284290526582,18.613676776582036,22.00238858521466,0.999,tdse_dipole_acceleration,raw_fft_harmonic_order_grid,single_mode_bsv_random_phase_gamma_intensity,shared_fig_iv2_intensity_cases,hhg_intensity_prediction,quantum_light_hhg_bsv_threshold_tdse_dipole_acceleration,shared_normalized_raw_spectrum_for_log_display
BSV - 1e13 W/cm^2,10000000000000.0,21.759471205309627,21.0,6.288358054044452e-07,2.3039679085040792e-07,0.02303967908504079,100000.0,0.01,15.124284290526582,18.613676776582036,22.00238858521466,0.999,tdse_dipole_acceleration,raw_fft_harmonic_order_grid,single_mode_bsv_random_phase_gamma_intensity,shared_fig_iv2_intensity_cases,hhg_intensity_prediction,quantum_light_hhg_bsv_threshold_tdse_dipole_acceleration,shared_normalized_raw_spectrum_for_log_display
BSV - 1e13 W/cm^2,10000000000000.0,21.79947023326056,21.0,1.0419834799944606e-06,3.817684168850079e-07,0.03817684168850079,100000.0,0.01,15.124284290526582,18.613676776582036,22.00238858521466,0.999,tdse_dipole_acceleration,raw_fft_harmonic_order_grid,single_mode_bsv_random_phase_gamma_intensity,shared_fig_iv2_intensity_cases,hhg_intensity_prediction,quantum_light_hhg_bsv_threshold_tdse_dipole_acceleration,shared_normalized_raw_spectrum_for_log_display
BSV - 1e13 W/cm^2,10000000000000.0,21.839469261211498,21.0,1.011268404290297e-06,3.705148355651351e-07,0.03705148355651351,100000.0,0.01,15.124284290526582,18.613676776582036,22.00238858521466,0.999,tdse_dipole_acceleration,raw_fft_harmonic_order_grid,single_mode_bsv_random_phase_gamma_intensity,shared_fig_iv2_intensity_cases,hhg_intensity_prediction,quantum_light_hhg_bsv_threshold_tdse_dipole_acceleration,shared_normalized_raw_spectrum_for_log_display
BSV - 1e13 W/cm^2,10000000000000.0,21.87946828916244,21.0,5.535386949119969e-07,2.0280896511168286e-07,0.020280896511168284,100000.0,0.01,15.124284290526582,18.613676776582036,22.00238858521466,0.999,tdse_dipole_acceleration,raw_fft_harmonic_order_grid,single_mode_bsv_random_phase_gamma_intensity,shared_fig_iv2_intensity_cases,hhg_intensity_prediction,quantum_light_hhg_bsv_threshold_tdse_dipole_acceleration,shared_normalized_raw_spectrum_for_log_display
BSV - 1e13 W/cm^2,10000000000000.0,21.919467317113373,21.0,1.1650761554759782e-06,4.268678803131314e-07,0.04268678803131314,100000.0,0.01,15.124284290526582,18.613676776582036,22.00238858521466,0.999,tdse_dipole_acceleration,raw_fft_harmonic_order_grid,single_mode_bsv_random_phase_gamma_intensity,shared_fig_iv2_intensity_cases,hhg_intensity_prediction,quantum_light_hhg_bsv_threshold_tdse_dipole_acceleration,shared_normalized_raw_spectrum_for_log_display
BSV - 1e13 W/cm^2,10000000000000.0,21.95946634506431,21.0,9.66425001902022e-07,3.540848296521814e-07,0.03540848296521814,100000.0,0.01,15.124284290526582,18.613676776582036,22.00238858521466,0.999,tdse_dipole_acceleration,raw_fft_harmonic_order_grid,single_mode_bsv_random_phase_gamma_intensity,shared_fig_iv2_intensity_cases,hhg_intensity_prediction,quantum_light_hhg_bsv_threshold_tdse_dipole_acceleration,shared_normalized_raw_spectrum_for_log_display
BSV - 1e13 W/cm^2,10000000000000.0,21.999465373015248,21.0,9.496902620430023e-07,3.479534511172795e-07,0.03479534511172795,100000.0,0.01,15.124284290526582,18.613676776582036,22.00238858521466,0.999,tdse_dipole_acceleration,raw_fft_harmonic_order_grid,single_mode_bsv_random_phase_gamma_intensity,shared_fig_iv2_intensity_cases,hhg_intensity_prediction,quantum_light_hhg_bsv_threshold_tdse_dipole_acceleration,shared_normalized_raw_spectrum_for_log_display
BSV - 1e13 W/cm^2,10000000000000.0,22.03946440096618,23.0,2.987593490164998e-06,1.094613167036305e-06,0.1094613167036305,100000.0,0.01,15.124284290526582,18.613676776582036,22.00238858521466,0.999,tdse_dipole_acceleration,raw_fft_harmonic_order_grid,single_mode_bsv_random_phase_gamma_intensity,shared_fig_iv2_intensity_cases,hhg_intensity_prediction,quantum_light_hhg_bsv_threshold_tdse_dipole_acceleration,shared_normalized_raw_spectrum_for_log_display
BSV - 1e13 W/cm^2,10000000000000.0,22.079463428917123,23.0,1.757049761968843e-06,6.437588684405929e-07,0.06437588684405929,100000.0,0.01,15.124284290526582,18.613676776582036,22.00238858521466,0.999,tdse_dipole_acceleration,raw_fft_harmonic_order_grid,single_mode_bsv_random_phase_gamma_intensity,shared_fig_iv2_intensity_cases,hhg_intensity_prediction,quantum_light_hhg_bsv_threshold_tdse_dipole_acceleration,shared_normalized_raw_spectrum_for_log_display
BSV - 1e13 W/cm^2,10000000000000.0,22.119462456868053,23.0,2.466796716949738e-06,9.038003917413768e-07,0.09038003917413767,100000.0,0.01,15.124284290526582,18.613676776582036,22.00238858521466,0.999,tdse_dipole_acceleration,raw_fft_harmonic_order_grid,single_mode_bsv_random_phase_gamma_intensity,shared_fig_iv2_intensity_cases,hhg_intensity_prediction,quantum_light_hhg_bsv_threshold_tdse_dipole_acceleration,shared_normalized_raw_spectrum_for_log_display
BSV - 1e13 W/cm^2,10000000000000.0,22.159461484818994,23.0,7.669467881298325e-07,2.8099875550898784e-07,0.028099875550898785,100000.0,0.01,15.124284290526582,18.613676776582036,22.00238858521466,0.999,tdse_dipole_acceleration,raw_fft_harmonic_order_grid,single_mode_bsv_random_phase_gamma_intensity,shared_fig_iv2_intensity_cases,hhg_intensity_prediction,quantum_light_hhg_bsv_threshold_tdse_dipole_acceleration,shared_normalized_raw_spectrum_for_log_display
BSV - 1e13 W/cm^2,10000000000000.0,22.19946051276993,23.0,8.47146588502723e-07,3.1038285939421914e-07,0.031038285939421914,100000.0,0.01,15.124284290526582,18.613676776582036,22.00238858521466,0.999,tdse_dipole_acceleration,raw_fft_harmonic_order_grid,single_mode_bsv_random_phase_gamma_intensity,shared_fig_iv2_intensity_cases,hhg_intensity_prediction,quantum_light_hhg_bsv_threshold_tdse_dipole_acceleration,shared_normalized_raw_spectrum_for_log_display
BSV - 1e13 W/cm^2,10000000000000.0,22.23945954072087,23.0,1.820402628174542e-06,6.669704873393935e-07,0.06669704873393935,100000.0,0.01,15.124284290526582,18.613676776582036,22.00238858521466,0.999,tdse_dipole_acceleration,raw_fft_harmonic_order_grid,single_mode_bsv_random_phase_gamma_intensity,shared_fig_iv2_intensity_cases,hhg_intensity_prediction,quantum_light_hhg_bsv_threshold_tdse_dipole_acceleration,shared_normalized_raw_spectrum_for_log_display
BSV - 1e13 W/cm^2,10000000000000.0,22.279458568671803,23.0,3.328872108016675e-06,1.219652959082366e-06,0.1219652959082366,100000.0,0.01,15.124284290526582,18.613676776582036,22.00238858521466,0.999,tdse_dipole_acceleration,raw_fft_harmonic_order_grid,single_mode_bsv_random_phase_gamma_intensity,shared_fig_iv2_intensity_cases,hhg_intensity_prediction,quantum_light_hhg_bsv_threshold_tdse_dipole_acceleration,shared_normalized_raw_spectrum_for_log_display
BSV - 1e13 W/cm^2,10000000000000.0,22.319457596622744,23.0,1.1038955020621188e-06,4.044521303072641e-07,0.04044521303072641,100000.0,0.01,15.124284290526582,18.613676776582036,22.00238858521466,0.999,tdse_dipole_acceleration,raw_fft_harmonic_order_grid,single_mode_bsv_random_phase_gamma_intensity,shared_fig_iv2_intensity_cases,hhg_intensity_prediction,quantum_light_hhg_bsv_threshold_tdse_dipole_acceleration,shared_normalized_raw_spectrum_for_log_display
BSV - 1e13 W/cm^2,10000000000000.0,22.359456624573678,23.0,8.58153178175355e-06,3.1441552247890253e-06,0.31441552247890253,100000.0,0.01,15.124284290526582,18.613676776582036,22.00238858521466,0.999,tdse_dipole_acceleration,raw_fft_harmonic_order_grid,single_mode_bsv_random_phase_gamma_intensity,shared_fig_iv2_intensity_cases,hhg_intensity_prediction,quantum_light_hhg_bsv_threshold_tdse_dipole_acceleration,shared_normalized_raw_spectrum_for_log_display
BSV - 1e13 W/cm^2,10000000000000.0,22.399455652524615,23.0,2.7321951040012298e-06,1.0010387107874919e-06,0.10010387107874918,100000.0,0.01,15.124284290526582,18.613676776582036,22.00238858521466,0.999,tdse_dipole_acceleration,raw_fft_harmonic_order_grid,single_mode_bsv_random_phase_gamma_intensity,shared_fig_iv2_intensity_cases,hhg_intensity_prediction,quantum_light_hhg_bsv_threshold_tdse_dipole_acceleration,shared_normalized_raw_spectrum_for_log_display
BSV - 1e13 W/cm^2,10000000000000.0,22.43945468047555,23.0,4.975733740698903e-06,1.823040412347072e-06,0.1823040412347072,100000.0,0.01,15.124284290526582,18.613676776582036,22.00238858521466,0.999,tdse_dipole_acceleration,raw_fft_harmonic_order_grid,single_mode_bsv_random_phase_gamma_intensity,shared_fig_iv2_intensity_cases,hhg_intensity_prediction,quantum_light_hhg_bsv_threshold_tdse_dipole_acceleration,shared_normalized_raw_spectrum_for_log_display
BSV - 1e13 W/cm^2,10000000000000.0,22.479453708426487,23.0,2.3826754890924303e-06,8.729795307564424e-07,0.08729795307564424,100000.0,0.01,15.124284290526582,18.613676776582036,22.00238858521466,0.999,tdse_dipole_acceleration,raw_fft_harmonic_order_grid,single_mode_bsv_random_phase_gamma_intensity,shared_fig_iv2_intensity_cases,hhg_intensity_prediction,quantum_light_hhg_bsv_threshold_tdse_dipole_acceleration,shared_normalized_raw_spectrum_for_log_display
BSV - 1e13 W/cm^2,10000000000000.0,22.519452736377428,23.0,3.0186730480792857e-06,1.1060002896253182e-06,0.11060002896253182,100000.0,0.01,15.124284290526582,18.613676776582036,22.00238858521466,0.999,tdse_dipole_acceleration,raw_fft_harmonic_order_grid,single_mode_bsv_random_phase_gamma_intensity,shared_fig_iv2_intensity_cases,hhg_intensity_prediction,quantum_light_hhg_bsv_threshold_tdse_dipole_acceleration,shared_normalized_raw_spectrum_for_log_display
BSV - 1e13 W/cm^2,10000000000000.0,22.559451764328358,23.0,2.771351898009733e-06,1.0153852215968551e-06,0.10153852215968551,100000.0,0.01,15.124284290526582,18.613676776582036,22.00238858521466,0.999,tdse_dipole_acceleration,raw_fft_harmonic_order_grid,single_mode_bsv_random_phase_gamma_intensity,shared_fig_iv2_intensity_cases,hhg_intensity_prediction,quantum_light_hhg_bsv_threshold_tdse_dipole_acceleration,shared_normalized_raw_spectrum_for_log_display
BSV - 1e13 W/cm^2,10000000000000.0,22.5994507922793,23.0,6.846762921898788e-07,2.508559772458357e-07,0.02508559772458357,100000.0,0.01,15.124284290526582,18.613676776582036,22.00238858521466,0.999,tdse_dipole_acceleration,raw_fft_harmonic_order_grid,single_mode_bsv_random_phase_gamma_intensity,shared_fig_iv2_intensity_cases,hhg_intensity_prediction,quantum_light_hhg_bsv_threshold_tdse_dipole_acceleration,shared_normalized_raw_spectrum_for_log_display
BSV - 1e13 W/cm^2,10000000000000.0,22.639449820230233,23.0,3.046520895026044e-06,1.1162033577608863e-06,0.11162033577608863,100000.0,0.01,15.124284290526582,18.613676776582036,22.00238858521466,0.999,tdse_dipole_acceleration,raw_fft_harmonic_order_grid,single_mode_bsv_random_phase_gamma_intensity,shared_fig_iv2_intensity_cases,hhg_intensity_prediction,quantum_light_hhg_bsv_threshold_tdse_dipole_acceleration,shared_normalized_raw_spectrum_for_log_display
BSV - 1e13 W/cm^2,10000000000000.0,22.679448848181174,23.0,1.0460962078116222e-06,3.832752637957143e-07,0.03832752637957143,100000.0,0.01,15.124284290526582,18.613676776582036,22.00238858521466,0.999,tdse_dipole_acceleration,raw_fft_harmonic_order_grid,single_mode_bsv_random_phase_gamma_intensity,shared_fig_iv2_intensity_cases,hhg_intensity_prediction,quantum_light_hhg_bsv_threshold_tdse_dipole_acceleration,shared_normalized_raw_spectrum_for_log_display
BSV - 1e13 W/cm^2,10000000000000.0,22.719447876132108,23.0,1.5120678012310338e-06,5.5400084721289e-07,0.055400084721288996,100000.0,0.01,15.124284290526582,18.613676776582036,22.00238858521466,0.999,tdse_dipole_acceleration,raw_fft_harmonic_order_grid,single_mode_bsv_random_phase_gamma_intensity,shared_fig_iv2_intensity_cases,hhg_intensity_prediction,quantum_light_hhg_bsv_threshold_tdse_dipole_acceleration,shared_normalized_raw_spectrum_for_log_display
BSV - 1e13 W/cm^2,10000000000000.0,22.759446904083045,23.0,7.401338261416181e-06,2.7117485498966967e-06,0.27117485498966964,100000.0,0.01,15.124284290526582,18.613676776582036,22.00238858521466,0.999,tdse_dipole_acceleration,raw_fft_harmonic_order_grid,single_mode_bsv_random_phase_gamma_intensity,shared_fig_iv2_intensity_cases,hhg_intensity_prediction,quantum_light_hhg_bsv_threshold_tdse_dipole_acceleration,shared_normalized_raw_spectrum_for_log_display
BSV - 1e13 W/cm^2,10000000000000.0,22.799445932033983,23.0,1.1419560316764715e-06,4.1839698491931e-07,0.041839698491931004,100000.0,0.01,15.124284290526582,18.613676776582036,22.00238858521466,0.999,tdse_dipole_acceleration,raw_fft_harmonic_order_grid,single_mode_bsv_random_phase_gamma_intensity,shared_fig_iv2_intensity_cases,hhg_intensity_prediction,quantum_light_hhg_bsv_threshold_tdse_dipole_acceleration,shared_normalized_raw_spectrum_for_log_display
BSV - 1e13 W/cm^2,10000000000000.0,22.839444959984924,23.0,1.2633767768466378e-05,4.6288387607506885e-06,0.46288387607506887,100000.0,0.01,15.124284290526582,18.613676776582036,22.00238858521466,0.999,tdse_dipole_acceleration,raw_fft_harmonic_order_grid,single_mode_bsv_random_phase_gamma_intensity,shared_fig_iv2_intensity_cases,hhg_intensity_prediction,quantum_light_hhg_bsv_threshold_tdse_dipole_acceleration,shared_normalized_raw_spectrum_for_log_display
BSV - 1e13 W/cm^2,10000000000000.0,22.879443987935854,23.0,5.673470501085711e-06,2.0786815655223238e-06,0.20786815655223237,100000.0,0.01,15.124284290526582,18.613676776582036,22.00238858521466,0.999,tdse_dipole_acceleration,raw_fft_harmonic_order_grid,single_mode_bsv_random_phase_gamma_intensity,shared_fig_iv2_intensity_cases,hhg_intensity_prediction,quantum_light_hhg_bsv_threshold_tdse_dipole_acceleration,shared_normalized_raw_spectrum_for_log_display
BSV - 1e13 W/cm^2,10000000000000.0,22.919443015886795,23.0,1.1469514205198425e-05,4.202272266909635e-06,0.4202272266909635,100000.0,0.01,15.124284290526582,18.613676776582036,22.00238858521466,0.999,tdse_dipole_acceleration,raw_fft_harmonic_order_grid,single_mode_bsv_random_phase_gamma_intensity,shared_fig_iv2_intensity_cases,hhg_intensity_prediction,quantum_light_hhg_bsv_threshold_tdse_dipole_acceleration,shared_normalized_raw_spectrum_for_log_display
BSV - 1e13 W/cm^2,10000000000000.0,22.95944204383773,23.0,0.0005742545060451901,0.00021039895341058566,21.039895341058564,100000.0,0.01,15.124284290526582,18.613676776582036,22.00238858521466,0.999,tdse_dipole_acceleration,raw_fft_harmonic_order_grid,single_mode_bsv_random_phase_gamma_intensity,shared_fig_iv2_intensity_cases,hhg_intensity_prediction,quantum_light_hhg_bsv_threshold_tdse_dipole_acceleration,shared_normalized_raw_spectrum_for_log_display
BSV - 1e13 W/cm^2,10000000000000.0,22.999441071788667,23.0,0.0019223483211001132,0.0007043219871891295,70.43219871891296,100000.0,0.01,15.124284290526582,18.613676776582036,22.00238858521466,0.999,tdse_dipole_acceleration,raw_fft_harmonic_order_grid,single_mode_bsv_random_phase_gamma_intensity,shared_fig_iv2_intensity_cases,hhg_intensity_prediction,quantum_light_hhg_bsv_threshold_tdse_dipole_acceleration,shared_normalized_raw_spectrum_for_log_display
BSV - 1e13 W/cm^2,10000000000000.0,23.039440099739604,23.0,0.0011596863789289273,0.0004248931403107827,42.48931403107827,100000.0,0.01,15.124284290526582,18.613676776582036,22.00238858521466,0.999,tdse_dipole_acceleration,raw_fft_harmonic_order_grid,single_mode_bsv_random_phase_gamma_intensity,shared_fig_iv2_intensity_cases,hhg_intensity_prediction,quantum_light_hhg_bsv_threshold_tdse_dipole_acceleration,shared_normalized_raw_spectrum_for_log_display
BSV - 1e13 W/cm^2,10000000000000.0,23.079439127690538,23.0,7.110505467015651e-05,2.6051914137920788e-05,2.605191413792079,100000.0,0.01,15.124284290526582,18.613676776582036,22.00238858521466,0.999,tdse_dipole_acceleration,raw_fft_harmonic_order_grid,single_mode_bsv_random_phase_gamma_intensity,shared_fig_iv2_intensity_cases,hhg_intensity_prediction,quantum_light_hhg_bsv_threshold_tdse_dipole_acceleration,shared_normalized_raw_spectrum_for_log_display
BSV - 1e13 W/cm^2,10000000000000.0,23.11943815564148,23.0,1.221440725055434e-05,4.475190834366858e-06,0.4475190834366858,100000.0,0.01,15.124284290526582,18.613676776582036,22.00238858521466,0.999,tdse_dipole_acceleration,raw_fft_harmonic_order_grid,single_mode_bsv_random_phase_gamma_intensity,shared_fig_iv2_intensity_cases,hhg_intensity_prediction,quantum_light_hhg_bsv_threshold_tdse_dipole_acceleration,shared_normalized_raw_spectrum_for_log_display
BSV - 1e13 W/cm^2,10000000000000.0,23.159437183592413,23.0,4.171535729896035e-06,1.5283933211591048e-06,0.15283933211591047,100000.0,0.01,15.124284290526582,18.613676776582036,22.00238858521466,0.999,tdse_dipole_acceleration,raw_fft_harmonic_order_grid,single_mode_bsv_random_phase_gamma_intensity,shared_fig_iv2_intensity_cases,hhg_intensity_prediction,quantum_light_hhg_bsv_threshold_tdse_dipole_acceleration,shared_normalized_raw_spectrum_for_log_display
BSV - 1e13 W/cm^2,10000000000000.0,23.19943621154335,23.0,1.1924985995074315e-06,4.369150866710108e-07,0.04369150866710108,100000.0,0.01,15.124284290526582,18.613676776582036,22.00238858521466,0.999,tdse_dipole_acceleration,raw_fft_harmonic_order_grid,single_mode_bsv_random_phase_gamma_intensity,shared_fig_iv2_intensity_cases,hhg_intensity_prediction,quantum_light_hhg_bsv_threshold_tdse_dipole_acceleration,shared_normalized_raw_spectrum_for_log_display
BSV - 1e13 W/cm^2,10000000000000.0,23.239435239494288,23.0,1.8125066363188514e-05,6.640775045154241e-06,0.6640775045154241,100000.0,0.01,15.124284290526582,18.613676776582036,22.00238858521466,0.999,tdse_dipole_acceleration,raw_fft_harmonic_order_grid,single_mode_bsv_random_phase_gamma_intensity,shared_fig_iv2_intensity_cases,hhg_intensity_prediction,quantum_light_hhg_bsv_threshold_tdse_dipole_acceleration,shared_normalized_raw_spectrum_for_log_display
BSV - 1e13 W/cm^2,10000000000000.0,23.279434267445225,23.0,2.732612691463472e-05,1.0011917090906627e-05,1.0011917090906626,100000.0,0.01,15.124284290526582,18.613676776582036,22.00238858521466,0.999,tdse_dipole_acceleration,raw_fft_harmonic_order_grid,single_mode_bsv_random_phase_gamma_intensity,shared_fig_iv2_intensity_cases,hhg_intensity_prediction,quantum_light_hhg_bsv_threshold_tdse_dipole_acceleration,shared_normalized_raw_spectrum_for_log_display
BSV - 1e13 W/cm^2,10000000000000.0,23.319433295396163,23.0,8.46803144978348e-06,3.1025702641019644e-06,0.3102570264101964,100000.0,0.01,15.124284290526582,18.613676776582036,22.00238858521466,0.999,tdse_dipole_acceleration,raw_fft_harmonic_order_grid,single_mode_bsv_random_phase_gamma_intensity,shared_fig_iv2_intensity_cases,hhg_intensity_prediction,quantum_light_hhg_bsv_threshold_tdse_dipole_acceleration,shared_normalized_raw_spectrum_for_log_display
BSV - 1e13 W/cm^2,10000000000000.0,23.359432323347097,23.0,1.47334322287213e-06,5.398126942733666e-07,0.053981269427336664,100000.0,0.01,15.124284290526582,18.613676776582036,22.00238858521466,0.999,tdse_dipole_acceleration,raw_fft_harmonic_order_grid,single_mode_bsv_random_phase_gamma_intensity,shared_fig_iv2_intensity_cases,hhg_intensity_prediction,quantum_light_hhg_bsv_threshold_tdse_dipole_acceleration,shared_normalized_raw_spectrum_for_log_display
BSV - 1e13 W/cm^2,10000000000000.0,23.399431351298034,23.0,3.0380623075546557e-06,1.1131042476405873e-06,0.11131042476405874,100000.0,0.01,15.124284290526582,18.613676776582036,22.00238858521466,0.999,tdse_dipole_acceleration,raw_fft_harmonic_order_grid,single_mode_bsv_random_phase_gamma_intensity,shared_fig_iv2_intensity_cases,hhg_intensity_prediction,quantum_light_hhg_bsv_threshold_tdse_dipole_acceleration,shared_normalized_raw_spectrum_for_log_display
BSV - 1e13 W/cm^2,10000000000000.0,23.43943037924897,23.0,9.507875210684129e-06,3.4835547173381173e-06,0.3483554717338117,100000.0,0.01,15.124284290526582,18.613676776582036,22.00238858521466,0.999,tdse_dipole_acceleration,raw_fft_harmonic_order_grid,single_mode_bsv_random_phase_gamma_intensity,shared_fig_iv2_intensity_cases,hhg_intensity_prediction,quantum_light_hhg_bsv_threshold_tdse_dipole_acceleration,shared_normalized_raw_spectrum_for_log_display
BSV - 1e13 W/cm^2,10000000000000.0,23.47942940719991,23.0,5.755309094474441e-06,2.1086661006305746e-06,0.21086661006305746,100000.0,0.01,15.124284290526582,18.613676776582036,22.00238858521466,0.999,tdse_dipole_acceleration,raw_fft_harmonic_order_grid,single_mode_bsv_random_phase_gamma_intensity,shared_fig_iv2_intensity_cases,hhg_intensity_prediction,quantum_light_hhg_bsv_threshold_tdse_dipole_acceleration,shared_normalized_raw_spectrum_for_log_display
BSV - 1e13 W/cm^2,10000000000000.0,23.519428435150846,23.0,2.172739784905659e-06,7.960619759450656e-07,0.07960619759450656,100000.0,0.01,15.124284290526582,18.613676776582036,22.00238858521466,0.999,tdse_dipole_acceleration,raw_fft_harmonic_order_grid,single_mode_bsv_random_phase_gamma_intensity,shared_fig_iv2_intensity_cases,hhg_intensity_prediction,quantum_light_hhg_bsv_threshold_tdse_dipole_acceleration,shared_normalized_raw_spectrum_for_log_display
BSV - 1e13 W/cm^2,10000000000000.0,23.559427463101784,23.0,1.0185509224292449e-06,3.731830500562682e-07,0.03731830500562682,100000.0,0.01,15.124284290526582,18.613676776582036,22.00238858521466,0.999,tdse_dipole_acceleration,raw_fft_harmonic_order_grid,single_mode_bsv_random_phase_gamma_intensity,shared_fig_iv2_intensity_cases,hhg_intensity_prediction,quantum_light_hhg_bsv_threshold_tdse_dipole_acceleration,shared_normalized_raw_spectrum_for_log_display
BSV - 1e13 W/cm^2,10000000000000.0,23.599426491052718,23.0,7.340450003766555e-07,2.689439929677586e-07,0.02689439929677586,100000.0,0.01,15.124284290526582,18.613676776582036,22.00238858521466,0.999,tdse_dipole_acceleration,raw_fft_harmonic_order_grid,single_mode_bsv_random_phase_gamma_intensity,shared_fig_iv2_intensity_cases,hhg_intensity_prediction,quantum_light_hhg_bsv_threshold_tdse_dipole_acceleration,shared_normalized_raw_spectrum_for_log_display
BSV - 1e13 W/cm^2,10000000000000.0,23.639425519003655,23.0,7.004093046797481e-07,2.5662033664923183e-07,0.025662033664923183,100000.0,0.01,15.124284290526582,18.613676776582036,22.00238858521466,0.999,tdse_dipole_acceleration,raw_fft_harmonic_order_grid,single_mode_bsv_random_phase_gamma_intensity,shared_fig_iv2_intensity_cases,hhg_intensity_prediction,quantum_light_hhg_bsv_threshold_tdse_dipole_acceleration,shared_normalized_raw_spectrum_for_log_display
BSV - 1e13 W/cm^2,10000000000000.0,23.67942454695459,23.0,5.255099133383658e-07,1.9253960501718526e-07,0.019253960501718525,100000.0,0.01,15.124284290526582,18.613676776582036,22.00238858521466,0.999,tdse_dipole_acceleration,raw_fft_harmonic_order_grid,single_mode_bsv_random_phase_gamma_intensity,shared_fig_iv2_intensity_cases,hhg_intensity_prediction,quantum_light_hhg_bsv_threshold_tdse_dipole_acceleration,shared_normalized_raw_spectrum_for_log_display
BSV - 1e13 W/cm^2,10000000000000.0,23.71942357490553,23.0,9.438586110168523e-07,3.458168143827979e-07,0.03458168143827979,100000.0,0.01,15.124284290526582,18.613676776582036,22.00238858521466,0.999,tdse_dipole_acceleration,raw_fft_harmonic_order_grid,single_mode_bsv_random_phase_gamma_intensity,shared_fig_iv2_intensity_cases,hhg_intensity_prediction,quantum_light_hhg_bsv_threshold_tdse_dipole_acceleration,shared_normalized_raw_spectrum_for_log_display
BSV - 1e13 W/cm^2,10000000000000.0,23.759422602856468,23.0,5.325246430800068e-07,1.9510970552238398e-07,0.019510970552238396,100000.0,0.01,15.124284290526582,18.613676776582036,22.00238858521466,0.999,tdse_dipole_acceleration,raw_fft_harmonic_order_grid,single_mode_bsv_random_phase_gamma_intensity,shared_fig_iv2_intensity_cases,hhg_intensity_prediction,quantum_light_hhg_bsv_threshold_tdse_dipole_acceleration,shared_normalized_raw_spectrum_for_log_display
BSV - 1e13 W/cm^2,10000000000000.0,23.7994216308074,23.0,6.037833894002454e-07,2.2121793016720515e-07,0.022121793016720515,100000.0,0.01,15.124284290526582,18.613676776582036,22.00238858521466,0.999,tdse_dipole_acceleration,raw_fft_harmonic_order_grid,single_mode_bsv_random_phase_gamma_intensity,shared_fig_iv2_intensity_cases,hhg_intensity_prediction,quantum_light_hhg_bsv_threshold_tdse_dipole_acceleration,shared_normalized_raw_spectrum_for_log_display
BSV - 1e13 W/cm^2,10000000000000.0,23.83942065875834,23.0,5.600742115092075e-07,2.0520348851128228e-07,0.020520348851128228,100000.0,0.01,15.124284290526582,18.613676776582036,22.00238858521466,0.999,tdse_dipole_acceleration,raw_fft_harmonic_order_grid,single_mode_bsv_random_phase_gamma_intensity,shared_fig_iv2_intensity_cases,hhg_intensity_prediction,quantum_light_hhg_bsv_threshold_tdse_dipole_acceleration,shared_normalized_raw_spectrum_for_log_display
BSV - 1e13 W/cm^2,10000000000000.0,23.87941968670928,23.0,3.821756677017923e-07,1.4002390866240964e-07,0.014002390866240964,100000.0,0.01,15.124284290526582,18.613676776582036,22.00238858521466,0.999,tdse_dipole_acceleration,raw_fft_harmonic_order_grid,single_mode_bsv_random_phase_gamma_intensity,shared_fig_iv2_intensity_cases,hhg_intensity_prediction,quantum_light_hhg_bsv_threshold_tdse_dipole_acceleration,shared_normalized_raw_spectrum_for_log_display
BSV - 1e13 W/cm^2,10000000000000.0,23.919418714660214,23.0,7.490081649945854e-07,2.7442629069843583e-07,0.027442629069843582,100000.0,0.01,15.124284290526582,18.613676776582036,22.00238858521466,0.999,tdse_dipole_acceleration,raw_fft_harmonic_order_grid,single_mode_bsv_random_phase_gamma_intensity,shared_fig_iv2_intensity_cases,hhg_intensity_prediction,quantum_light_hhg_bsv_threshold_tdse_dipole_acceleration,shared_normalized_raw_spectrum_for_log_display
BSV - 1e13 W/cm^2,10000000000000.0,23.95941774261115,23.0,4.818518436823058e-07,1.765438887156773e-07,0.017654388871567728,100000.0,0.01,15.124284290526582,18.613676776582036,22.00238858521466,0.999,tdse_dipole_acceleration,raw_fft_harmonic_order_grid,single_mode_bsv_random_phase_gamma_intensity,shared_fig_iv2_intensity_cases,hhg_intensity_prediction,quantum_light_hhg_bsv_threshold_tdse_dipole_acceleration,shared_normalized_raw_spectrum_for_log_display
BSV - 1e13 W/cm^2,10000000000000.0,23.999416770562085,23.0,1.0595707949557794e-06,3.882121672121018e-07,0.03882121672121018,100000.0,0.01,15.124284290526582,18.613676776582036,22.00238858521466,0.999,tdse_dipole_acceleration,raw_fft_harmonic_order_grid,single_mode_bsv_random_phase_gamma_intensity,shared_fig_iv2_intensity_cases,hhg_intensity_prediction,quantum_light_hhg_bsv_threshold_tdse_dipole_acceleration,shared_normalized_raw_spectrum_for_log_display
BSV - 1e13 W/cm^2,10000000000000.0,24.039415798513023,25.0,9.583051558375497e-07,3.511098297247353e-07,0.03511098297247353,100000.0,0.01,15.124284290526582,18.613676776582036,22.00238858521466,0.999,tdse_dipole_acceleration,raw_fft_harmonic_order_grid,single_mode_bsv_random_phase_gamma_intensity,shared_fig_iv2_intensity_cases,hhg_intensity_prediction,quantum_light_hhg_bsv_threshold_tdse_dipole_acceleration,shared_normalized_raw_spectrum_for_log_display
BSV - 1e13 W/cm^2,10000000000000.0,24.079414826463964,25.0,3.322776688138992e-06,1.2174196810682415e-06,0.12174196810682415,100000.0,0.01,15.124284290526582,18.613676776582036,22.00238858521466,0.999,tdse_dipole_acceleration,raw_fft_harmonic_order_grid,single_mode_bsv_random_phase_gamma_intensity,shared_fig_iv2_intensity_cases,hhg_intensity_prediction,quantum_light_hhg_bsv_threshold_tdse_dipole_acceleration,shared_normalized_raw_spectrum_for_log_display
BSV - 1e13 W/cm^2,10000000000000.0,24.119413854414894,25.0,7.75940754273279e-07,2.84294021011776e-07,0.028429402101177604,100000.0,0.01,15.124284290526582,18.613676776582036,22.00238858521466,0.999,tdse_dipole_acceleration,raw_fft_harmonic_order_grid,single_mode_bsv_random_phase_gamma_intensity,shared_fig_iv2_intensity_cases,hhg_intensity_prediction,quantum_light_hhg_bsv_threshold_tdse_dipole_acceleration,shared_normalized_raw_spectrum_for_log_display
BSV - 1e13 W/cm^2,10000000000000.0,24.159412882365835,25.0,1.496830613392544e-06,5.484181511427848e-07,0.05484181511427848,100000.0,0.01,15.124284290526582,18.613676776582036,22.00238858521466,0.999,tdse_dipole_acceleration,raw_fft_harmonic_order_grid,single_mode_bsv_random_phase_gamma_intensity,shared_fig_iv2_intensity_cases,hhg_intensity_prediction,quantum_light_hhg_bsv_threshold_tdse_dipole_acceleration,shared_normalized_raw_spectrum_for_log_display
BSV - 1e13 W/cm^2,10000000000000.0,24.19941191031677,25.0,1.238530171282537e-06,4.5378042150664955e-07,0.04537804215066495,100000.0,0.01,15.124284290526582,18.613676776582036,22.00238858521466,0.999,tdse_dipole_acceleration,raw_fft_harmonic_order_grid,single_mode_bsv_random_phase_gamma_intensity,shared_fig_iv2_intensity_cases,hhg_intensity_prediction,quantum_light_hhg_bsv_threshold_tdse_dipole_acceleration,shared_normalized_raw_spectrum_for_log_display
BSV - 1e13 W/cm^2,10000000000000.0,24.23941093826771,25.0,8.639592145429863e-07,3.16542774354776e-07,0.0316542774354776,100000.0,0.01,15.124284290526582,18.613676776582036,22.00238858521466,0.999,tdse_dipole_acceleration,raw_fft_harmonic_order_grid,single_mode_bsv_random_phase_gamma_intensity,shared_fig_iv2_intensity_cases,hhg_intensity_prediction,quantum_light_hhg_bsv_threshold_tdse_dipole_acceleration,shared_normalized_raw_spectrum_for_log_display
BSV - 1e13 W/cm^2,10000000000000.0,24.279409966218644,25.0,5.528661153578088e-06,2.0256254121287693e-06,0.20256254121287692,100000.0,0.01,15.124284290526582,18.613676776582036,22.00238858521466,0.999,tdse_dipole_acceleration,raw_fft_harmonic_order_grid,single_mode_bsv_random_phase_gamma_intensity,shared_fig_iv2_intensity_cases,hhg_intensity_prediction,quantum_light_hhg_bsv_threshold_tdse_dipole_acceleration,shared_normalized_raw_spectrum_for_log_display
BSV - 1e13 W/cm^2,10000000000000.0,24.31940899416958,25.0,3.7134662090337223e-06,1.360562948451268e-06,0.1360562948451268,100000.0,0.01,15.124284290526582,18.613676776582036,22.00238858521466,0.999,tdse_dipole_acceleration,raw_fft_harmonic_order_grid,single_mode_bsv_random_phase_gamma_intensity,shared_fig_iv2_intensity_cases,hhg_intensity_prediction,quantum_light_hhg_bsv_threshold_tdse_dipole_acceleration,shared_normalized_raw_spectrum_for_log_display
BSV - 1e13 W/cm^2,10000000000000.0,24.35940802212052,25.0,3.6239899152481873e-06,1.3277800649573538e-06,0.13277800649573537,100000.0,0.01,15.124284290526582,18.613676776582036,22.00238858521466,0.999,tdse_dipole_acceleration,raw_fft_harmonic_order_grid,single_mode_bsv_random_phase_gamma_intensity,shared_fig_iv2_intensity_cases,hhg_intensity_prediction,quantum_light_hhg_bsv_threshold_tdse_dipole_acceleration,shared_normalized_raw_spectrum_for_log_display
BSV - 1e13 W/cm^2,10000000000000.0,24.39940705007146,25.0,9.081048637260916e-06,3.327171330894122e-06,0.3327171330894122,100000.0,0.01,15.124284290526582,18.613676776582036,22.00238858521466,0.999,tdse_dipole_acceleration,raw_fft_harmonic_order_grid,single_mode_bsv_random_phase_gamma_intensity,shared_fig_iv2_intensity_cases,hhg_intensity_prediction,quantum_light_hhg_bsv_threshold_tdse_dipole_acceleration,shared_normalized_raw_spectrum_for_log_display
BSV - 1e13 W/cm^2,10000000000000.0,24.43940607802239,25.0,4.006723948841789e-06,1.468008551203431e-06,0.1468008551203431,100000.0,0.01,15.124284290526582,18.613676776582036,22.00238858521466,0.999,tdse_dipole_acceleration,raw_fft_harmonic_order_grid,single_mode_bsv_random_phase_gamma_intensity,shared_fig_iv2_intensity_cases,hhg_intensity_prediction,quantum_light_hhg_bsv_threshold_tdse_dipole_acceleration,shared_normalized_raw_spectrum_for_log_display
BSV - 1e13 W/cm^2,10000000000000.0,24.47940510597333,25.0,4.3784743976572635e-06,1.6042128030417896e-06,0.16042128030417896,100000.0,0.01,15.124284290526582,18.613676776582036,22.00238858521466,0.999,tdse_dipole_acceleration,raw_fft_harmonic_order_grid,single_mode_bsv_random_phase_gamma_intensity,shared_fig_iv2_intensity_cases,hhg_intensity_prediction,quantum_light_hhg_bsv_threshold_tdse_dipole_acceleration,shared_normalized_raw_spectrum_for_log_display
BSV - 1e13 W/cm^2,10000000000000.0,24.519404133924265,25.0,2.5109320255207647e-06,9.199709618179597e-07,0.09199709618179597,100000.0,0.01,15.124284290526582,18.613676776582036,22.00238858521466,0.999,tdse_dipole_acceleration,raw_fft_harmonic_order_grid,single_mode_bsv_random_phase_gamma_intensity,shared_fig_iv2_intensity_cases,hhg_intensity_prediction,quantum_light_hhg_bsv_threshold_tdse_dipole_acceleration,shared_normalized_raw_spectrum_for_log_display
BSV - 1e13 W/cm^2,10000000000000.0,24.559403161875203,25.0,3.8612657827006965e-06,1.4147146795856424e-06,0.14147146795856425,100000.0,0.01,15.124284290526582,18.613676776582036,22.00238858521466,0.999,tdse_dipole_acceleration,raw_fft_harmonic_order_grid,single_mode_bsv_random_phase_gamma_intensity,shared_fig_iv2_intensity_cases,hhg_intensity_prediction,quantum_light_hhg_bsv_threshold_tdse_dipole_acceleration,shared_normalized_raw_spectrum_for_log_display
BSV - 1e13 W/cm^2,10000000000000.0,24.59940218982614,25.0,3.096114517469147e-06,1.1343737789731274e-06,0.11343737789731274,100000.0,0.01,15.124284290526582,18.613676776582036,22.00238858521466,0.999,tdse_dipole_acceleration,raw_fft_harmonic_order_grid,single_mode_bsv_random_phase_gamma_intensity,shared_fig_iv2_intensity_cases,hhg_intensity_prediction,quantum_light_hhg_bsv_threshold_tdse_dipole_acceleration,shared_normalized_raw_spectrum_for_log_display
BSV - 1e13 W/cm^2,10000000000000.0,24.639401217777074,25.0,4.209859458811287e-06,1.5424346083752742e-06,0.1542434608375274,100000.0,0.01,15.124284290526582,18.613676776582036,22.00238858521466,0.999,tdse_dipole_acceleration,raw_fft_harmonic_order_grid,single_mode_bsv_random_phase_gamma_intensity,shared_fig_iv2_intensity_cases,hhg_intensity_prediction,quantum_light_hhg_bsv_threshold_tdse_dipole_acceleration,shared_normalized_raw_spectrum_for_log_display
BSV - 1e13 W/cm^2,10000000000000.0,24.679400245728015,25.0,4.5067377220157385e-06,1.6512067211075574e-06,0.16512067211075573,100000.0,0.01,15.124284290526582,18.613676776582036,22.00238858521466,0.999,tdse_dipole_acceleration,raw_fft_harmonic_order_grid,single_mode_bsv_random_phase_gamma_intensity,shared_fig_iv2_intensity_cases,hhg_intensity_prediction,quantum_light_hhg_bsv_threshold_tdse_dipole_acceleration,shared_normalized_raw_spectrum_for_log_display
BSV - 1e13 W/cm^2,10000000000000.0,24.719399273678945,25.0,2.0849656619962672e-06,7.639027444505637e-07,0.07639027444505637,100000.0,0.01,15.124284290526582,18.613676776582036,22.00238858521466,0.999,tdse_dipole_acceleration,raw_fft_harmonic_order_grid,single_mode_bsv_random_phase_gamma_intensity,shared_fig_iv2_intensity_cases,hhg_intensity_prediction,quantum_light_hhg_bsv_threshold_tdse_dipole_acceleration,shared_normalized_raw_spectrum_for_log_display
BSV - 1e13 W/cm^2,10000000000000.0,24.759398301629886,25.0,1.8320127317459775e-05,6.712242696165957e-06,0.6712242696165958,100000.0,0.01,15.124284290526582,18.613676776582036,22.00238858521466,0.999,tdse_dipole_acceleration,raw_fft_harmonic_order_grid,single_mode_bsv_random_phase_gamma_intensity,shared_fig_iv2_intensity_cases,hhg_intensity_prediction,quantum_light_hhg_bsv_threshold_tdse_dipole_acceleration,shared_normalized_raw_spectrum_for_log_display
BSV - 1e13 W/cm^2,10000000000000.0,24.799397329580824,25.0,2.65409127427723e-07,9.724225417225598e-08,0.01,100000.0,0.01,15.124284290526582,18.613676776582036,22.00238858521466,0.999,tdse_dipole_acceleration,raw_fft_harmonic_order_grid,single_mode_bsv_random_phase_gamma_intensity,shared_fig_iv2_intensity_cases,hhg_intensity_prediction,quantum_light_hhg_bsv_threshold_tdse_dipole_acceleration,shared_normalized_raw_spectrum_for_log_display
BSV - 1e13 W/cm^2,10000000000000.0,24.83939635753176,25.0,2.762613916189266e-05,1.0121837452295068e-05,1.0121837452295068,100000.0,0.01,15.124284290526582,18.613676776582036,22.00238858521466,0.999,tdse_dipole_acceleration,raw_fft_harmonic_order_grid,single_mode_bsv_random_phase_gamma_intensity,shared_fig_iv2_intensity_cases,hhg_intensity_prediction,quantum_light_hhg_bsv_threshold_tdse_dipole_acceleration,shared_normalized_raw_spectrum_for_log_display
BSV - 1e13 W/cm^2,10000000000000.0,24.879395385482695,25.0,1.6343309738449288e-05,5.987963921982993e-06,0.5987963921982993,100000.0,0.01,15.124284290526582,18.613676776582036,22.00238858521466,0.999,tdse_dipole_acceleration,raw_fft_harmonic_order_grid,single_mode_bsv_random_phase_gamma_intensity,shared_fig_iv2_intensity_cases,hhg_intensity_prediction,quantum_light_hhg_bsv_threshold_tdse_dipole_acceleration,shared_normalized_raw_spectrum_for_log_display
BSV - 1e13 W/cm^2,10000000000000.0,24.919394413433636,25.0,6.091943546597137e-06,2.2320043342237957e-06,0.22320043342237958,100000.0,0.01,15.124284290526582,18.613676776582036,22.00238858521466,0.999,tdse_dipole_acceleration,raw_fft_harmonic_order_grid,single_mode_bsv_random_phase_gamma_intensity,shared_fig_iv2_intensity_cases,hhg_intensity_prediction,quantum_light_hhg_bsv_threshold_tdse_dipole_acceleration,shared_normalized_raw_spectrum_for_log_display
BSV - 1e13 W/cm^2,10000000000000.0,24.95939344138457,25.0,0.0018027420653174966,0.0006604998999906687,66.04998999906687,100000.0,0.01,15.124284290526582,18.613676776582036,22.00238858521466,0.999,tdse_dipole_acceleration,raw_fft_harmonic_order_grid,single_mode_bsv_random_phase_gamma_intensity,shared_fig_iv2_intensity_cases,hhg_intensity_prediction,quantum_light_hhg_bsv_threshold_tdse_dipole_acceleration,shared_normalized_raw_spectrum_for_log_display
BSV - 1e13 W/cm^2,10000000000000.0,24.999392469335508,25.0,0.005609594804941298,0.0020552783889243517,205.52783889243517,100000.0,0.01,15.124284290526582,18.613676776582036,22.00238858521466,0.999,tdse_dipole_acceleration,raw_fft_harmonic_order_grid,single_mode_bsv_random_phase_gamma_intensity,shared_fig_iv2_intensity_cases,hhg_intensity_prediction,quantum_light_hhg_bsv_threshold_tdse_dipole_acceleration,shared_normalized_raw_spectrum_for_log_display
BSV - 1e13 W/cm^2,10000000000000.0,25.03939149728644,25.0,0.0029822042540585013,0.0010926386250439428,109.26386250439428,100000.0,0.01,15.124284290526582,18.613676776582036,22.00238858521466,0.999,tdse_dipole_acceleration,raw_fft_harmonic_order_grid,single_mode_bsv_random_phase_gamma_intensity,shared_fig_iv2_intensity_cases,hhg_intensity_prediction,quantum_light_hhg_bsv_threshold_tdse_dipole_acceleration,shared_normalized_raw_spectrum_for_log_display
BSV - 1e13 W/cm^2,10000000000000.0,25.07939052523738,25.0,0.00017902375475671895,6.559184166590227e-05,6.559184166590227,100000.0,0.01,15.124284290526582,18.613676776582036,22.00238858521466,0.999,tdse_dipole_acceleration,raw_fft_harmonic_order_grid,single_mode_bsv_random_phase_gamma_intensity,shared_fig_iv2_intensity_cases,hhg_intensity_prediction,quantum_light_hhg_bsv_threshold_tdse_dipole_acceleration,shared_normalized_raw_spectrum_for_log_display
BSV - 1e13 W/cm^2,10000000000000.0,25.11938955318832,25.0,1.266081161604943e-05,4.638747254576633e-06,0.4638747254576633,100000.0,0.01,15.124284290526582,18.613676776582036,22.00238858521466,0.999,tdse_dipole_acceleration,raw_fft_harmonic_order_grid,single_mode_bsv_random_phase_gamma_intensity,shared_fig_iv2_intensity_cases,hhg_intensity_prediction,quantum_light_hhg_bsv_threshold_tdse_dipole_acceleration,shared_normalized_raw_spectrum_for_log_display
BSV - 1e13 W/cm^2,10000000000000.0,25.159388581139254,25.0,1.0002747921831643e-06,3.664869272819729e-07,0.03664869272819729,100000.0,0.01,15.124284290526582,18.613676776582036,22.00238858521466,0.999,tdse_dipole_acceleration,raw_fft_harmonic_order_grid,single_mode_bsv_random_phase_gamma_intensity,shared_fig_iv2_intensity_cases,hhg_intensity_prediction,quantum_light_hhg_bsv_threshold_tdse_dipole_acceleration,shared_normalized_raw_spectrum_for_log_display
BSV - 1e13 W/cm^2,10000000000000.0,25.19938760909019,25.0,3.2123673397209446e-06,1.1769672142449793e-06,0.11769672142449793,100000.0,0.01,15.124284290526582,18.613676776582036,22.00238858521466,0.999,tdse_dipole_acceleration,raw_fft_harmonic_order_grid,single_mode_bsv_random_phase_gamma_intensity,shared_fig_iv2_intensity_cases,hhg_intensity_prediction,quantum_light_hhg_bsv_threshold_tdse_dipole_acceleration,shared_normalized_raw_spectrum_for_log_display
BSV - 1e13 W/cm^2,10000000000000.0,25.239386637041125,25.0,9.581493187452815e-06,3.5105273315732374e-06,0.3510527331573237,100000.0,0.01,15.124284290526582,18.613676776582036,22.00238858521466,0.999,tdse_dipole_acceleration,raw_fft_harmonic_order_grid,single_mode_bsv_random_phase_gamma_intensity,shared_fig_iv2_intensity_cases,hhg_intensity_prediction,quantum_light_hhg_bsv_threshold_tdse_dipole_acceleration,shared_normalized_raw_spectrum_for_log_display
BSV - 1e13 W/cm^2,10000000000000.0,25.279385664992066,25.0,7.3676544266409425e-06,2.6994072560819166e-06,0.26994072560819166,100000.0,0.01,15.124284290526582,18.613676776582036,22.00238858521466,0.999,tdse_dipole_acceleration,raw_fft_harmonic_order_grid,single_mode_bsv_random_phase_gamma_intensity,shared_fig_iv2_intensity_cases,hhg_intensity_prediction,quantum_light_hhg_bsv_threshold_tdse_dipole_acceleration,shared_normalized_raw_spectrum_for_log_display
BSV - 1e13 W/cm^2,10000000000000.0,25.319384692943004,25.0,3.0754892738975305e-06,1.1268169733832293e-06,0.11268169733832292,100000.0,0.01,15.124284290526582,18.613676776582036,22.00238858521466,0.999,tdse_dipole_acceleration,raw_fft_harmonic_order_grid,single_mode_bsv_random_phase_gamma_intensity,shared_fig_iv2_intensity_cases,hhg_intensity_prediction,quantum_light_hhg_bsv_threshold_tdse_dipole_acceleration,shared_normalized_raw_spectrum_for_log_display
BSV - 1e13 W/cm^2,10000000000000.0,25.359383720893938,25.0,6.19903638983888e-07,2.2712416791616747e-07,0.022712416791616747,100000.0,0.01,15.124284290526582,18.613676776582036,22.00238858521466,0.999,tdse_dipole_acceleration,raw_fft_harmonic_order_grid,single_mode_bsv_random_phase_gamma_intensity,shared_fig_iv2_intensity_cases,hhg_intensity_prediction,quantum_light_hhg_bsv_threshold_tdse_dipole_acceleration,shared_normalized_raw_spectrum_for_log_display
BSV - 1e13 W/cm^2,10000000000000.0,25.399382748844875,25.0,1.020866246908204e-06,3.740313531031764e-07,0.03740313531031764,100000.0,0.01,15.124284290526582,18.613676776582036,22.00238858521466,0.999,tdse_dipole_acceleration,raw_fft_harmonic_order_grid,single_mode_bsv_random_phase_gamma_intensity,shared_fig_iv2_intensity_cases,hhg_intensity_prediction,quantum_light_hhg_bsv_threshold_tdse_dipole_acceleration,shared_normalized_raw_spectrum_for_log_display
BSV - 1e13 W/cm^2,10000000000000.0,25.439381776795816,25.0,5.8999226255940296e-06,2.1616505095925766e-06,0.21616505095925764,100000.0,0.01,15.124284290526582,18.613676776582036,22.00238858521466,0.999,tdse_dipole_acceleration,raw_fft_harmonic_order_grid,single_mode_bsv_random_phase_gamma_intensity,shared_fig_iv2_intensity_cases,hhg_intensity_prediction,quantum_light_hhg_bsv_threshold_tdse_dipole_acceleration,shared_normalized_raw_spectrum_for_log_display
BSV - 1e13 W/cm^2,10000000000000.0,25.47938080474675,25.0,3.810897070588286e-06,1.3962602761782161e-06,0.1396260276178216,100000.0,0.01,15.124284290526582,18.613676776582036,22.00238858521466,0.999,tdse_dipole_acceleration,raw_fft_harmonic_order_grid,single_mode_bsv_random_phase_gamma_intensity,shared_fig_iv2_intensity_cases,hhg_intensity_prediction,quantum_light_hhg_bsv_threshold_tdse_dipole_acceleration,shared_normalized_raw_spectrum_for_log_display
BSV - 1e13 W/cm^2,10000000000000.0,25.519379832697688,25.0,1.5607245467177033e-06,5.718280095929705e-07,0.05718280095929705,100000.0,0.01,15.124284290526582,18.613676776582036,22.00238858521466,0.999,tdse_dipole_acceleration,raw_fft_harmonic_order_grid,single_mode_bsv_random_phase_gamma_intensity,shared_fig_iv2_intensity_cases,hhg_intensity_prediction,quantum_light_hhg_bsv_threshold_tdse_dipole_acceleration,shared_normalized_raw_spectrum_for_log_display
BSV - 1e13 W/cm^2,10000000000000.0,25.55937886064862,25.0,1.0022541372764617e-06,3.672121321026302e-07,0.03672121321026302,100000.0,0.01,15.124284290526582,18.613676776582036,22.00238858521466,0.999,tdse_dipole_acceleration,raw_fft_harmonic_order_grid,single_mode_bsv_random_phase_gamma_intensity,shared_fig_iv2_intensity_cases,hhg_intensity_prediction,quantum_light_hhg_bsv_threshold_tdse_dipole_acceleration,shared_normalized_raw_spectrum_for_log_display
BSV - 1e13 W/cm^2,10000000000000.0,25.59937788859956,25.0,8.753930621135469e-07,3.2073197885727026e-07,0.032073197885727024,100000.0,0.01,15.124284290526582,18.613676776582036,22.00238858521466,0.999,tdse_dipole_acceleration,raw_fft_harmonic_order_grid,single_mode_bsv_random_phase_gamma_intensity,shared_fig_iv2_intensity_cases,hhg_intensity_prediction,quantum_light_hhg_bsv_threshold_tdse_dipole_acceleration,shared_normalized_raw_spectrum_for_log_display
BSV - 1e13 W/cm^2,10000000000000.0,25.639376916550496,25.0,1.2324476699022407e-06,4.515518766523022e-07,0.04515518766523022,100000.0,0.01,15.124284290526582,18.613676776582036,22.00238858521466,0.999,tdse_dipole_acceleration,raw_fft_harmonic_order_grid,single_mode_bsv_random_phase_gamma_intensity,shared_fig_iv2_intensity_cases,hhg_intensity_prediction,quantum_light_hhg_bsv_threshold_tdse_dipole_acceleration,shared_normalized_raw_spectrum_for_log_display
BSV - 1e13 W/cm^2,10000000000000.0,25.67937594450143,25.0,1.0726969820222018e-06,3.93021421631482e-07,0.0393021421631482,100000.0,0.01,15.124284290526582,18.613676776582036,22.00238858521466,0.999,tdse_dipole_acceleration,raw_fft_harmonic_order_grid,single_mode_bsv_random_phase_gamma_intensity,shared_fig_iv2_intensity_cases,hhg_intensity_prediction,quantum_light_hhg_bsv_threshold_tdse_dipole_acceleration,shared_normalized_raw_spectrum_for_log_display
BSV - 1e13 W/cm^2,10000000000000.0,25.71937497245237,25.0,1.029159295894011e-06,3.770698121989753e-07,0.03770698121989753,100000.0,0.01,15.124284290526582,18.613676776582036,22.00238858521466,0.999,tdse_dipole_acceleration,raw_fft_harmonic_order_grid,single_mode_bsv_random_phase_gamma_intensity,shared_fig_iv2_intensity_cases,hhg_intensity_prediction,quantum_light_hhg_bsv_threshold_tdse_dipole_acceleration,shared_normalized_raw_spectrum_for_log_display
BSV - 1e13 W/cm^2,10000000000000.0,25.759374000403305,25.0,7.853968935453627e-07,2.8775862039272466e-07,0.028775862039272466,100000.0,0.01,15.124284290526582,18.613676776582036,22.00238858521466,0.999,tdse_dipole_acceleration,raw_fft_harmonic_order_grid,single_mode_bsv_random_phase_gamma_intensity,shared_fig_iv2_intensity_cases,hhg_intensity_prediction,quantum_light_hhg_bsv_threshold_tdse_dipole_acceleration,shared_normalized_raw_spectrum_for_log_display
BSV - 1e13 W/cm^2,10000000000000.0,25.799373028354243,25.0,7.831597289985698e-07,2.8693895407004467e-07,0.028693895407004465,100000.0,0.01,15.124284290526582,18.613676776582036,22.00238858521466,0.999,tdse_dipole_acceleration,raw_fft_harmonic_order_grid,single_mode_bsv_random_phase_gamma_intensity,shared_fig_iv2_intensity_cases,hhg_intensity_prediction,quantum_light_hhg_bsv_threshold_tdse_dipole_acceleration,shared_normalized_raw_spectrum_for_log_display
BSV - 1e13 W/cm^2,10000000000000.0,25.83937205630518,25.0,6.646732898465048e-07,2.435271522844097e-07,0.024352715228440968,100000.0,0.01,15.124284290526582,18.613676776582036,22.00238858521466,0.999,tdse_dipole_acceleration,raw_fft_harmonic_order_grid,single_mode_bsv_random_phase_gamma_intensity,shared_fig_iv2_intensity_cases,hhg_intensity_prediction,quantum_light_hhg_bsv_threshold_tdse_dipole_acceleration,shared_normalized_raw_spectrum_for_log_display
BSV - 1e13 W/cm^2,10000000000000.0,25.879371084256118,25.0,6.386268304334356e-07,2.3398408776707212e-07,0.02339840877670721,100000.0,0.01,15.124284290526582,18.613676776582036,22.00238858521466,0.999,tdse_dipole_acceleration,raw_fft_harmonic_order_grid,single_mode_bsv_random_phase_gamma_intensity,shared_fig_iv2_intensity_cases,hhg_intensity_prediction,quantum_light_hhg_bsv_threshold_tdse_dipole_acceleration,shared_normalized_raw_spectrum_for_log_display
BSV - 1e13 W/cm^2,10000000000000.0,25.919370112207055,25.0,5.173352507405866e-07,1.8954452106581608e-07,0.018954452106581608,100000.0,0.01,15.124284290526582,18.613676776582036,22.00238858521466,0.999,tdse_dipole_acceleration,raw_fft_harmonic_order_grid,single_mode_bsv_random_phase_gamma_intensity,shared_fig_iv2_intensity_cases,hhg_intensity_prediction,quantum_light_hhg_bsv_threshold_tdse_dipole_acceleration,shared_normalized_raw_spectrum_for_log_display
BSV - 1e13 W/cm^2,10000000000000.0,25.95936914015799,25.0,7.359469363534737e-07,2.6964083615272956e-07,0.026964083615272954,100000.0,0.01,15.124284290526582,18.613676776582036,22.00238858521466,0.999,tdse_dipole_acceleration,raw_fft_harmonic_order_grid,single_mode_bsv_random_phase_gamma_intensity,shared_fig_iv2_intensity_cases,hhg_intensity_prediction,quantum_light_hhg_bsv_threshold_tdse_dipole_acceleration,shared_normalized_raw_spectrum_for_log_display
BSV - 1e13 W/cm^2,10000000000000.0,25.999368168108926,25.0,8.421531019949717e-07,3.085533146121742e-07,0.03085533146121742,100000.0,0.01,15.124284290526582,18.613676776582036,22.00238858521466,0.999,tdse_dipole_acceleration,raw_fft_harmonic_order_grid,single_mode_bsv_random_phase_gamma_intensity,shared_fig_iv2_intensity_cases,hhg_intensity_prediction,quantum_light_hhg_bsv_threshold_tdse_dipole_acceleration,shared_normalized_raw_spectrum_for_log_display
BSV - 1e13 W/cm^2,10000000000000.0,26.039367196059867,27.0,7.303469877981283e-07,2.675890920169943e-07,0.02675890920169943,100000.0,0.01,15.124284290526582,18.613676776582036,22.00238858521466,0.999,tdse_dipole_acceleration,raw_fft_harmonic_order_grid,single_mode_bsv_random_phase_gamma_intensity,shared_fig_iv2_intensity_cases,hhg_intensity_prediction,quantum_light_hhg_bsv_threshold_tdse_dipole_acceleration,shared_normalized_raw_spectrum_for_log_display
BSV - 1e13 W/cm^2,10000000000000.0,26.0793662240108,27.0,9.720476940657882e-07,3.561449067332539e-07,0.03561449067332539,100000.0,0.01,15.124284290526582,18.613676776582036,22.00238858521466,0.999,tdse_dipole_acceleration,raw_fft_harmonic_order_grid,single_mode_bsv_random_phase_gamma_intensity,shared_fig_iv2_intensity_cases,hhg_intensity_prediction,quantum_light_hhg_bsv_threshold_tdse_dipole_acceleration,shared_normalized_raw_spectrum_for_log_display
BSV - 1e13 W/cm^2,10000000000000.0,26.11936525196174,27.0,4.315760090918343e-07,1.5812351435496393e-07,0.015812351435496395,100000.0,0.01,15.124284290526582,18.613676776582036,22.00238858521466,0.999,tdse_dipole_acceleration,raw_fft_harmonic_order_grid,single_mode_bsv_random_phase_gamma_intensity,shared_fig_iv2_intensity_cases,hhg_intensity_prediction,quantum_light_hhg_bsv_threshold_tdse_dipole_acceleration,shared_normalized_raw_spectrum_for_log_display
BSV - 1e13 W/cm^2,10000000000000.0,26.159364279912676,27.0,5.774092760189024e-07,2.1155481774204985e-07,0.021155481774204985,100000.0,0.01,15.124284290526582,18.613676776582036,22.00238858521466,0.999,tdse_dipole_acceleration,raw_fft_harmonic_order_grid,single_mode_bsv_random_phase_gamma_intensity,shared_fig_iv2_intensity_cases,hhg_intensity_prediction,quantum_light_hhg_bsv_threshold_tdse_dipole_acceleration,shared_normalized_raw_spectrum_for_log_display
BSV - 1e13 W/cm^2,10000000000000.0,26.19936330786361,27.0,3.934092666688419e-07,1.4413974483055542e-07,0.014413974483055541,100000.0,0.01,15.124284290526582,18.613676776582036,22.00238858521466,0.999,tdse_dipole_acceleration,raw_fft_harmonic_order_grid,single_mode_bsv_random_phase_gamma_intensity,shared_fig_iv2_intensity_cases,hhg_intensity_prediction,quantum_light_hhg_bsv_threshold_tdse_dipole_acceleration,shared_normalized_raw_spectrum_for_log_display
BSV - 1e13 W/cm^2,10000000000000.0,26.23936233581455,27.0,7.347930800167561e-07,2.692180790597057e-07,0.026921807905970572,100000.0,0.01,15.124284290526582,18.613676776582036,22.00238858521466,0.999,tdse_dipole_acceleration,raw_fft_harmonic_order_grid,single_mode_bsv_random_phase_gamma_intensity,shared_fig_iv2_intensity_cases,hhg_intensity_prediction,quantum_light_hhg_bsv_threshold_tdse_dipole_acceleration,shared_normalized_raw_spectrum_for_log_display
BSV - 1e13 W/cm^2,10000000000000.0,26.27936136376548,27.0,9.826319091161263e-07,3.6002281756516025e-07,0.03600228175651603,100000.0,0.01,15.124284290526582,18.613676776582036,22.00238858521466,0.999,tdse_dipole_acceleration,raw_fft_harmonic_order_grid,single_mode_bsv_random_phase_gamma_intensity,shared_fig_iv2_intensity_cases,hhg_intensity_prediction,quantum_light_hhg_bsv_threshold_tdse_dipole_acceleration,shared_normalized_raw_spectrum_for_log_display
BSV - 1e13 W/cm^2,10000000000000.0,26.319360391716422,27.0,9.591206706557275e-07,3.5140862313850765e-07,0.03514086231385077,100000.0,0.01,15.124284290526582,18.613676776582036,22.00238858521466,0.999,tdse_dipole_acceleration,raw_fft_harmonic_order_grid,single_mode_bsv_random_phase_gamma_intensity,shared_fig_iv2_intensity_cases,hhg_intensity_prediction,quantum_light_hhg_bsv_threshold_tdse_dipole_acceleration,shared_normalized_raw_spectrum_for_log_display
BSV - 1e13 W/cm^2,10000000000000.0,26.35935941966736,27.0,2.7039672281713615e-06,9.906964052956114e-07,0.09906964052956115,100000.0,0.01,15.124284290526582,18.613676776582036,22.00238858521466,0.999,tdse_dipole_acceleration,raw_fft_harmonic_order_grid,single_mode_bsv_random_phase_gamma_intensity,shared_fig_iv2_intensity_cases,hhg_intensity_prediction,quantum_light_hhg_bsv_threshold_tdse_dipole_acceleration,shared_normalized_raw_spectrum_for_log_display
BSV - 1e13 W/cm^2,10000000000000.0,26.399358447618297,27.0,2.3229554917868454e-06,8.510989450605431e-07,0.08510989450605431,100000.0,0.01,15.124284290526582,18.613676776582036,22.00238858521466,0.999,tdse_dipole_acceleration,raw_fft_harmonic_order_grid,single_mode_bsv_random_phase_gamma_intensity,shared_fig_iv2_intensity_cases,hhg_intensity_prediction,quantum_light_hhg_bsv_threshold_tdse_dipole_acceleration,shared_normalized_raw_spectrum_for_log_display
BSV - 1e13 W/cm^2,10000000000000.0,26.43935747556923,27.0,3.1279930714731678e-06,1.1460536427409896e-06,0.11460536427409897,100000.0,0.01,15.124284290526582,18.613676776582036,22.00238858521466,0.999,tdse_dipole_acceleration,raw_fft_harmonic_order_grid,single_mode_bsv_random_phase_gamma_intensity,shared_fig_iv2_intensity_cases,hhg_intensity_prediction,quantum_light_hhg_bsv_threshold_tdse_dipole_acceleration,shared_normalized_raw_spectrum_for_log_display
BSV - 1e13 W/cm^2,10000000000000.0,26.479356503520172,27.0,1.131882872485967e-06,4.1470631792600026e-07,0.04147063179260003,100000.0,0.01,15.124284290526582,18.613676776582036,22.00238858521466,0.999,tdse_dipole_acceleration,raw_fft_harmonic_order_grid,single_mode_bsv_random_phase_gamma_intensity,shared_fig_iv2_intensity_cases,hhg_intensity_prediction,quantum_light_hhg_bsv_threshold_tdse_dipole_acceleration,shared_normalized_raw_spectrum_for_log_display
BSV - 1e13 W/cm^2,10000000000000.0,26.519355531471106,27.0,1.0802846627382905e-06,3.958014434940412e-07,0.03958014434940412,100000.0,0.01,15.124284290526582,18.613676776582036,22.00238858521466,0.999,tdse_dipole_acceleration,raw_fft_harmonic_order_grid,single_mode_bsv_random_phase_gamma_intensity,shared_fig_iv2_intensity_cases,hhg_intensity_prediction,quantum_light_hhg_bsv_threshold_tdse_dipole_acceleration,shared_normalized_raw_spectrum_for_log_display
BSV - 1e13 W/cm^2,10000000000000.0,26.559354559422044,27.0,1.7944724857487513e-06,6.574700397665111e-07,0.06574700397665112,100000.0,0.01,15.124284290526582,18.613676776582036,22.00238858521466,0.999,tdse_dipole_acceleration,raw_fft_harmonic_order_grid,single_mode_bsv_random_phase_gamma_intensity,shared_fig_iv2_intensity_cases,hhg_intensity_prediction,quantum_light_hhg_bsv_threshold_tdse_dipole_acceleration,shared_normalized_raw_spectrum_for_log_display
BSV - 1e13 W/cm^2,10000000000000.0,26.599353587372978,27.0,3.248321894109126e-07,1.1901404684972012e-07,0.011901404684972012,100000.0,0.01,15.124284290526582,18.613676776582036,22.00238858521466,0.999,tdse_dipole_acceleration,raw_fft_harmonic_order_grid,single_mode_bsv_random_phase_gamma_intensity,shared_fig_iv2_intensity_cases,hhg_intensity_prediction,quantum_light_hhg_bsv_threshold_tdse_dipole_acceleration,shared_normalized_raw_spectrum_for_log_display
BSV - 1e13 W/cm^2,10000000000000.0,26.639352615323915,27.0,3.1035681137139104e-06,1.1371046741294293e-06,0.11371046741294293,100000.0,0.01,15.124284290526582,18.613676776582036,22.00238858521466,0.999,tdse_dipole_acceleration,raw_fft_harmonic_order_grid,single_mode_bsv_random_phase_gamma_intensity,shared_fig_iv2_intensity_cases,hhg_intensity_prediction,quantum_light_hhg_bsv_threshold_tdse_dipole_acceleration,shared_normalized_raw_spectrum_for_log_display
BSV - 1e13 W/cm^2,10000000000000.0,26.679351643274856,27.0,1.1669894022111978e-06,4.2756886760442617e-07,0.04275688676044262,100000.0,0.01,15.124284290526582,18.613676776582036,22.00238858521466,0.999,tdse_dipole_acceleration,raw_fft_harmonic_order_grid,single_mode_bsv_random_phase_gamma_intensity,shared_fig_iv2_intensity_cases,hhg_intensity_prediction,quantum_light_hhg_bsv_threshold_tdse_dipole_acceleration,shared_normalized_raw_spectrum_for_log_display
BSV - 1e13 W/cm^2,10000000000000.0,26.719350671225786,27.0,2.4541204224482034e-06,8.991559717704913e-07,0.08991559717704913,100000.0,0.01,15.124284290526582,18.613676776582036,22.00238858521466,0.999,tdse_dipole_acceleration,raw_fft_harmonic_order_grid,single_mode_bsv_random_phase_gamma_intensity,shared_fig_iv2_intensity_cases,hhg_intensity_prediction,quantum_light_hhg_bsv_threshold_tdse_dipole_acceleration,shared_normalized_raw_spectrum_for_log_display
BSV - 1e13 W/cm^2,10000000000000.0,26.759349699176727,27.0,4.8793511147101056e-06,1.7877271437152521e-06,0.17877271437152523,100000.0,0.01,15.124284290526582,18.613676776582036,22.00238858521466,0.999,tdse_dipole_acceleration,raw_fft_harmonic_order_grid,single_mode_bsv_random_phase_gamma_intensity,shared_fig_iv2_intensity_cases,hhg_intensity_prediction,quantum_light_hhg_bsv_threshold_tdse_dipole_acceleration,shared_normalized_raw_spectrum_for_log_display
BSV - 1e13 W/cm^2,10000000000000.0,26.79934872712766,27.0,2.5687088886301004e-07,9.41139609867879e-08,0.01,100000.0,0.01,15.124284290526582,18.613676776582036,22.00238858521466,0.999,tdse_dipole_acceleration,raw_fft_harmonic_order_grid,single_mode_bsv_random_phase_gamma_intensity,shared_fig_iv2_intensity_cases,hhg_intensity_prediction,quantum_light_hhg_bsv_threshold_tdse_dipole_acceleration,shared_normalized_raw_spectrum_for_log_display
BSV - 1e13 W/cm^2,10000000000000.0,26.839347755078602,27.0,7.21214935210957e-06,2.6424323354029983e-06,0.2642432335402998,100000.0,0.01,15.124284290526582,18.613676776582036,22.00238858521466,0.999,tdse_dipole_acceleration,raw_fft_harmonic_order_grid,single_mode_bsv_random_phase_gamma_intensity,shared_fig_iv2_intensity_cases,hhg_intensity_prediction,quantum_light_hhg_bsv_threshold_tdse_dipole_acceleration,shared_normalized_raw_spectrum_for_log_display
BSV - 1e13 W/cm^2,10000000000000.0,26.879346783029536,27.0,1.2965370116356986e-05,4.750333300558768e-06,0.47503333005587683,100000.0,0.01,15.124284290526582,18.613676776582036,22.00238858521466,0.999,tdse_dipole_acceleration,raw_fft_harmonic_order_grid,single_mode_bsv_random_phase_gamma_intensity,shared_fig_iv2_intensity_cases,hhg_intensity_prediction,quantum_light_hhg_bsv_threshold_tdse_dipole_acceleration,shared_normalized_raw_spectrum_for_log_display
BSV - 1e13 W/cm^2,10000000000000.0,26.919345810980474,27.0,4.073909572283956e-06,1.4926244396425496e-06,0.14926244396425495,100000.0,0.01,15.124284290526582,18.613676776582036,22.00238858521466,0.999,tdse_dipole_acceleration,raw_fft_harmonic_order_grid,single_mode_bsv_random_phase_gamma_intensity,shared_fig_iv2_intensity_cases,hhg_intensity_prediction,quantum_light_hhg_bsv_threshold_tdse_dipole_acceleration,shared_normalized_raw_spectrum_for_log_display
BSV - 1e13 W/cm^2,10000000000000.0,26.95934483893141,27.0,0.0011265532458069956,0.0004127536160080871,41.275361600808715,100000.0,0.01,15.124284290526582,18.613676776582036,22.00238858521466,0.999,tdse_dipole_acceleration,raw_fft_harmonic_order_grid,single_mode_bsv_random_phase_gamma_intensity,shared_fig_iv2_intensity_cases,hhg_intensity_prediction,quantum_light_hhg_bsv_threshold_tdse_dipole_acceleration,shared_normalized_raw_spectrum_for_log_display
BSV - 1e13 W/cm^2,10000000000000.0,26.999343866882352,27.0,0.0034509305609533732,0.001264373497593518,126.4373497593518,100000.0,0.01,15.124284290526582,18.613676776582036,22.00238858521466,0.999,tdse_dipole_acceleration,raw_fft_harmonic_order_grid,single_mode_bsv_random_phase_gamma_intensity,shared_fig_iv2_intensity_cases,hhg_intensity_prediction,quantum_light_hhg_bsv_threshold_tdse_dipole_acceleration,shared_normalized_raw_spectrum_for_log_display
BSV - 1e13 W/cm^2,10000000000000.0,27.039342894833283,27.0,0.001822340749233908,0.0006676805882409641,66.76805882409641,100000.0,0.01,15.124284290526582,18.613676776582036,22.00238858521466,0.999,tdse_dipole_acceleration,raw_fft_harmonic_order_grid,single_mode_bsv_random_phase_gamma_intensity,shared_fig_iv2_intensity_cases,hhg_intensity_prediction,quantum_light_hhg_bsv_threshold_tdse_dipole_acceleration,shared_normalized_raw_spectrum_for_log_display
BSV - 1e13 W/cm^2,10000000000000.0,27.079341922784224,27.0,8.482667874264782e-05,3.1079328487401713e-05,3.1079328487401714,100000.0,0.01,15.124284290526582,18.613676776582036,22.00238858521466,0.999,tdse_dipole_acceleration,raw_fft_harmonic_order_grid,single_mode_bsv_random_phase_gamma_intensity,shared_fig_iv2_intensity_cases,hhg_intensity_prediction,quantum_light_hhg_bsv_threshold_tdse_dipole_acceleration,shared_normalized_raw_spectrum_for_log_display
BSV - 1e13 W/cm^2,10000000000000.0,27.119340950735157,27.0,1.1169835807175261e-05,4.092474223289455e-06,0.4092474223289455,100000.0,0.01,15.124284290526582,18.613676776582036,22.00238858521466,0.999,tdse_dipole_acceleration,raw_fft_harmonic_order_grid,single_mode_bsv_random_phase_gamma_intensity,shared_fig_iv2_intensity_cases,hhg_intensity_prediction,quantum_light_hhg_bsv_threshold_tdse_dipole_acceleration,shared_normalized_raw_spectrum_for_log_display
BSV - 1e13 W/cm^2,10000000000000.0,27.159339978686095,27.0,8.982537263210647e-07,3.291078118248814e-07,0.03291078118248814,100000.0,0.01,15.124284290526582,18.613676776582036,22.00238858521466,0.999,tdse_dipole_acceleration,raw_fft_harmonic_order_grid,single_mode_bsv_random_phase_gamma_intensity,shared_fig_iv2_intensity_cases,hhg_intensity_prediction,quantum_light_hhg_bsv_threshold_tdse_dipole_acceleration,shared_normalized_raw_spectrum_for_log_display
BSV - 1e13 W/cm^2,10000000000000.0,27.199339006637032,27.0,2.0378484530381712e-06,7.466396470816226e-07,0.07466396470816226,100000.0,0.01,15.124284290526582,18.613676776582036,22.00238858521466,0.999,tdse_dipole_acceleration,raw_fft_harmonic_order_grid,single_mode_bsv_random_phase_gamma_intensity,shared_fig_iv2_intensity_cases,hhg_intensity_prediction,quantum_light_hhg_bsv_threshold_tdse_dipole_acceleration,shared_normalized_raw_spectrum_for_log_display
BSV - 1e13 W/cm^2,10000000000000.0,27.239338034587966,27.0,6.427235293164705e-06,2.354850618967571e-06,0.2354850618967571,100000.0,0.01,15.124284290526582,18.613676776582036,22.00238858521466,0.999,tdse_dipole_acceleration,raw_fft_harmonic_order_grid,single_mode_bsv_random_phase_gamma_intensity,shared_fig_iv2_intensity_cases,hhg_intensity_prediction,quantum_light_hhg_bsv_threshold_tdse_dipole_acceleration,shared_normalized_raw_spectrum_for_log_display
BSV - 1e13 W/cm^2,10000000000000.0,27.279337062538907,27.0,3.1457529609821e-06,1.1525606220089467e-06,0.11525606220089467,100000.0,0.01,15.124284290526582,18.613676776582036,22.00238858521466,0.999,tdse_dipole_acceleration,raw_fft_harmonic_order_grid,single_mode_bsv_random_phase_gamma_intensity,shared_fig_iv2_intensity_cases,hhg_intensity_prediction,quantum_light_hhg_bsv_threshold_tdse_dipole_acceleration,shared_normalized_raw_spectrum_for_log_display
BSV - 1e13 W/cm^2,10000000000000.0,27.31933609048984,27.0,5.377026908665423e-07,1.9700687101874203e-07,0.0197006871018742,100000.0,0.01,15.124284290526582,18.613676776582036,22.00238858521466,0.999,tdse_dipole_acceleration,raw_fft_harmonic_order_grid,single_mode_bsv_random_phase_gamma_intensity,shared_fig_iv2_intensity_cases,hhg_intensity_prediction,quantum_light_hhg_bsv_threshold_tdse_dipole_acceleration,shared_normalized_raw_spectrum_for_log_display
BSV - 1e13 W/cm^2,10000000000000.0,27.35933511844078,27.0,5.128148459996474e-07,1.8788830693693464e-07,0.018788830693693463,100000.0,0.01,15.124284290526582,18.613676776582036,22.00238858521466,0.999,tdse_dipole_acceleration,raw_fft_harmonic_order_grid,single_mode_bsv_random_phase_gamma_intensity,shared_fig_iv2_intensity_cases,hhg_intensity_prediction,quantum_light_hhg_bsv_threshold_tdse_dipole_acceleration,shared_normalized_raw_spectrum_for_log_display
BSV - 1e13 W/cm^2,10000000000000.0,27.399334146391716,27.0,2.650281958033374e-07,9.710268606395555e-08,0.01,100000.0,0.01,15.124284290526582,18.613676776582036,22.00238858521466,0.999,tdse_dipole_acceleration,raw_fft_harmonic_order_grid,single_mode_bsv_random_phase_gamma_intensity,shared_fig_iv2_intensity_cases,hhg_intensity_prediction,quantum_light_hhg_bsv_threshold_tdse_dipole_acceleration,shared_normalized_raw_spectrum_for_log_display
BSV - 1e13 W/cm^2,10000000000000.0,27.439333174342654,27.0,1.6548202620756297e-06,6.063033856210519e-07,0.06063033856210519,100000.0,0.01,15.124284290526582,18.613676776582036,22.00238858521466,0.999,tdse_dipole_acceleration,raw_fft_harmonic_order_grid,single_mode_bsv_random_phase_gamma_intensity,shared_fig_iv2_intensity_cases,hhg_intensity_prediction,quantum_light_hhg_bsv_threshold_tdse_dipole_acceleration,shared_normalized_raw_spectrum_for_log_display
BSV - 1e13 W/cm^2,10000000000000.0,27.47933220229359,27.0,8.467159866122546e-07,3.1022509278353097e-07,0.031022509278353098,100000.0,0.01,15.124284290526582,18.613676776582036,22.00238858521466,0.999,tdse_dipole_acceleration,raw_fft_harmonic_order_grid,single_mode_bsv_random_phase_gamma_intensity,shared_fig_iv2_intensity_cases,hhg_intensity_prediction,quantum_light_hhg_bsv_threshold_tdse_dipole_acceleration,shared_normalized_raw_spectrum_for_log_display
BSV - 1e13 W/cm^2,10000000000000.0,27.51933123024453,27.0,5.752463327019697e-07,2.1076234505724124e-07,0.021076234505724125,100000.0,0.01,15.124284290526582,18.613676776582036,22.00238858521466,0.999,tdse_dipole_acceleration,raw_fft_harmonic_order_grid,single_mode_bsv_random_phase_gamma_intensity,shared_fig_iv2_intensity_cases,hhg_intensity_prediction,quantum_light_hhg_bsv_threshold_tdse_dipole_acceleration,shared_normalized_raw_spectrum_for_log_display
BSV - 1e13 W/cm^2,10000000000000.0,27.559330258195466,27.0,3.937369377755482e-07,1.442597990176591e-07,0.01442597990176591,100000.0,0.01,15.124284290526582,18.613676776582036,22.00238858521466,0.999,tdse_dipole_acceleration,raw_fft_harmonic_order_grid,single_mode_bsv_random_phase_gamma_intensity,shared_fig_iv2_intensity_cases,hhg_intensity_prediction,quantum_light_hhg_bsv_threshold_tdse_dipole_acceleration,shared_normalized_raw_spectrum_for_log_display
BSV - 1e13 W/cm^2,10000000000000.0,27.5993292861464,27.0,5.59321102027858e-07,2.04927559554676e-07,0.0204927559554676,100000.0,0.01,15.124284290526582,18.613676776582036,22.00238858521466,0.999,tdse_dipole_acceleration,raw_fft_harmonic_order_grid,single_mode_bsv_random_phase_gamma_intensity,shared_fig_iv2_intensity_cases,hhg_intensity_prediction,quantum_light_hhg_bsv_threshold_tdse_dipole_acceleration,shared_normalized_raw_spectrum_for_log_display
BSV - 1e13 W/cm^2,10000000000000.0,27.639328314097334,27.0,7.677641985281954e-07,2.8129824343727053e-07,0.02812982434372705,100000.0,0.01,15.124284290526582,18.613676776582036,22.00238858521466,0.999,tdse_dipole_acceleration,raw_fft_harmonic_order_grid,single_mode_bsv_random_phase_gamma_intensity,shared_fig_iv2_intensity_cases,hhg_intensity_prediction,quantum_light_hhg_bsv_threshold_tdse_dipole_acceleration,shared_normalized_raw_spectrum_for_log_display
BSV - 1e13 W/cm^2,10000000000000.0,27.679327342048275,27.0,6.505445829133436e-07,2.3835058837330632e-07,0.02383505883733063,100000.0,0.01,15.124284290526582,18.613676776582036,22.00238858521466,0.999,tdse_dipole_acceleration,raw_fft_harmonic_order_grid,single_mode_bsv_random_phase_gamma_intensity,shared_fig_iv2_intensity_cases,hhg_intensity_prediction,quantum_light_hhg_bsv_threshold_tdse_dipole_acceleration,shared_normalized_raw_spectrum_for_log_display
BSV - 1e13 W/cm^2,10000000000000.0,27.719326369999212,27.0,4.941998895654978e-07,1.8106804290713789e-07,0.018106804290713787,100000.0,0.01,15.124284290526582,18.613676776582036,22.00238858521466,0.999,tdse_dipole_acceleration,raw_fft_harmonic_order_grid,single_mode_bsv_random_phase_gamma_intensity,shared_fig_iv2_intensity_cases,hhg_intensity_prediction,quantum_light_hhg_bsv_threshold_tdse_dipole_acceleration,shared_normalized_raw_spectrum_for_log_display
BSV - 1e13 W/cm^2,10000000000000.0,27.759325397950146,27.0,6.867131925311208e-07,2.5160226951779445e-07,0.025160226951779444,100000.0,0.01,15.124284290526582,18.613676776582036,22.00238858521466,0.999,tdse_dipole_acceleration,raw_fft_harmonic_order_grid,single_mode_bsv_random_phase_gamma_intensity,shared_fig_iv2_intensity_cases,hhg_intensity_prediction,quantum_light_hhg_bsv_threshold_tdse_dipole_acceleration,shared_normalized_raw_spectrum_for_log_display
BSV - 1e13 W/cm^2,10000000000000.0,27.799324425901087,27.0,4.3073700425131906e-07,1.5781611452006055e-07,0.015781611452006055,100000.0,0.01,15.124284290526582,18.613676776582036,22.00238858521466,0.999,tdse_dipole_acceleration,raw_fft_harmonic_order_grid,single_mode_bsv_random_phase_gamma_intensity,shared_fig_iv2_intensity_cases,hhg_intensity_prediction,quantum_light_hhg_bsv_threshold_tdse_dipole_acceleration,shared_normalized_raw_spectrum_for_log_display
BSV - 1e13 W/cm^2,10000000000000.0,27.83932345385202,27.0,5.244636657088685e-07,1.921562742745664e-07,0.01921562742745664,100000.0,0.01,15.124284290526582,18.613676776582036,22.00238858521466,0.999,tdse_dipole_acceleration,raw_fft_harmonic_order_grid,single_mode_bsv_random_phase_gamma_intensity,shared_fig_iv2_intensity_cases,hhg_intensity_prediction,quantum_light_hhg_bsv_threshold_tdse_dipole_acceleration,shared_normalized_raw_spectrum_for_log_display
BSV - 1e13 W/cm^2,10000000000000.0,27.879322481802955,27.0,4.744037281215305e-07,1.73815001606614e-07,0.017381500160661402,100000.0,0.01,15.124284290526582,18.613676776582036,22.00238858521466,0.999,tdse_dipole_acceleration,raw_fft_harmonic_order_grid,single_mode_bsv_random_phase_gamma_intensity,shared_fig_iv2_intensity_cases,hhg_intensity_prediction,quantum_light_hhg_bsv_threshold_tdse_dipole_acceleration,shared_normalized_raw_spectrum_for_log_display
BSV - 1e13 W/cm^2,10000000000000.0,27.919321509753892,27.0,3.917909791072627e-07,1.435468265239695e-07,0.014354682652396951,100000.0,0.01,15.124284290526582,18.613676776582036,22.00238858521466,0.999,tdse_dipole_acceleration,raw_fft_harmonic_order_grid,single_mode_bsv_random_phase_gamma_intensity,shared_fig_iv2_intensity_cases,hhg_intensity_prediction,quantum_light_hhg_bsv_threshold_tdse_dipole_acceleration,shared_normalized_raw_spectrum_for_log_display
BSV - 1e13 W/cm^2,10000000000000.0,27.95932053770483,27.0,7.838900920854458e-07,2.872065490605424e-07,0.028720654906054237,100000.0,0.01,15.124284290526582,18.613676776582036,22.00238858521466,0.999,tdse_dipole_acceleration,raw_fft_harmonic_order_grid,single_mode_bsv_random_phase_gamma_intensity,shared_fig_iv2_intensity_cases,hhg_intensity_prediction,quantum_light_hhg_bsv_threshold_tdse_dipole_acceleration,shared_normalized_raw_spectrum_for_log_display
BSV - 1e13 W/cm^2,10000000000000.0,27.999319565655767,27.0,2.550189115747782e-07,9.343542197824335e-08,0.01,100000.0,0.01,15.124284290526582,18.613676776582036,22.00238858521466,0.999,tdse_dipole_acceleration,raw_fft_harmonic_order_grid,single_mode_bsv_random_phase_gamma_intensity,shared_fig_iv2_intensity_cases,hhg_intensity_prediction,quantum_light_hhg_bsv_threshold_tdse_dipole_acceleration,shared_normalized_raw_spectrum_for_log_display
BSV - 1e13 W/cm^2,10000000000000.0,28.03931859360671,29.0,7.156711242536626e-07,2.6221205744844154e-07,0.026221205744844156,100000.0,0.01,15.124284290526582,18.613676776582036,22.00238858521466,0.999,tdse_dipole_acceleration,raw_fft_harmonic_order_grid,single_mode_bsv_random_phase_gamma_intensity,shared_fig_iv2_intensity_cases,hhg_intensity_prediction,quantum_light_hhg_bsv_threshold_tdse_dipole_acceleration,shared_normalized_raw_spectrum_for_log_display
BSV - 1e13 W/cm^2,10000000000000.0,28.079317621557642,29.0,5.846572428861046e-07,2.1421037312239183e-07,0.021421037312239183,100000.0,0.01,15.124284290526582,18.613676776582036,22.00238858521466,0.999,tdse_dipole_acceleration,raw_fft_harmonic_order_grid,single_mode_bsv_random_phase_gamma_intensity,shared_fig_iv2_intensity_cases,hhg_intensity_prediction,quantum_light_hhg_bsv_threshold_tdse_dipole_acceleration,shared_normalized_raw_spectrum_for_log_display
BSV - 1e13 W/cm^2,10000000000000.0,28.11931664950858,29.0,4.211446792916584e-07,1.5430161857611747e-07,0.015430161857611747,100000.0,0.01,15.124284290526582,18.613676776582036,22.00238858521466,0.999,tdse_dipole_acceleration,raw_fft_harmonic_order_grid,single_mode_bsv_random_phase_gamma_intensity,shared_fig_iv2_intensity_cases,hhg_intensity_prediction,quantum_light_hhg_bsv_threshold_tdse_dipole_acceleration,shared_normalized_raw_spectrum_for_log_display
BSV - 1e13 W/cm^2,10000000000000.0,28.159315677459517,29.0,7.696687919463981e-07,2.8199606027221755e-07,0.028199606027221755,100000.0,0.01,15.124284290526582,18.613676776582036,22.00238858521466,0.999,tdse_dipole_acceleration,raw_fft_harmonic_order_grid,single_mode_bsv_random_phase_gamma_intensity,shared_fig_iv2_intensity_cases,hhg_intensity_prediction,quantum_light_hhg_bsv_threshold_tdse_dipole_acceleration,shared_normalized_raw_spectrum_for_log_display
BSV - 1e13 W/cm^2,10000000000000.0,28.19931470541045,29.0,5.430439469828567e-07,1.989638338025604e-07,0.01989638338025604,100000.0,0.01,15.124284290526582,18.613676776582036,22.00238858521466,0.999,tdse_dipole_acceleration,raw_fft_harmonic_order_grid,single_mode_bsv_random_phase_gamma_intensity,shared_fig_iv2_intensity_cases,hhg_intensity_prediction,quantum_light_hhg_bsv_threshold_tdse_dipole_acceleration,shared_normalized_raw_spectrum_for_log_display
BSV - 1e13 W/cm^2,10000000000000.0,28.23931373336139,29.0,5.880914957393454e-07,2.1546863613724455e-07,0.021546863613724456,100000.0,0.01,15.124284290526582,18.613676776582036,22.00238858521466,0.999,tdse_dipole_acceleration,raw_fft_harmonic_order_grid,single_mode_bsv_random_phase_gamma_intensity,shared_fig_iv2_intensity_cases,hhg_intensity_prediction,quantum_light_hhg_bsv_threshold_tdse_dipole_acceleration,shared_normalized_raw_spectrum_for_log_display
BSV - 1e13 W/cm^2,10000000000000.0,28.279312761312323,29.0,1.1440981863457853e-06,4.1918184092953303e-07,0.0419181840929533,100000.0,0.01,15.124284290526582,18.613676776582036,22.00238858521466,0.999,tdse_dipole_acceleration,raw_fft_harmonic_order_grid,single_mode_bsv_random_phase_gamma_intensity,shared_fig_iv2_intensity_cases,hhg_intensity_prediction,quantum_light_hhg_bsv_threshold_tdse_dipole_acceleration,shared_normalized_raw_spectrum_for_log_display
BSV - 1e13 W/cm^2,10000000000000.0,28.319311789263264,29.0,1.0439759285518818e-06,3.8249842263471094e-07,0.03824984226347109,100000.0,0.01,15.124284290526582,18.613676776582036,22.00238858521466,0.999,tdse_dipole_acceleration,raw_fft_harmonic_order_grid,single_mode_bsv_random_phase_gamma_intensity,shared_fig_iv2_intensity_cases,hhg_intensity_prediction,quantum_light_hhg_bsv_threshold_tdse_dipole_acceleration,shared_normalized_raw_spectrum_for_log_display
BSV - 1e13 W/cm^2,10000000000000.0,28.359310817214197,29.0,1.8001859915025263e-06,6.595633896980222e-07,0.06595633896980223,100000.0,0.01,15.124284290526582,18.613676776582036,22.00238858521466,0.999,tdse_dipole_acceleration,raw_fft_harmonic_order_grid,single_mode_bsv_random_phase_gamma_intensity,shared_fig_iv2_intensity_cases,hhg_intensity_prediction,quantum_light_hhg_bsv_threshold_tdse_dipole_acceleration,shared_normalized_raw_spectrum_for_log_display
BSV - 1e13 W/cm^2,10000000000000.0,28.39930984516514,29.0,1.5704277587515007e-06,5.753831330358701e-07,0.05753831330358701,100000.0,0.01,15.124284290526582,18.613676776582036,22.00238858521466,0.999,tdse_dipole_acceleration,raw_fft_harmonic_order_grid,single_mode_bsv_random_phase_gamma_intensity,shared_fig_iv2_intensity_cases,hhg_intensity_prediction,quantum_light_hhg_bsv_threshold_tdse_dipole_acceleration,shared_normalized_raw_spectrum_for_log_display
BSV - 1e13 W/cm^2,10000000000000.0,28.439308873116076,29.0,7.241040283306736e-07,2.6530175752625924e-07,0.026530175752625923,100000.0,0.01,15.124284290526582,18.613676776582036,22.00238858521466,0.999,tdse_dipole_acceleration,raw_fft_harmonic_order_grid,single_mode_bsv_random_phase_gamma_intensity,shared_fig_iv2_intensity_cases,hhg_intensity_prediction,quantum_light_hhg_bsv_threshold_tdse_dipole_acceleration,shared_normalized_raw_spectrum_for_log_display
BSV - 1e13 W/cm^2,10000000000000.0,28.479307901067013,29.0,8.663215823459411e-07,3.1740831342861906e-07,0.0317408313428619,100000.0,0.01,15.124284290526582,18.613676776582036,22.00238858521466,0.999,tdse_dipole_acceleration,raw_fft_harmonic_order_grid,single_mode_bsv_random_phase_gamma_intensity,shared_fig_iv2_intensity_cases,hhg_intensity_prediction,quantum_light_hhg_bsv_threshold_tdse_dipole_acceleration,shared_normalized_raw_spectrum_for_log_display
BSV - 1e13 W/cm^2,10000000000000.0,28.519306929017944,29.0,6.949438041871662e-07,2.5461785243465647e-07,0.025461785243465648,100000.0,0.01,15.124284290526582,18.613676776582036,22.00238858521466,0.999,tdse_dipole_acceleration,raw_fft_harmonic_order_grid,single_mode_bsv_random_phase_gamma_intensity,shared_fig_iv2_intensity_cases,hhg_intensity_prediction,quantum_light_hhg_bsv_threshold_tdse_dipole_acceleration,shared_normalized_raw_spectrum_for_log_display
BSV - 1e13 W/cm^2,10000000000000.0,28.55930595696888,29.0,1.3215788126223443e-06,4.84208301542634e-07,0.0484208301542634,100000.0,0.01,15.124284290526582,18.613676776582036,22.00238858521466,0.999,tdse_dipole_acceleration,raw_fft_harmonic_order_grid,single_mode_bsv_random_phase_gamma_intensity,shared_fig_iv2_intensity_cases,hhg_intensity_prediction,quantum_light_hhg_bsv_threshold_tdse_dipole_acceleration,shared_normalized_raw_spectrum_for_log_display
BSV - 1e13 W/cm^2,10000000000000.0,28.59930498491982,29.0,1.1249605536478156e-06,4.12170075504932e-07,0.0412170075504932,100000.0,0.01,15.124284290526582,18.613676776582036,22.00238858521466,0.999,tdse_dipole_acceleration,raw_fft_harmonic_order_grid,single_mode_bsv_random_phase_gamma_intensity,shared_fig_iv2_intensity_cases,hhg_intensity_prediction,quantum_light_hhg_bsv_threshold_tdse_dipole_acceleration,shared_normalized_raw_spectrum_for_log_display
BSV - 1e13 W/cm^2,10000000000000.0,28.63930401287076,29.0,9.095228473723614e-07,3.332366627961674e-07,0.03332366627961674,100000.0,0.01,15.124284290526582,18.613676776582036,22.00238858521466,0.999,tdse_dipole_acceleration,raw_fft_harmonic_order_grid,single_mode_bsv_random_phase_gamma_intensity,shared_fig_iv2_intensity_cases,hhg_intensity_prediction,quantum_light_hhg_bsv_threshold_tdse_dipole_acceleration,shared_normalized_raw_spectrum_for_log_display
BSV - 1e13 W/cm^2,10000000000000.0,28.679303040821694,29.0,1.1366593403701366e-06,4.1645635006897745e-07,0.04164563500689775,100000.0,0.01,15.124284290526582,18.613676776582036,22.00238858521466,0.999,tdse_dipole_acceleration,raw_fft_harmonic_order_grid,single_mode_bsv_random_phase_gamma_intensity,shared_fig_iv2_intensity_cases,hhg_intensity_prediction,quantum_light_hhg_bsv_threshold_tdse_dipole_acceleration,shared_normalized_raw_spectrum_for_log_display
BSV - 1e13 W/cm^2,10000000000000.0,28.71930206877263,29.0,5.174244210545163e-07,1.8957719184249887e-07,0.018957719184249888,100000.0,0.01,15.124284290526582,18.613676776582036,22.00238858521466,0.999,tdse_dipole_acceleration,raw_fft_harmonic_order_grid,single_mode_bsv_random_phase_gamma_intensity,shared_fig_iv2_intensity_cases,hhg_intensity_prediction,quantum_light_hhg_bsv_threshold_tdse_dipole_acceleration,shared_normalized_raw_spectrum_for_log_display
BSV - 1e13 W/cm^2,10000000000000.0,28.759301096723572,29.0,4.613987271199234e-06,1.6905014809473503e-06,0.16905014809473504,100000.0,0.01,15.124284290526582,18.613676776582036,22.00238858521466,0.999,tdse_dipole_acceleration,raw_fft_harmonic_order_grid,single_mode_bsv_random_phase_gamma_intensity,shared_fig_iv2_intensity_cases,hhg_intensity_prediction,quantum_light_hhg_bsv_threshold_tdse_dipole_acceleration,shared_normalized_raw_spectrum_for_log_display
BSV - 1e13 W/cm^2,10000000000000.0,28.799300124674502,29.0,4.3199216304306184e-07,1.582759874394138e-07,0.015827598743941382,100000.0,0.01,15.124284290526582,18.613676776582036,22.00238858521466,0.999,tdse_dipole_acceleration,raw_fft_harmonic_order_grid,single_mode_bsv_random_phase_gamma_intensity,shared_fig_iv2_intensity_cases,hhg_intensity_prediction,quantum_light_hhg_bsv_threshold_tdse_dipole_acceleration,shared_normalized_raw_spectrum_for_log_display
BSV - 1e13 W/cm^2,10000000000000.0,28.83929915262544,29.0,4.6878970818105296e-06,1.7175810190888715e-06,0.17175810190888716,100000.0,0.01,15.124284290526582,18.613676776582036,22.00238858521466,0.999,tdse_dipole_acceleration,raw_fft_harmonic_order_grid,single_mode_bsv_random_phase_gamma_intensity,shared_fig_iv2_intensity_cases,hhg_intensity_prediction,quantum_light_hhg_bsv_threshold_tdse_dipole_acceleration,shared_normalized_raw_spectrum_for_log_display
BSV - 1e13 W/cm^2,10000000000000.0,28.879298180576374,29.0,7.072246968838309e-06,2.5911740262211746e-06,0.25911740262211747,100000.0,0.01,15.124284290526582,18.613676776582036,22.00238858521466,0.999,tdse_dipole_acceleration,raw_fft_harmonic_order_grid,single_mode_bsv_random_phase_gamma_intensity,shared_fig_iv2_intensity_cases,hhg_intensity_prediction,quantum_light_hhg_bsv_threshold_tdse_dipole_acceleration,shared_normalized_raw_spectrum_for_log_display
BSV - 1e13 W/cm^2,10000000000000.0,28.919297208527315,29.0,1.0242743763600465e-06,3.752800448630266e-07,0.037528004486302655,100000.0,0.01,15.124284290526582,18.613676776582036,22.00238858521466,0.999,tdse_dipole_acceleration,raw_fft_harmonic_order_grid,single_mode_bsv_random_phase_gamma_intensity,shared_fig_iv2_intensity_cases,hhg_intensity_prediction,quantum_light_hhg_bsv_threshold_tdse_dipole_acceleration,shared_normalized_raw_spectrum_for_log_display
BSV - 1e13 W/cm^2,10000000000000.0,28.959296236478252,29.0,0.00045108003149106613,0.00016526951992722509,16.52695199272251,100000.0,0.01,15.124284290526582,18.613676776582036,22.00238858521466,0.999,tdse_dipole_acceleration,raw_fft_harmonic_order_grid,single_mode_bsv_random_phase_gamma_intensity,shared_fig_iv2_intensity_cases,hhg_intensity_prediction,quantum_light_hhg_bsv_threshold_tdse_dipole_acceleration,shared_normalized_raw_spectrum_for_log_display
BSV - 1e13 W/cm^2,10000000000000.0,28.99929526442919,29.0,0.001269143387831575,0.0004649966830329323,46.499668303293234,100000.0,0.01,15.124284290526582,18.613676776582036,22.00238858521466,0.999,tdse_dipole_acceleration,raw_fft_harmonic_order_grid,single_mode_bsv_random_phase_gamma_intensity,shared_fig_iv2_intensity_cases,hhg_intensity_prediction,quantum_light_hhg_bsv_threshold_tdse_dipole_acceleration,shared_normalized_raw_spectrum_for_log_display
BSV - 1e13 W/cm^2,10000000000000.0,29.039294292380127,29.0,0.0006178413277183077,0.00022636856543100246,22.636856543100247,100000.0,0.01,15.124284290526582,18.613676776582036,22.00238858521466,0.999,tdse_dipole_acceleration,raw_fft_harmonic_order_grid,single_mode_bsv_random_phase_gamma_intensity,shared_fig_iv2_intensity_cases,hhg_intensity_prediction,quantum_light_hhg_bsv_threshold_tdse_dipole_acceleration,shared_normalized_raw_spectrum_for_log_display
BSV - 1e13 W/cm^2,10000000000000.0,29.079293320331065,29.0,3.0448378317699837e-05,1.1155867065306893e-05,1.1155867065306893,100000.0,0.01,15.124284290526582,18.613676776582036,22.00238858521466,0.999,tdse_dipole_acceleration,raw_fft_harmonic_order_grid,single_mode_bsv_random_phase_gamma_intensity,shared_fig_iv2_intensity_cases,hhg_intensity_prediction,quantum_light_hhg_bsv_threshold_tdse_dipole_acceleration,shared_normalized_raw_spectrum_for_log_display
BSV - 1e13 W/cm^2,10000000000000.0,29.119292348281995,29.0,1.6182607281899195e-06,5.929084752010944e-07,0.05929084752010944,100000.0,0.01,15.124284290526582,18.613676776582036,22.00238858521466,0.999,tdse_dipole_acceleration,raw_fft_harmonic_order_grid,single_mode_bsv_random_phase_gamma_intensity,shared_fig_iv2_intensity_cases,hhg_intensity_prediction,quantum_light_hhg_bsv_threshold_tdse_dipole_acceleration,shared_normalized_raw_spectrum_for_log_display
BSV - 1e13 W/cm^2,10000000000000.0,29.159291376232936,29.0,1.6569591842425726e-06,6.070870572868621e-07,0.06070870572868622,100000.0,0.01,15.124284290526582,18.613676776582036,22.00238858521466,0.999,tdse_dipole_acceleration,raw_fft_harmonic_order_grid,single_mode_bsv_random_phase_gamma_intensity,shared_fig_iv2_intensity_cases,hhg_intensity_prediction,quantum_light_hhg_bsv_threshold_tdse_dipole_acceleration,shared_normalized_raw_spectrum_for_log_display
BSV - 1e13 W/cm^2,10000000000000.0,29.19929040418387,29.0,5.939862213476568e-07,2.1762838253117828e-07,0.02176283825311783,100000.0,0.01,15.124284290526582,18.613676776582036,22.00238858521466,0.999,tdse_dipole_acceleration,raw_fft_harmonic_order_grid,single_mode_bsv_random_phase_gamma_intensity,shared_fig_iv2_intensity_cases,hhg_intensity_prediction,quantum_light_hhg_bsv_threshold_tdse_dipole_acceleration,shared_normalized_raw_spectrum_for_log_display
BSV - 1e13 W/cm^2,10000000000000.0,29.23928943213481,29.0,6.057385918795685e-06,2.2193428946613066e-06,0.22193428946613067,100000.0,0.01,15.124284290526582,18.613676776582036,22.00238858521466,0.999,tdse_dipole_acceleration,raw_fft_harmonic_order_grid,single_mode_bsv_random_phase_gamma_intensity,shared_fig_iv2_intensity_cases,hhg_intensity_prediction,quantum_light_hhg_bsv_threshold_tdse_dipole_acceleration,shared_normalized_raw_spectrum_for_log_display
BSV - 1e13 W/cm^2,10000000000000.0,29.27928846008575,29.0,2.257666580277296e-06,8.271779857884456e-07,0.08271779857884455,100000.0,0.01,15.124284290526582,18.613676776582036,22.00238858521466,0.999,tdse_dipole_acceleration,raw_fft_harmonic_order_grid,single_mode_bsv_random_phase_gamma_intensity,shared_fig_iv2_intensity_cases,hhg_intensity_prediction,quantum_light_hhg_bsv_threshold_tdse_dipole_acceleration,shared_normalized_raw_spectrum_for_log_display
BSV - 1e13 W/cm^2,10000000000000.0,29.319287488036682,29.0,2.686255686632183e-07,9.842071400588522e-08,0.01,100000.0,0.01,15.124284290526582,18.613676776582036,22.00238858521466,0.999,tdse_dipole_acceleration,raw_fft_harmonic_order_grid,single_mode_bsv_random_phase_gamma_intensity,shared_fig_iv2_intensity_cases,hhg_intensity_prediction,quantum_light_hhg_bsv_threshold_tdse_dipole_acceleration,shared_normalized_raw_spectrum_for_log_display
BSV - 1e13 W/cm^2,10000000000000.0,29.359286515987623,29.0,3.291057032079018e-07,1.2057980353217872e-07,0.012057980353217871,100000.0,0.01,15.124284290526582,18.613676776582036,22.00238858521466,0.999,tdse_dipole_acceleration,raw_fft_harmonic_order_grid,single_mode_bsv_random_phase_gamma_intensity,shared_fig_iv2_intensity_cases,hhg_intensity_prediction,quantum_light_hhg_bsv_threshold_tdse_dipole_acceleration,shared_normalized_raw_spectrum_for_log_display
BSV - 1e13 W/cm^2,10000000000000.0,29.39928554393856,29.0,8.528408503938621e-08,3.124691586391173e-08,0.01,100000.0,0.01,15.124284290526582,18.613676776582036,22.00238858521466,0.999,tdse_dipole_acceleration,raw_fft_harmonic_order_grid,single_mode_bsv_random_phase_gamma_intensity,shared_fig_iv2_intensity_cases,hhg_intensity_prediction,quantum_light_hhg_bsv_threshold_tdse_dipole_acceleration,shared_normalized_raw_spectrum_for_log_display
BSV - 1e13 W/cm^2,10000000000000.0,29.43928457188949,29.0,5.424325698830858e-07,1.9873983364134814e-07,0.019873983364134814,100000.0,0.01,15.124284290526582,18.613676776582036,22.00238858521466,0.999,tdse_dipole_acceleration,raw_fft_harmonic_order_grid,single_mode_bsv_random_phase_gamma_intensity,shared_fig_iv2_intensity_cases,hhg_intensity_prediction,quantum_light_hhg_bsv_threshold_tdse_dipole_acceleration,shared_normalized_raw_spectrum_for_log_display
BSV - 1e13 W/cm^2,10000000000000.0,29.47928359984043,29.0,1.2495520904128744e-07,4.578187010938133e-08,0.01,100000.0,0.01,15.124284290526582,18.613676776582036,22.00238858521466,0.999,tdse_dipole_acceleration,raw_fft_harmonic_order_grid,single_mode_bsv_random_phase_gamma_intensity,shared_fig_iv2_intensity_cases,hhg_intensity_prediction,quantum_light_hhg_bsv_threshold_tdse_dipole_acceleration,shared_normalized_raw_spectrum_for_log_display
BSV - 1e13 W/cm^2,10000000000000.0,29.519282627791366,29.0,2.2981543741129775e-07,8.420121566295196e-08,0.01,100000.0,0.01,15.124284290526582,18.613676776582036,22.00238858521466,0.999,tdse_dipole_acceleration,raw_fft_harmonic_order_grid,single_mode_bsv_random_phase_gamma_intensity,shared_fig_iv2_intensity_cases,hhg_intensity_prediction,quantum_light_hhg_bsv_threshold_tdse_dipole_acceleration,shared_normalized_raw_spectrum_for_log_display
BSV - 1e13 W/cm^2,10000000000000.0,29.559281655742303,29.0,1.629280136923595e-07,5.969458350134462e-08,0.01,100000.0,0.01,15.124284290526582,18.613676776582036,22.00238858521466,0.999,tdse_dipole_acceleration,raw_fft_harmonic_order_grid,single_mode_bsv_random_phase_gamma_intensity,shared_fig_iv2_intensity_cases,hhg_intensity_prediction,quantum_light_hhg_bsv_threshold_tdse_dipole_acceleration,shared_normalized_raw_spectrum_for_log_display
BSV - 1e13 W/cm^2,10000000000000.0,29.599280683693244,29.0,1.4563945804055535e-07,5.336029447648147e-08,0.01,100000.0,0.01,15.124284290526582,18.613676776582036,22.00238858521466,0.999,tdse_dipole_acceleration,raw_fft_harmonic_order_grid,single_mode_bsv_random_phase_gamma_intensity,shared_fig_iv2_intensity_cases,hhg_intensity_prediction,quantum_light_hhg_bsv_threshold_tdse_dipole_acceleration,shared_normalized_raw_spectrum_for_log_display
BSV - 1e13 W/cm^2,10000000000000.0,29.63927971164418,29.0,3.602296387396572e-07,1.3198318546991583e-07,0.013198318546991583,100000.0,0.01,15.124284290526582,18.613676776582036,22.00238858521466,0.999,tdse_dipole_acceleration,raw_fft_harmonic_order_grid,single_mode_bsv_random_phase_gamma_intensity,shared_fig_iv2_intensity_cases,hhg_intensity_prediction,quantum_light_hhg_bsv_threshold_tdse_dipole_acceleration,shared_normalized_raw_spectrum_for_log_display
BSV - 1e13 W/cm^2,10000000000000.0,29.679278739595116,29.0,1.8933898339057117e-07,6.937119957412323e-08,0.01,100000.0,0.01,15.124284290526582,18.613676776582036,22.00238858521466,0.999,tdse_dipole_acceleration,raw_fft_harmonic_order_grid,single_mode_bsv_random_phase_gamma_intensity,shared_fig_iv2_intensity_cases,hhg_intensity_prediction,quantum_light_hhg_bsv_threshold_tdse_dipole_acceleration,shared_normalized_raw_spectrum_for_log_display
BSV - 1e13 W/cm^2,10000000000000.0,29.719277767546046,29.0,1.0059331531920315e-07,3.685600729373441e-08,0.01,100000.0,0.01,15.124284290526582,18.613676776582036,22.00238858521466,0.999,tdse_dipole_acceleration,raw_fft_harmonic_order_grid,single_mode_bsv_random_phase_gamma_intensity,shared_fig_iv2_intensity_cases,hhg_intensity_prediction,quantum_light_hhg_bsv_threshold_tdse_dipole_acceleration,shared_normalized_raw_spectrum_for_log_display
BSV - 1e13 W/cm^2,10000000000000.0,29.759276795496987,29.0,3.237902804780911e-07,1.1863230574589404e-07,0.011863230574589404,100000.0,0.01,15.124284290526582,18.613676776582036,22.00238858521466,0.999,tdse_dipole_acceleration,raw_fft_harmonic_order_grid,single_mode_bsv_random_phase_gamma_intensity,shared_fig_iv2_intensity_cases,hhg_intensity_prediction,quantum_light_hhg_bsv_threshold_tdse_dipole_acceleration,shared_normalized_raw_spectrum_for_log_display
BSV - 1e13 W/cm^2,10000000000000.0,29.799275823447925,29.0,8.638508451740342e-08,3.165030693083736e-08,0.01,100000.0,0.01,15.124284290526582,18.613676776582036,22.00238858521466,0.999,tdse_dipole_acceleration,raw_fft_harmonic_order_grid,single_mode_bsv_random_phase_gamma_intensity,shared_fig_iv2_intensity_cases,hhg_intensity_prediction,quantum_light_hhg_bsv_threshold_tdse_dipole_acceleration,shared_normalized_raw_spectrum_for_log_display
BSV - 1e13 W/cm^2,10000000000000.0,29.83927485139886,29.0,2.2066750018971014e-07,8.084953727466551e-08,0.01,100000.0,0.01,15.124284290526582,18.613676776582036,22.00238858521466,0.999,tdse_dipole_acceleration,raw_fft_harmonic_order_grid,single_mode_bsv_random_phase_gamma_intensity,shared_fig_iv2_intensity_cases,hhg_intensity_prediction,quantum_light_hhg_bsv_threshold_tdse_dipole_acceleration,shared_normalized_raw_spectrum_for_log_display
BSV - 1e13 W/cm^2,10000000000000.0,29.8792738793498,29.0,1.5469435653610459e-07,5.6677884755089965e-08,0.01,100000.0,0.01,15.124284290526582,18.613676776582036,22.00238858521466,0.999,tdse_dipole_acceleration,raw_fft_harmonic_order_grid,single_mode_bsv_random_phase_gamma_intensity,shared_fig_iv2_intensity_cases,hhg_intensity_prediction,quantum_light_hhg_bsv_threshold_tdse_dipole_acceleration,shared_normalized_raw_spectrum_for_log_display
BSV - 1e13 W/cm^2,10000000000000.0,29.919272907300734,29.0,9.162261214332758e-08,3.356926502233339e-08,0.01,100000.0,0.01,15.124284290526582,18.613676776582036,22.00238858521466,0.999,tdse_dipole_acceleration,raw_fft_harmonic_order_grid,single_mode_bsv_random_phase_gamma_intensity,shared_fig_iv2_intensity_cases,hhg_intensity_prediction,quantum_light_hhg_bsv_threshold_tdse_dipole_acceleration,shared_normalized_raw_spectrum_for_log_display
BSV - 1e13 W/cm^2,10000000000000.0,29.959271935251675,29.0,3.558349330612184e-07,1.3037302574882118e-07,0.013037302574882118,100000.0,0.01,15.124284290526582,18.613676776582036,22.00238858521466,0.999,tdse_dipole_acceleration,raw_fft_harmonic_order_grid,single_mode_bsv_random_phase_gamma_intensity,shared_fig_iv2_intensity_cases,hhg_intensity_prediction,quantum_light_hhg_bsv_threshold_tdse_dipole_acceleration,shared_normalized_raw_spectrum_for_log_display
BSV - 1e13 W/cm^2,10000000000000.0,29.999270963202612,29.0,3.57724448573765e-08,1.3106531824649917e-08,0.01,100000.0,0.01,15.124284290526582,18.613676776582036,22.00238858521466,0.999,tdse_dipole_acceleration,raw_fft_harmonic_order_grid,single_mode_bsv_random_phase_gamma_intensity,shared_fig_iv2_intensity_cases,hhg_intensity_prediction,quantum_light_hhg_bsv_threshold_tdse_dipole_acceleration,shared_normalized_raw_spectrum_for_log_display
BSV - 1e13 W/cm^2,10000000000000.0,30.039269991153542,31.0,5.958922309019255e-07,2.183267182189041e-07,0.02183267182189041,100000.0,0.01,15.124284290526582,18.613676776582036,22.00238858521466,0.999,tdse_dipole_acceleration,raw_fft_harmonic_order_grid,single_mode_bsv_random_phase_gamma_intensity,shared_fig_iv2_intensity_cases,hhg_intensity_prediction,quantum_light_hhg_bsv_threshold_tdse_dipole_acceleration,shared_normalized_raw_spectrum_for_log_display
BSV - 1e13 W/cm^2,10000000000000.0,30.07926901910448,31.0,1.0543638393510253e-07,3.863044102887117e-08,0.01,100000.0,0.01,15.124284290526582,18.613676776582036,22.00238858521466,0.999,tdse_dipole_acceleration,raw_fft_harmonic_order_grid,single_mode_bsv_random_phase_gamma_intensity,shared_fig_iv2_intensity_cases,hhg_intensity_prediction,quantum_light_hhg_bsv_threshold_tdse_dipole_acceleration,shared_normalized_raw_spectrum_for_log_display
BSV - 1e13 W/cm^2,10000000000000.0,30.11926804705542,31.0,2.2705221705678306e-07,8.318880972706023e-08,0.01,100000.0,0.01,15.124284290526582,18.613676776582036,22.00238858521466,0.999,tdse_dipole_acceleration,raw_fft_harmonic_order_grid,single_mode_bsv_random_phase_gamma_intensity,shared_fig_iv2_intensity_cases,hhg_intensity_prediction,quantum_light_hhg_bsv_threshold_tdse_dipole_acceleration,shared_normalized_raw_spectrum_for_log_display
BSV - 1e13 W/cm^2,10000000000000.0,30.159267075006355,31.0,2.1772326475020972e-07,7.977080990109833e-08,0.01,100000.0,0.01,15.124284290526582,18.613676776582036,22.00238858521466,0.999,tdse_dipole_acceleration,raw_fft_harmonic_order_grid,single_mode_bsv_random_phase_gamma_intensity,shared_fig_iv2_intensity_cases,hhg_intensity_prediction,quantum_light_hhg_bsv_threshold_tdse_dipole_acceleration,shared_normalized_raw_spectrum_for_log_display
BSV - 1e13 W/cm^2,10000000000000.0,30.199266102957296,31.0,1.744844425622054e-07,6.392870010606155e-08,0.01,100000.0,0.01,15.124284290526582,18.613676776582036,22.00238858521466,0.999,tdse_dipole_acceleration,raw_fft_harmonic_order_grid,single_mode_bsv_random_phase_gamma_intensity,shared_fig_iv2_intensity_cases,hhg_intensity_prediction,quantum_light_hhg_bsv_threshold_tdse_dipole_acceleration,shared_normalized_raw_spectrum_for_log_display
BSV - 1e13 W/cm^2,10000000000000.0,30.23926513090823,31.0,2.0929516914307474e-07,7.668287158051334e-08,0.01,100000.0,0.01,15.124284290526582,18.613676776582036,22.00238858521466,0.999,tdse_dipole_acceleration,raw_fft_harmonic_order_grid,single_mode_bsv_random_phase_gamma_intensity,shared_fig_iv2_intensity_cases,hhg_intensity_prediction,quantum_light_hhg_bsv_threshold_tdse_dipole_acceleration,shared_normalized_raw_spectrum_for_log_display
BSV - 1e13 W/cm^2,10000000000000.0,30.279264158859167,31.0,3.691365494742351e-07,1.3524655506814978e-07,0.013524655506814977,100000.0,0.01,15.124284290526582,18.613676776582036,22.00238858521466,0.999,tdse_dipole_acceleration,raw_fft_harmonic_order_grid,single_mode_bsv_random_phase_gamma_intensity,shared_fig_iv2_intensity_cases,hhg_intensity_prediction,quantum_light_hhg_bsv_threshold_tdse_dipole_acceleration,shared_normalized_raw_spectrum_for_log_display
BSV - 1e13 W/cm^2,10000000000000.0,30.319263186810108,31.0,5.928588291556487e-07,2.1721532153681997e-07,0.021721532153681996,100000.0,0.01,15.124284290526582,18.613676776582036,22.00238858521466,0.999,tdse_dipole_acceleration,raw_fft_harmonic_order_grid,single_mode_bsv_random_phase_gamma_intensity,shared_fig_iv2_intensity_cases,hhg_intensity_prediction,quantum_light_hhg_bsv_threshold_tdse_dipole_acceleration,shared_normalized_raw_spectrum_for_log_display
BSV - 1e13 W/cm^2,10000000000000.0,30.35926221476104,31.0,5.947728246231856e-07,2.1791658315333864e-07,0.021791658315333865,100000.0,0.01,15.124284290526582,18.613676776582036,22.00238858521466,0.999,tdse_dipole_acceleration,raw_fft_harmonic_order_grid,single_mode_bsv_random_phase_gamma_intensity,shared_fig_iv2_intensity_cases,hhg_intensity_prediction,quantum_light_hhg_bsv_threshold_tdse_dipole_acceleration,shared_normalized_raw_spectrum_for_log_display
BSV - 1e13 W/cm^2,10000000000000.0,30.399261242711976,31.0,6.380645071740631e-07,2.3377806025835444e-07,0.023377806025835446,100000.0,0.01,15.124284290526582,18.613676776582036,22.00238858521466,0.999,tdse_dipole_acceleration,raw_fft_harmonic_order_grid,single_mode_bsv_random_phase_gamma_intensity,shared_fig_iv2_intensity_cases,hhg_intensity_prediction,quantum_light_hhg_bsv_threshold_tdse_dipole_acceleration,shared_normalized_raw_spectrum_for_log_display
BSV - 1e13 W/cm^2,10000000000000.0,30.43926027066291,31.0,3.8711671502054794e-07,1.4183424044679195e-07,0.014183424044679196,100000.0,0.01,15.124284290526582,18.613676776582036,22.00238858521466,0.999,tdse_dipole_acceleration,raw_fft_harmonic_order_grid,single_mode_bsv_random_phase_gamma_intensity,shared_fig_iv2_intensity_cases,hhg_intensity_prediction,quantum_light_hhg_bsv_threshold_tdse_dipole_acceleration,shared_normalized_raw_spectrum_for_log_display
BSV - 1e13 W/cm^2,10000000000000.0,30.47925929861385,31.0,1.8037548074085103e-07,6.60870954764782e-08,0.01,100000.0,0.01,15.124284290526582,18.613676776582036,22.00238858521466,0.999,tdse_dipole_acceleration,raw_fft_harmonic_order_grid,single_mode_bsv_random_phase_gamma_intensity,shared_fig_iv2_intensity_cases,hhg_intensity_prediction,quantum_light_hhg_bsv_threshold_tdse_dipole_acceleration,shared_normalized_raw_spectrum_for_log_display
BSV - 1e13 W/cm^2,10000000000000.0,30.51925832656479,31.0,1.9253981738602957e-07,7.054394112964613e-08,0.01,100000.0,0.01,15.124284290526582,18.613676776582036,22.00238858521466,0.999,tdse_dipole_acceleration,raw_fft_harmonic_order_grid,single_mode_bsv_random_phase_gamma_intensity,shared_fig_iv2_intensity_cases,hhg_intensity_prediction,quantum_light_hhg_bsv_threshold_tdse_dipole_acceleration,shared_normalized_raw_spectrum_for_log_display
BSV - 1e13 W/cm^2,10000000000000.0,30.559257354515726,31.0,5.612108131243654e-07,2.0561992371162737e-07,0.020561992371162737,100000.0,0.01,15.124284290526582,18.613676776582036,22.00238858521466,0.999,tdse_dipole_acceleration,raw_fft_harmonic_order_grid,single_mode_bsv_random_phase_gamma_intensity,shared_fig_iv2_intensity_cases,hhg_intensity_prediction,quantum_light_hhg_bsv_threshold_tdse_dipole_acceleration,shared_normalized_raw_spectrum_for_log_display
BSV - 1e13 W/cm^2,10000000000000.0,30.599256382466663,31.0,3.6057187447215853e-07,1.3210857593560655e-07,0.013210857593560655,100000.0,0.01,15.124284290526582,18.613676776582036,22.00238858521466,0.999,tdse_dipole_acceleration,raw_fft_harmonic_order_grid,single_mode_bsv_random_phase_gamma_intensity,shared_fig_iv2_intensity_cases,hhg_intensity_prediction,quantum_light_hhg_bsv_threshold_tdse_dipole_acceleration,shared_normalized_raw_spectrum_for_log_display
BSV - 1e13 W/cm^2,10000000000000.0,30.6392554104176,31.0,3.5125711104630484e-07,1.2869577472040356e-07,0.012869577472040357,100000.0,0.01,15.124284290526582,18.613676776582036,22.00238858521466,0.999,tdse_dipole_acceleration,raw_fft_harmonic_order_grid,single_mode_bsv_random_phase_gamma_intensity,shared_fig_iv2_intensity_cases,hhg_intensity_prediction,quantum_light_hhg_bsv_threshold_tdse_dipole_acceleration,shared_normalized_raw_spectrum_for_log_display
BSV - 1e13 W/cm^2,10000000000000.0,30.67925443836853,31.0,4.4580858925779676e-07,1.633381359900184e-07,0.01633381359900184,100000.0,0.01,15.124284290526582,18.613676776582036,22.00238858521466,0.999,tdse_dipole_acceleration,raw_fft_harmonic_order_grid,single_mode_bsv_random_phase_gamma_intensity,shared_fig_iv2_intensity_cases,hhg_intensity_prediction,quantum_light_hhg_bsv_threshold_tdse_dipole_acceleration,shared_normalized_raw_spectrum_for_log_display
BSV - 1e13 W/cm^2,10000000000000.0,30.719253466319472,31.0,1.3002507712858757e-08,4.763940005171274e-09,0.01,100000.0,0.01,15.124284290526582,18.613676776582036,22.00238858521466,0.999,tdse_dipole_acceleration,raw_fft_harmonic_order_grid,single_mode_bsv_random_phase_gamma_intensity,shared_fig_iv2_intensity_cases,hhg_intensity_prediction,quantum_light_hhg_bsv_threshold_tdse_dipole_acceleration,shared_normalized_raw_spectrum_for_log_display
BSV - 1e13 W/cm^2,10000000000000.0,30.759252494270406,31.0,1.8347832490258253e-06,6.722393490455764e-07,0.06722393490455764,100000.0,0.01,15.124284290526582,18.613676776582036,22.00238858521466,0.999,tdse_dipole_acceleration,raw_fft_harmonic_order_grid,single_mode_bsv_random_phase_gamma_intensity,shared_fig_iv2_intensity_cases,hhg_intensity_prediction,quantum_light_hhg_bsv_threshold_tdse_dipole_acceleration,shared_normalized_raw_spectrum_for_log_display
BSV - 1e13 W/cm^2,10000000000000.0,30.799251522221343,31.0,4.6280544049510667e-07,1.695655485291618e-07,0.01695655485291618,100000.0,0.01,15.124284290526582,18.613676776582036,22.00238858521466,0.999,tdse_dipole_acceleration,raw_fft_harmonic_order_grid,single_mode_bsv_random_phase_gamma_intensity,shared_fig_iv2_intensity_cases,hhg_intensity_prediction,quantum_light_hhg_bsv_threshold_tdse_dipole_acceleration,shared_normalized_raw_spectrum_for_log_display
BSV - 1e13 W/cm^2,10000000000000.0,30.839250550172284,31.0,1.8796135878315854e-06,6.886645686415574e-07,0.06886645686415574,100000.0,0.01,15.124284290526582,18.613676776582036,22.00238858521466,0.999,tdse_dipole_acceleration,raw_fft_harmonic_order_grid,single_mode_bsv_random_phase_gamma_intensity,shared_fig_iv2_intensity_cases,hhg_intensity_prediction,quantum_light_hhg_bsv_threshold_tdse_dipole_acceleration,shared_normalized_raw_spectrum_for_log_display
BSV - 1e13 W/cm^2,10000000000000.0,30.87924957812322,31.0,5.334440880732906e-06,1.9544657752298485e-06,0.19544657752298483,100000.0,0.01,15.124284290526582,18.613676776582036,22.00238858521466,0.999,tdse_dipole_acceleration,raw_fft_harmonic_order_grid,single_mode_bsv_random_phase_gamma_intensity,shared_fig_iv2_intensity_cases,hhg_intensity_prediction,quantum_light_hhg_bsv_threshold_tdse_dipole_acceleration,shared_normalized_raw_spectrum_for_log_display
BSV - 1e13 W/cm^2,10000000000000.0,30.91924860607416,31.0,5.420567551590835e-07,1.9860214029497644e-07,0.019860214029497645,100000.0,0.01,15.124284290526582,18.613676776582036,22.00238858521466,0.999,tdse_dipole_acceleration,raw_fft_harmonic_order_grid,single_mode_bsv_random_phase_gamma_intensity,shared_fig_iv2_intensity_cases,hhg_intensity_prediction,quantum_light_hhg_bsv_threshold_tdse_dipole_acceleration,shared_normalized_raw_spectrum_for_log_display
BSV - 1e13 W/cm^2,10000000000000.0,30.95924763402509,31.0,0.00026161110582532076,9.585071129054746e-05,9.585071129054745,100000.0,0.01,15.124284290526582,18.613676776582036,22.00238858521466,0.999,tdse_dipole_acceleration,raw_fft_harmonic_order_grid,single_mode_bsv_random_phase_gamma_intensity,shared_fig_iv2_intensity_cases,hhg_intensity_prediction,quantum_light_hhg_bsv_threshold_tdse_dipole_acceleration,shared_normalized_raw_spectrum_for_log_display
BSV - 1e13 W/cm^2,10000000000000.0,30.999246661976027,31.0,0.0007211631135421348,0.0002642242467935362,26.42242467935362,100000.0,0.01,15.124284290526582,18.613676776582036,22.00238858521466,0.999,tdse_dipole_acceleration,raw_fft_harmonic_order_grid,single_mode_bsv_random_phase_gamma_intensity,shared_fig_iv2_intensity_cases,hhg_intensity_prediction,quantum_light_hhg_bsv_threshold_tdse_dipole_acceleration,shared_normalized_raw_spectrum_for_log_display
BSV - 1e13 W/cm^2,10000000000000.0,31.039245689926965,31.0,0.0003333228750227875,0.00012212491728725433,12.212491728725434,100000.0,0.01,15.124284290526582,18.613676776582036,22.00238858521466,0.999,tdse_dipole_acceleration,raw_fft_harmonic_order_grid,single_mode_bsv_random_phase_gamma_intensity,shared_fig_iv2_intensity_cases,hhg_intensity_prediction,quantum_light_hhg_bsv_threshold_tdse_dipole_acceleration,shared_normalized_raw_spectrum_for_log_display
BSV - 1e13 W/cm^2,10000000000000.0,31.079244717877902,31.0,1.2021224392304788e-05,4.404411291908427e-06,0.44044112919084266,100000.0,0.01,15.124284290526582,18.613676776582036,22.00238858521466,0.999,tdse_dipole_acceleration,raw_fft_harmonic_order_grid,single_mode_bsv_random_phase_gamma_intensity,shared_fig_iv2_intensity_cases,hhg_intensity_prediction,quantum_light_hhg_bsv_threshold_tdse_dipole_acceleration,shared_normalized_raw_spectrum_for_log_display
BSV - 1e13 W/cm^2,10000000000000.0,31.11924374582884,31.0,1.2896952331159189e-06,4.7252659649980545e-07,0.047252659649980544,100000.0,0.01,15.124284290526582,18.613676776582036,22.00238858521466,0.999,tdse_dipole_acceleration,raw_fft_harmonic_order_grid,single_mode_bsv_random_phase_gamma_intensity,shared_fig_iv2_intensity_cases,hhg_intensity_prediction,quantum_light_hhg_bsv_threshold_tdse_dipole_acceleration,shared_normalized_raw_spectrum_for_log_display
BSV - 1e13 W/cm^2,10000000000000.0,31.15924277377978,31.0,9.76293175622163e-07,3.5770039278827303e-07,0.035770039278827305,100000.0,0.01,15.124284290526582,18.613676776582036,22.00238858521466,0.999,tdse_dipole_acceleration,raw_fft_harmonic_order_grid,single_mode_bsv_random_phase_gamma_intensity,shared_fig_iv2_intensity_cases,hhg_intensity_prediction,quantum_light_hhg_bsv_threshold_tdse_dipole_acceleration,shared_normalized_raw_spectrum_for_log_display
BSV - 1e13 W/cm^2,10000000000000.0,31.199241801730714,31.0,3.4549401789617575e-07,1.2658425664883364e-07,0.012658425664883363,100000.0,0.01,15.124284290526582,18.613676776582036,22.00238858521466,0.999,tdse_dipole_acceleration,raw_fft_harmonic_order_grid,single_mode_bsv_random_phase_gamma_intensity,shared_fig_iv2_intensity_cases,hhg_intensity_prediction,quantum_light_hhg_bsv_threshold_tdse_dipole_acceleration,shared_normalized_raw_spectrum_for_log_display
BSV - 1e13 W/cm^2,10000000000000.0,31.239240829681652,31.0,2.3055332089834484e-06,8.447156602464585e-07,0.08447156602464585,100000.0,0.01,15.124284290526582,18.613676776582036,22.00238858521466,0.999,tdse_dipole_acceleration,raw_fft_harmonic_order_grid,single_mode_bsv_random_phase_gamma_intensity,shared_fig_iv2_intensity_cases,hhg_intensity_prediction,quantum_light_hhg_bsv_threshold_tdse_dipole_acceleration,shared_normalized_raw_spectrum_for_log_display
BSV - 1e13 W/cm^2,10000000000000.0,31.279239857632582,31.0,5.637221956311695e-07,2.0654005972359219e-07,0.020654005972359217,100000.0,0.01,15.124284290526582,18.613676776582036,22.00238858521466,0.999,tdse_dipole_acceleration,raw_fft_harmonic_order_grid,single_mode_bsv_random_phase_gamma_intensity,shared_fig_iv2_intensity_cases,hhg_intensity_prediction,quantum_light_hhg_bsv_threshold_tdse_dipole_acceleration,shared_normalized_raw_spectrum_for_log_display
BSV - 1e13 W/cm^2,10000000000000.0,31.319238885583523,31.0,1.0027586664369978e-07,3.673969846483646e-08,0.01,100000.0,0.01,15.124284290526582,18.613676776582036,22.00238858521466,0.999,tdse_dipole_acceleration,raw_fft_harmonic_order_grid,single_mode_bsv_random_phase_gamma_intensity,shared_fig_iv2_intensity_cases,hhg_intensity_prediction,quantum_light_hhg_bsv_threshold_tdse_dipole_acceleration,shared_normalized_raw_spectrum_for_log_display
BSV - 1e13 W/cm^2,10000000000000.0,31.35923791353446,31.0,2.1381214877719573e-07,7.833783079736134e-08,0.01,100000.0,0.01,15.124284290526582,18.613676776582036,22.00238858521466,0.999,tdse_dipole_acceleration,raw_fft_harmonic_order_grid,single_mode_bsv_random_phase_gamma_intensity,shared_fig_iv2_intensity_cases,hhg_intensity_prediction,quantum_light_hhg_bsv_threshold_tdse_dipole_acceleration,shared_normalized_raw_spectrum_for_log_display
BSV - 1e13 W/cm^2,10000000000000.0,31.399236941485395,31.0,1.57579639047029e-08,5.773501258639442e-09,0.01,100000.0,0.01,15.124284290526582,18.613676776582036,22.00238858521466,0.999,tdse_dipole_acceleration,raw_fft_harmonic_order_grid,single_mode_bsv_random_phase_gamma_intensity,shared_fig_iv2_intensity_cases,hhg_intensity_prediction,quantum_light_hhg_bsv_threshold_tdse_dipole_acceleration,shared_normalized_raw_spectrum_for_log_display
BSV - 1e13 W/cm^2,10000000000000.0,31.439235969436336,31.0,1.4688386709227786e-07,5.3816228838930286e-08,0.01,100000.0,0.01,15.124284290526582,18.613676776582036,22.00238858521466,0.999,tdse_dipole_acceleration,raw_fft_harmonic_order_grid,single_mode_bsv_random_phase_gamma_intensity,shared_fig_iv2_intensity_cases,hhg_intensity_prediction,quantum_light_hhg_bsv_threshold_tdse_dipole_acceleration,shared_normalized_raw_spectrum_for_log_display
BSV - 1e13 W/cm^2,10000000000000.0,31.47923499738727,31.0,6.242770394477951e-08,2.2872652169966396e-08,0.01,100000.0,0.01,15.124284290526582,18.613676776582036,22.00238858521466,0.999,tdse_dipole_acceleration,raw_fft_harmonic_order_grid,single_mode_bsv_random_phase_gamma_intensity,shared_fig_iv2_intensity_cases,hhg_intensity_prediction,quantum_light_hhg_bsv_threshold_tdse_dipole_acceleration,shared_normalized_raw_spectrum_for_log_display
BSV - 1e13 W/cm^2,10000000000000.0,31.51923402533821,31.0,5.798012496925122e-08,2.124312039997374e-08,0.01,100000.0,0.01,15.124284290526582,18.613676776582036,22.00238858521466,0.999,tdse_dipole_acceleration,raw_fft_harmonic_order_grid,single_mode_bsv_random_phase_gamma_intensity,shared_fig_iv2_intensity_cases,hhg_intensity_prediction,quantum_light_hhg_bsv_threshold_tdse_dipole_acceleration,shared_normalized_raw_spectrum_for_log_display
BSV - 1e13 W/cm^2,10000000000000.0,31.559233053289148,31.0,6.505788159537981e-08,2.383631308885289e-08,0.01,100000.0,0.01,15.124284290526582,18.613676776582036,22.00238858521466,0.999,tdse_dipole_acceleration,raw_fft_harmonic_order_grid,single_mode_bsv_random_phase_gamma_intensity,shared_fig_iv2_intensity_cases,hhg_intensity_prediction,quantum_light_hhg_bsv_threshold_tdse_dipole_acceleration,shared_normalized_raw_spectrum_for_log_display
BSV - 1e13 W/cm^2,10000000000000.0,31.59923208124008,31.0,1.9436487778198563e-08,7.1212618159043344e-09,0.01,100000.0,0.01,15.124284290526582,18.613676776582036,22.00238858521466,0.999,tdse_dipole_acceleration,raw_fft_harmonic_order_grid,single_mode_bsv_random_phase_gamma_intensity,shared_fig_iv2_intensity_cases,hhg_intensity_prediction,quantum_light_hhg_bsv_threshold_tdse_dipole_acceleration,shared_normalized_raw_spectrum_for_log_display
BSV - 1e13 W/cm^2,10000000000000.0,31.639231109191016,31.0,1.0286170193811059e-07,3.768711295424645e-08,0.01,100000.0,0.01,15.124284290526582,18.613676776582036,22.00238858521466,0.999,tdse_dipole_acceleration,raw_fft_harmonic_order_grid,single_mode_bsv_random_phase_gamma_intensity,shared_fig_iv2_intensity_cases,hhg_intensity_prediction,quantum_light_hhg_bsv_threshold_tdse_dipole_acceleration,shared_normalized_raw_spectrum_for_log_display
BSV - 1e13 W/cm^2,10000000000000.0,31.679230137141957,31.0,3.7799821458868056e-08,1.3849334729342086e-08,0.01,100000.0,0.01,15.124284290526582,18.613676776582036,22.00238858521466,0.999,tdse_dipole_acceleration,raw_fft_harmonic_order_grid,single_mode_bsv_random_phase_gamma_intensity,shared_fig_iv2_intensity_cases,hhg_intensity_prediction,quantum_light_hhg_bsv_threshold_tdse_dipole_acceleration,shared_normalized_raw_spectrum_for_log_display
BSV - 1e13 W/cm^2,10000000000000.0,31.71922916509289,31.0,2.2007386408820955e-08,8.063203717123118e-09,0.01,100000.0,0.01,15.124284290526582,18.613676776582036,22.00238858521466,0.999,tdse_dipole_acceleration,raw_fft_harmonic_order_grid,single_mode_bsv_random_phase_gamma_intensity,shared_fig_iv2_intensity_cases,hhg_intensity_prediction,quantum_light_hhg_bsv_threshold_tdse_dipole_acceleration,shared_normalized_raw_spectrum_for_log_display
BSV - 1e13 W/cm^2,10000000000000.0,31.759228193043832,31.0,9.271623839993796e-08,3.3969954642337964e-08,0.01,100000.0,0.01,15.124284290526582,18.613676776582036,22.00238858521466,0.999,tdse_dipole_acceleration,raw_fft_harmonic_order_grid,single_mode_bsv_random_phase_gamma_intensity,shared_fig_iv2_intensity_cases,hhg_intensity_prediction,quantum_light_hhg_bsv_threshold_tdse_dipole_acceleration,shared_normalized_raw_spectrum_for_log_display
BSV - 1e13 W/cm^2,10000000000000.0,31.799227220994766,31.0,2.390234170385697e-08,8.757489276293028e-09,0.01,100000.0,0.01,15.124284290526582,18.613676776582036,22.00238858521466,0.999,tdse_dipole_acceleration,raw_fft_harmonic_order_grid,single_mode_bsv_random_phase_gamma_intensity,shared_fig_iv2_intensity_cases,hhg_intensity_prediction,quantum_light_hhg_bsv_threshold_tdse_dipole_acceleration,shared_normalized_raw_spectrum_for_log_display
BSV - 1e13 W/cm^2,10000000000000.0,31.839226248945703,31.0,4.989836919928852e-08,1.8282076232587957e-08,0.01,100000.0,0.01,15.124284290526582,18.613676776582036,22.00238858521466,0.999,tdse_dipole_acceleration,raw_fft_harmonic_order_grid,single_mode_bsv_random_phase_gamma_intensity,shared_fig_iv2_intensity_cases,hhg_intensity_prediction,quantum_light_hhg_bsv_threshold_tdse_dipole_acceleration,shared_normalized_raw_spectrum_for_log_display
BSV - 1e13 W/cm^2,10000000000000.0,31.879225276896637,31.0,6.054303366058489e-09,2.218213489732113e-09,0.01,100000.0,0.01,15.124284290526582,18.613676776582036,22.00238858521466,0.999,tdse_dipole_acceleration,raw_fft_harmonic_order_grid,single_mode_bsv_random_phase_gamma_intensity,shared_fig_iv2_intensity_cases,hhg_intensity_prediction,quantum_light_hhg_bsv_threshold_tdse_dipole_acceleration,shared_normalized_raw_spectrum_for_log_display
BSV - 1e13 W/cm^2,10000000000000.0,31.919224304847575,31.0,1.0229966975364342e-08,3.748119209137097e-09,0.01,100000.0,0.01,15.124284290526582,18.613676776582036,22.00238858521466,0.999,tdse_dipole_acceleration,raw_fft_harmonic_order_grid,single_mode_bsv_random_phase_gamma_intensity,shared_fig_iv2_intensity_cases,hhg_intensity_prediction,quantum_light_hhg_bsv_threshold_tdse_dipole_acceleration,shared_normalized_raw_spectrum_for_log_display
BSV - 1e13 W/cm^2,10000000000000.0,31.959223332798512,31.0,7.161162208374265e-08,2.6237513471541068e-08,0.01,100000.0,0.01,15.124284290526582,18.613676776582036,22.00238858521466,0.999,tdse_dipole_acceleration,raw_fft_harmonic_order_grid,single_mode_bsv_random_phase_gamma_intensity,shared_fig_iv2_intensity_cases,hhg_intensity_prediction,quantum_light_hhg_bsv_threshold_tdse_dipole_acceleration,shared_normalized_raw_spectrum_for_log_display
BSV - 1e13 W/cm^2,10000000000000.0,31.999222360749446,31.0,2.1714058101971154e-08,7.955732259577357e-09,0.01,100000.0,0.01,15.124284290526582,18.613676776582036,22.00238858521466,0.999,tdse_dipole_acceleration,raw_fft_harmonic_order_grid,single_mode_bsv_random_phase_gamma_intensity,shared_fig_iv2_intensity_cases,hhg_intensity_prediction,quantum_light_hhg_bsv_threshold_tdse_dipole_acceleration,shared_normalized_raw_spectrum_for_log_display
BSV - 1e13 W/cm^2,10000000000000.0,32.03922138870039,33.0,1.5070585651422204e-07,5.521655320009447e-08,0.01,100000.0,0.01,15.124284290526582,18.613676776582036,22.00238858521466,0.999,tdse_dipole_acceleration,raw_fft_harmonic_order_grid,single_mode_bsv_random_phase_gamma_intensity,shared_fig_iv2_intensity_cases,hhg_intensity_prediction,quantum_light_hhg_bsv_threshold_tdse_dipole_acceleration,shared_normalized_raw_spectrum_for_log_display
BSV - 1e13 W/cm^2,10000000000000.0,32.079220416651324,33.0,4.672153206514357e-09,1.7118126797026398e-09,0.01,100000.0,0.01,15.124284290526582,18.613676776582036,22.00238858521466,0.999,tdse_dipole_acceleration,raw_fft_harmonic_order_grid,single_mode_bsv_random_phase_gamma_intensity,shared_fig_iv2_intensity_cases,hhg_intensity_prediction,quantum_light_hhg_bsv_threshold_tdse_dipole_acceleration,shared_normalized_raw_spectrum_for_log_display
BSV - 1e13 W/cm^2,10000000000000.0,32.119219444602265,33.0,4.7179073765126385e-08,1.7285763783423e-08,0.01,100000.0,0.01,15.124284290526582,18.613676776582036,22.00238858521466,0.999,tdse_dipole_acceleration,raw_fft_harmonic_order_grid,single_mode_bsv_random_phase_gamma_intensity,shared_fig_iv2_intensity_cases,hhg_intensity_prediction,quantum_light_hhg_bsv_threshold_tdse_dipole_acceleration,shared_normalized_raw_spectrum_for_log_display
BSV - 1e13 W/cm^2,10000000000000.0,32.1592184725532,33.0,2.8703556227578163e-08,1.0516588247666442e-08,0.01,100000.0,0.01,15.124284290526582,18.613676776582036,22.00238858521466,0.999,tdse_dipole_acceleration,raw_fft_harmonic_order_grid,single_mode_bsv_random_phase_gamma_intensity,shared_fig_iv2_intensity_cases,hhg_intensity_prediction,quantum_light_hhg_bsv_threshold_tdse_dipole_acceleration,shared_normalized_raw_spectrum_for_log_display
BSV - 1e13 W/cm^2,10000000000000.0,32.19921750050413,33.0,3.312387327091316e-08,1.2136131620631234e-08,0.01,100000.0,0.01,15.124284290526582,18.613676776582036,22.00238858521466,0.999,tdse_dipole_acceleration,raw_fft_harmonic_order_grid,single_mode_bsv_random_phase_gamma_intensity,shared_fig_iv2_intensity_cases,hhg_intensity_prediction,quantum_light_hhg_bsv_threshold_tdse_dipole_acceleration,shared_normalized_raw_spectrum_for_log_display
BSV - 1e13 W/cm^2,10000000000000.0,32.23921652845507,33.0,3.188123474650545e-08,1.1680845955040859e-08,0.01,100000.0,0.01,15.124284290526582,18.613676776582036,22.00238858521466,0.999,tdse_dipole_acceleration,raw_fft_harmonic_order_grid,single_mode_bsv_random_phase_gamma_intensity,shared_fig_iv2_intensity_cases,hhg_intensity_prediction,quantum_light_hhg_bsv_threshold_tdse_dipole_acceleration,shared_normalized_raw_spectrum_for_log_display
BSV - 1e13 W/cm^2,10000000000000.0,32.27921555640601,33.0,6.269294531459045e-08,2.2969832960055e-08,0.01,100000.0,0.01,15.124284290526582,18.613676776582036,22.00238858521466,0.999,tdse_dipole_acceleration,raw_fft_harmonic_order_grid,single_mode_bsv_random_phase_gamma_intensity,shared_fig_iv2_intensity_cases,hhg_intensity_prediction,quantum_light_hhg_bsv_threshold_tdse_dipole_acceleration,shared_normalized_raw_spectrum_for_log_display
BSV - 1e13 W/cm^2,10000000000000.0,32.31921458435694,33.0,1.291354472581495e-07,4.7313451902081264e-08,0.01,100000.0,0.01,15.124284290526582,18.613676776582036,22.00238858521466,0.999,tdse_dipole_acceleration,raw_fft_harmonic_order_grid,single_mode_bsv_random_phase_gamma_intensity,shared_fig_iv2_intensity_cases,hhg_intensity_prediction,quantum_light_hhg_bsv_threshold_tdse_dipole_acceleration,shared_normalized_raw_spectrum_for_log_display
BSV - 1e13 W/cm^2,10000000000000.0,32.359213612307876,33.0,1.092202130201361e-07,4.001678396740259e-08,0.01,100000.0,0.01,15.124284290526582,18.613676776582036,22.00238858521466,0.999,tdse_dipole_acceleration,raw_fft_harmonic_order_grid,single_mode_bsv_random_phase_gamma_intensity,shared_fig_iv2_intensity_cases,hhg_intensity_prediction,quantum_light_hhg_bsv_threshold_tdse_dipole_acceleration,shared_normalized_raw_spectrum_for_log_display
BSV - 1e13 W/cm^2,10000000000000.0,32.39921264025882,33.0,9.8310623930279e-08,3.601966056221881e-08,0.01,100000.0,0.01,15.124284290526582,18.613676776582036,22.00238858521466,0.999,tdse_dipole_acceleration,raw_fft_harmonic_order_grid,single_mode_bsv_random_phase_gamma_intensity,shared_fig_iv2_intensity_cases,hhg_intensity_prediction,quantum_light_hhg_bsv_threshold_tdse_dipole_acceleration,shared_normalized_raw_spectrum_for_log_display
BSV - 1e13 W/cm^2,10000000000000.0,32.43921166820976,33.0,7.441832942599909e-08,2.7265852441673746e-08,0.01,100000.0,0.01,15.124284290526582,18.613676776582036,22.00238858521466,0.999,tdse_dipole_acceleration,raw_fft_harmonic_order_grid,single_mode_bsv_random_phase_gamma_intensity,shared_fig_iv2_intensity_cases,hhg_intensity_prediction,quantum_light_hhg_bsv_threshold_tdse_dipole_acceleration,shared_normalized_raw_spectrum_for_log_display
BSV - 1e13 W/cm^2,10000000000000.0,32.47921069616069,33.0,1.875315624022089e-08,6.870898538107722e-09,0.01,100000.0,0.01,15.124284290526582,18.613676776582036,22.00238858521466,0.999,tdse_dipole_acceleration,raw_fft_harmonic_order_grid,single_mode_bsv_random_phase_gamma_intensity,shared_fig_iv2_intensity_cases,hhg_intensity_prediction,quantum_light_hhg_bsv_threshold_tdse_dipole_acceleration,shared_normalized_raw_spectrum_for_log_display
BSV - 1e13 W/cm^2,10000000000000.0,32.519209724111626,33.0,1.299986970509864e-08,4.762973475407947e-09,0.01,100000.0,0.01,15.124284290526582,18.613676776582036,22.00238858521466,0.999,tdse_dipole_acceleration,raw_fft_harmonic_order_grid,single_mode_bsv_random_phase_gamma_intensity,shared_fig_iv2_intensity_cases,hhg_intensity_prediction,quantum_light_hhg_bsv_threshold_tdse_dipole_acceleration,shared_normalized_raw_spectrum_for_log_display
BSV - 1e13 W/cm^2,10000000000000.0,32.55920875206257,33.0,9.35189185798666e-08,3.426404562116803e-08,0.01,100000.0,0.01,15.124284290526582,18.613676776582036,22.00238858521466,0.999,tdse_dipole_acceleration,raw_fft_harmonic_order_grid,single_mode_bsv_random_phase_gamma_intensity,shared_fig_iv2_intensity_cases,hhg_intensity_prediction,quantum_light_hhg_bsv_threshold_tdse_dipole_acceleration,shared_normalized_raw_spectrum_for_log_display
BSV - 1e13 W/cm^2,10000000000000.0,32.5992077800135,33.0,4.592358016267533e-08,1.6825768194030794e-08,0.01,100000.0,0.01,15.124284290526582,18.613676776582036,22.00238858521466,0.999,tdse_dipole_acceleration,raw_fft_harmonic_order_grid,single_mode_bsv_random_phase_gamma_intensity,shared_fig_iv2_intensity_cases,hhg_intensity_prediction,quantum_light_hhg_bsv_threshold_tdse_dipole_acceleration,shared_normalized_raw_spectrum_for_log_display
BSV - 1e13 W/cm^2,10000000000000.0,32.63920680796444,33.0,5.862208151159274e-08,2.147832444839109e-08,0.01,100000.0,0.01,15.124284290526582,18.613676776582036,22.00238858521466,0.999,tdse_dipole_acceleration,raw_fft_harmonic_order_grid,single_mode_bsv_random_phase_gamma_intensity,shared_fig_iv2_intensity_cases,hhg_intensity_prediction,quantum_light_hhg_bsv_threshold_tdse_dipole_acceleration,shared_normalized_raw_spectrum_for_log_display
BSV - 1e13 W/cm^2,10000000000000.0,32.679205835915376,33.0,1.0893478171650168e-07,3.991220586322908e-08,0.01,100000.0,0.01,15.124284290526582,18.613676776582036,22.00238858521466,0.999,tdse_dipole_acceleration,raw_fft_harmonic_order_grid,single_mode_bsv_random_phase_gamma_intensity,shared_fig_iv2_intensity_cases,hhg_intensity_prediction,quantum_light_hhg_bsv_threshold_tdse_dipole_acceleration,shared_normalized_raw_spectrum_for_log_display
BSV - 1e13 W/cm^2,10000000000000.0,32.71920486386632,33.0,9.602879575871449e-09,3.518363010167214e-09,0.01,100000.0,0.01,15.124284290526582,18.613676776582036,22.00238858521466,0.999,tdse_dipole_acceleration,raw_fft_harmonic_order_grid,single_mode_bsv_random_phase_gamma_intensity,shared_fig_iv2_intensity_cases,hhg_intensity_prediction,quantum_light_hhg_bsv_threshold_tdse_dipole_acceleration,shared_normalized_raw_spectrum_for_log_display
BSV - 1e13 W/cm^2,10000000000000.0,32.75920389181725,33.0,2.7076571816704275e-07,9.920483535104959e-08,0.01,100000.0,0.01,15.124284290526582,18.613676776582036,22.00238858521466,0.999,tdse_dipole_acceleration,raw_fft_harmonic_order_grid,single_mode_bsv_random_phase_gamma_intensity,shared_fig_iv2_intensity_cases,hhg_intensity_prediction,quantum_light_hhg_bsv_threshold_tdse_dipole_acceleration,shared_normalized_raw_spectrum_for_log_display
BSV - 1e13 W/cm^2,10000000000000.0,32.799202919768184,33.0,1.674319753986456e-07,6.134477312846681e-08,0.01,100000.0,0.01,15.124284290526582,18.613676776582036,22.00238858521466,0.999,tdse_dipole_acceleration,raw_fft_harmonic_order_grid,single_mode_bsv_random_phase_gamma_intensity,shared_fig_iv2_intensity_cases,hhg_intensity_prediction,quantum_light_hhg_bsv_threshold_tdse_dipole_acceleration,shared_normalized_raw_spectrum_for_log_display
BSV - 1e13 W/cm^2,10000000000000.0,32.83920194771912,33.0,3.814192812231263e-07,1.3974677905905443e-07,0.013974677905905442,100000.0,0.01,15.124284290526582,18.613676776582036,22.00238858521466,0.999,tdse_dipole_acceleration,raw_fft_harmonic_order_grid,single_mode_bsv_random_phase_gamma_intensity,shared_fig_iv2_intensity_cases,hhg_intensity_prediction,quantum_light_hhg_bsv_threshold_tdse_dipole_acceleration,shared_normalized_raw_spectrum_for_log_display
BSV - 1e13 W/cm^2,10000000000000.0,32.87920097567006,33.0,1.0215006653369472e-06,3.742637952904415e-07,0.037426379529044145,100000.0,0.01,15.124284290526582,18.613676776582036,22.00238858521466,0.999,tdse_dipole_acceleration,raw_fft_harmonic_order_grid,single_mode_bsv_random_phase_gamma_intensity,shared_fig_iv2_intensity_cases,hhg_intensity_prediction,quantum_light_hhg_bsv_threshold_tdse_dipole_acceleration,shared_normalized_raw_spectrum_for_log_display
BSV - 1e13 W/cm^2,10000000000000.0,32.91920000362099,33.0,3.2172712068084873e-07,1.1787639237039774e-07,0.011787639237039774,100000.0,0.01,15.124284290526582,18.613676776582036,22.00238858521466,0.999,tdse_dipole_acceleration,raw_fft_harmonic_order_grid,single_mode_bsv_random_phase_gamma_intensity,shared_fig_iv2_intensity_cases,hhg_intensity_prediction,quantum_light_hhg_bsv_threshold_tdse_dipole_acceleration,shared_normalized_raw_spectrum_for_log_display
BSV - 1e13 W/cm^2,10000000000000.0,32.959199031571934,33.0,3.4290723313050716e-05,1.2563649428621269e-05,1.2563649428621269,100000.0,0.01,15.124284290526582,18.613676776582036,22.00238858521466,0.999,tdse_dipole_acceleration,raw_fft_harmonic_order_grid,single_mode_bsv_random_phase_gamma_intensity,shared_fig_iv2_intensity_cases,hhg_intensity_prediction,quantum_light_hhg_bsv_threshold_tdse_dipole_acceleration,shared_normalized_raw_spectrum_for_log_display
BSV - 1e13 W/cm^2,10000000000000.0,32.99919805952287,33.0,9.679124731543129e-05,3.546298186621339e-05,3.546298186621339,100000.0,0.01,15.124284290526582,18.613676776582036,22.00238858521466,0.999,tdse_dipole_acceleration,raw_fft_harmonic_order_grid,single_mode_bsv_random_phase_gamma_intensity,shared_fig_iv2_intensity_cases,hhg_intensity_prediction,quantum_light_hhg_bsv_threshold_tdse_dipole_acceleration,shared_normalized_raw_spectrum_for_log_display
BSV - 1e13 W/cm^2,10000000000000.0,33.03919708747381,33.0,4.2108985125518314e-05,1.542815303375917e-05,1.5428153033759169,100000.0,0.01,15.124284290526582,18.613676776582036,22.00238858521466,0.999,tdse_dipole_acceleration,raw_fft_harmonic_order_grid,single_mode_bsv_random_phase_gamma_intensity,shared_fig_iv2_intensity_cases,hhg_intensity_prediction,quantum_light_hhg_bsv_threshold_tdse_dipole_acceleration,shared_normalized_raw_spectrum_for_log_display
BSV - 1e13 W/cm^2,10000000000000.0,33.07919611542475,33.0,1.3362293355742627e-06,4.895760516665814e-07,0.04895760516665813,100000.0,0.01,15.124284290526582,18.613676776582036,22.00238858521466,0.999,tdse_dipole_acceleration,raw_fft_harmonic_order_grid,single_mode_bsv_random_phase_gamma_intensity,shared_fig_iv2_intensity_cases,hhg_intensity_prediction,quantum_light_hhg_bsv_threshold_tdse_dipole_acceleration,shared_normalized_raw_spectrum_for_log_display
BSV - 1e13 W/cm^2,10000000000000.0,33.11919514337568,33.0,4.423720871445705e-07,1.620790488772406e-07,0.01620790488772406,100000.0,0.01,15.124284290526582,18.613676776582036,22.00238858521466,0.999,tdse_dipole_acceleration,raw_fft_harmonic_order_grid,single_mode_bsv_random_phase_gamma_intensity,shared_fig_iv2_intensity_cases,hhg_intensity_prediction,quantum_light_hhg_bsv_threshold_tdse_dipole_acceleration,shared_normalized_raw_spectrum_for_log_display
BSV - 1e13 W/cm^2,10000000000000.0,33.15919417132662,33.0,2.1511712189101508e-07,7.881595499923732e-08,0.01,100000.0,0.01,15.124284290526582,18.613676776582036,22.00238858521466,0.999,tdse_dipole_acceleration,raw_fft_harmonic_order_grid,single_mode_bsv_random_phase_gamma_intensity,shared_fig_iv2_intensity_cases,hhg_intensity_prediction,quantum_light_hhg_bsv_threshold_tdse_dipole_acceleration,shared_normalized_raw_spectrum_for_log_display
BSV - 1e13 W/cm^2,10000000000000.0,33.19919319927755,33.0,7.670240261451055e-08,2.810270544555453e-08,0.01,100000.0,0.01,15.124284290526582,18.613676776582036,22.00238858521466,0.999,tdse_dipole_acceleration,raw_fft_harmonic_order_grid,single_mode_bsv_random_phase_gamma_intensity,shared_fig_iv2_intensity_cases,hhg_intensity_prediction,quantum_light_hhg_bsv_threshold_tdse_dipole_acceleration,shared_normalized_raw_spectrum_for_log_display
BSV - 1e13 W/cm^2,10000000000000.0,33.23919222722849,33.0,3.779849274004104e-07,1.3848847905037464e-07,0.013848847905037464,100000.0,0.01,15.124284290526582,18.613676776582036,22.00238858521466,0.999,tdse_dipole_acceleration,raw_fft_harmonic_order_grid,single_mode_bsv_random_phase_gamma_intensity,shared_fig_iv2_intensity_cases,hhg_intensity_prediction,quantum_light_hhg_bsv_threshold_tdse_dipole_acceleration,shared_normalized_raw_spectrum_for_log_display
BSV - 1e13 W/cm^2,10000000000000.0,33.27919125517943,33.0,8.008856893154486e-08,2.9343350214865457e-08,0.01,100000.0,0.01,15.124284290526582,18.613676776582036,22.00238858521466,0.999,tdse_dipole_acceleration,raw_fft_harmonic_order_grid,single_mode_bsv_random_phase_gamma_intensity,shared_fig_iv2_intensity_cases,hhg_intensity_prediction,quantum_light_hhg_bsv_threshold_tdse_dipole_acceleration,shared_normalized_raw_spectrum_for_log_display
BSV - 1e13 W/cm^2,10000000000000.0,33.31919028313036,33.0,2.015322936797915e-08,7.383866077199948e-09,0.01,100000.0,0.01,15.124284290526582,18.613676776582036,22.00238858521466,0.999,tdse_dipole_acceleration,raw_fft_harmonic_order_grid,single_mode_bsv_random_phase_gamma_intensity,shared_fig_iv2_intensity_cases,hhg_intensity_prediction,quantum_light_hhg_bsv_threshold_tdse_dipole_acceleration,shared_normalized_raw_spectrum_for_log_display
BSV - 1e13 W/cm^2,10000000000000.0,33.3591893110813,33.0,3.617069133211619e-08,1.3252443855992504e-08,0.01,100000.0,0.01,15.124284290526582,18.613676776582036,22.00238858521466,0.999,tdse_dipole_acceleration,raw_fft_harmonic_order_grid,single_mode_bsv_random_phase_gamma_intensity,shared_fig_iv2_intensity_cases,hhg_intensity_prediction,quantum_light_hhg_bsv_threshold_tdse_dipole_acceleration,shared_normalized_raw_spectrum_for_log_display
BSV - 1e13 W/cm^2,10000000000000.0,33.39918833903224,33.0,3.380683165499166e-09,1.23863581799711e-09,0.01,100000.0,0.01,15.124284290526582,18.613676776582036,22.00238858521466,0.999,tdse_dipole_acceleration,raw_fft_harmonic_order_grid,single_mode_bsv_random_phase_gamma_intensity,shared_fig_iv2_intensity_cases,hhg_intensity_prediction,quantum_light_hhg_bsv_threshold_tdse_dipole_acceleration,shared_normalized_raw_spectrum_for_log_display
BSV - 1e13 W/cm^2,10000000000000.0,33.43918736698317,33.0,1.7980600575603534e-08,6.587844767391434e-09,0.01,100000.0,0.01,15.124284290526582,18.613676776582036,22.00238858521466,0.999,tdse_dipole_acceleration,raw_fft_harmonic_order_grid,single_mode_bsv_random_phase_gamma_intensity,shared_fig_iv2_intensity_cases,hhg_intensity_prediction,quantum_light_hhg_bsv_threshold_tdse_dipole_acceleration,shared_normalized_raw_spectrum_for_log_display
BSV - 1e13 W/cm^2,10000000000000.0,33.47918639493411,33.0,9.268152791498297e-09,3.395723719801663e-09,0.01,100000.0,0.01,15.124284290526582,18.613676776582036,22.00238858521466,0.999,tdse_dipole_acceleration,raw_fft_harmonic_order_grid,single_mode_bsv_random_phase_gamma_intensity,shared_fig_iv2_intensity_cases,hhg_intensity_prediction,quantum_light_hhg_bsv_threshold_tdse_dipole_acceleration,shared_normalized_raw_spectrum_for_log_display
BSV - 1e13 W/cm^2,10000000000000.0,33.519185422885045,33.0,9.980376419076457e-09,3.656672661880915e-09,0.01,100000.0,0.01,15.124284290526582,18.613676776582036,22.00238858521466,0.999,tdse_dipole_acceleration,raw_fft_harmonic_order_grid,single_mode_bsv_random_phase_gamma_intensity,shared_fig_iv2_intensity_cases,hhg_intensity_prediction,quantum_light_hhg_bsv_threshold_tdse_dipole_acceleration,shared_normalized_raw_spectrum_for_log_display
BSV - 1e13 W/cm^2,10000000000000.0,33.559184450835986,33.0,9.521559344124564e-09,3.488568395635614e-09,0.01,100000.0,0.01,15.124284290526582,18.613676776582036,22.00238858521466,0.999,tdse_dipole_acceleration,raw_fft_harmonic_order_grid,single_mode_bsv_random_phase_gamma_intensity,shared_fig_iv2_intensity_cases,hhg_intensity_prediction,quantum_light_hhg_bsv_threshold_tdse_dipole_acceleration,shared_normalized_raw_spectrum_for_log_display
BSV - 1e13 W/cm^2,10000000000000.0,33.59918347878693,33.0,1.6376246591228668e-09,6.00003153186758e-10,0.01,100000.0,0.01,15.124284290526582,18.613676776582036,22.00238858521466,0.999,tdse_dipole_acceleration,raw_fft_harmonic_order_grid,single_mode_bsv_random_phase_gamma_intensity,shared_fig_iv2_intensity_cases,hhg_intensity_prediction,quantum_light_hhg_bsv_threshold_tdse_dipole_acceleration,shared_normalized_raw_spectrum_for_log_display
BSV - 1e13 W/cm^2,10000000000000.0,33.63918250673786,33.0,1.1420664511402545e-08,4.184374410922639e-09,0.01,100000.0,0.01,15.124284290526582,18.613676776582036,22.00238858521466,0.999,tdse_dipole_acceleration,raw_fft_harmonic_order_grid,single_mode_bsv_random_phase_gamma_intensity,shared_fig_iv2_intensity_cases,hhg_intensity_prediction,quantum_light_hhg_bsv_threshold_tdse_dipole_acceleration,shared_normalized_raw_spectrum_for_log_display
BSV - 1e13 W/cm^2,10000000000000.0,33.6791815346888,33.0,3.4240567610627003e-09,1.2545273069034302e-09,0.01,100000.0,0.01,15.124284290526582,18.613676776582036,22.00238858521466,0.999,tdse_dipole_acceleration,raw_fft_harmonic_order_grid,single_mode_bsv_random_phase_gamma_intensity,shared_fig_iv2_intensity_cases,hhg_intensity_prediction,quantum_light_hhg_bsv_threshold_tdse_dipole_acceleration,shared_normalized_raw_spectrum_for_log_display
BSV - 1e13 W/cm^2,10000000000000.0,33.719180562639735,33.0,2.4109703858651916e-09,8.833463918000735e-10,0.01,100000.0,0.01,15.124284290526582,18.613676776582036,22.00238858521466,0.999,tdse_dipole_acceleration,raw_fft_harmonic_order_grid,single_mode_bsv_random_phase_gamma_intensity,shared_fig_iv2_intensity_cases,hhg_intensity_prediction,quantum_light_hhg_bsv_threshold_tdse_dipole_acceleration,shared_normalized_raw_spectrum_for_log_display
BSV - 1e13 W/cm^2,10000000000000.0,33.75917959059067,33.0,1.0150991814294197e-08,3.7191837962501785e-09,0.01,100000.0,0.01,15.124284290526582,18.613676776582036,22.00238858521466,0.999,tdse_dipole_acceleration,raw_fft_harmonic_order_grid,single_mode_bsv_random_phase_gamma_intensity,shared_fig_iv2_intensity_cases,hhg_intensity_prediction,quantum_light_hhg_bsv_threshold_tdse_dipole_acceleration,shared_normalized_raw_spectrum_for_log_display
BSV - 1e13 W/cm^2,10000000000000.0,33.7991786185416,33.0,2.497915546499157e-09,9.152019029174073e-10,0.01,100000.0,0.01,15.124284290526582,18.613676776582036,22.00238858521466,0.999,tdse_dipole_acceleration,raw_fft_harmonic_order_grid,single_mode_bsv_random_phase_gamma_intensity,shared_fig_iv2_intensity_cases,hhg_intensity_prediction,quantum_light_hhg_bsv_threshold_tdse_dipole_acceleration,shared_normalized_raw_spectrum_for_log_display
BSV - 1e13 W/cm^2,10000000000000.0,33.839177646492544,33.0,4.482539783975907e-09,1.642340929399039e-09,0.01,100000.0,0.01,15.124284290526582,18.613676776582036,22.00238858521466,0.999,tdse_dipole_acceleration,raw_fft_harmonic_order_grid,single_mode_bsv_random_phase_gamma_intensity,shared_fig_iv2_intensity_cases,hhg_intensity_prediction,quantum_light_hhg_bsv_threshold_tdse_dipole_acceleration,shared_normalized_raw_spectrum_for_log_display
BSV - 1e13 W/cm^2,10000000000000.0,33.87917667444348,33.0,1.9742092040386185e-09,7.233231014657178e-10,0.01,100000.0,0.01,15.124284290526582,18.613676776582036,22.00238858521466,0.999,tdse_dipole_acceleration,raw_fft_harmonic_order_grid,single_mode_bsv_random_phase_gamma_intensity,shared_fig_iv2_intensity_cases,hhg_intensity_prediction,quantum_light_hhg_bsv_threshold_tdse_dipole_acceleration,shared_normalized_raw_spectrum_for_log_display
BSV - 1e13 W/cm^2,10000000000000.0,33.91917570239441,33.0,3.118881600299841e-10,1.1427153250112758e-10,0.01,100000.0,0.01,15.124284290526582,18.613676776582036,22.00238858521466,0.999,tdse_dipole_acceleration,raw_fft_harmonic_order_grid,single_mode_bsv_random_phase_gamma_intensity,shared_fig_iv2_intensity_cases,hhg_intensity_prediction,quantum_light_hhg_bsv_threshold_tdse_dipole_acceleration,shared_normalized_raw_spectrum_for_log_display
BSV - 1e13 W/cm^2,10000000000000.0,33.95917473034535,33.0,9.714614070520859e-09,3.559300992345183e-09,0.01,100000.0,0.01,15.124284290526582,18.613676776582036,22.00238858521466,0.999,tdse_dipole_acceleration,raw_fft_harmonic_order_grid,single_mode_bsv_random_phase_gamma_intensity,shared_fig_iv2_intensity_cases,hhg_intensity_prediction,quantum_light_hhg_bsv_threshold_tdse_dipole_acceleration,shared_normalized_raw_spectrum_for_log_display
BSV - 1e13 W/cm^2,10000000000000.0,33.999173758296294,33.0,5.749921272052581e-09,2.1066920765928216e-09,0.01,100000.0,0.01,15.124284290526582,18.613676776582036,22.00238858521466,0.999,tdse_dipole_acceleration,raw_fft_harmonic_order_grid,single_mode_bsv_random_phase_gamma_intensity,shared_fig_iv2_intensity_cases,hhg_intensity_prediction,quantum_light_hhg_bsv_threshold_tdse_dipole_acceleration,shared_normalized_raw_spectrum_for_log_display
BSV - 1e13 W/cm^2,10000000000000.0,34.03917278624722,35.0,1.78605213116476e-08,6.543849376503454e-09,0.01,100000.0,0.01,15.124284290526582,18.613676776582036,22.00238858521466,0.999,tdse_dipole_acceleration,raw_fft_harmonic_order_grid,single_mode_bsv_random_phase_gamma_intensity,shared_fig_iv2_intensity_cases,hhg_intensity_prediction,quantum_light_hhg_bsv_threshold_tdse_dipole_acceleration,shared_normalized_raw_spectrum_for_log_display
BSV - 1e13 W/cm^2,10000000000000.0,34.07917181419816,35.0,1.1052645458007814e-09,4.049537291049325e-10,0.01,100000.0,0.01,15.124284290526582,18.613676776582036,22.00238858521466,0.999,tdse_dipole_acceleration,raw_fft_harmonic_order_grid,single_mode_bsv_random_phase_gamma_intensity,shared_fig_iv2_intensity_cases,hhg_intensity_prediction,quantum_light_hhg_bsv_threshold_tdse_dipole_acceleration,shared_normalized_raw_spectrum_for_log_display
BSV - 1e13 W/cm^2,10000000000000.0,34.1191708421491,35.0,2.428041002646833e-09,8.896008310201776e-10,0.01,100000.0,0.01,15.124284290526582,18.613676776582036,22.00238858521466,0.999,tdse_dipole_acceleration,raw_fft_harmonic_order_grid,single_mode_bsv_random_phase_gamma_intensity,shared_fig_iv2_intensity_cases,hhg_intensity_prediction,quantum_light_hhg_bsv_threshold_tdse_dipole_acceleration,shared_normalized_raw_spectrum_for_log_display
BSV - 1e13 W/cm^2,10000000000000.0,34.15916987010004,35.0,3.508596546937501e-09,1.2855015217896314e-09,0.01,100000.0,0.01,15.124284290526582,18.613676776582036,22.00238858521466,0.999,tdse_dipole_acceleration,raw_fft_harmonic_order_grid,single_mode_bsv_random_phase_gamma_intensity,shared_fig_iv2_intensity_cases,hhg_intensity_prediction,quantum_light_hhg_bsv_threshold_tdse_dipole_acceleration,shared_normalized_raw_spectrum_for_log_display
BSV - 1e13 W/cm^2,10000000000000.0,34.19916889805098,35.0,4.136107119075188e-09,1.5154127653967603e-09,0.01,100000.0,0.01,15.124284290526582,18.613676776582036,22.00238858521466,0.999,tdse_dipole_acceleration,raw_fft_harmonic_order_grid,single_mode_bsv_random_phase_gamma_intensity,shared_fig_iv2_intensity_cases,hhg_intensity_prediction,quantum_light_hhg_bsv_threshold_tdse_dipole_acceleration,shared_normalized_raw_spectrum_for_log_display
BSV - 1e13 W/cm^2,10000000000000.0,34.23916792600191,35.0,4.339512855252247e-09,1.5899378297346885e-09,0.01,100000.0,0.01,15.124284290526582,18.613676776582036,22.00238858521466,0.999,tdse_dipole_acceleration,raw_fft_harmonic_order_grid,single_mode_bsv_random_phase_gamma_intensity,shared_fig_iv2_intensity_cases,hhg_intensity_prediction,quantum_light_hhg_bsv_threshold_tdse_dipole_acceleration,shared_normalized_raw_spectrum_for_log_display
BSV - 1e13 W/cm^2,10000000000000.0,34.27916695395285,35.0,6.573723908219633e-09,2.4085220328958365e-09,0.01,100000.0,0.01,15.124284290526582,18.613676776582036,22.00238858521466,0.999,tdse_dipole_acceleration,raw_fft_harmonic_order_grid,single_mode_bsv_random_phase_gamma_intensity,shared_fig_iv2_intensity_cases,hhg_intensity_prediction,quantum_light_hhg_bsv_threshold_tdse_dipole_acceleration,shared_normalized_raw_spectrum_for_log_display
BSV - 1e13 W/cm^2,10000000000000.0,34.31916598190379,35.0,1.4893916687739912e-08,5.456926241408256e-09,0.01,100000.0,0.01,15.124284290526582,18.613676776582036,22.00238858521466,0.999,tdse_dipole_acceleration,raw_fft_harmonic_order_grid,single_mode_bsv_random_phase_gamma_intensity,shared_fig_iv2_intensity_cases,hhg_intensity_prediction,quantum_light_hhg_bsv_threshold_tdse_dipole_acceleration,shared_normalized_raw_spectrum_for_log_display
BSV - 1e13 W/cm^2,10000000000000.0,34.35916500985472,35.0,1.0750892898911288e-08,3.938979303337377e-09,0.01,100000.0,0.01,15.124284290526582,18.613676776582036,22.00238858521466,0.999,tdse_dipole_acceleration,raw_fft_harmonic_order_grid,single_mode_bsv_random_phase_gamma_intensity,shared_fig_iv2_intensity_cases,hhg_intensity_prediction,quantum_light_hhg_bsv_threshold_tdse_dipole_acceleration,shared_normalized_raw_spectrum_for_log_display
BSV - 1e13 W/cm^2,10000000000000.0,34.399164037805654,35.0,6.9561678444060655e-09,2.548644231441577e-09,0.01,100000.0,0.01,15.124284290526582,18.613676776582036,22.00238858521466,0.999,tdse_dipole_acceleration,raw_fft_harmonic_order_grid,single_mode_bsv_random_phase_gamma_intensity,shared_fig_iv2_intensity_cases,hhg_intensity_prediction,quantum_light_hhg_bsv_threshold_tdse_dipole_acceleration,shared_normalized_raw_spectrum_for_log_display
BSV - 1e13 W/cm^2,10000000000000.0,34.439163065756595,35.0,9.070385946147794e-09,3.323264667512077e-09,0.01,100000.0,0.01,15.124284290526582,18.613676776582036,22.00238858521466,0.999,tdse_dipole_acceleration,raw_fft_harmonic_order_grid,single_mode_bsv_random_phase_gamma_intensity,shared_fig_iv2_intensity_cases,hhg_intensity_prediction,quantum_light_hhg_bsv_threshold_tdse_dipole_acceleration,shared_normalized_raw_spectrum_for_log_display
BSV - 1e13 W/cm^2,10000000000000.0,34.47916209370753,35.0,2.1105767150836163e-09,7.732862820782113e-10,0.01,100000.0,0.01,15.124284290526582,18.613676776582036,22.00238858521466,0.999,tdse_dipole_acceleration,raw_fft_harmonic_order_grid,single_mode_bsv_random_phase_gamma_intensity,shared_fig_iv2_intensity_cases,hhg_intensity_prediction,quantum_light_hhg_bsv_threshold_tdse_dipole_acceleration,shared_normalized_raw_spectrum_for_log_display
BSV - 1e13 W/cm^2,10000000000000.0,34.51916112165847,35.0,1.6814100178613235e-09,6.160455064574756e-10,0.01,100000.0,0.01,15.124284290526582,18.613676776582036,22.00238858521466,0.999,tdse_dipole_acceleration,raw_fft_harmonic_order_grid,single_mode_bsv_random_phase_gamma_intensity,shared_fig_iv2_intensity_cases,hhg_intensity_prediction,quantum_light_hhg_bsv_threshold_tdse_dipole_acceleration,shared_normalized_raw_spectrum_for_log_display
BSV - 1e13 W/cm^2,10000000000000.0,34.559160149609404,35.0,1.1337760974829854e-08,4.1539996952777295e-09,0.01,100000.0,0.01,15.124284290526582,18.613676776582036,22.00238858521466,0.999,tdse_dipole_acceleration,raw_fft_harmonic_order_grid,single_mode_bsv_random_phase_gamma_intensity,shared_fig_iv2_intensity_cases,hhg_intensity_prediction,quantum_light_hhg_bsv_threshold_tdse_dipole_acceleration,shared_normalized_raw_spectrum_for_log_display
BSV - 1e13 W/cm^2,10000000000000.0,34.599159177560345,35.0,2.8639622283210574e-09,1.0493163729720573e-09,0.01,100000.0,0.01,15.124284290526582,18.613676776582036,22.00238858521466,0.999,tdse_dipole_acceleration,raw_fft_harmonic_order_grid,single_mode_bsv_random_phase_gamma_intensity,shared_fig_iv2_intensity_cases,hhg_intensity_prediction,quantum_light_hhg_bsv_threshold_tdse_dipole_acceleration,shared_normalized_raw_spectrum_for_log_display
BSV - 1e13 W/cm^2,10000000000000.0,34.639158205511286,35.0,6.479502693864256e-09,2.374000675761051e-09,0.01,100000.0,0.01,15.124284290526582,18.613676776582036,22.00238858521466,0.999,tdse_dipole_acceleration,raw_fft_harmonic_order_grid,single_mode_bsv_random_phase_gamma_intensity,shared_fig_iv2_intensity_cases,hhg_intensity_prediction,quantum_light_hhg_bsv_threshold_tdse_dipole_acceleration,shared_normalized_raw_spectrum_for_log_display
BSV - 1e13 W/cm^2,10000000000000.0,34.67915723346221,35.0,9.82607974957581e-09,3.6001404841863086e-09,0.01,100000.0,0.01,15.124284290526582,18.613676776582036,22.00238858521466,0.999,tdse_dipole_acceleration,raw_fft_harmonic_order_grid,single_mode_bsv_random_phase_gamma_intensity,shared_fig_iv2_intensity_cases,hhg_intensity_prediction,quantum_light_hhg_bsv_threshold_tdse_dipole_acceleration,shared_normalized_raw_spectrum_for_log_display
BSV - 1e13 W/cm^2,10000000000000.0,34.719156261413154,35.0,2.537485228195538e-09,9.296996900972495e-10,0.01,100000.0,0.01,15.124284290526582,18.613676776582036,22.00238858521466,0.999,tdse_dipole_acceleration,raw_fft_harmonic_order_grid,single_mode_bsv_random_phase_gamma_intensity,shared_fig_iv2_intensity_cases,hhg_intensity_prediction,quantum_light_hhg_bsv_threshold_tdse_dipole_acceleration,shared_normalized_raw_spectrum_for_log_display
BSV - 1e13 W/cm^2,10000000000000.0,34.75915528936409,35.0,1.728957607322418e-08,6.334662893237806e-09,0.01,100000.0,0.01,15.124284290526582,18.613676776582036,22.00238858521466,0.999,tdse_dipole_acceleration,raw_fft_harmonic_order_grid,single_mode_bsv_random_phase_gamma_intensity,shared_fig_iv2_intensity_cases,hhg_intensity_prediction,quantum_light_hhg_bsv_threshold_tdse_dipole_acceleration,shared_normalized_raw_spectrum_for_log_display
BSV - 1e13 W/cm^2,10000000000000.0,34.79915431731503,35.0,1.6196122716237386e-08,5.934036621277462e-09,0.01,100000.0,0.01,15.124284290526582,18.613676776582036,22.00238858521466,0.999,tdse_dipole_acceleration,raw_fft_harmonic_order_grid,single_mode_bsv_random_phase_gamma_intensity,shared_fig_iv2_intensity_cases,hhg_intensity_prediction,quantum_light_hhg_bsv_threshold_tdse_dipole_acceleration,shared_normalized_raw_spectrum_for_log_display
BSV - 1e13 W/cm^2,10000000000000.0,34.83915334526596,35.0,2.3071889305047707e-08,8.453222938410727e-09,0.01,100000.0,0.01,15.124284290526582,18.613676776582036,22.00238858521466,0.999,tdse_dipole_acceleration,raw_fft_harmonic_order_grid,single_mode_bsv_random_phase_gamma_intensity,shared_fig_iv2_intensity_cases,hhg_intensity_prediction,quantum_light_hhg_bsv_threshold_tdse_dipole_acceleration,shared_normalized_raw_spectrum_for_log_display
BSV - 1e13 W/cm^2,10000000000000.0,34.8791523732169,35.0,1.2849012014707133e-07,4.7077012923633554e-08,0.01,100000.0,0.01,15.124284290526582,18.613676776582036,22.00238858521466,0.999,tdse_dipole_acceleration,raw_fft_harmonic_order_grid,single_mode_bsv_random_phase_gamma_intensity,shared_fig_iv2_intensity_cases,hhg_intensity_prediction,quantum_light_hhg_bsv_threshold_tdse_dipole_acceleration,shared_normalized_raw_spectrum_for_log_display
BSV - 1e13 W/cm^2,10000000000000.0,34.91915140116784,35.0,1.566895087263849e-08,5.7408881078690046e-09,0.01,100000.0,0.01,15.124284290526582,18.613676776582036,22.00238858521466,0.999,tdse_dipole_acceleration,raw_fft_harmonic_order_grid,single_mode_bsv_random_phase_gamma_intensity,shared_fig_iv2_intensity_cases,hhg_intensity_prediction,quantum_light_hhg_bsv_threshold_tdse_dipole_acceleration,shared_normalized_raw_spectrum_for_log_display
BSV - 1e13 W/cm^2,10000000000000.0,34.95915042911877,35.0,3.685792166989238e-06,1.3504235600415899e-06,0.13504235600415898,100000.0,0.01,15.124284290526582,18.613676776582036,22.00238858521466,0.999,tdse_dipole_acceleration,raw_fft_harmonic_order_grid,single_mode_bsv_random_phase_gamma_intensity,shared_fig_iv2_intensity_cases,hhg_intensity_prediction,quantum_light_hhg_bsv_threshold_tdse_dipole_acceleration,shared_normalized_raw_spectrum_for_log_display
BSV - 1e13 W/cm^2,10000000000000.0,34.999149457069706,35.0,1.0086124180126763e-05,3.695417187202491e-06,0.3695417187202491,100000.0,0.01,15.124284290526582,18.613676776582036,22.00238858521466,0.999,tdse_dipole_acceleration,raw_fft_harmonic_order_grid,single_mode_bsv_random_phase_gamma_intensity,shared_fig_iv2_intensity_cases,hhg_intensity_prediction,quantum_light_hhg_bsv_threshold_tdse_dipole_acceleration,shared_normalized_raw_spectrum_for_log_display
BSV - 1e13 W/cm^2,10000000000000.0,35.03914848502065,35.0,4.564693277844951e-06,1.672440839712515e-06,0.1672440839712515,100000.0,0.01,15.124284290526582,18.613676776582036,22.00238858521466,0.999,tdse_dipole_acceleration,raw_fft_harmonic_order_grid,single_mode_bsv_random_phase_gamma_intensity,shared_fig_iv2_intensity_cases,hhg_intensity_prediction,quantum_light_hhg_bsv_threshold_tdse_dipole_acceleration,shared_normalized_raw_spectrum_for_log_display
BSV - 1e13 W/cm^2,10000000000000.0,35.07914751297158,35.0,1.1864336617280087e-07,4.3469297687847494e-08,0.01,100000.0,0.01,15.124284290526582,18.613676776582036,22.00238858521466,0.999,tdse_dipole_acceleration,raw_fft_harmonic_order_grid,single_mode_bsv_random_phase_gamma_intensity,shared_fig_iv2_intensity_cases,hhg_intensity_prediction,quantum_light_hhg_bsv_threshold_tdse_dipole_acceleration,shared_normalized_raw_spectrum_for_log_display
BSV - 1e13 W/cm^2,10000000000000.0,35.11914654092252,35.0,3.270201298234741e-08,1.1981567812658716e-08,0.01,100000.0,0.01,15.124284290526582,18.613676776582036,22.00238858521466,0.999,tdse_dipole_acceleration,raw_fft_harmonic_order_grid,single_mode_bsv_random_phase_gamma_intensity,shared_fig_iv2_intensity_cases,hhg_intensity_prediction,quantum_light_hhg_bsv_threshold_tdse_dipole_acceleration,shared_normalized_raw_spectrum_for_log_display
BSV - 1e13 W/cm^2,10000000000000.0,35.15914556887346,35.0,1.171841436794554e-08,4.29346586346732e-09,0.01,100000.0,0.01,15.124284290526582,18.613676776582036,22.00238858521466,0.999,tdse_dipole_acceleration,raw_fft_harmonic_order_grid,single_mode_bsv_random_phase_gamma_intensity,shared_fig_iv2_intensity_cases,hhg_intensity_prediction,quantum_light_hhg_bsv_threshold_tdse_dipole_acceleration,shared_normalized_raw_spectrum_for_log_display
BSV - 1e13 W/cm^2,10000000000000.0,35.1991445968244,35.0,3.5238734389227285e-09,1.2910987649130586e-09,0.01,100000.0,0.01,15.124284290526582,18.613676776582036,22.00238858521466,0.999,tdse_dipole_acceleration,raw_fft_harmonic_order_grid,single_mode_bsv_random_phase_gamma_intensity,shared_fig_iv2_intensity_cases,hhg_intensity_prediction,quantum_light_hhg_bsv_threshold_tdse_dipole_acceleration,shared_normalized_raw_spectrum_for_log_display
BSV - 1e13 W/cm^2,10000000000000.0,35.23914362477533,35.0,1.711027590075596e-08,6.268969775923926e-09,0.01,100000.0,0.01,15.124284290526582,18.613676776582036,22.00238858521466,0.999,tdse_dipole_acceleration,raw_fft_harmonic_order_grid,single_mode_bsv_random_phase_gamma_intensity,shared_fig_iv2_intensity_cases,hhg_intensity_prediction,quantum_light_hhg_bsv_threshold_tdse_dipole_acceleration,shared_normalized_raw_spectrum_for_log_display
BSV - 1e13 W/cm^2,10000000000000.0,35.279142652726264,35.0,1.5914126055833976e-09,5.830716923147851e-10,0.01,100000.0,0.01,15.124284290526582,18.613676776582036,22.00238858521466,0.999,tdse_dipole_acceleration,raw_fft_harmonic_order_grid,single_mode_bsv_random_phase_gamma_intensity,shared_fig_iv2_intensity_cases,hhg_intensity_prediction,quantum_light_hhg_bsv_threshold_tdse_dipole_acceleration,shared_normalized_raw_spectrum_for_log_display
BSV - 1e13 W/cm^2,10000000000000.0,35.319141680677205,35.0,1.6805584570581125e-09,6.1573350629052e-10,0.01,100000.0,0.01,15.124284290526582,18.613676776582036,22.00238858521466,0.999,tdse_dipole_acceleration,raw_fft_harmonic_order_grid,single_mode_bsv_random_phase_gamma_intensity,shared_fig_iv2_intensity_cases,hhg_intensity_prediction,quantum_light_hhg_bsv_threshold_tdse_dipole_acceleration,shared_normalized_raw_spectrum_for_log_display
BSV - 1e13 W/cm^2,10000000000000.0,35.35914070862814,35.0,3.792584253087349e-09,1.3895507116982937e-09,0.01,100000.0,0.01,15.124284290526582,18.613676776582036,22.00238858521466,0.999,tdse_dipole_acceleration,raw_fft_harmonic_order_grid,single_mode_bsv_random_phase_gamma_intensity,shared_fig_iv2_intensity_cases,hhg_intensity_prediction,quantum_light_hhg_bsv_threshold_tdse_dipole_acceleration,shared_normalized_raw_spectrum_for_log_display
BSV - 1e13 W/cm^2,10000000000000.0,35.39913973657907,35.0,5.894969491870872e-10,2.159835749515843e-10,0.01,100000.0,0.01,15.124284290526582,18.613676776582036,22.00238858521466,0.999,tdse_dipole_acceleration,raw_fft_harmonic_order_grid,single_mode_bsv_random_phase_gamma_intensity,shared_fig_iv2_intensity_cases,hhg_intensity_prediction,quantum_light_hhg_bsv_threshold_tdse_dipole_acceleration,shared_normalized_raw_spectrum_for_log_display
BSV - 1e13 W/cm^2,10000000000000.0,35.43913876453002,35.0,1.3472426580292836e-09,4.936111815501375e-10,0.01,100000.0,0.01,15.124284290526582,18.613676776582036,22.00238858521466,0.999,tdse_dipole_acceleration,raw_fft_harmonic_order_grid,single_mode_bsv_random_phase_gamma_intensity,shared_fig_iv2_intensity_cases,hhg_intensity_prediction,quantum_light_hhg_bsv_threshold_tdse_dipole_acceleration,shared_normalized_raw_spectrum_for_log_display
BSV - 1e13 W/cm^2,10000000000000.0,35.479137792480955,35.0,6.882207402395988e-10,2.521546142651865e-10,0.01,100000.0,0.01,15.124284290526582,18.613676776582036,22.00238858521466,0.999,tdse_dipole_acceleration,raw_fft_harmonic_order_grid,single_mode_bsv_random_phase_gamma_intensity,shared_fig_iv2_intensity_cases,hhg_intensity_prediction,quantum_light_hhg_bsv_threshold_tdse_dipole_acceleration,shared_normalized_raw_spectrum_for_log_display
BSV - 1e13 W/cm^2,10000000000000.0,35.51913682043189,35.0,1.126185263899103e-09,4.126187924978149e-10,0.01,100000.0,0.01,15.124284290526582,18.613676776582036,22.00238858521466,0.999,tdse_dipole_acceleration,raw_fft_harmonic_order_grid,single_mode_bsv_random_phase_gamma_intensity,shared_fig_iv2_intensity_cases,hhg_intensity_prediction,quantum_light_hhg_bsv_threshold_tdse_dipole_acceleration,shared_normalized_raw_spectrum_for_log_display
BSV - 1e13 W/cm^2,10000000000000.0,35.55913584838283,35.0,9.317520952497475e-10,3.4138115350415754e-10,0.01,100000.0,0.01,15.124284290526582,18.613676776582036,22.00238858521466,0.999,tdse_dipole_acceleration,raw_fft_harmonic_order_grid,single_mode_bsv_random_phase_gamma_intensity,shared_fig_iv2_intensity_cases,hhg_intensity_prediction,quantum_light_hhg_bsv_threshold_tdse_dipole_acceleration,shared_normalized_raw_spectrum_for_log_display
BSV - 1e13 W/cm^2,10000000000000.0,35.599134876333764,35.0,1.7847007853110947e-10,6.538898231143446e-11,0.01,100000.0,0.01,15.124284290526582,18.613676776582036,22.00238858521466,0.999,tdse_dipole_acceleration,raw_fft_harmonic_order_grid,single_mode_bsv_random_phase_gamma_intensity,shared_fig_iv2_intensity_cases,hhg_intensity_prediction,quantum_light_hhg_bsv_threshold_tdse_dipole_acceleration,shared_normalized_raw_spectrum_for_log_display
BSV - 1e13 W/cm^2,10000000000000.0,35.6391339042847,35.0,1.5892588457486994e-09,5.822825843315688e-10,0.01,100000.0,0.01,15.124284290526582,18.613676776582036,22.00238858521466,0.999,tdse_dipole_acceleration,raw_fft_harmonic_order_grid,single_mode_bsv_random_phase_gamma_intensity,shared_fig_iv2_intensity_cases,hhg_intensity_prediction,quantum_light_hhg_bsv_threshold_tdse_dipole_acceleration,shared_normalized_raw_spectrum_for_log_display
BSV - 1e13 W/cm^2,10000000000000.0,35.67913293223564,35.0,4.275486252105315e-10,1.566479362886386e-10,0.01,100000.0,0.01,15.124284290526582,18.613676776582036,22.00238858521466,0.999,tdse_dipole_acceleration,raw_fft_harmonic_order_grid,single_mode_bsv_random_phase_gamma_intensity,shared_fig_iv2_intensity_cases,hhg_intensity_prediction,quantum_light_hhg_bsv_threshold_tdse_dipole_acceleration,shared_normalized_raw_spectrum_for_log_display
BSV - 1e13 W/cm^2,10000000000000.0,35.71913196018657,35.0,2.5403928631576663e-10,9.307650075592664e-11,0.01,100000.0,0.01,15.124284290526582,18.613676776582036,22.00238858521466,0.999,tdse_dipole_acceleration,raw_fft_harmonic_order_grid,single_mode_bsv_random_phase_gamma_intensity,shared_fig_iv2_intensity_cases,hhg_intensity_prediction,quantum_light_hhg_bsv_threshold_tdse_dipole_acceleration,shared_normalized_raw_spectrum_for_log_display
BSV - 1e13 W/cm^2,10000000000000.0,35.75913098813751,35.0,1.4022302653721538e-09,5.137578846472859e-10,0.01,100000.0,0.01,15.124284290526582,18.613676776582036,22.00238858521466,0.999,tdse_dipole_acceleration,raw_fft_harmonic_order_grid,single_mode_bsv_random_phase_gamma_intensity,shared_fig_iv2_intensity_cases,hhg_intensity_prediction,quantum_light_hhg_bsv_threshold_tdse_dipole_acceleration,shared_normalized_raw_spectrum_for_log_display
BSV - 1e13 W/cm^2,10000000000000.0,35.799130016088455,35.0,5.775476492511165e-10,2.116055157913144e-10,0.01,100000.0,0.01,15.124284290526582,18.613676776582036,22.00238858521466,0.999,tdse_dipole_acceleration,raw_fft_harmonic_order_grid,single_mode_bsv_random_phase_gamma_intensity,shared_fig_iv2_intensity_cases,hhg_intensity_prediction,quantum_light_hhg_bsv_threshold_tdse_dipole_acceleration,shared_normalized_raw_spectrum_for_log_display
BSV - 1e13 W/cm^2,10000000000000.0,35.83912904403939,35.0,8.419117037103093e-10,3.08464869600575e-10,0.01,100000.0,0.01,15.124284290526582,18.613676776582036,22.00238858521466,0.999,tdse_dipole_acceleration,raw_fft_harmonic_order_grid,single_mode_bsv_random_phase_gamma_intensity,shared_fig_iv2_intensity_cases,hhg_intensity_prediction,quantum_light_hhg_bsv_threshold_tdse_dipole_acceleration,shared_normalized_raw_spectrum_for_log_display
BSV - 1e13 W/cm^2,10000000000000.0,35.879128071990316,35.0,1.0729039849845799e-09,3.9309726467002807e-10,0.01,100000.0,0.01,15.124284290526582,18.613676776582036,22.00238858521466,0.999,tdse_dipole_acceleration,raw_fft_harmonic_order_grid,single_mode_bsv_random_phase_gamma_intensity,shared_fig_iv2_intensity_cases,hhg_intensity_prediction,quantum_light_hhg_bsv_threshold_tdse_dipole_acceleration,shared_normalized_raw_spectrum_for_log_display
BSV - 1e13 W/cm^2,10000000000000.0,35.91912709994125,35.0,7.712171799740845e-11,2.8256336835089912e-11,0.01,100000.0,0.01,15.124284290526582,18.613676776582036,22.00238858521466,0.999,tdse_dipole_acceleration,raw_fft_harmonic_order_grid,single_mode_bsv_random_phase_gamma_intensity,shared_fig_iv2_intensity_cases,hhg_intensity_prediction,quantum_light_hhg_bsv_threshold_tdse_dipole_acceleration,shared_normalized_raw_spectrum_for_log_display
BSV - 1e13 W/cm^2,10000000000000.0,35.9591261278922,35.0,1.2247685751513534e-09,4.4873836194459127e-10,0.01,100000.0,0.01,15.124284290526582,18.613676776582036,22.00238858521466,0.999,tdse_dipole_acceleration,raw_fft_harmonic_order_grid,single_mode_bsv_random_phase_gamma_intensity,shared_fig_iv2_intensity_cases,hhg_intensity_prediction,quantum_light_hhg_bsv_threshold_tdse_dipole_acceleration,shared_normalized_raw_spectrum_for_log_display
BSV - 1e13 W/cm^2,10000000000000.0,35.99912515584313,35.0,8.717829946809769e-10,3.1940929979849314e-10,0.01,100000.0,0.01,15.124284290526582,18.613676776582036,22.00238858521466,0.999,tdse_dipole_acceleration,raw_fft_harmonic_order_grid,single_mode_bsv_random_phase_gamma_intensity,shared_fig_iv2_intensity_cases,hhg_intensity_prediction,quantum_light_hhg_bsv_threshold_tdse_dipole_acceleration,shared_normalized_raw_spectrum_for_log_display
BSV - 1e13 W/cm^2,10000000000000.0,36.039124183794065,37.0,1.4891546440821214e-09,5.456057815534765e-10,0.01,100000.0,0.01,15.124284290526582,18.613676776582036,22.00238858521466,0.999,tdse_dipole_acceleration,raw_fft_harmonic_order_grid,single_mode_bsv_random_phase_gamma_intensity,shared_fig_iv2_intensity_cases,hhg_intensity_prediction,quantum_light_hhg_bsv_threshold_tdse_dipole_acceleration,shared_normalized_raw_spectrum_for_log_display
BSV - 1e13 W/cm^2,10000000000000.0,36.07912321174501,37.0,5.670118643276373e-10,2.0774534909183951e-10,0.01,100000.0,0.01,15.124284290526582,18.613676776582036,22.00238858521466,0.999,tdse_dipole_acceleration,raw_fft_harmonic_order_grid,single_mode_bsv_random_phase_gamma_intensity,shared_fig_iv2_intensity_cases,hhg_intensity_prediction,quantum_light_hhg_bsv_threshold_tdse_dipole_acceleration,shared_normalized_raw_spectrum_for_log_display
BSV - 1e13 W/cm^2,10000000000000.0,36.11912223969594,37.0,6.141160404705353e-10,2.2500367141652965e-10,0.01,100000.0,0.01,15.124284290526582,18.613676776582036,22.00238858521466,0.999,tdse_dipole_acceleration,raw_fft_harmonic_order_grid,single_mode_bsv_random_phase_gamma_intensity,shared_fig_iv2_intensity_cases,hhg_intensity_prediction,quantum_light_hhg_bsv_threshold_tdse_dipole_acceleration,shared_normalized_raw_spectrum_for_log_display
BSV - 1e13 W/cm^2,10000000000000.0,36.15912126764688,37.0,3.8264719863927957e-10,1.4019667111303678e-10,0.01,100000.0,0.01,15.124284290526582,18.613676776582036,22.00238858521466,0.999,tdse_dipole_acceleration,raw_fft_harmonic_order_grid,single_mode_bsv_random_phase_gamma_intensity,shared_fig_iv2_intensity_cases,hhg_intensity_prediction,quantum_light_hhg_bsv_threshold_tdse_dipole_acceleration,shared_normalized_raw_spectrum_for_log_display
BSV - 1e13 W/cm^2,10000000000000.0,36.199120295597815,37.0,3.518783822079017e-10,1.2892339992979786e-10,0.01,100000.0,0.01,15.124284290526582,18.613676776582036,22.00238858521466,0.999,tdse_dipole_acceleration,raw_fft_harmonic_order_grid,single_mode_bsv_random_phase_gamma_intensity,shared_fig_iv2_intensity_cases,hhg_intensity_prediction,quantum_light_hhg_bsv_threshold_tdse_dipole_acceleration,shared_normalized_raw_spectrum_for_log_display
BSV - 1e13 W/cm^2,10000000000000.0,36.23911932354875,37.0,1.787010091190542e-10,6.547359210291642e-11,0.01,100000.0,0.01,15.124284290526582,18.613676776582036,22.00238858521466,0.999,tdse_dipole_acceleration,raw_fft_harmonic_order_grid,single_mode_bsv_random_phase_gamma_intensity,shared_fig_iv2_intensity_cases,hhg_intensity_prediction,quantum_light_hhg_bsv_threshold_tdse_dipole_acceleration,shared_normalized_raw_spectrum_for_log_display
BSV - 1e13 W/cm^2,10000000000000.0,36.27911835149968,37.0,4.5568636604454387e-10,1.6695721755764552e-10,0.01,100000.0,0.01,15.124284290526582,18.613676776582036,22.00238858521466,0.999,tdse_dipole_acceleration,raw_fft_harmonic_order_grid,single_mode_bsv_random_phase_gamma_intensity,shared_fig_iv2_intensity_cases,hhg_intensity_prediction,quantum_light_hhg_bsv_threshold_tdse_dipole_acceleration,shared_normalized_raw_spectrum_for_log_display
BSV - 1e13 W/cm^2,10000000000000.0,36.31911737945063,37.0,1.1484829778975689e-09,4.207883682509682e-10,0.01,100000.0,0.01,15.124284290526582,18.613676776582036,22.00238858521466,0.999,tdse_dipole_acceleration,raw_fft_harmonic_order_grid,single_mode_bsv_random_phase_gamma_intensity,shared_fig_iv2_intensity_cases,hhg_intensity_prediction,quantum_light_hhg_bsv_threshold_tdse_dipole_acceleration,shared_normalized_raw_spectrum_for_log_display
BSV - 1e13 W/cm^2,10000000000000.0,36.359116407401565,37.0,9.716317024678613e-10,3.5599249313282053e-10,0.01,100000.0,0.01,15.124284290526582,18.613676776582036,22.00238858521466,0.999,tdse_dipole_acceleration,raw_fft_harmonic_order_grid,single_mode_bsv_random_phase_gamma_intensity,shared_fig_iv2_intensity_cases,hhg_intensity_prediction,quantum_light_hhg_bsv_threshold_tdse_dipole_acceleration,shared_normalized_raw_spectrum_for_log_display
BSV - 1e13 W/cm^2,10000000000000.0,36.3991154353525,37.0,8.440454050293203e-10,3.0924662841950427e-10,0.01,100000.0,0.01,15.124284290526582,18.613676776582036,22.00238858521466,0.999,tdse_dipole_acceleration,raw_fft_harmonic_order_grid,single_mode_bsv_random_phase_gamma_intensity,shared_fig_iv2_intensity_cases,hhg_intensity_prediction,quantum_light_hhg_bsv_threshold_tdse_dipole_acceleration,shared_normalized_raw_spectrum_for_log_display
BSV - 1e13 W/cm^2,10000000000000.0,36.43911446330343,37.0,7.583984657405339e-10,2.7786676774887235e-10,0.01,100000.0,0.01,15.124284290526582,18.613676776582036,22.00238858521466,0.999,tdse_dipole_acceleration,raw_fft_harmonic_order_grid,single_mode_bsv_random_phase_gamma_intensity,shared_fig_iv2_intensity_cases,hhg_intensity_prediction,quantum_light_hhg_bsv_threshold_tdse_dipole_acceleration,shared_normalized_raw_spectrum_for_log_display
BSV - 1e13 W/cm^2,10000000000000.0,36.479113491254374,37.0,4.896847369672721e-10,1.7941375309111505e-10,0.01,100000.0,0.01,15.124284290526582,18.613676776582036,22.00238858521466,0.999,tdse_dipole_acceleration,raw_fft_harmonic_order_grid,single_mode_bsv_random_phase_gamma_intensity,shared_fig_iv2_intensity_cases,hhg_intensity_prediction,quantum_light_hhg_bsv_threshold_tdse_dipole_acceleration,shared_normalized_raw_spectrum_for_log_display
BSV - 1e13 W/cm^2,10000000000000.0,36.51911251920531,37.0,3.0375772419597123e-10,1.1129265262776076e-10,0.01,100000.0,0.01,15.124284290526582,18.613676776582036,22.00238858521466,0.999,tdse_dipole_acceleration,raw_fft_harmonic_order_grid,single_mode_bsv_random_phase_gamma_intensity,shared_fig_iv2_intensity_cases,hhg_intensity_prediction,quantum_light_hhg_bsv_threshold_tdse_dipole_acceleration,shared_normalized_raw_spectrum_for_log_display
BSV - 1e13 W/cm^2,10000000000000.0,36.55911154715624,37.0,1.265869750881905e-09,4.637972674762304e-10,0.01,100000.0,0.01,15.124284290526582,18.613676776582036,22.00238858521466,0.999,tdse_dipole_acceleration,raw_fft_harmonic_order_grid,single_mode_bsv_random_phase_gamma_intensity,shared_fig_iv2_intensity_cases,hhg_intensity_prediction,quantum_light_hhg_bsv_threshold_tdse_dipole_acceleration,shared_normalized_raw_spectrum_for_log_display
BSV - 1e13 W/cm^2,10000000000000.0,36.59911057510718,37.0,5.236684988059162e-10,1.9186493605709193e-10,0.01,100000.0,0.01,15.124284290526582,18.613676776582036,22.00238858521466,0.999,tdse_dipole_acceleration,raw_fft_harmonic_order_grid,single_mode_bsv_random_phase_gamma_intensity,shared_fig_iv2_intensity_cases,hhg_intensity_prediction,quantum_light_hhg_bsv_threshold_tdse_dipole_acceleration,shared_normalized_raw_spectrum_for_log_display
BSV - 1e13 W/cm^2,10000000000000.0,36.63910960305812,37.0,6.064475709676143e-10,2.2219404965354676e-10,0.01,100000.0,0.01,15.124284290526582,18.613676776582036,22.00238858521466,0.999,tdse_dipole_acceleration,raw_fft_harmonic_order_grid,single_mode_bsv_random_phase_gamma_intensity,shared_fig_iv2_intensity_cases,hhg_intensity_prediction,quantum_light_hhg_bsv_threshold_tdse_dipole_acceleration,shared_normalized_raw_spectrum_for_log_display
BSV - 1e13 W/cm^2,10000000000000.0,36.67910863100906,37.0,1.677744725771532e-09,6.147025938437859e-10,0.01,100000.0,0.01,15.124284290526582,18.613676776582036,22.00238858521466,0.999,tdse_dipole_acceleration,raw_fft_harmonic_order_grid,single_mode_bsv_random_phase_gamma_intensity,shared_fig_iv2_intensity_cases,hhg_intensity_prediction,quantum_light_hhg_bsv_threshold_tdse_dipole_acceleration,shared_normalized_raw_spectrum_for_log_display
BSV - 1e13 W/cm^2,10000000000000.0,36.71910765896,37.0,7.923334056440759e-10,2.903000630292658e-10,0.01,100000.0,0.01,15.124284290526582,18.613676776582036,22.00238858521466,0.999,tdse_dipole_acceleration,raw_fft_harmonic_order_grid,single_mode_bsv_random_phase_gamma_intensity,shared_fig_iv2_intensity_cases,hhg_intensity_prediction,quantum_light_hhg_bsv_threshold_tdse_dipole_acceleration,shared_normalized_raw_spectrum_for_log_display
BSV - 1e13 W/cm^2,10000000000000.0,36.75910668691093,37.0,1.422430899498375e-09,5.211591191759579e-10,0.01,100000.0,0.01,15.124284290526582,18.613676776582036,22.00238858521466,0.999,tdse_dipole_acceleration,raw_fft_harmonic_order_grid,single_mode_bsv_random_phase_gamma_intensity,shared_fig_iv2_intensity_cases,hhg_intensity_prediction,quantum_light_hhg_bsv_threshold_tdse_dipole_acceleration,shared_normalized_raw_spectrum_for_log_display
BSV - 1e13 W/cm^2,10000000000000.0,36.79910571486187,37.0,6.1143388316398775e-09,2.2402096586656963e-09,0.01,100000.0,0.01,15.124284290526582,18.613676776582036,22.00238858521466,0.999,tdse_dipole_acceleration,raw_fft_harmonic_order_grid,single_mode_bsv_random_phase_gamma_intensity,shared_fig_iv2_intensity_cases,hhg_intensity_prediction,quantum_light_hhg_bsv_threshold_tdse_dipole_acceleration,shared_normalized_raw_spectrum_for_log_display
BSV - 1e13 W/cm^2,10000000000000.0,36.8391047428128,37.0,8.868182122802945e-09,3.24917996750621e-09,0.01,100000.0,0.01,15.124284290526582,18.613676776582036,22.00238858521466,0.999,tdse_dipole_acceleration,raw_fft_harmonic_order_grid,single_mode_bsv_random_phase_gamma_intensity,shared_fig_iv2_intensity_cases,hhg_intensity_prediction,quantum_light_hhg_bsv_threshold_tdse_dipole_acceleration,shared_normalized_raw_spectrum_for_log_display
BSV - 1e13 W/cm^2,10000000000000.0,36.87910377076374,37.0,2.6948700148084963e-08,9.87363311431566e-09,0.01,100000.0,0.01,15.124284290526582,18.613676776582036,22.00238858521466,0.999,tdse_dipole_acceleration,raw_fft_harmonic_order_grid,single_mode_bsv_random_phase_gamma_intensity,shared_fig_iv2_intensity_cases,hhg_intensity_prediction,quantum_light_hhg_bsv_threshold_tdse_dipole_acceleration,shared_normalized_raw_spectrum_for_log_display
BSV - 1e13 W/cm^2,10000000000000.0,36.919102798714675,37.0,7.3689323474779086e-09,2.6998754687015976e-09,0.01,100000.0,0.01,15.124284290526582,18.613676776582036,22.00238858521466,0.999,tdse_dipole_acceleration,raw_fft_harmonic_order_grid,single_mode_bsv_random_phase_gamma_intensity,shared_fig_iv2_intensity_cases,hhg_intensity_prediction,quantum_light_hhg_bsv_threshold_tdse_dipole_acceleration,shared_normalized_raw_spectrum_for_log_display
BSV - 1e13 W/cm^2,10000000000000.0,36.95910182666561,37.0,4.855188002061496e-07,1.778874111551131e-07,0.017788741115511313,100000.0,0.01,15.124284290526582,18.613676776582036,22.00238858521466,0.999,tdse_dipole_acceleration,raw_fft_harmonic_order_grid,single_mode_bsv_random_phase_gamma_intensity,shared_fig_iv2_intensity_cases,hhg_intensity_prediction,quantum_light_hhg_bsv_threshold_tdse_dipole_acceleration,shared_normalized_raw_spectrum_for_log_display
BSV - 1e13 W/cm^2,10000000000000.0,36.99910085461655,37.0,1.2066547324210242e-06,4.421016990841604e-07,0.04421016990841604,100000.0,0.01,15.124284290526582,18.613676776582036,22.00238858521466,0.999,tdse_dipole_acceleration,raw_fft_harmonic_order_grid,single_mode_bsv_random_phase_gamma_intensity,shared_fig_iv2_intensity_cases,hhg_intensity_prediction,quantum_light_hhg_bsv_threshold_tdse_dipole_acceleration,shared_normalized_raw_spectrum_for_log_display
BSV - 1e13 W/cm^2,10000000000000.0,37.03909988256749,37.0,5.769815934258523e-07,2.113981207217872e-07,0.02113981207217872,100000.0,0.01,15.124284290526582,18.613676776582036,22.00238858521466,0.999,tdse_dipole_acceleration,raw_fft_harmonic_order_grid,single_mode_bsv_random_phase_gamma_intensity,shared_fig_iv2_intensity_cases,hhg_intensity_prediction,quantum_light_hhg_bsv_threshold_tdse_dipole_acceleration,shared_normalized_raw_spectrum_for_log_display
BSV - 1e13 W/cm^2,10000000000000.0,37.079098910518425,37.0,2.298117968208101e-08,8.419988180066558e-09,0.01,100000.0,0.01,15.124284290526582,18.613676776582036,22.00238858521466,0.999,tdse_dipole_acceleration,raw_fft_harmonic_order_grid,single_mode_bsv_random_phase_gamma_intensity,shared_fig_iv2_intensity_cases,hhg_intensity_prediction,quantum_light_hhg_bsv_threshold_tdse_dipole_acceleration,shared_normalized_raw_spectrum_for_log_display
BSV - 1e13 W/cm^2,10000000000000.0,37.11909793846936,37.0,7.159137606574897e-09,2.6230095608987517e-09,0.01,100000.0,0.01,15.124284290526582,18.613676776582036,22.00238858521466,0.999,tdse_dipole_acceleration,raw_fft_harmonic_order_grid,single_mode_bsv_random_phase_gamma_intensity,shared_fig_iv2_intensity_cases,hhg_intensity_prediction,quantum_light_hhg_bsv_threshold_tdse_dipole_acceleration,shared_normalized_raw_spectrum_for_log_display
BSV - 1e13 W/cm^2,10000000000000.0,37.1590969664203,37.0,2.8010971897072313e-09,1.0262834873939263e-09,0.01,100000.0,0.01,15.124284290526582,18.613676776582036,22.00238858521466,0.999,tdse_dipole_acceleration,raw_fft_harmonic_order_grid,single_mode_bsv_random_phase_gamma_intensity,shared_fig_iv2_intensity_cases,hhg_intensity_prediction,quantum_light_hhg_bsv_threshold_tdse_dipole_acceleration,shared_normalized_raw_spectrum_for_log_display
BSV - 1e13 W/cm^2,10000000000000.0,37.199095994371234,37.0,5.397416758853473e-10,1.9775392708788966e-10,0.01,100000.0,0.01,15.124284290526582,18.613676776582036,22.00238858521466,0.999,tdse_dipole_acceleration,raw_fft_harmonic_order_grid,single_mode_bsv_random_phase_gamma_intensity,shared_fig_iv2_intensity_cases,hhg_intensity_prediction,quantum_light_hhg_bsv_threshold_tdse_dipole_acceleration,shared_normalized_raw_spectrum_for_log_display
BSV - 1e13 W/cm^2,10000000000000.0,37.239095022322175,37.0,5.439623364071687e-09,1.9930031905720707e-09,0.01,100000.0,0.01,15.124284290526582,18.613676776582036,22.00238858521466,0.999,tdse_dipole_acceleration,raw_fft_harmonic_order_grid,single_mode_bsv_random_phase_gamma_intensity,shared_fig_iv2_intensity_cases,hhg_intensity_prediction,quantum_light_hhg_bsv_threshold_tdse_dipole_acceleration,shared_normalized_raw_spectrum_for_log_display
BSV - 1e13 W/cm^2,10000000000000.0,37.27909405027311,37.0,1.0350366101915804e-09,3.7922317932810736e-10,0.01,100000.0,0.01,15.124284290526582,18.613676776582036,22.00238858521466,0.999,tdse_dipole_acceleration,raw_fft_harmonic_order_grid,single_mode_bsv_random_phase_gamma_intensity,shared_fig_iv2_intensity_cases,hhg_intensity_prediction,quantum_light_hhg_bsv_threshold_tdse_dipole_acceleration,shared_normalized_raw_spectrum_for_log_display
BSV - 1e13 W/cm^2,10000000000000.0,37.31909307822404,37.0,2.534303743157689e-10,9.285340377336924e-11,0.01,100000.0,0.01,15.124284290526582,18.613676776582036,22.00238858521466,0.999,tdse_dipole_acceleration,raw_fft_harmonic_order_grid,single_mode_bsv_random_phase_gamma_intensity,shared_fig_iv2_intensity_cases,hhg_intensity_prediction,quantum_light_hhg_bsv_threshold_tdse_dipole_acceleration,shared_normalized_raw_spectrum_for_log_display
BSV - 1e13 W/cm^2,10000000000000.0,37.35909210617499,37.0,5.30899730943184e-10,1.9451436006253526e-10,0.01,100000.0,0.01,15.124284290526582,18.613676776582036,22.00238858521466,0.999,tdse_dipole_acceleration,raw_fft_harmonic_order_grid,single_mode_bsv_random_phase_gamma_intensity,shared_fig_iv2_intensity_cases,hhg_intensity_prediction,quantum_light_hhg_bsv_threshold_tdse_dipole_acceleration,shared_normalized_raw_spectrum_for_log_display
BSV - 1e13 W/cm^2,10000000000000.0,37.399091134125925,37.0,1.739623916856939e-10,6.37374278445663e-11,0.01,100000.0,0.01,15.124284290526582,18.613676776582036,22.00238858521466,0.999,tdse_dipole_acceleration,raw_fft_harmonic_order_grid,single_mode_bsv_random_phase_gamma_intensity,shared_fig_iv2_intensity_cases,hhg_intensity_prediction,quantum_light_hhg_bsv_threshold_tdse_dipole_acceleration,shared_normalized_raw_spectrum_for_log_display
BSV - 1e13 W/cm^2,10000000000000.0,37.43909016207685,37.0,9.308894171193755e-11,3.4106508010142455e-11,0.01,100000.0,0.01,15.124284290526582,18.613676776582036,22.00238858521466,0.999,tdse_dipole_acceleration,raw_fft_harmonic_order_grid,single_mode_bsv_random_phase_gamma_intensity,shared_fig_iv2_intensity_cases,hhg_intensity_prediction,quantum_light_hhg_bsv_threshold_tdse_dipole_acceleration,shared_normalized_raw_spectrum_for_log_display
BSV - 1e13 W/cm^2,10000000000000.0,37.479089190027786,37.0,3.247643842809018e-10,1.189892039825942e-10,0.01,100000.0,0.01,15.124284290526582,18.613676776582036,22.00238858521466,0.999,tdse_dipole_acceleration,raw_fft_harmonic_order_grid,single_mode_bsv_random_phase_gamma_intensity,shared_fig_iv2_intensity_cases,hhg_intensity_prediction,quantum_light_hhg_bsv_threshold_tdse_dipole_acceleration,shared_normalized_raw_spectrum_for_log_display
BSV - 1e13 W/cm^2,10000000000000.0,37.519088217978734,37.0,1.9067679865673488e-10,6.98613566889468e-11,0.01,100000.0,0.01,15.124284290526582,18.613676776582036,22.00238858521466,0.999,tdse_dipole_acceleration,raw_fft_harmonic_order_grid,single_mode_bsv_random_phase_gamma_intensity,shared_fig_iv2_intensity_cases,hhg_intensity_prediction,quantum_light_hhg_bsv_threshold_tdse_dipole_acceleration,shared_normalized_raw_spectrum_for_log_display
BSV - 1e13 W/cm^2,10000000000000.0,37.55908724592967,37.0,1.4457717286775706e-10,5.2971087798558153e-11,0.01,100000.0,0.01,15.124284290526582,18.613676776582036,22.00238858521466,0.999,tdse_dipole_acceleration,raw_fft_harmonic_order_grid,single_mode_bsv_random_phase_gamma_intensity,shared_fig_iv2_intensity_cases,hhg_intensity_prediction,quantum_light_hhg_bsv_threshold_tdse_dipole_acceleration,shared_normalized_raw_spectrum_for_log_display
BSV - 1e13 W/cm^2,10000000000000.0,37.5990862738806,37.0,4.346125618858524e-11,1.5923606553760477e-11,0.01,100000.0,0.01,15.124284290526582,18.613676776582036,22.00238858521466,0.999,tdse_dipole_acceleration,raw_fft_harmonic_order_grid,single_mode_bsv_random_phase_gamma_intensity,shared_fig_iv2_intensity_cases,hhg_intensity_prediction,quantum_light_hhg_bsv_threshold_tdse_dipole_acceleration,shared_normalized_raw_spectrum_for_log_display
BSV - 1e13 W/cm^2,10000000000000.0,37.63908530183154,37.0,1.3384454002582487e-10,4.9038798728971103e-11,0.01,100000.0,0.01,15.124284290526582,18.613676776582036,22.00238858521466,0.999,tdse_dipole_acceleration,raw_fft_harmonic_order_grid,single_mode_bsv_random_phase_gamma_intensity,shared_fig_iv2_intensity_cases,hhg_intensity_prediction,quantum_light_hhg_bsv_threshold_tdse_dipole_acceleration,shared_normalized_raw_spectrum_for_log_display
BSV - 1e13 W/cm^2,10000000000000.0,37.67908432978248,37.0,6.079138443673681e-11,2.2273127206185938e-11,0.01,100000.0,0.01,15.124284290526582,18.613676776582036,22.00238858521466,0.999,tdse_dipole_acceleration,raw_fft_harmonic_order_grid,single_mode_bsv_random_phase_gamma_intensity,shared_fig_iv2_intensity_cases,hhg_intensity_prediction,quantum_light_hhg_bsv_threshold_tdse_dipole_acceleration,shared_normalized_raw_spectrum_for_log_display
BSV - 1e13 W/cm^2,10000000000000.0,37.71908335773342,37.0,3.195910253339924e-11,1.170937564125905e-11,0.01,100000.0,0.01,15.124284290526582,18.613676776582036,22.00238858521466,0.999,tdse_dipole_acceleration,raw_fft_harmonic_order_grid,single_mode_bsv_random_phase_gamma_intensity,shared_fig_iv2_intensity_cases,hhg_intensity_prediction,quantum_light_hhg_bsv_threshold_tdse_dipole_acceleration,shared_normalized_raw_spectrum_for_log_display
BSV - 1e13 W/cm^2,10000000000000.0,37.75908238568435,37.0,2.0153827404771326e-10,7.384085189655924e-11,0.01,100000.0,0.01,15.124284290526582,18.613676776582036,22.00238858521466,0.999,tdse_dipole_acceleration,raw_fft_harmonic_order_grid,single_mode_bsv_random_phase_gamma_intensity,shared_fig_iv2_intensity_cases,hhg_intensity_prediction,quantum_light_hhg_bsv_threshold_tdse_dipole_acceleration,shared_normalized_raw_spectrum_for_log_display
BSV - 1e13 W/cm^2,10000000000000.0,37.799081413635285,37.0,1.1621591222737347e-10,4.257991194651884e-11,0.01,100000.0,0.01,15.124284290526582,18.613676776582036,22.00238858521466,0.999,tdse_dipole_acceleration,raw_fft_harmonic_order_grid,single_mode_bsv_random_phase_gamma_intensity,shared_fig_iv2_intensity_cases,hhg_intensity_prediction,quantum_light_hhg_bsv_threshold_tdse_dipole_acceleration,shared_normalized_raw_spectrum_for_log_display
BSV - 1e13 W/cm^2,10000000000000.0,37.83908044158622,37.0,6.73415254735137e-11,2.4673008799315546e-11,0.01,100000.0,0.01,15.124284290526582,18.613676776582036,22.00238858521466,0.999,tdse_dipole_acceleration,raw_fft_harmonic_order_grid,single_mode_bsv_random_phase_gamma_intensity,shared_fig_iv2_intensity_cases,hhg_intensity_prediction,quantum_light_hhg_bsv_threshold_tdse_dipole_acceleration,shared_normalized_raw_spectrum_for_log_display
BSV - 1e13 W/cm^2,10000000000000.0,37.87907946953717,37.0,1.2812264504898774e-10,4.694237510150533e-11,0.01,100000.0,0.01,15.124284290526582,18.613676776582036,22.00238858521466,0.999,tdse_dipole_acceleration,raw_fft_harmonic_order_grid,single_mode_bsv_random_phase_gamma_intensity,shared_fig_iv2_intensity_cases,hhg_intensity_prediction,quantum_light_hhg_bsv_threshold_tdse_dipole_acceleration,shared_normalized_raw_spectrum_for_log_display
BSV - 1e13 W/cm^2,10000000000000.0,37.9190784974881,37.0,1.828819086590741e-11,6.700541619532635e-12,0.01,100000.0,0.01,15.124284290526582,18.613676776582036,22.00238858521466,0.999,tdse_dipole_acceleration,raw_fft_harmonic_order_grid,single_mode_bsv_random_phase_gamma_intensity,shared_fig_iv2_intensity_cases,hhg_intensity_prediction,quantum_light_hhg_bsv_threshold_tdse_dipole_acceleration,shared_normalized_raw_spectrum_for_log_display
BSV - 1e13 W/cm^2,10000000000000.0,37.959077525439035,37.0,1.6775475789580139e-10,6.146303619626325e-11,0.01,100000.0,0.01,15.124284290526582,18.613676776582036,22.00238858521466,0.999,tdse_dipole_acceleration,raw_fft_harmonic_order_grid,single_mode_bsv_random_phase_gamma_intensity,shared_fig_iv2_intensity_cases,hhg_intensity_prediction,quantum_light_hhg_bsv_threshold_tdse_dipole_acceleration,shared_normalized_raw_spectrum_for_log_display
BSV - 1e13 W/cm^2,10000000000000.0,37.99907655338997,37.0,1.9820401090225922e-10,7.261922373550167e-11,0.01,100000.0,0.01,15.124284290526582,18.613676776582036,22.00238858521466,0.999,tdse_dipole_acceleration,raw_fft_harmonic_order_grid,single_mode_bsv_random_phase_gamma_intensity,shared_fig_iv2_intensity_cases,hhg_intensity_prediction,quantum_light_hhg_bsv_threshold_tdse_dipole_acceleration,shared_normalized_raw_spectrum_for_log_display
BSV - 1e13 W/cm^2,10000000000000.0,38.03907558134091,39.0,2.6294811517059906e-10,9.634057312704229e-11,0.01,100000.0,0.01,15.124284290526582,18.613676776582036,22.00238858521466,0.999,tdse_dipole_acceleration,raw_fft_harmonic_order_grid,single_mode_bsv_random_phase_gamma_intensity,shared_fig_iv2_intensity_cases,hhg_intensity_prediction,quantum_light_hhg_bsv_threshold_tdse_dipole_acceleration,shared_normalized_raw_spectrum_for_log_display
BSV - 1e13 W/cm^2,10000000000000.0,38.079074609291844,39.0,1.1335036025099461e-10,4.153001311172188e-11,0.01,100000.0,0.01,15.124284290526582,18.613676776582036,22.00238858521466,0.999,tdse_dipole_acceleration,raw_fft_harmonic_order_grid,single_mode_bsv_random_phase_gamma_intensity,shared_fig_iv2_intensity_cases,hhg_intensity_prediction,quantum_light_hhg_bsv_threshold_tdse_dipole_acceleration,shared_normalized_raw_spectrum_for_log_display
BSV - 1e13 W/cm^2,10000000000000.0,38.11907363724278,39.0,3.911107239058349e-11,1.4329759037357656e-11,0.01,100000.0,0.01,15.124284290526582,18.613676776582036,22.00238858521466,0.999,tdse_dipole_acceleration,raw_fft_harmonic_order_grid,single_mode_bsv_random_phase_gamma_intensity,shared_fig_iv2_intensity_cases,hhg_intensity_prediction,quantum_light_hhg_bsv_threshold_tdse_dipole_acceleration,shared_normalized_raw_spectrum_for_log_display
BSV - 1e13 W/cm^2,10000000000000.0,38.15907266519372,39.0,3.4360782357568753e-11,1.2589318099025015e-11,0.01,100000.0,0.01,15.124284290526582,18.613676776582036,22.00238858521466,0.999,tdse_dipole_acceleration,raw_fft_harmonic_order_grid,single_mode_bsv_random_phase_gamma_intensity,shared_fig_iv2_intensity_cases,hhg_intensity_prediction,quantum_light_hhg_bsv_threshold_tdse_dipole_acceleration,shared_normalized_raw_spectrum_for_log_display
BSV - 1e13 W/cm^2,10000000000000.0,38.19907169314465,39.0,8.436781156538542e-11,3.091120586435889e-11,0.01,100000.0,0.01,15.124284290526582,18.613676776582036,22.00238858521466,0.999,tdse_dipole_acceleration,raw_fft_harmonic_order_grid,single_mode_bsv_random_phase_gamma_intensity,shared_fig_iv2_intensity_cases,hhg_intensity_prediction,quantum_light_hhg_bsv_threshold_tdse_dipole_acceleration,shared_normalized_raw_spectrum_for_log_display
BSV - 1e13 W/cm^2,10000000000000.0,38.239070721095594,39.0,5.97537523629245e-11,2.1892953084682072e-11,0.01,100000.0,0.01,15.124284290526582,18.613676776582036,22.00238858521466,0.999,tdse_dipole_acceleration,raw_fft_harmonic_order_grid,single_mode_bsv_random_phase_gamma_intensity,shared_fig_iv2_intensity_cases,hhg_intensity_prediction,quantum_light_hhg_bsv_threshold_tdse_dipole_acceleration,shared_normalized_raw_spectrum_for_log_display
BSV - 1e13 W/cm^2,10000000000000.0,38.279069749046535,39.0,1.022688076420385e-10,3.7469884638119215e-11,0.01,100000.0,0.01,15.124284290526582,18.613676776582036,22.00238858521466,0.999,tdse_dipole_acceleration,raw_fft_harmonic_order_grid,single_mode_bsv_random_phase_gamma_intensity,shared_fig_iv2_intensity_cases,hhg_intensity_prediction,quantum_light_hhg_bsv_threshold_tdse_dipole_acceleration,shared_normalized_raw_spectrum_for_log_display
BSV - 1e13 W/cm^2,10000000000000.0,38.31906877699747,39.0,2.402516909162221e-10,8.802491541950355e-11,0.01,100000.0,0.01,15.124284290526582,18.613676776582036,22.00238858521466,0.999,tdse_dipole_acceleration,raw_fft_harmonic_order_grid,single_mode_bsv_random_phase_gamma_intensity,shared_fig_iv2_intensity_cases,hhg_intensity_prediction,quantum_light_hhg_bsv_threshold_tdse_dipole_acceleration,shared_normalized_raw_spectrum_for_log_display
BSV - 1e13 W/cm^2,10000000000000.0,38.359067804948396,39.0,1.6380450980284569e-10,6.001571962195562e-11,0.01,100000.0,0.01,15.124284290526582,18.613676776582036,22.00238858521466,0.999,tdse_dipole_acceleration,raw_fft_harmonic_order_grid,single_mode_bsv_random_phase_gamma_intensity,shared_fig_iv2_intensity_cases,hhg_intensity_prediction,quantum_light_hhg_bsv_threshold_tdse_dipole_acceleration,shared_normalized_raw_spectrum_for_log_display
BSV - 1e13 W/cm^2,10000000000000.0,38.39906683289934,39.0,1.997624211593937e-10,7.319020382121929e-11,0.01,100000.0,0.01,15.124284290526582,18.613676776582036,22.00238858521466,0.999,tdse_dipole_acceleration,raw_fft_harmonic_order_grid,single_mode_bsv_random_phase_gamma_intensity,shared_fig_iv2_intensity_cases,hhg_intensity_prediction,quantum_light_hhg_bsv_threshold_tdse_dipole_acceleration,shared_normalized_raw_spectrum_for_log_display
BSV - 1e13 W/cm^2,10000000000000.0,38.43906586085028,39.0,1.4563338495349834e-10,5.33580693809057e-11,0.01,100000.0,0.01,15.124284290526582,18.613676776582036,22.00238858521466,0.999,tdse_dipole_acceleration,raw_fft_harmonic_order_grid,single_mode_bsv_random_phase_gamma_intensity,shared_fig_iv2_intensity_cases,hhg_intensity_prediction,quantum_light_hhg_bsv_threshold_tdse_dipole_acceleration,shared_normalized_raw_spectrum_for_log_display
BSV - 1e13 W/cm^2,10000000000000.0,38.47906488880121,39.0,1.2182036997125423e-10,4.4633308186919556e-11,0.01,100000.0,0.01,15.124284290526582,18.613676776582036,22.00238858521466,0.999,tdse_dipole_acceleration,raw_fft_harmonic_order_grid,single_mode_bsv_random_phase_gamma_intensity,shared_fig_iv2_intensity_cases,hhg_intensity_prediction,quantum_light_hhg_bsv_threshold_tdse_dipole_acceleration,shared_normalized_raw_spectrum_for_log_display
BSV - 1e13 W/cm^2,10000000000000.0,38.519063916752145,39.0,4.2149521152930224e-11,1.5443004876719228e-11,0.01,100000.0,0.01,15.124284290526582,18.613676776582036,22.00238858521466,0.999,tdse_dipole_acceleration,raw_fft_harmonic_order_grid,single_mode_bsv_random_phase_gamma_intensity,shared_fig_iv2_intensity_cases,hhg_intensity_prediction,quantum_light_hhg_bsv_threshold_tdse_dipole_acceleration,shared_normalized_raw_spectrum_for_log_display
BSV - 1e13 W/cm^2,10000000000000.0,38.559062944703086,39.0,1.1661942474213312e-10,4.272775338250197e-11,0.01,100000.0,0.01,15.124284290526582,18.613676776582036,22.00238858521466,0.999,tdse_dipole_acceleration,raw_fft_harmonic_order_grid,single_mode_bsv_random_phase_gamma_intensity,shared_fig_iv2_intensity_cases,hhg_intensity_prediction,quantum_light_hhg_bsv_threshold_tdse_dipole_acceleration,shared_normalized_raw_spectrum_for_log_display
BSV - 1e13 W/cm^2,10000000000000.0,38.59906197265403,39.0,5.5939817873598726e-11,2.0495579940051437e-11,0.01,100000.0,0.01,15.124284290526582,18.613676776582036,22.00238858521466,0.999,tdse_dipole_acceleration,raw_fft_harmonic_order_grid,single_mode_bsv_random_phase_gamma_intensity,shared_fig_iv2_intensity_cases,hhg_intensity_prediction,quantum_light_hhg_bsv_threshold_tdse_dipole_acceleration,shared_normalized_raw_spectrum_for_log_display
BSV - 1e13 W/cm^2,10000000000000.0,38.63906100060496,39.0,1.459993518224986e-10,5.349215460864015e-11,0.01,100000.0,0.01,15.124284290526582,18.613676776582036,22.00238858521466,0.999,tdse_dipole_acceleration,raw_fft_harmonic_order_grid,single_mode_bsv_random_phase_gamma_intensity,shared_fig_iv2_intensity_cases,hhg_intensity_prediction,quantum_light_hhg_bsv_threshold_tdse_dipole_acceleration,shared_normalized_raw_spectrum_for_log_display
BSV - 1e13 W/cm^2,10000000000000.0,38.679060028555895,39.0,1.9103762775880948e-10,6.999355950953835e-11,0.01,100000.0,0.01,15.124284290526582,18.613676776582036,22.00238858521466,0.999,tdse_dipole_acceleration,raw_fft_harmonic_order_grid,single_mode_bsv_random_phase_gamma_intensity,shared_fig_iv2_intensity_cases,hhg_intensity_prediction,quantum_light_hhg_bsv_threshold_tdse_dipole_acceleration,shared_normalized_raw_spectrum_for_log_display
BSV - 1e13 W/cm^2,10000000000000.0,38.719059056506836,39.0,2.0810239490426313e-10,7.624585550339208e-11,0.01,100000.0,0.01,15.124284290526582,18.613676776582036,22.00238858521466,0.999,tdse_dipole_acceleration,raw_fft_harmonic_order_grid,single_mode_bsv_random_phase_gamma_intensity,shared_fig_iv2_intensity_cases,hhg_intensity_prediction,quantum_light_hhg_bsv_threshold_tdse_dipole_acceleration,shared_normalized_raw_spectrum_for_log_display
BSV - 1e13 W/cm^2,10000000000000.0,38.75905808445777,39.0,1.8143551893929218e-10,6.647547889389924e-11,0.01,100000.0,0.01,15.124284290526582,18.613676776582036,22.00238858521466,0.999,tdse_dipole_acceleration,raw_fft_harmonic_order_grid,single_mode_bsv_random_phase_gamma_intensity,shared_fig_iv2_intensity_cases,hhg_intensity_prediction,quantum_light_hhg_bsv_threshold_tdse_dipole_acceleration,shared_normalized_raw_spectrum_for_log_display
BSV - 1e13 W/cm^2,10000000000000.0,38.79905711240871,39.0,1.1257654822971207e-09,4.1246499029201884e-10,0.01,100000.0,0.01,15.124284290526582,18.613676776582036,22.00238858521466,0.999,tdse_dipole_acceleration,raw_fft_harmonic_order_grid,single_mode_bsv_random_phase_gamma_intensity,shared_fig_iv2_intensity_cases,hhg_intensity_prediction,quantum_light_hhg_bsv_threshold_tdse_dipole_acceleration,shared_normalized_raw_spectrum_for_log_display
BSV - 1e13 W/cm^2,10000000000000.0,38.839056140359645,39.0,1.2443221294632844e-09,4.5590251532846317e-10,0.01,100000.0,0.01,15.124284290526582,18.613676776582036,22.00238858521466,0.999,tdse_dipole_acceleration,raw_fft_harmonic_order_grid,single_mode_bsv_random_phase_gamma_intensity,shared_fig_iv2_intensity_cases,hhg_intensity_prediction,quantum_light_hhg_bsv_threshold_tdse_dipole_acceleration,shared_normalized_raw_spectrum_for_log_display
BSV - 1e13 W/cm^2,10000000000000.0,38.87905516831058,39.0,3.0003679975624636e-09,1.0992935708615576e-09,0.01,100000.0,0.01,15.124284290526582,18.613676776582036,22.00238858521466,0.999,tdse_dipole_acceleration,raw_fft_harmonic_order_grid,single_mode_bsv_random_phase_gamma_intensity,shared_fig_iv2_intensity_cases,hhg_intensity_prediction,quantum_light_hhg_bsv_threshold_tdse_dipole_acceleration,shared_normalized_raw_spectrum_for_log_display
BSV - 1e13 W/cm^2,10000000000000.0,38.91905419626153,39.0,1.2714697791991529e-09,4.658490408356298e-10,0.01,100000.0,0.01,15.124284290526582,18.613676776582036,22.00238858521466,0.999,tdse_dipole_acceleration,raw_fft_harmonic_order_grid,single_mode_bsv_random_phase_gamma_intensity,shared_fig_iv2_intensity_cases,hhg_intensity_prediction,quantum_light_hhg_bsv_threshold_tdse_dipole_acceleration,shared_normalized_raw_spectrum_for_log_display
BSV - 1e13 W/cm^2,10000000000000.0,38.959053224212454,39.0,5.741331764009148e-08,2.103544998975449e-08,0.01,100000.0,0.01,15.124284290526582,18.613676776582036,22.00238858521466,0.999,tdse_dipole_acceleration,raw_fft_harmonic_order_grid,single_mode_bsv_random_phase_gamma_intensity,shared_fig_iv2_intensity_cases,hhg_intensity_prediction,quantum_light_hhg_bsv_threshold_tdse_dipole_acceleration,shared_normalized_raw_spectrum_for_log_display
BSV - 1e13 W/cm^2,10000000000000.0,38.99905225216339,39.0,1.4884921337097273e-07,5.453630468644005e-08,0.01,100000.0,0.01,15.124284290526582,18.613676776582036,22.00238858521466,0.999,tdse_dipole_acceleration,raw_fft_harmonic_order_grid,single_mode_bsv_random_phase_gamma_intensity,shared_fig_iv2_intensity_cases,hhg_intensity_prediction,quantum_light_hhg_bsv_threshold_tdse_dipole_acceleration,shared_normalized_raw_spectrum_for_log_display
BSV - 1e13 W/cm^2,10000000000000.0,39.03905128011432,39.0,6.776227546426874e-08,2.4827165809439915e-08,0.01,100000.0,0.01,15.124284290526582,18.613676776582036,22.00238858521466,0.999,tdse_dipole_acceleration,raw_fft_harmonic_order_grid,single_mode_bsv_random_phase_gamma_intensity,shared_fig_iv2_intensity_cases,hhg_intensity_prediction,quantum_light_hhg_bsv_threshold_tdse_dipole_acceleration,shared_normalized_raw_spectrum_for_log_display
BSV - 1e13 W/cm^2,10000000000000.0,39.07905030806527,39.0,1.969386019331312e-09,7.215559529212302e-10,0.01,100000.0,0.01,15.124284290526582,18.613676776582036,22.00238858521466,0.999,tdse_dipole_acceleration,raw_fft_harmonic_order_grid,single_mode_bsv_random_phase_gamma_intensity,shared_fig_iv2_intensity_cases,hhg_intensity_prediction,quantum_light_hhg_bsv_threshold_tdse_dipole_acceleration,shared_normalized_raw_spectrum_for_log_display
BSV - 1e13 W/cm^2,10000000000000.0,39.119049336016204,39.0,9.889309000661574e-10,3.623306812205218e-10,0.01,100000.0,0.01,15.124284290526582,18.613676776582036,22.00238858521466,0.999,tdse_dipole_acceleration,raw_fft_harmonic_order_grid,single_mode_bsv_random_phase_gamma_intensity,shared_fig_iv2_intensity_cases,hhg_intensity_prediction,quantum_light_hhg_bsv_threshold_tdse_dipole_acceleration,shared_normalized_raw_spectrum_for_log_display
BSV - 1e13 W/cm^2,10000000000000.0,39.15904836396714,39.0,3.5732662433492544e-10,1.3091956091658349e-10,0.01,100000.0,0.01,15.124284290526582,18.613676776582036,22.00238858521466,0.999,tdse_dipole_acceleration,raw_fft_harmonic_order_grid,single_mode_bsv_random_phase_gamma_intensity,shared_fig_iv2_intensity_cases,hhg_intensity_prediction,quantum_light_hhg_bsv_threshold_tdse_dipole_acceleration,shared_normalized_raw_spectrum_for_log_display
BSV - 1e13 W/cm^2,10000000000000.0,39.19904739191808,39.0,1.1106904241143608e-10,4.0694169629803705e-11,0.01,100000.0,0.01,15.124284290526582,18.613676776582036,22.00238858521466,0.999,tdse_dipole_acceleration,raw_fft_harmonic_order_grid,single_mode_bsv_random_phase_gamma_intensity,shared_fig_iv2_intensity_cases,hhg_intensity_prediction,quantum_light_hhg_bsv_threshold_tdse_dipole_acceleration,shared_normalized_raw_spectrum_for_log_display
BSV - 1e13 W/cm^2,10000000000000.0,39.23904641986901,39.0,5.705872115598148e-10,2.0905530714669258e-10,0.01,100000.0,0.01,15.124284290526582,18.613676776582036,22.00238858521466,0.999,tdse_dipole_acceleration,raw_fft_harmonic_order_grid,single_mode_bsv_random_phase_gamma_intensity,shared_fig_iv2_intensity_cases,hhg_intensity_prediction,quantum_light_hhg_bsv_threshold_tdse_dipole_acceleration,shared_normalized_raw_spectrum_for_log_display
BSV - 1e13 W/cm^2,10000000000000.0,39.279045447819946,39.0,7.45167094509149e-11,2.730189752980261e-11,0.01,100000.0,0.01,15.124284290526582,18.613676776582036,22.00238858521466,0.999,tdse_dipole_acceleration,raw_fft_harmonic_order_grid,single_mode_bsv_random_phase_gamma_intensity,shared_fig_iv2_intensity_cases,hhg_intensity_prediction,quantum_light_hhg_bsv_threshold_tdse_dipole_acceleration,shared_normalized_raw_spectrum_for_log_display
BSV - 1e13 W/cm^2,10000000000000.0,39.31904447577089,39.0,7.179782023959299e-11,2.6305733915099607e-11,0.01,100000.0,0.01,15.124284290526582,18.613676776582036,22.00238858521466,0.999,tdse_dipole_acceleration,raw_fft_harmonic_order_grid,single_mode_bsv_random_phase_gamma_intensity,shared_fig_iv2_intensity_cases,hhg_intensity_prediction,quantum_light_hhg_bsv_threshold_tdse_dipole_acceleration,shared_normalized_raw_spectrum_for_log_display
BSV - 1e13 W/cm^2,10000000000000.0,39.35904350372182,39.0,7.98286087397616e-11,2.924810437577524e-11,0.01,100000.0,0.01,15.124284290526582,18.613676776582036,22.00238858521466,0.999,tdse_dipole_acceleration,raw_fft_harmonic_order_grid,single_mode_bsv_random_phase_gamma_intensity,shared_fig_iv2_intensity_cases,hhg_intensity_prediction,quantum_light_hhg_bsv_threshold_tdse_dipole_acceleration,shared_normalized_raw_spectrum_for_log_display
BSV - 1e13 W/cm^2,10000000000000.0,39.399042531672755,39.0,7.332880156970544e-11,2.6866664419180768e-11,0.01,100000.0,0.01,15.124284290526582,18.613676776582036,22.00238858521466,0.999,tdse_dipole_acceleration,raw_fft_harmonic_order_grid,single_mode_bsv_random_phase_gamma_intensity,shared_fig_iv2_intensity_cases,hhg_intensity_prediction,quantum_light_hhg_bsv_threshold_tdse_dipole_acceleration,shared_normalized_raw_spectrum_for_log_display
BSV - 1e13 W/cm^2,10000000000000.0,39.4390415596237,39.0,1.8662886370086056e-11,6.837824899153318e-12,0.01,100000.0,0.01,15.124284290526582,18.613676776582036,22.00238858521466,0.999,tdse_dipole_acceleration,raw_fft_harmonic_order_grid,single_mode_bsv_random_phase_gamma_intensity,shared_fig_iv2_intensity_cases,hhg_intensity_prediction,quantum_light_hhg_bsv_threshold_tdse_dipole_acceleration,shared_normalized_raw_spectrum_for_log_display
BSV - 1e13 W/cm^2,10000000000000.0,39.47904058757464,39.0,5.5114875202847085e-11,2.0193332290755292e-11,0.01,100000.0,0.01,15.124284290526582,18.613676776582036,22.00238858521466,0.999,tdse_dipole_acceleration,raw_fft_harmonic_order_grid,single_mode_bsv_random_phase_gamma_intensity,shared_fig_iv2_intensity_cases,hhg_intensity_prediction,quantum_light_hhg_bsv_threshold_tdse_dipole_acceleration,shared_normalized_raw_spectrum_for_log_display
BSV - 1e13 W/cm^2,10000000000000.0,39.51903961552557,39.0,5.31223186410876e-11,1.9463286969748093e-11,0.01,100000.0,0.01,15.124284290526582,18.613676776582036,22.00238858521466,0.999,tdse_dipole_acceleration,raw_fft_harmonic_order_grid,single_mode_bsv_random_phase_gamma_intensity,shared_fig_iv2_intensity_cases,hhg_intensity_prediction,quantum_light_hhg_bsv_threshold_tdse_dipole_acceleration,shared_normalized_raw_spectrum_for_log_display
BSV - 1e13 W/cm^2,10000000000000.0,39.559038643476505,39.0,7.0623400083296486e-12,2.5875442521391962e-12,0.01,100000.0,0.01,15.124284290526582,18.613676776582036,22.00238858521466,0.999,tdse_dipole_acceleration,raw_fft_harmonic_order_grid,single_mode_bsv_random_phase_gamma_intensity,shared_fig_iv2_intensity_cases,hhg_intensity_prediction,quantum_light_hhg_bsv_threshold_tdse_dipole_acceleration,shared_normalized_raw_spectrum_for_log_display
BSV - 1e13 W/cm^2,10000000000000.0,39.599037671427446,39.0,2.4016403391494948e-11,8.7992799099766e-12,0.01,100000.0,0.01,15.124284290526582,18.613676776582036,22.00238858521466,0.999,tdse_dipole_acceleration,raw_fft_harmonic_order_grid,single_mode_bsv_random_phase_gamma_intensity,shared_fig_iv2_intensity_cases,hhg_intensity_prediction,quantum_light_hhg_bsv_threshold_tdse_dipole_acceleration,shared_normalized_raw_spectrum_for_log_display
BSV - 1e13 W/cm^2,10000000000000.0,39.63903669937838,39.0,1.2639641793267919e-11,4.6309909226537155e-12,0.01,100000.0,0.01,15.124284290526582,18.613676776582036,22.00238858521466,0.999,tdse_dipole_acceleration,raw_fft_harmonic_order_grid,single_mode_bsv_random_phase_gamma_intensity,shared_fig_iv2_intensity_cases,hhg_intensity_prediction,quantum_light_hhg_bsv_threshold_tdse_dipole_acceleration,shared_normalized_raw_spectrum_for_log_display
BSV - 1e13 W/cm^2,10000000000000.0,39.679035727329314,39.0,3.947153417966816e-11,1.4461827279521267e-11,0.01,100000.0,0.01,15.124284290526582,18.613676776582036,22.00238858521466,0.999,tdse_dipole_acceleration,raw_fft_harmonic_order_grid,single_mode_bsv_random_phase_gamma_intensity,shared_fig_iv2_intensity_cases,hhg_intensity_prediction,quantum_light_hhg_bsv_threshold_tdse_dipole_acceleration,shared_normalized_raw_spectrum_for_log_display
BSV - 1e13 W/cm^2,10000000000000.0,39.719034755280255,39.0,3.027903209655798e-11,1.1093820938864344e-11,0.01,100000.0,0.01,15.124284290526582,18.613676776582036,22.00238858521466,0.999,tdse_dipole_acceleration,raw_fft_harmonic_order_grid,single_mode_bsv_random_phase_gamma_intensity,shared_fig_iv2_intensity_cases,hhg_intensity_prediction,quantum_light_hhg_bsv_threshold_tdse_dipole_acceleration,shared_normalized_raw_spectrum_for_log_display
BSV - 1e13 W/cm^2,10000000000000.0,39.75903378323119,39.0,4.198201119557104e-11,1.538163153207289e-11,0.01,100000.0,0.01,15.124284290526582,18.613676776582036,22.00238858521466,0.999,tdse_dipole_acceleration,raw_fft_harmonic_order_grid,single_mode_bsv_random_phase_gamma_intensity,shared_fig_iv2_intensity_cases,hhg_intensity_prediction,quantum_light_hhg_bsv_threshold_tdse_dipole_acceleration,shared_normalized_raw_spectrum_for_log_display
BSV - 1e13 W/cm^2,10000000000000.0,39.79903281118213,39.0,2.6999712100762453e-11,9.892323192219776e-12,0.01,100000.0,0.01,15.124284290526582,18.613676776582036,22.00238858521466,0.999,tdse_dipole_acceleration,raw_fft_harmonic_order_grid,single_mode_bsv_random_phase_gamma_intensity,shared_fig_iv2_intensity_cases,hhg_intensity_prediction,quantum_light_hhg_bsv_threshold_tdse_dipole_acceleration,shared_normalized_raw_spectrum_for_log_display
BSV - 1e13 W/cm^2,10000000000000.0,39.83903183913307,39.0,2.0128540944396745e-11,7.374820578334179e-12,0.01,100000.0,0.01,15.124284290526582,18.613676776582036,22.00238858521466,0.999,tdse_dipole_acceleration,raw_fft_harmonic_order_grid,single_mode_bsv_random_phase_gamma_intensity,shared_fig_iv2_intensity_cases,hhg_intensity_prediction,quantum_light_hhg_bsv_threshold_tdse_dipole_acceleration,shared_normalized_raw_spectrum_for_log_display
BSV - 1e13 W/cm^2,10000000000000.0,39.879030867084005,39.0,1.3402968205634594e-11,4.910663222273367e-12,0.01,100000.0,0.01,15.124284290526582,18.613676776582036,22.00238858521466,0.999,tdse_dipole_acceleration,raw_fft_harmonic_order_grid,single_mode_bsv_random_phase_gamma_intensity,shared_fig_iv2_intensity_cases,hhg_intensity_prediction,quantum_light_hhg_bsv_threshold_tdse_dipole_acceleration,shared_normalized_raw_spectrum_for_log_display
BSV - 1e13 W/cm^2,10000000000000.0,39.91902989503493,39.0,1.8236761477085702e-11,6.681698598766191e-12,0.01,100000.0,0.01,15.124284290526582,18.613676776582036,22.00238858521466,0.999,tdse_dipole_acceleration,raw_fft_harmonic_order_grid,single_mode_bsv_random_phase_gamma_intensity,shared_fig_iv2_intensity_cases,hhg_intensity_prediction,quantum_light_hhg_bsv_threshold_tdse_dipole_acceleration,shared_normalized_raw_spectrum_for_log_display
BSV - 1e13 W/cm^2,10000000000000.0,39.95902892298587,39.0,2.3344662557972537e-11,8.553163306887816e-12,0.01,100000.0,0.01,15.124284290526582,18.613676776582036,22.00238858521466,0.999,tdse_dipole_acceleration,raw_fft_harmonic_order_grid,single_mode_bsv_random_phase_gamma_intensity,shared_fig_iv2_intensity_cases,hhg_intensity_prediction,quantum_light_hhg_bsv_threshold_tdse_dipole_acceleration,shared_normalized_raw_spectrum_for_log_display
BSV - 1e13 W/cm^2,10000000000000.0,39.999027950936814,39.0,5.327689194107263e-11,1.9519920501047734e-11,0.01,100000.0,0.01,15.124284290526582,18.613676776582036,22.00238858521466,0.999,tdse_dipole_acceleration,raw_fft_harmonic_order_grid,single_mode_bsv_random_phase_gamma_intensity,shared_fig_iv2_intensity_cases,hhg_intensity_prediction,quantum_light_hhg_bsv_threshold_tdse_dipole_acceleration,shared_normalized_raw_spectrum_for_log_display
BSV - 2e13 W/cm^2,20000000000000.0,0.0,1.0,1.2254708773057079e-08,4.489956757953294e-09,0.01,100000.0,0.01,16.366816709067592,23.430389465091444,30.495271637492333,0.999,tdse_dipole_acceleration,raw_fft_harmonic_order_grid,single_mode_bsv_random_phase_gamma_intensity,shared_fig_iv2_intensity_cases,hhg_intensity_prediction,quantum_light_hhg_bsv_threshold_tdse_dipole_acceleration,shared_normalized_raw_spectrum_for_log_display
BSV - 2e13 W/cm^2,20000000000000.0,0.03999902795093681,1.0,1.866659095144283e-08,6.8391822068140924e-09,0.01,100000.0,0.01,16.366816709067592,23.430389465091444,30.495271637492333,0.999,tdse_dipole_acceleration,raw_fft_harmonic_order_grid,single_mode_bsv_random_phase_gamma_intensity,shared_fig_iv2_intensity_cases,hhg_intensity_prediction,quantum_light_hhg_bsv_threshold_tdse_dipole_acceleration,shared_normalized_raw_spectrum_for_log_display
BSV - 2e13 W/cm^2,20000000000000.0,0.07999805590187362,1.0,4.896327846391068e-09,1.79394718472565e-09,0.01,100000.0,0.01,16.366816709067592,23.430389465091444,30.495271637492333,0.999,tdse_dipole_acceleration,raw_fft_harmonic_order_grid,single_mode_bsv_random_phase_gamma_intensity,shared_fig_iv2_intensity_cases,hhg_intensity_prediction,quantum_light_hhg_bsv_threshold_tdse_dipole_acceleration,shared_normalized_raw_spectrum_for_log_display
BSV - 2e13 W/cm^2,20000000000000.0,0.11999708385281044,1.0,2.1895565700535356e-08,8.022234147454527e-09,0.01,100000.0,0.01,16.366816709067592,23.430389465091444,30.495271637492333,0.999,tdse_dipole_acceleration,raw_fft_harmonic_order_grid,single_mode_bsv_random_phase_gamma_intensity,shared_fig_iv2_intensity_cases,hhg_intensity_prediction,quantum_light_hhg_bsv_threshold_tdse_dipole_acceleration,shared_normalized_raw_spectrum_for_log_display
BSV - 2e13 W/cm^2,20000000000000.0,0.15999611180374723,1.0,1.4115833954869318e-09,5.171847428896617e-10,0.01,100000.0,0.01,16.366816709067592,23.430389465091444,30.495271637492333,0.999,tdse_dipole_acceleration,raw_fft_harmonic_order_grid,single_mode_bsv_random_phase_gamma_intensity,shared_fig_iv2_intensity_cases,hhg_intensity_prediction,quantum_light_hhg_bsv_threshold_tdse_dipole_acceleration,shared_normalized_raw_spectrum_for_log_display
BSV - 2e13 W/cm^2,20000000000000.0,0.19999513975468405,1.0,5.0240417160959165e-08,1.8407397901628662e-08,0.01,100000.0,0.01,16.366816709067592,23.430389465091444,30.495271637492333,0.999,tdse_dipole_acceleration,raw_fft_harmonic_order_grid,single_mode_bsv_random_phase_gamma_intensity,shared_fig_iv2_intensity_cases,hhg_intensity_prediction,quantum_light_hhg_bsv_threshold_tdse_dipole_acceleration,shared_normalized_raw_spectrum_for_log_display
BSV - 2e13 W/cm^2,20000000000000.0,0.23999416770562088,1.0,4.0958662257082865e-08,1.500669055491876e-08,0.01,100000.0,0.01,16.366816709067592,23.430389465091444,30.495271637492333,0.999,tdse_dipole_acceleration,raw_fft_harmonic_order_grid,single_mode_bsv_random_phase_gamma_intensity,shared_fig_iv2_intensity_cases,hhg_intensity_prediction,quantum_light_hhg_bsv_threshold_tdse_dipole_acceleration,shared_normalized_raw_spectrum_for_log_display
BSV - 2e13 W/cm^2,20000000000000.0,0.2799931956565577,1.0,3.905713444782867e-08,1.4309996916929746e-08,0.01,100000.0,0.01,16.366816709067592,23.430389465091444,30.495271637492333,0.999,tdse_dipole_acceleration,raw_fft_harmonic_order_grid,single_mode_bsv_random_phase_gamma_intensity,shared_fig_iv2_intensity_cases,hhg_intensity_prediction,quantum_light_hhg_bsv_threshold_tdse_dipole_acceleration,shared_normalized_raw_spectrum_for_log_display
BSV - 2e13 W/cm^2,20000000000000.0,0.31999222360749446,1.0,7.057801620421741e-08,2.5858814492252562e-08,0.01,100000.0,0.01,16.366816709067592,23.430389465091444,30.495271637492333,0.999,tdse_dipole_acceleration,raw_fft_harmonic_order_grid,single_mode_bsv_random_phase_gamma_intensity,shared_fig_iv2_intensity_cases,hhg_intensity_prediction,quantum_light_hhg_bsv_threshold_tdse_dipole_acceleration,shared_normalized_raw_spectrum_for_log_display
BSV - 2e13 W/cm^2,20000000000000.0,0.3599912515584313,1.0,9.495492864119597e-09,3.479017995848744e-09,0.01,100000.0,0.01,16.366816709067592,23.430389465091444,30.495271637492333,0.999,tdse_dipole_acceleration,raw_fft_harmonic_order_grid,single_mode_bsv_random_phase_gamma_intensity,shared_fig_iv2_intensity_cases,hhg_intensity_prediction,quantum_light_hhg_bsv_threshold_tdse_dipole_acceleration,shared_normalized_raw_spectrum_for_log_display
BSV - 2e13 W/cm^2,20000000000000.0,0.3999902795093681,1.0,4.8415037086061594e-08,1.7738603746263754e-08,0.01,100000.0,0.01,16.366816709067592,23.430389465091444,30.495271637492333,0.999,tdse_dipole_acceleration,raw_fft_harmonic_order_grid,single_mode_bsv_random_phase_gamma_intensity,shared_fig_iv2_intensity_cases,hhg_intensity_prediction,quantum_light_hhg_bsv_threshold_tdse_dipole_acceleration,shared_normalized_raw_spectrum_for_log_display
BSV - 2e13 W/cm^2,20000000000000.0,0.43998930746030496,1.0,1.6637926142092172e-07,6.095907320478808e-08,0.01,100000.0,0.01,16.366816709067592,23.430389465091444,30.495271637492333,0.999,tdse_dipole_acceleration,raw_fft_harmonic_order_grid,single_mode_bsv_random_phase_gamma_intensity,shared_fig_iv2_intensity_cases,hhg_intensity_prediction,quantum_light_hhg_bsv_threshold_tdse_dipole_acceleration,shared_normalized_raw_spectrum_for_log_display
BSV - 2e13 W/cm^2,20000000000000.0,0.47998833541124175,1.0,1.3039625663099839e-07,4.777539511664054e-08,0.01,100000.0,0.01,16.366816709067592,23.430389465091444,30.495271637492333,0.999,tdse_dipole_acceleration,raw_fft_harmonic_order_grid,single_mode_bsv_random_phase_gamma_intensity,shared_fig_iv2_intensity_cases,hhg_intensity_prediction,quantum_light_hhg_bsv_threshold_tdse_dipole_acceleration,shared_normalized_raw_spectrum_for_log_display
BSV - 2e13 W/cm^2,20000000000000.0,0.5199873633621785,1.0,4.3483575138774605e-07,1.5931783910161917e-07,0.015931783910161916,100000.0,0.01,16.366816709067592,23.430389465091444,30.495271637492333,0.999,tdse_dipole_acceleration,raw_fft_harmonic_order_grid,single_mode_bsv_random_phase_gamma_intensity,shared_fig_iv2_intensity_cases,hhg_intensity_prediction,quantum_light_hhg_bsv_threshold_tdse_dipole_acceleration,shared_normalized_raw_spectrum_for_log_display
BSV - 2e13 W/cm^2,20000000000000.0,0.5599863913131155,1.0,4.4916459546659607e-07,1.645677305104578e-07,0.01645677305104578,100000.0,0.01,16.366816709067592,23.430389465091444,30.495271637492333,0.999,tdse_dipole_acceleration,raw_fft_harmonic_order_grid,single_mode_bsv_random_phase_gamma_intensity,shared_fig_iv2_intensity_cases,hhg_intensity_prediction,quantum_light_hhg_bsv_threshold_tdse_dipole_acceleration,shared_normalized_raw_spectrum_for_log_display
BSV - 2e13 W/cm^2,20000000000000.0,0.5999854192640521,1.0,1.6896379527096007e-06,6.190601086287849e-07,0.06190601086287849,100000.0,0.01,16.366816709067592,23.430389465091444,30.495271637492333,0.999,tdse_dipole_acceleration,raw_fft_harmonic_order_grid,single_mode_bsv_random_phase_gamma_intensity,shared_fig_iv2_intensity_cases,hhg_intensity_prediction,quantum_light_hhg_bsv_threshold_tdse_dipole_acceleration,shared_normalized_raw_spectrum_for_log_display
BSV - 2e13 W/cm^2,20000000000000.0,0.6399844472149889,1.0,6.004575268761108e-06,2.1999937987826697e-06,0.21999937987826698,100000.0,0.01,16.366816709067592,23.430389465091444,30.495271637492333,0.999,tdse_dipole_acceleration,raw_fft_harmonic_order_grid,single_mode_bsv_random_phase_gamma_intensity,shared_fig_iv2_intensity_cases,hhg_intensity_prediction,quantum_light_hhg_bsv_threshold_tdse_dipole_acceleration,shared_normalized_raw_spectrum_for_log_display
BSV - 2e13 W/cm^2,20000000000000.0,0.6799834751659258,1.0,1.990159431386093e-06,7.291670454056292e-07,0.07291670454056291,100000.0,0.01,16.366816709067592,23.430389465091444,30.495271637492333,0.999,tdse_dipole_acceleration,raw_fft_harmonic_order_grid,single_mode_bsv_random_phase_gamma_intensity,shared_fig_iv2_intensity_cases,hhg_intensity_prediction,quantum_light_hhg_bsv_threshold_tdse_dipole_acceleration,shared_normalized_raw_spectrum_for_log_display
BSV - 2e13 W/cm^2,20000000000000.0,0.7199825031168626,1.0,4.5043089870271526e-05,1.6503168660096334e-05,1.6503168660096335,100000.0,0.01,16.366816709067592,23.430389465091444,30.495271637492333,0.999,tdse_dipole_acceleration,raw_fft_harmonic_order_grid,single_mode_bsv_random_phase_gamma_intensity,shared_fig_iv2_intensity_cases,hhg_intensity_prediction,quantum_light_hhg_bsv_threshold_tdse_dipole_acceleration,shared_normalized_raw_spectrum_for_log_display
BSV - 2e13 W/cm^2,20000000000000.0,0.7599815310677994,1.0,2.253136469684471e-05,8.255182155689158e-06,0.8255182155689158,100000.0,0.01,16.366816709067592,23.430389465091444,30.495271637492333,0.999,tdse_dipole_acceleration,raw_fft_harmonic_order_grid,single_mode_bsv_random_phase_gamma_intensity,shared_fig_iv2_intensity_cases,hhg_intensity_prediction,quantum_light_hhg_bsv_threshold_tdse_dipole_acceleration,shared_normalized_raw_spectrum_for_log_display
BSV - 2e13 W/cm^2,20000000000000.0,0.7999805590187362,1.0,0.00020956268368034205,7.678088522789554e-05,7.678088522789554,100000.0,0.01,16.366816709067592,23.430389465091444,30.495271637492333,0.999,tdse_dipole_acceleration,raw_fft_harmonic_order_grid,single_mode_bsv_random_phase_gamma_intensity,shared_fig_iv2_intensity_cases,hhg_intensity_prediction,quantum_light_hhg_bsv_threshold_tdse_dipole_acceleration,shared_normalized_raw_spectrum_for_log_display
BSV - 2e13 W/cm^2,20000000000000.0,0.839979586969673,1.0,0.0013147573797398194,0.0004817090223482434,48.17090223482434,100000.0,0.01,16.366816709067592,23.430389465091444,30.495271637492333,0.999,tdse_dipole_acceleration,raw_fft_harmonic_order_grid,single_mode_bsv_random_phase_gamma_intensity,shared_fig_iv2_intensity_cases,hhg_intensity_prediction,quantum_light_hhg_bsv_threshold_tdse_dipole_acceleration,shared_normalized_raw_spectrum_for_log_display
BSV - 2e13 W/cm^2,20000000000000.0,0.8799786149206099,1.0,0.0018628284281510372,0.000682514716977461,68.2514716977461,100000.0,0.01,16.366816709067592,23.430389465091444,30.495271637492333,0.999,tdse_dipole_acceleration,raw_fft_harmonic_order_grid,single_mode_bsv_random_phase_gamma_intensity,shared_fig_iv2_intensity_cases,hhg_intensity_prediction,quantum_light_hhg_bsv_threshold_tdse_dipole_acceleration,shared_normalized_raw_spectrum_for_log_display
BSV - 2e13 W/cm^2,20000000000000.0,0.9199776428715466,1.0,0.0002322039077934106,8.507631836281511e-05,8.507631836281512,100000.0,0.01,16.366816709067592,23.430389465091444,30.495271637492333,0.999,tdse_dipole_acceleration,raw_fft_harmonic_order_grid,single_mode_bsv_random_phase_gamma_intensity,shared_fig_iv2_intensity_cases,hhg_intensity_prediction,quantum_light_hhg_bsv_threshold_tdse_dipole_acceleration,shared_normalized_raw_spectrum_for_log_display
BSV - 2e13 W/cm^2,20000000000000.0,0.9599766708224835,1.0,2.591464703423419,0.9494770274521,94947.70274521,100000.0,0.01,16.366816709067592,23.430389465091444,30.495271637492333,0.999,tdse_dipole_acceleration,raw_fft_harmonic_order_grid,single_mode_bsv_random_phase_gamma_intensity,shared_fig_iv2_intensity_cases,hhg_intensity_prediction,quantum_light_hhg_bsv_threshold_tdse_dipole_acceleration,shared_normalized_raw_spectrum_for_log_display
BSV - 2e13 W/cm^2,20000000000000.0,0.9999756987734202,1.0,9.435817406396058,3.4571537288431626,345715.37288431625,100000.0,0.01,16.366816709067592,23.430389465091444,30.495271637492333,0.999,tdse_dipole_acceleration,raw_fft_harmonic_order_grid,single_mode_bsv_random_phase_gamma_intensity,shared_fig_iv2_intensity_cases,hhg_intensity_prediction,quantum_light_hhg_bsv_threshold_tdse_dipole_acceleration,shared_normalized_raw_spectrum_for_log_display
BSV - 2e13 W/cm^2,20000000000000.0,1.039974726724357,1.0,2.729360088234631,1.0,100000.0,100000.0,0.01,16.366816709067592,23.430389465091444,30.495271637492333,0.999,tdse_dipole_acceleration,raw_fft_harmonic_order_grid,single_mode_bsv_random_phase_gamma_intensity,shared_fig_iv2_intensity_cases,hhg_intensity_prediction,quantum_light_hhg_bsv_threshold_tdse_dipole_acceleration,shared_normalized_raw_spectrum_for_log_display
BSV - 2e13 W/cm^2,20000000000000.0,1.0799737546752939,1.0,0.0008503064403146614,0.00031154058564131985,31.154058564131986,100000.0,0.01,16.366816709067592,23.430389465091444,30.495271637492333,0.999,tdse_dipole_acceleration,raw_fft_harmonic_order_grid,single_mode_bsv_random_phase_gamma_intensity,shared_fig_iv2_intensity_cases,hhg_intensity_prediction,quantum_light_hhg_bsv_threshold_tdse_dipole_acceleration,shared_normalized_raw_spectrum_for_log_display
BSV - 2e13 W/cm^2,20000000000000.0,1.119972782626231,1.0,0.001066100129322284,0.00039060442552739345,39.060442552739346,100000.0,0.01,16.366816709067592,23.430389465091444,30.495271637492333,0.999,tdse_dipole_acceleration,raw_fft_harmonic_order_grid,single_mode_bsv_random_phase_gamma_intensity,shared_fig_iv2_intensity_cases,hhg_intensity_prediction,quantum_light_hhg_bsv_threshold_tdse_dipole_acceleration,shared_normalized_raw_spectrum_for_log_display
BSV - 2e13 W/cm^2,20000000000000.0,1.1599718105771675,1.0,0.0034671383145509667,0.0012703117956097672,127.03117956097672,100000.0,0.01,16.366816709067592,23.430389465091444,30.495271637492333,0.999,tdse_dipole_acceleration,raw_fft_harmonic_order_grid,single_mode_bsv_random_phase_gamma_intensity,shared_fig_iv2_intensity_cases,hhg_intensity_prediction,quantum_light_hhg_bsv_threshold_tdse_dipole_acceleration,shared_normalized_raw_spectrum_for_log_display
BSV - 2e13 W/cm^2,20000000000000.0,1.1999708385281043,1.0,0.0014966242186062633,0.0005483425309315966,54.83425309315966,100000.0,0.01,16.366816709067592,23.430389465091444,30.495271637492333,0.999,tdse_dipole_acceleration,raw_fft_harmonic_order_grid,single_mode_bsv_random_phase_gamma_intensity,shared_fig_iv2_intensity_cases,hhg_intensity_prediction,quantum_light_hhg_bsv_threshold_tdse_dipole_acceleration,shared_normalized_raw_spectrum_for_log_display
BSV - 2e13 W/cm^2,20000000000000.0,1.239969866479041,1.0,1.3428275017392032e-05,4.919935290061904e-06,0.49199352900619037,100000.0,0.01,16.366816709067592,23.430389465091444,30.495271637492333,0.999,tdse_dipole_acceleration,raw_fft_harmonic_order_grid,single_mode_bsv_random_phase_gamma_intensity,shared_fig_iv2_intensity_cases,hhg_intensity_prediction,quantum_light_hhg_bsv_threshold_tdse_dipole_acceleration,shared_normalized_raw_spectrum_for_log_display
BSV - 2e13 W/cm^2,20000000000000.0,1.2799688944299779,1.0,0.00044207971241485373,0.00016197192679724204,16.197192679724203,100000.0,0.01,16.366816709067592,23.430389465091444,30.495271637492333,0.999,tdse_dipole_acceleration,raw_fft_harmonic_order_grid,single_mode_bsv_random_phase_gamma_intensity,shared_fig_iv2_intensity_cases,hhg_intensity_prediction,quantum_light_hhg_bsv_threshold_tdse_dipole_acceleration,shared_normalized_raw_spectrum_for_log_display
BSV - 2e13 W/cm^2,20000000000000.0,1.3199679223809149,1.0,0.00011734578986229757,4.299388357297979e-05,4.299388357297979,100000.0,0.01,16.366816709067592,23.430389465091444,30.495271637492333,0.999,tdse_dipole_acceleration,raw_fft_harmonic_order_grid,single_mode_bsv_random_phase_gamma_intensity,shared_fig_iv2_intensity_cases,hhg_intensity_prediction,quantum_light_hhg_bsv_threshold_tdse_dipole_acceleration,shared_normalized_raw_spectrum_for_log_display
BSV - 2e13 W/cm^2,20000000000000.0,1.3599669503318517,1.0,7.552853775926317e-05,2.767261750651434e-05,2.767261750651434,100000.0,0.01,16.366816709067592,23.430389465091444,30.495271637492333,0.999,tdse_dipole_acceleration,raw_fft_harmonic_order_grid,single_mode_bsv_random_phase_gamma_intensity,shared_fig_iv2_intensity_cases,hhg_intensity_prediction,quantum_light_hhg_bsv_threshold_tdse_dipole_acceleration,shared_normalized_raw_spectrum_for_log_display
BSV - 2e13 W/cm^2,20000000000000.0,1.3999659782827885,1.0,0.00017576112175097787,6.43964578029209e-05,6.439645780292089,100000.0,0.01,16.366816709067592,23.430389465091444,30.495271637492333,0.999,tdse_dipole_acceleration,raw_fft_harmonic_order_grid,single_mode_bsv_random_phase_gamma_intensity,shared_fig_iv2_intensity_cases,hhg_intensity_prediction,quantum_light_hhg_bsv_threshold_tdse_dipole_acceleration,shared_normalized_raw_spectrum_for_log_display
BSV - 2e13 W/cm^2,20000000000000.0,1.4399650062337253,1.0,3.3457696184088733e-06,1.2258439745020748e-06,0.12258439745020748,100000.0,0.01,16.366816709067592,23.430389465091444,30.495271637492333,0.999,tdse_dipole_acceleration,raw_fft_harmonic_order_grid,single_mode_bsv_random_phase_gamma_intensity,shared_fig_iv2_intensity_cases,hhg_intensity_prediction,quantum_light_hhg_bsv_threshold_tdse_dipole_acceleration,shared_normalized_raw_spectrum_for_log_display
BSV - 2e13 W/cm^2,20000000000000.0,1.4799640341846618,1.0,8.229077070902174e-05,3.0150206659703877e-05,3.0150206659703875,100000.0,0.01,16.366816709067592,23.430389465091444,30.495271637492333,0.999,tdse_dipole_acceleration,raw_fft_harmonic_order_grid,single_mode_bsv_random_phase_gamma_intensity,shared_fig_iv2_intensity_cases,hhg_intensity_prediction,quantum_light_hhg_bsv_threshold_tdse_dipole_acceleration,shared_normalized_raw_spectrum_for_log_display
BSV - 2e13 W/cm^2,20000000000000.0,1.5199630621355988,1.0,4.089511227000421e-05,1.4983406713643069e-05,1.4983406713643068,100000.0,0.01,16.366816709067592,23.430389465091444,30.495271637492333,0.999,tdse_dipole_acceleration,raw_fft_harmonic_order_grid,single_mode_bsv_random_phase_gamma_intensity,shared_fig_iv2_intensity_cases,hhg_intensity_prediction,quantum_light_hhg_bsv_threshold_tdse_dipole_acceleration,shared_normalized_raw_spectrum_for_log_display
BSV - 2e13 W/cm^2,20000000000000.0,1.5599620900865356,1.0,1.468460824608412e-05,5.380238506961618e-06,0.5380238506961618,100000.0,0.01,16.366816709067592,23.430389465091444,30.495271637492333,0.999,tdse_dipole_acceleration,raw_fft_harmonic_order_grid,single_mode_bsv_random_phase_gamma_intensity,shared_fig_iv2_intensity_cases,hhg_intensity_prediction,quantum_light_hhg_bsv_threshold_tdse_dipole_acceleration,shared_normalized_raw_spectrum_for_log_display
BSV - 2e13 W/cm^2,20000000000000.0,1.5999611180374724,1.0,5.7295572153269586e-05,2.0992309662712463e-05,2.099230966271246,100000.0,0.01,16.366816709067592,23.430389465091444,30.495271637492333,0.999,tdse_dipole_acceleration,raw_fft_harmonic_order_grid,single_mode_bsv_random_phase_gamma_intensity,shared_fig_iv2_intensity_cases,hhg_intensity_prediction,quantum_light_hhg_bsv_threshold_tdse_dipole_acceleration,shared_normalized_raw_spectrum_for_log_display
BSV - 2e13 W/cm^2,20000000000000.0,1.6399601459884094,1.0,1.9476539925699867e-06,7.135936371919847e-07,0.07135936371919847,100000.0,0.01,16.366816709067592,23.430389465091444,30.495271637492333,0.999,tdse_dipole_acceleration,raw_fft_harmonic_order_grid,single_mode_bsv_random_phase_gamma_intensity,shared_fig_iv2_intensity_cases,hhg_intensity_prediction,quantum_light_hhg_bsv_threshold_tdse_dipole_acceleration,shared_normalized_raw_spectrum_for_log_display
BSV - 2e13 W/cm^2,20000000000000.0,1.679959173939346,1.0,3.10564049757742e-05,1.1378639670759492e-05,1.1378639670759492,100000.0,0.01,16.366816709067592,23.430389465091444,30.495271637492333,0.999,tdse_dipole_acceleration,raw_fft_harmonic_order_grid,single_mode_bsv_random_phase_gamma_intensity,shared_fig_iv2_intensity_cases,hhg_intensity_prediction,quantum_light_hhg_bsv_threshold_tdse_dipole_acceleration,shared_normalized_raw_spectrum_for_log_display
BSV - 2e13 W/cm^2,20000000000000.0,1.719958201890283,1.0,2.0090465736902927e-05,7.3608703459489585e-06,0.7360870345948959,100000.0,0.01,16.366816709067592,23.430389465091444,30.495271637492333,0.999,tdse_dipole_acceleration,raw_fft_harmonic_order_grid,single_mode_bsv_random_phase_gamma_intensity,shared_fig_iv2_intensity_cases,hhg_intensity_prediction,quantum_light_hhg_bsv_threshold_tdse_dipole_acceleration,shared_normalized_raw_spectrum_for_log_display
BSV - 2e13 W/cm^2,20000000000000.0,1.7599572298412198,1.0,5.287636566782544e-06,1.9373173182885604e-06,0.19373173182885603,100000.0,0.01,16.366816709067592,23.430389465091444,30.495271637492333,0.999,tdse_dipole_acceleration,raw_fft_harmonic_order_grid,single_mode_bsv_random_phase_gamma_intensity,shared_fig_iv2_intensity_cases,hhg_intensity_prediction,quantum_light_hhg_bsv_threshold_tdse_dipole_acceleration,shared_normalized_raw_spectrum_for_log_display
BSV - 2e13 W/cm^2,20000000000000.0,1.7999562577921564,1.0,2.892359485210962e-05,1.0597207373548723e-05,1.0597207373548723,100000.0,0.01,16.366816709067592,23.430389465091444,30.495271637492333,0.999,tdse_dipole_acceleration,raw_fft_harmonic_order_grid,single_mode_bsv_random_phase_gamma_intensity,shared_fig_iv2_intensity_cases,hhg_intensity_prediction,quantum_light_hhg_bsv_threshold_tdse_dipole_acceleration,shared_normalized_raw_spectrum_for_log_display
BSV - 2e13 W/cm^2,20000000000000.0,1.8399552857430932,1.0,1.2652717415294992e-06,4.6357816507380885e-07,0.04635781650738088,100000.0,0.01,16.366816709067592,23.430389465091444,30.495271637492333,0.999,tdse_dipole_acceleration,raw_fft_harmonic_order_grid,single_mode_bsv_random_phase_gamma_intensity,shared_fig_iv2_intensity_cases,hhg_intensity_prediction,quantum_light_hhg_bsv_threshold_tdse_dipole_acceleration,shared_normalized_raw_spectrum_for_log_display
BSV - 2e13 W/cm^2,20000000000000.0,1.87995431369403,1.0,1.6285751852917805e-05,5.966875504306045e-06,0.5966875504306045,100000.0,0.01,16.366816709067592,23.430389465091444,30.495271637492333,0.999,tdse_dipole_acceleration,raw_fft_harmonic_order_grid,single_mode_bsv_random_phase_gamma_intensity,shared_fig_iv2_intensity_cases,hhg_intensity_prediction,quantum_light_hhg_bsv_threshold_tdse_dipole_acceleration,shared_normalized_raw_spectrum_for_log_display
BSV - 2e13 W/cm^2,20000000000000.0,1.919953341644967,1.0,1.1923740418776303e-05,4.368694504684672e-06,0.43686945046846715,100000.0,0.01,16.366816709067592,23.430389465091444,30.495271637492333,0.999,tdse_dipole_acceleration,raw_fft_harmonic_order_grid,single_mode_bsv_random_phase_gamma_intensity,shared_fig_iv2_intensity_cases,hhg_intensity_prediction,quantum_light_hhg_bsv_threshold_tdse_dipole_acceleration,shared_normalized_raw_spectrum_for_log_display
BSV - 2e13 W/cm^2,20000000000000.0,1.9599523695959038,1.0,2.852010550904847e-06,1.0449374427357246e-06,0.10449374427357246,100000.0,0.01,16.366816709067592,23.430389465091444,30.495271637492333,0.999,tdse_dipole_acceleration,raw_fft_harmonic_order_grid,single_mode_bsv_random_phase_gamma_intensity,shared_fig_iv2_intensity_cases,hhg_intensity_prediction,quantum_light_hhg_bsv_threshold_tdse_dipole_acceleration,shared_normalized_raw_spectrum_for_log_display
BSV - 2e13 W/cm^2,20000000000000.0,1.9999513975468404,1.0,1.6381941918155958e-05,6.002118221327077e-06,0.6002118221327077,100000.0,0.01,16.366816709067592,23.430389465091444,30.495271637492333,0.999,tdse_dipole_acceleration,raw_fft_harmonic_order_grid,single_mode_bsv_random_phase_gamma_intensity,shared_fig_iv2_intensity_cases,hhg_intensity_prediction,quantum_light_hhg_bsv_threshold_tdse_dipole_acceleration,shared_normalized_raw_spectrum_for_log_display
BSV - 2e13 W/cm^2,20000000000000.0,2.0399504254977776,3.0,1.3341565998085631e-06,4.888166297879386e-07,0.04888166297879386,100000.0,0.01,16.366816709067592,23.430389465091444,30.495271637492333,0.999,tdse_dipole_acceleration,raw_fft_harmonic_order_grid,single_mode_bsv_random_phase_gamma_intensity,shared_fig_iv2_intensity_cases,hhg_intensity_prediction,quantum_light_hhg_bsv_threshold_tdse_dipole_acceleration,shared_normalized_raw_spectrum_for_log_display
BSV - 2e13 W/cm^2,20000000000000.0,2.079949453448714,3.0,1.0277113924358945e-05,3.7653932028464054e-06,0.37653932028464054,100000.0,0.01,16.366816709067592,23.430389465091444,30.495271637492333,0.999,tdse_dipole_acceleration,raw_fft_harmonic_order_grid,single_mode_bsv_random_phase_gamma_intensity,shared_fig_iv2_intensity_cases,hhg_intensity_prediction,quantum_light_hhg_bsv_threshold_tdse_dipole_acceleration,shared_normalized_raw_spectrum_for_log_display
BSV - 2e13 W/cm^2,20000000000000.0,2.1199484813996508,3.0,9.298518937147619e-06,3.4068494579482054e-06,0.34068494579482056,100000.0,0.01,16.366816709067592,23.430389465091444,30.495271637492333,0.999,tdse_dipole_acceleration,raw_fft_harmonic_order_grid,single_mode_bsv_random_phase_gamma_intensity,shared_fig_iv2_intensity_cases,hhg_intensity_prediction,quantum_light_hhg_bsv_threshold_tdse_dipole_acceleration,shared_normalized_raw_spectrum_for_log_display
BSV - 2e13 W/cm^2,20000000000000.0,2.1599475093505878,3.0,2.3786427688155992e-06,8.715019975081859e-07,0.08715019975081859,100000.0,0.01,16.366816709067592,23.430389465091444,30.495271637492333,0.999,tdse_dipole_acceleration,raw_fft_harmonic_order_grid,single_mode_bsv_random_phase_gamma_intensity,shared_fig_iv2_intensity_cases,hhg_intensity_prediction,quantum_light_hhg_bsv_threshold_tdse_dipole_acceleration,shared_normalized_raw_spectrum_for_log_display
BSV - 2e13 W/cm^2,20000000000000.0,2.199946537301525,3.0,1.1121739365268094e-05,4.074852348435164e-06,0.4074852348435164,100000.0,0.01,16.366816709067592,23.430389465091444,30.495271637492333,0.999,tdse_dipole_acceleration,raw_fft_harmonic_order_grid,single_mode_bsv_random_phase_gamma_intensity,shared_fig_iv2_intensity_cases,hhg_intensity_prediction,quantum_light_hhg_bsv_threshold_tdse_dipole_acceleration,shared_normalized_raw_spectrum_for_log_display
BSV - 2e13 W/cm^2,20000000000000.0,2.239945565252462,3.0,5.129055199672494e-07,1.8792152863164355e-07,0.018792152863164355,100000.0,0.01,16.366816709067592,23.430389465091444,30.495271637492333,0.999,tdse_dipole_acceleration,raw_fft_harmonic_order_grid,single_mode_bsv_random_phase_gamma_intensity,shared_fig_iv2_intensity_cases,hhg_intensity_prediction,quantum_light_hhg_bsv_threshold_tdse_dipole_acceleration,shared_normalized_raw_spectrum_for_log_display
BSV - 2e13 W/cm^2,20000000000000.0,2.2799445932033984,3.0,6.671711405018361e-06,2.444423304120956e-06,0.2444423304120956,100000.0,0.01,16.366816709067592,23.430389465091444,30.495271637492333,0.999,tdse_dipole_acceleration,raw_fft_harmonic_order_grid,single_mode_bsv_random_phase_gamma_intensity,shared_fig_iv2_intensity_cases,hhg_intensity_prediction,quantum_light_hhg_bsv_threshold_tdse_dipole_acceleration,shared_normalized_raw_spectrum_for_log_display
BSV - 2e13 W/cm^2,20000000000000.0,2.319943621154335,3.0,4.740459111557175e-06,1.7368390239132341e-06,0.17368390239132342,100000.0,0.01,16.366816709067592,23.430389465091444,30.495271637492333,0.999,tdse_dipole_acceleration,raw_fft_harmonic_order_grid,single_mode_bsv_random_phase_gamma_intensity,shared_fig_iv2_intensity_cases,hhg_intensity_prediction,quantum_light_hhg_bsv_threshold_tdse_dipole_acceleration,shared_normalized_raw_spectrum_for_log_display
BSV - 2e13 W/cm^2,20000000000000.0,2.359942649105272,3.0,1.6387793761856773e-06,6.004262256379851e-07,0.060042622563798505,100000.0,0.01,16.366816709067592,23.430389465091444,30.495271637492333,0.999,tdse_dipole_acceleration,raw_fft_harmonic_order_grid,single_mode_bsv_random_phase_gamma_intensity,shared_fig_iv2_intensity_cases,hhg_intensity_prediction,quantum_light_hhg_bsv_threshold_tdse_dipole_acceleration,shared_normalized_raw_spectrum_for_log_display
BSV - 2e13 W/cm^2,20000000000000.0,2.3999416770562085,3.0,6.4510435707760186e-06,2.363573644454e-06,0.2363573644454,100000.0,0.01,16.366816709067592,23.430389465091444,30.495271637492333,0.999,tdse_dipole_acceleration,raw_fft_harmonic_order_grid,single_mode_bsv_random_phase_gamma_intensity,shared_fig_iv2_intensity_cases,hhg_intensity_prediction,quantum_light_hhg_bsv_threshold_tdse_dipole_acceleration,shared_normalized_raw_spectrum_for_log_display
BSV - 2e13 W/cm^2,20000000000000.0,2.439940705007145,3.0,4.887032751015401e-07,1.7905415896135447e-07,0.017905415896135448,100000.0,0.01,16.366816709067592,23.430389465091444,30.495271637492333,0.999,tdse_dipole_acceleration,raw_fft_harmonic_order_grid,single_mode_bsv_random_phase_gamma_intensity,shared_fig_iv2_intensity_cases,hhg_intensity_prediction,quantum_light_hhg_bsv_threshold_tdse_dipole_acceleration,shared_normalized_raw_spectrum_for_log_display
BSV - 2e13 W/cm^2,20000000000000.0,2.479939732958082,3.0,4.3314536395587716e-06,1.5869850439413385e-06,0.15869850439413385,100000.0,0.01,16.366816709067592,23.430389465091444,30.495271637492333,0.999,tdse_dipole_acceleration,raw_fft_harmonic_order_grid,single_mode_bsv_random_phase_gamma_intensity,shared_fig_iv2_intensity_cases,hhg_intensity_prediction,quantum_light_hhg_bsv_threshold_tdse_dipole_acceleration,shared_normalized_raw_spectrum_for_log_display
BSV - 2e13 W/cm^2,20000000000000.0,2.519938760909019,3.0,2.2175044417199114e-06,8.124631305626692e-07,0.08124631305626692,100000.0,0.01,16.366816709067592,23.430389465091444,30.495271637492333,0.999,tdse_dipole_acceleration,raw_fft_harmonic_order_grid,single_mode_bsv_random_phase_gamma_intensity,shared_fig_iv2_intensity_cases,hhg_intensity_prediction,quantum_light_hhg_bsv_threshold_tdse_dipole_acceleration,shared_normalized_raw_spectrum_for_log_display
BSV - 2e13 W/cm^2,20000000000000.0,2.5599377888599557,3.0,1.9251226637093394e-06,7.053384681661855e-07,0.07053384681661855,100000.0,0.01,16.366816709067592,23.430389465091444,30.495271637492333,0.999,tdse_dipole_acceleration,raw_fft_harmonic_order_grid,single_mode_bsv_random_phase_gamma_intensity,shared_fig_iv2_intensity_cases,hhg_intensity_prediction,quantum_light_hhg_bsv_threshold_tdse_dipole_acceleration,shared_normalized_raw_spectrum_for_log_display
BSV - 2e13 W/cm^2,20000000000000.0,2.5999368168108927,3.0,3.2321884457014954e-06,1.1842293948806503e-06,0.11842293948806504,100000.0,0.01,16.366816709067592,23.430389465091444,30.495271637492333,0.999,tdse_dipole_acceleration,raw_fft_harmonic_order_grid,single_mode_bsv_random_phase_gamma_intensity,shared_fig_iv2_intensity_cases,hhg_intensity_prediction,quantum_light_hhg_bsv_threshold_tdse_dipole_acceleration,shared_normalized_raw_spectrum_for_log_display
BSV - 2e13 W/cm^2,20000000000000.0,2.6399358447618297,3.0,6.1548105203166395e-06,2.2550379287980333e-06,0.22550379287980332,100000.0,0.01,16.366816709067592,23.430389465091444,30.495271637492333,0.999,tdse_dipole_acceleration,raw_fft_harmonic_order_grid,single_mode_bsv_random_phase_gamma_intensity,shared_fig_iv2_intensity_cases,hhg_intensity_prediction,quantum_light_hhg_bsv_threshold_tdse_dipole_acceleration,shared_normalized_raw_spectrum_for_log_display
BSV - 2e13 W/cm^2,20000000000000.0,2.6799348727127663,3.0,7.953126129430586e-06,2.913916036111865e-06,0.2913916036111865,100000.0,0.01,16.366816709067592,23.430389465091444,30.495271637492333,0.999,tdse_dipole_acceleration,raw_fft_harmonic_order_grid,single_mode_bsv_random_phase_gamma_intensity,shared_fig_iv2_intensity_cases,hhg_intensity_prediction,quantum_light_hhg_bsv_threshold_tdse_dipole_acceleration,shared_normalized_raw_spectrum_for_log_display
BSV - 2e13 W/cm^2,20000000000000.0,2.7199339006637033,3.0,4.5348124988922587e-05,1.6614929332484696e-05,1.6614929332484696,100000.0,0.01,16.366816709067592,23.430389465091444,30.495271637492333,0.999,tdse_dipole_acceleration,raw_fft_harmonic_order_grid,single_mode_bsv_random_phase_gamma_intensity,shared_fig_iv2_intensity_cases,hhg_intensity_prediction,quantum_light_hhg_bsv_threshold_tdse_dipole_acceleration,shared_normalized_raw_spectrum_for_log_display
BSV - 2e13 W/cm^2,20000000000000.0,2.7599329286146403,3.0,2.136766826435279e-05,7.828819786902338e-06,0.7828819786902338,100000.0,0.01,16.366816709067592,23.430389465091444,30.495271637492333,0.999,tdse_dipole_acceleration,raw_fft_harmonic_order_grid,single_mode_bsv_random_phase_gamma_intensity,shared_fig_iv2_intensity_cases,hhg_intensity_prediction,quantum_light_hhg_bsv_threshold_tdse_dipole_acceleration,shared_normalized_raw_spectrum_for_log_display
BSV - 2e13 W/cm^2,20000000000000.0,2.799931956565577,3.0,1.3145343459584487e-05,4.81627305838087e-06,0.48162730583808705,100000.0,0.01,16.366816709067592,23.430389465091444,30.495271637492333,0.999,tdse_dipole_acceleration,raw_fft_harmonic_order_grid,single_mode_bsv_random_phase_gamma_intensity,shared_fig_iv2_intensity_cases,hhg_intensity_prediction,quantum_light_hhg_bsv_threshold_tdse_dipole_acceleration,shared_normalized_raw_spectrum_for_log_display
BSV - 2e13 W/cm^2,20000000000000.0,2.8399309845165135,3.0,0.0001670507387974366,6.120509328085257e-05,6.120509328085257,100000.0,0.01,16.366816709067592,23.430389465091444,30.495271637492333,0.999,tdse_dipole_acceleration,raw_fft_harmonic_order_grid,single_mode_bsv_random_phase_gamma_intensity,shared_fig_iv2_intensity_cases,hhg_intensity_prediction,quantum_light_hhg_bsv_threshold_tdse_dipole_acceleration,shared_normalized_raw_spectrum_for_log_display
BSV - 2e13 W/cm^2,20000000000000.0,2.8799300124674505,3.0,0.00039504850798212615,0.00014474034030359338,14.474034030359338,100000.0,0.01,16.366816709067592,23.430389465091444,30.495271637492333,0.999,tdse_dipole_acceleration,raw_fft_harmonic_order_grid,single_mode_bsv_random_phase_gamma_intensity,shared_fig_iv2_intensity_cases,hhg_intensity_prediction,quantum_light_hhg_bsv_threshold_tdse_dipole_acceleration,shared_normalized_raw_spectrum_for_log_display
BSV - 2e13 W/cm^2,20000000000000.0,2.919929040418387,3.0,3.446031152516138e-05,1.2625784217226737e-05,1.2625784217226736,100000.0,0.01,16.366816709067592,23.430389465091444,30.495271637492333,0.999,tdse_dipole_acceleration,raw_fft_harmonic_order_grid,single_mode_bsv_random_phase_gamma_intensity,shared_fig_iv2_intensity_cases,hhg_intensity_prediction,quantum_light_hhg_bsv_threshold_tdse_dipole_acceleration,shared_normalized_raw_spectrum_for_log_display
BSV - 2e13 W/cm^2,20000000000000.0,2.9599280683693237,3.0,0.07058153435075833,0.025860103492760807,2586.010349276081,100000.0,0.01,16.366816709067592,23.430389465091444,30.495271637492333,0.999,tdse_dipole_acceleration,raw_fft_harmonic_order_grid,single_mode_bsv_random_phase_gamma_intensity,shared_fig_iv2_intensity_cases,hhg_intensity_prediction,quantum_light_hhg_bsv_threshold_tdse_dipole_acceleration,shared_normalized_raw_spectrum_for_log_display
BSV - 2e13 W/cm^2,20000000000000.0,2.9999270963202607,3.0,0.221403413270526,0.08111916570661487,8111.916570661487,100000.0,0.01,16.366816709067592,23.430389465091444,30.495271637492333,0.999,tdse_dipole_acceleration,raw_fft_harmonic_order_grid,single_mode_bsv_random_phase_gamma_intensity,shared_fig_iv2_intensity_cases,hhg_intensity_prediction,quantum_light_hhg_bsv_threshold_tdse_dipole_acceleration,shared_normalized_raw_spectrum_for_log_display
BSV - 2e13 W/cm^2,20000000000000.0,3.0399261242711977,3.0,0.07244174218170975,0.026541658058964863,2654.1658058964863,100000.0,0.01,16.366816709067592,23.430389465091444,30.495271637492333,0.999,tdse_dipole_acceleration,raw_fft_harmonic_order_grid,single_mode_bsv_random_phase_gamma_intensity,shared_fig_iv2_intensity_cases,hhg_intensity_prediction,quantum_light_hhg_bsv_threshold_tdse_dipole_acceleration,shared_normalized_raw_spectrum_for_log_display
BSV - 2e13 W/cm^2,20000000000000.0,3.0799251522221343,3.0,9.637333892590406e-06,3.530986597969893e-06,0.3530986597969893,100000.0,0.01,16.366816709067592,23.430389465091444,30.495271637492333,0.999,tdse_dipole_acceleration,raw_fft_harmonic_order_grid,single_mode_bsv_random_phase_gamma_intensity,shared_fig_iv2_intensity_cases,hhg_intensity_prediction,quantum_light_hhg_bsv_threshold_tdse_dipole_acceleration,shared_normalized_raw_spectrum_for_log_display
BSV - 2e13 W/cm^2,20000000000000.0,3.1199241801730713,3.0,0.00028419330470420715,0.00010412451839142462,10.412451839142461,100000.0,0.01,16.366816709067592,23.430389465091444,30.495271637492333,0.999,tdse_dipole_acceleration,raw_fft_harmonic_order_grid,single_mode_bsv_random_phase_gamma_intensity,shared_fig_iv2_intensity_cases,hhg_intensity_prediction,quantum_light_hhg_bsv_threshold_tdse_dipole_acceleration,shared_normalized_raw_spectrum_for_log_display
BSV - 2e13 W/cm^2,20000000000000.0,3.1599232081240083,3.0,0.00032882939233934953,0.00012047856702998784,12.047856702998784,100000.0,0.01,16.366816709067592,23.430389465091444,30.495271637492333,0.999,tdse_dipole_acceleration,raw_fft_harmonic_order_grid,single_mode_bsv_random_phase_gamma_intensity,shared_fig_iv2_intensity_cases,hhg_intensity_prediction,quantum_light_hhg_bsv_threshold_tdse_dipole_acceleration,shared_normalized_raw_spectrum_for_log_display
BSV - 2e13 W/cm^2,20000000000000.0,3.199922236074945,3.0,3.9912431903092656e-05,1.4623366141808094e-05,1.4623366141808094,100000.0,0.01,16.366816709067592,23.430389465091444,30.495271637492333,0.999,tdse_dipole_acceleration,raw_fft_harmonic_order_grid,single_mode_bsv_random_phase_gamma_intensity,shared_fig_iv2_intensity_cases,hhg_intensity_prediction,quantum_light_hhg_bsv_threshold_tdse_dipole_acceleration,shared_normalized_raw_spectrum_for_log_display
BSV - 2e13 W/cm^2,20000000000000.0,3.239921264025882,3.0,2.7419310484034143e-05,1.0046058269200068e-05,1.0046058269200069,100000.0,0.01,16.366816709067592,23.430389465091444,30.495271637492333,0.999,tdse_dipole_acceleration,raw_fft_harmonic_order_grid,single_mode_bsv_random_phase_gamma_intensity,shared_fig_iv2_intensity_cases,hhg_intensity_prediction,quantum_light_hhg_bsv_threshold_tdse_dipole_acceleration,shared_normalized_raw_spectrum_for_log_display
BSV - 2e13 W/cm^2,20000000000000.0,3.279920291976819,3.0,4.988582363063824e-05,1.8277479708771127e-05,1.8277479708771127,100000.0,0.01,16.366816709067592,23.430389465091444,30.495271637492333,0.999,tdse_dipole_acceleration,raw_fft_harmonic_order_grid,single_mode_bsv_random_phase_gamma_intensity,shared_fig_iv2_intensity_cases,hhg_intensity_prediction,quantum_light_hhg_bsv_threshold_tdse_dipole_acceleration,shared_normalized_raw_spectrum_for_log_display
BSV - 2e13 W/cm^2,20000000000000.0,3.3199193199277555,3.0,1.1087538269557191e-05,4.06232153732734e-06,0.40623215373273397,100000.0,0.01,16.366816709067592,23.430389465091444,30.495271637492333,0.999,tdse_dipole_acceleration,raw_fft_harmonic_order_grid,single_mode_bsv_random_phase_gamma_intensity,shared_fig_iv2_intensity_cases,hhg_intensity_prediction,quantum_light_hhg_bsv_threshold_tdse_dipole_acceleration,shared_normalized_raw_spectrum_for_log_display
BSV - 2e13 W/cm^2,20000000000000.0,3.359918347878692,3.0,2.0672654389422757e-05,7.574176261511164e-06,0.7574176261511164,100000.0,0.01,16.366816709067592,23.430389465091444,30.495271637492333,0.999,tdse_dipole_acceleration,raw_fft_harmonic_order_grid,single_mode_bsv_random_phase_gamma_intensity,shared_fig_iv2_intensity_cases,hhg_intensity_prediction,quantum_light_hhg_bsv_threshold_tdse_dipole_acceleration,shared_normalized_raw_spectrum_for_log_display
BSV - 2e13 W/cm^2,20000000000000.0,3.399917375829629,3.0,7.745735995275777e-06,2.837931143151497e-06,0.2837931143151497,100000.0,0.01,16.366816709067592,23.430389465091444,30.495271637492333,0.999,tdse_dipole_acceleration,raw_fft_harmonic_order_grid,single_mode_bsv_random_phase_gamma_intensity,shared_fig_iv2_intensity_cases,hhg_intensity_prediction,quantum_light_hhg_bsv_threshold_tdse_dipole_acceleration,shared_normalized_raw_spectrum_for_log_display
BSV - 2e13 W/cm^2,20000000000000.0,3.439916403780566,3.0,7.668310336927073e-07,2.8095634467517215e-07,0.028095634467517214,100000.0,0.01,16.366816709067592,23.430389465091444,30.495271637492333,0.999,tdse_dipole_acceleration,raw_fft_harmonic_order_grid,single_mode_bsv_random_phase_gamma_intensity,shared_fig_iv2_intensity_cases,hhg_intensity_prediction,quantum_light_hhg_bsv_threshold_tdse_dipole_acceleration,shared_normalized_raw_spectrum_for_log_display
BSV - 2e13 W/cm^2,20000000000000.0,3.4799154317315026,3.0,5.251093964015862e-06,1.9239286111977644e-06,0.19239286111977644,100000.0,0.01,16.366816709067592,23.430389465091444,30.495271637492333,0.999,tdse_dipole_acceleration,raw_fft_harmonic_order_grid,single_mode_bsv_random_phase_gamma_intensity,shared_fig_iv2_intensity_cases,hhg_intensity_prediction,quantum_light_hhg_bsv_threshold_tdse_dipole_acceleration,shared_normalized_raw_spectrum_for_log_display
BSV - 2e13 W/cm^2,20000000000000.0,3.5199144596824397,3.0,1.789359943177575e-06,6.55596874480181e-07,0.0655596874480181,100000.0,0.01,16.366816709067592,23.430389465091444,30.495271637492333,0.999,tdse_dipole_acceleration,raw_fft_harmonic_order_grid,single_mode_bsv_random_phase_gamma_intensity,shared_fig_iv2_intensity_cases,hhg_intensity_prediction,quantum_light_hhg_bsv_threshold_tdse_dipole_acceleration,shared_normalized_raw_spectrum_for_log_display
BSV - 2e13 W/cm^2,20000000000000.0,3.5599134876333767,3.0,1.7335128192800234e-06,6.35135256338152e-07,0.0635135256338152,100000.0,0.01,16.366816709067592,23.430389465091444,30.495271637492333,0.999,tdse_dipole_acceleration,raw_fft_harmonic_order_grid,single_mode_bsv_random_phase_gamma_intensity,shared_fig_iv2_intensity_cases,hhg_intensity_prediction,quantum_light_hhg_bsv_threshold_tdse_dipole_acceleration,shared_normalized_raw_spectrum_for_log_display
BSV - 2e13 W/cm^2,20000000000000.0,3.599912515584313,3.0,2.1316027914977387e-06,7.809899473090318e-07,0.07809899473090318,100000.0,0.01,16.366816709067592,23.430389465091444,30.495271637492333,0.999,tdse_dipole_acceleration,raw_fft_harmonic_order_grid,single_mode_bsv_random_phase_gamma_intensity,shared_fig_iv2_intensity_cases,hhg_intensity_prediction,quantum_light_hhg_bsv_threshold_tdse_dipole_acceleration,shared_normalized_raw_spectrum_for_log_display
BSV - 2e13 W/cm^2,20000000000000.0,3.6399115435352494,3.0,7.205008188542078e-07,2.639815911282826e-07,0.02639815911282826,100000.0,0.01,16.366816709067592,23.430389465091444,30.495271637492333,0.999,tdse_dipole_acceleration,raw_fft_harmonic_order_grid,single_mode_bsv_random_phase_gamma_intensity,shared_fig_iv2_intensity_cases,hhg_intensity_prediction,quantum_light_hhg_bsv_threshold_tdse_dipole_acceleration,shared_normalized_raw_spectrum_for_log_display
BSV - 2e13 W/cm^2,20000000000000.0,3.6799105714861864,3.0,8.824786343540292e-07,3.2332803507976206e-07,0.03233280350797621,100000.0,0.01,16.366816709067592,23.430389465091444,30.495271637492333,0.999,tdse_dipole_acceleration,raw_fft_harmonic_order_grid,single_mode_bsv_random_phase_gamma_intensity,shared_fig_iv2_intensity_cases,hhg_intensity_prediction,quantum_light_hhg_bsv_threshold_tdse_dipole_acceleration,shared_normalized_raw_spectrum_for_log_display
BSV - 2e13 W/cm^2,20000000000000.0,3.7199095994371234,3.0,1.7960462673243984e-06,6.580466516919333e-07,0.06580466516919332,100000.0,0.01,16.366816709067592,23.430389465091444,30.495271637492333,0.999,tdse_dipole_acceleration,raw_fft_harmonic_order_grid,single_mode_bsv_random_phase_gamma_intensity,shared_fig_iv2_intensity_cases,hhg_intensity_prediction,quantum_light_hhg_bsv_threshold_tdse_dipole_acceleration,shared_normalized_raw_spectrum_for_log_display
BSV - 2e13 W/cm^2,20000000000000.0,3.75990862738806,3.0,5.908821247337799e-07,2.1649108422185748e-07,0.02164910842218575,100000.0,0.01,16.366816709067592,23.430389465091444,30.495271637492333,0.999,tdse_dipole_acceleration,raw_fft_harmonic_order_grid,single_mode_bsv_random_phase_gamma_intensity,shared_fig_iv2_intensity_cases,hhg_intensity_prediction,quantum_light_hhg_bsv_threshold_tdse_dipole_acceleration,shared_normalized_raw_spectrum_for_log_display
BSV - 2e13 W/cm^2,20000000000000.0,3.799907655338997,3.0,2.869531404314324e-06,1.0513568424642557e-06,0.10513568424642557,100000.0,0.01,16.366816709067592,23.430389465091444,30.495271637492333,0.999,tdse_dipole_acceleration,raw_fft_harmonic_order_grid,single_mode_bsv_random_phase_gamma_intensity,shared_fig_iv2_intensity_cases,hhg_intensity_prediction,quantum_light_hhg_bsv_threshold_tdse_dipole_acceleration,shared_normalized_raw_spectrum_for_log_display
BSV - 2e13 W/cm^2,20000000000000.0,3.839906683289934,3.0,5.134802836671515e-07,1.8813211414668048e-07,0.01881321141466805,100000.0,0.01,16.366816709067592,23.430389465091444,30.495271637492333,0.999,tdse_dipole_acceleration,raw_fft_harmonic_order_grid,single_mode_bsv_random_phase_gamma_intensity,shared_fig_iv2_intensity_cases,hhg_intensity_prediction,quantum_light_hhg_bsv_threshold_tdse_dipole_acceleration,shared_normalized_raw_spectrum_for_log_display
BSV - 2e13 W/cm^2,20000000000000.0,3.8799057112408706,3.0,1.1107095051916762e-06,4.069486873423473e-07,0.04069486873423473,100000.0,0.01,16.366816709067592,23.430389465091444,30.495271637492333,0.999,tdse_dipole_acceleration,raw_fft_harmonic_order_grid,single_mode_bsv_random_phase_gamma_intensity,shared_fig_iv2_intensity_cases,hhg_intensity_prediction,quantum_light_hhg_bsv_threshold_tdse_dipole_acceleration,shared_normalized_raw_spectrum_for_log_display
BSV - 2e13 W/cm^2,20000000000000.0,3.9199047391918076,3.0,1.6569731574736986e-06,6.070921768865758e-07,0.06070921768865758,100000.0,0.01,16.366816709067592,23.430389465091444,30.495271637492333,0.999,tdse_dipole_acceleration,raw_fft_harmonic_order_grid,single_mode_bsv_random_phase_gamma_intensity,shared_fig_iv2_intensity_cases,hhg_intensity_prediction,quantum_light_hhg_bsv_threshold_tdse_dipole_acceleration,shared_normalized_raw_spectrum_for_log_display
BSV - 2e13 W/cm^2,20000000000000.0,3.9599037671427446,3.0,1.5810821999363436e-06,5.792867737576534e-07,0.05792867737576534,100000.0,0.01,16.366816709067592,23.430389465091444,30.495271637492333,0.999,tdse_dipole_acceleration,raw_fft_harmonic_order_grid,single_mode_bsv_random_phase_gamma_intensity,shared_fig_iv2_intensity_cases,hhg_intensity_prediction,quantum_light_hhg_bsv_threshold_tdse_dipole_acceleration,shared_normalized_raw_spectrum_for_log_display
BSV - 2e13 W/cm^2,20000000000000.0,3.9999027950936807,3.0,5.381474644360495e-06,1.971698299377298e-06,0.1971698299377298,100000.0,0.01,16.366816709067592,23.430389465091444,30.495271637492333,0.999,tdse_dipole_acceleration,raw_fft_harmonic_order_grid,single_mode_bsv_random_phase_gamma_intensity,shared_fig_iv2_intensity_cases,hhg_intensity_prediction,quantum_light_hhg_bsv_threshold_tdse_dipole_acceleration,shared_normalized_raw_spectrum_for_log_display
BSV - 2e13 W/cm^2,20000000000000.0,4.039901823044618,5.0,1.3651162962386261e-05,5.001598367775623e-06,0.5001598367775624,100000.0,0.01,16.366816709067592,23.430389465091444,30.495271637492333,0.999,tdse_dipole_acceleration,raw_fft_harmonic_order_grid,single_mode_bsv_random_phase_gamma_intensity,shared_fig_iv2_intensity_cases,hhg_intensity_prediction,quantum_light_hhg_bsv_threshold_tdse_dipole_acceleration,shared_normalized_raw_spectrum_for_log_display
BSV - 2e13 W/cm^2,20000000000000.0,4.079900850995555,5.0,2.6172738636069985e-05,9.589331487952802e-06,0.9589331487952802,100000.0,0.01,16.366816709067592,23.430389465091444,30.495271637492333,0.999,tdse_dipole_acceleration,raw_fft_harmonic_order_grid,single_mode_bsv_random_phase_gamma_intensity,shared_fig_iv2_intensity_cases,hhg_intensity_prediction,quantum_light_hhg_bsv_threshold_tdse_dipole_acceleration,shared_normalized_raw_spectrum_for_log_display
BSV - 2e13 W/cm^2,20000000000000.0,4.119899878946492,5.0,3.845770575106404e-05,1.4090374486255037e-05,1.4090374486255037,100000.0,0.01,16.366816709067592,23.430389465091444,30.495271637492333,0.999,tdse_dipole_acceleration,raw_fft_harmonic_order_grid,single_mode_bsv_random_phase_gamma_intensity,shared_fig_iv2_intensity_cases,hhg_intensity_prediction,quantum_light_hhg_bsv_threshold_tdse_dipole_acceleration,shared_normalized_raw_spectrum_for_log_display
BSV - 2e13 W/cm^2,20000000000000.0,4.159898906897428,5.0,1.1427548473709068e-05,4.186896600038028e-06,0.41868966000380275,100000.0,0.01,16.366816709067592,23.430389465091444,30.495271637492333,0.999,tdse_dipole_acceleration,raw_fft_harmonic_order_grid,single_mode_bsv_random_phase_gamma_intensity,shared_fig_iv2_intensity_cases,hhg_intensity_prediction,quantum_light_hhg_bsv_threshold_tdse_dipole_acceleration,shared_normalized_raw_spectrum_for_log_display
BSV - 2e13 W/cm^2,20000000000000.0,4.199897934848366,5.0,4.745042246159967e-06,1.7385182214007875e-06,0.17385182214007874,100000.0,0.01,16.366816709067592,23.430389465091444,30.495271637492333,0.999,tdse_dipole_acceleration,raw_fft_harmonic_order_grid,single_mode_bsv_random_phase_gamma_intensity,shared_fig_iv2_intensity_cases,hhg_intensity_prediction,quantum_light_hhg_bsv_threshold_tdse_dipole_acceleration,shared_normalized_raw_spectrum_for_log_display
BSV - 2e13 W/cm^2,20000000000000.0,4.2398969627993015,5.0,5.352797171036668e-07,1.9611912675468536e-07,0.019611912675468534,100000.0,0.01,16.366816709067592,23.430389465091444,30.495271637492333,0.999,tdse_dipole_acceleration,raw_fft_harmonic_order_grid,single_mode_bsv_random_phase_gamma_intensity,shared_fig_iv2_intensity_cases,hhg_intensity_prediction,quantum_light_hhg_bsv_threshold_tdse_dipole_acceleration,shared_normalized_raw_spectrum_for_log_display
BSV - 2e13 W/cm^2,20000000000000.0,4.279895990750239,5.0,2.2907966970709715e-06,8.39316404949951e-07,0.0839316404949951,100000.0,0.01,16.366816709067592,23.430389465091444,30.495271637492333,0.999,tdse_dipole_acceleration,raw_fft_harmonic_order_grid,single_mode_bsv_random_phase_gamma_intensity,shared_fig_iv2_intensity_cases,hhg_intensity_prediction,quantum_light_hhg_bsv_threshold_tdse_dipole_acceleration,shared_normalized_raw_spectrum_for_log_display
BSV - 2e13 W/cm^2,20000000000000.0,4.3198950187011755,5.0,4.135788226577906e-06,1.5152959275714193e-06,0.15152959275714192,100000.0,0.01,16.366816709067592,23.430389465091444,30.495271637492333,0.999,tdse_dipole_acceleration,raw_fft_harmonic_order_grid,single_mode_bsv_random_phase_gamma_intensity,shared_fig_iv2_intensity_cases,hhg_intensity_prediction,quantum_light_hhg_bsv_threshold_tdse_dipole_acceleration,shared_normalized_raw_spectrum_for_log_display
BSV - 2e13 W/cm^2,20000000000000.0,4.359894046652112,5.0,3.222787811269288e-06,1.1807851317096856e-06,0.11807851317096857,100000.0,0.01,16.366816709067592,23.430389465091444,30.495271637492333,0.999,tdse_dipole_acceleration,raw_fft_harmonic_order_grid,single_mode_bsv_random_phase_gamma_intensity,shared_fig_iv2_intensity_cases,hhg_intensity_prediction,quantum_light_hhg_bsv_threshold_tdse_dipole_acceleration,shared_normalized_raw_spectrum_for_log_display
BSV - 2e13 W/cm^2,20000000000000.0,4.39989307460305,5.0,8.090156430784229e-06,2.964122053978227e-06,0.2964122053978227,100000.0,0.01,16.366816709067592,23.430389465091444,30.495271637492333,0.999,tdse_dipole_acceleration,raw_fft_harmonic_order_grid,single_mode_bsv_random_phase_gamma_intensity,shared_fig_iv2_intensity_cases,hhg_intensity_prediction,quantum_light_hhg_bsv_threshold_tdse_dipole_acceleration,shared_normalized_raw_spectrum_for_log_display
BSV - 2e13 W/cm^2,20000000000000.0,4.439892102553986,5.0,5.489361367547476e-06,2.011226511009045e-06,0.20112265110090452,100000.0,0.01,16.366816709067592,23.430389465091444,30.495271637492333,0.999,tdse_dipole_acceleration,raw_fft_harmonic_order_grid,single_mode_bsv_random_phase_gamma_intensity,shared_fig_iv2_intensity_cases,hhg_intensity_prediction,quantum_light_hhg_bsv_threshold_tdse_dipole_acceleration,shared_normalized_raw_spectrum_for_log_display
BSV - 2e13 W/cm^2,20000000000000.0,4.479891130504924,5.0,6.702744882638067e-06,2.4557935435237673e-06,0.24557935435237674,100000.0,0.01,16.366816709067592,23.430389465091444,30.495271637492333,0.999,tdse_dipole_acceleration,raw_fft_harmonic_order_grid,single_mode_bsv_random_phase_gamma_intensity,shared_fig_iv2_intensity_cases,hhg_intensity_prediction,quantum_light_hhg_bsv_threshold_tdse_dipole_acceleration,shared_normalized_raw_spectrum_for_log_display
BSV - 2e13 W/cm^2,20000000000000.0,4.51989015845586,5.0,2.266829147801384e-06,8.305350245183605e-07,0.08305350245183604,100000.0,0.01,16.366816709067592,23.430389465091444,30.495271637492333,0.999,tdse_dipole_acceleration,raw_fft_harmonic_order_grid,single_mode_bsv_random_phase_gamma_intensity,shared_fig_iv2_intensity_cases,hhg_intensity_prediction,quantum_light_hhg_bsv_threshold_tdse_dipole_acceleration,shared_normalized_raw_spectrum_for_log_display
BSV - 2e13 W/cm^2,20000000000000.0,4.559889186406797,5.0,3.6251125979959486e-06,1.328191400476108e-06,0.1328191400476108,100000.0,0.01,16.366816709067592,23.430389465091444,30.495271637492333,0.999,tdse_dipole_acceleration,raw_fft_harmonic_order_grid,single_mode_bsv_random_phase_gamma_intensity,shared_fig_iv2_intensity_cases,hhg_intensity_prediction,quantum_light_hhg_bsv_threshold_tdse_dipole_acceleration,shared_normalized_raw_spectrum_for_log_display
BSV - 2e13 W/cm^2,20000000000000.0,4.599888214357733,5.0,4.232726116309915e-06,1.5508126372023238e-06,0.15508126372023237,100000.0,0.01,16.366816709067592,23.430389465091444,30.495271637492333,0.999,tdse_dipole_acceleration,raw_fft_harmonic_order_grid,single_mode_bsv_random_phase_gamma_intensity,shared_fig_iv2_intensity_cases,hhg_intensity_prediction,quantum_light_hhg_bsv_threshold_tdse_dipole_acceleration,shared_normalized_raw_spectrum_for_log_display
BSV - 2e13 W/cm^2,20000000000000.0,4.63988724230867,5.0,1.8566832548338695e-05,6.802632099873583e-06,0.6802632099873582,100000.0,0.01,16.366816709067592,23.430389465091444,30.495271637492333,0.999,tdse_dipole_acceleration,raw_fft_harmonic_order_grid,single_mode_bsv_random_phase_gamma_intensity,shared_fig_iv2_intensity_cases,hhg_intensity_prediction,quantum_light_hhg_bsv_threshold_tdse_dipole_acceleration,shared_normalized_raw_spectrum_for_log_display
BSV - 2e13 W/cm^2,20000000000000.0,4.6798862702596065,5.0,0.00011803956841886494,4.3248074494711964e-05,4.324807449471196,100000.0,0.01,16.366816709067592,23.430389465091444,30.495271637492333,0.999,tdse_dipole_acceleration,raw_fft_harmonic_order_grid,single_mode_bsv_random_phase_gamma_intensity,shared_fig_iv2_intensity_cases,hhg_intensity_prediction,quantum_light_hhg_bsv_threshold_tdse_dipole_acceleration,shared_normalized_raw_spectrum_for_log_display
BSV - 2e13 W/cm^2,20000000000000.0,4.719885298210544,5.0,0.00037402531807387637,0.00013703773264882706,13.703773264882706,100000.0,0.01,16.366816709067592,23.430389465091444,30.495271637492333,0.999,tdse_dipole_acceleration,raw_fft_harmonic_order_grid,single_mode_bsv_random_phase_gamma_intensity,shared_fig_iv2_intensity_cases,hhg_intensity_prediction,quantum_light_hhg_bsv_threshold_tdse_dipole_acceleration,shared_normalized_raw_spectrum_for_log_display
BSV - 2e13 W/cm^2,20000000000000.0,4.7598843261614805,5.0,0.0005365796266976444,0.00019659539575252888,19.659539575252886,100000.0,0.01,16.366816709067592,23.430389465091444,30.495271637492333,0.999,tdse_dipole_acceleration,raw_fft_harmonic_order_grid,single_mode_bsv_random_phase_gamma_intensity,shared_fig_iv2_intensity_cases,hhg_intensity_prediction,quantum_light_hhg_bsv_threshold_tdse_dipole_acceleration,shared_normalized_raw_spectrum_for_log_display
BSV - 2e13 W/cm^2,20000000000000.0,4.799883354112417,5.0,0.0003221636425412923,0.00011803632797666868,11.803632797666868,100000.0,0.01,16.366816709067592,23.430389465091444,30.495271637492333,0.999,tdse_dipole_acceleration,raw_fft_harmonic_order_grid,single_mode_bsv_random_phase_gamma_intensity,shared_fig_iv2_intensity_cases,hhg_intensity_prediction,quantum_light_hhg_bsv_threshold_tdse_dipole_acceleration,shared_normalized_raw_spectrum_for_log_display
BSV - 2e13 W/cm^2,20000000000000.0,4.8398823820633545,5.0,0.00039362883401543607,0.00014422019128668286,14.422019128668286,100000.0,0.01,16.366816709067592,23.430389465091444,30.495271637492333,0.999,tdse_dipole_acceleration,raw_fft_harmonic_order_grid,single_mode_bsv_random_phase_gamma_intensity,shared_fig_iv2_intensity_cases,hhg_intensity_prediction,quantum_light_hhg_bsv_threshold_tdse_dipole_acceleration,shared_normalized_raw_spectrum_for_log_display
BSV - 2e13 W/cm^2,20000000000000.0,4.87988141001429,5.0,0.0008543028741500654,0.00031300482403647754,31.300482403647752,100000.0,0.01,16.366816709067592,23.430389465091444,30.495271637492333,0.999,tdse_dipole_acceleration,raw_fft_harmonic_order_grid,single_mode_bsv_random_phase_gamma_intensity,shared_fig_iv2_intensity_cases,hhg_intensity_prediction,quantum_light_hhg_bsv_threshold_tdse_dipole_acceleration,shared_normalized_raw_spectrum_for_log_display
BSV - 2e13 W/cm^2,20000000000000.0,4.919880437965228,5.0,0.0007264066982324521,0.00026614542411012426,26.614542411012426,100000.0,0.01,16.366816709067592,23.430389465091444,30.495271637492333,0.999,tdse_dipole_acceleration,raw_fft_harmonic_order_grid,single_mode_bsv_random_phase_gamma_intensity,shared_fig_iv2_intensity_cases,hhg_intensity_prediction,quantum_light_hhg_bsv_threshold_tdse_dipole_acceleration,shared_normalized_raw_spectrum_for_log_display
BSV - 2e13 W/cm^2,20000000000000.0,4.959879465916164,5.0,0.013304909268679707,0.004874735776357533,487.47357763575326,100000.0,0.01,16.366816709067592,23.430389465091444,30.495271637492333,0.999,tdse_dipole_acceleration,raw_fft_harmonic_order_grid,single_mode_bsv_random_phase_gamma_intensity,shared_fig_iv2_intensity_cases,hhg_intensity_prediction,quantum_light_hhg_bsv_threshold_tdse_dipole_acceleration,shared_normalized_raw_spectrum_for_log_display
BSV - 2e13 W/cm^2,20000000000000.0,4.999878493867102,5.0,0.02649600770221391,0.009707772827934811,970.777282793481,100000.0,0.01,16.366816709067592,23.430389465091444,30.495271637492333,0.999,tdse_dipole_acceleration,raw_fft_harmonic_order_grid,single_mode_bsv_random_phase_gamma_intensity,shared_fig_iv2_intensity_cases,hhg_intensity_prediction,quantum_light_hhg_bsv_threshold_tdse_dipole_acceleration,shared_normalized_raw_spectrum_for_log_display
BSV - 2e13 W/cm^2,20000000000000.0,5.039877521818038,5.0,0.00809653370542823,0.002966458599702439,296.6458599702439,100000.0,0.01,16.366816709067592,23.430389465091444,30.495271637492333,0.999,tdse_dipole_acceleration,raw_fft_harmonic_order_grid,single_mode_bsv_random_phase_gamma_intensity,shared_fig_iv2_intensity_cases,hhg_intensity_prediction,quantum_light_hhg_bsv_threshold_tdse_dipole_acceleration,shared_normalized_raw_spectrum_for_log_display
BSV - 2e13 W/cm^2,20000000000000.0,5.079876549768976,5.0,0.0005639323676758437,0.0002066170638703078,20.66170638703078,100000.0,0.01,16.366816709067592,23.430389465091444,30.495271637492333,0.999,tdse_dipole_acceleration,raw_fft_harmonic_order_grid,single_mode_bsv_random_phase_gamma_intensity,shared_fig_iv2_intensity_cases,hhg_intensity_prediction,quantum_light_hhg_bsv_threshold_tdse_dipole_acceleration,shared_normalized_raw_spectrum_for_log_display
BSV - 2e13 W/cm^2,20000000000000.0,5.119875577719911,5.0,3.8743842586090355e-05,1.4195211087427508e-05,1.4195211087427508,100000.0,0.01,16.366816709067592,23.430389465091444,30.495271637492333,0.999,tdse_dipole_acceleration,raw_fft_harmonic_order_grid,single_mode_bsv_random_phase_gamma_intensity,shared_fig_iv2_intensity_cases,hhg_intensity_prediction,quantum_light_hhg_bsv_threshold_tdse_dipole_acceleration,shared_normalized_raw_spectrum_for_log_display
BSV - 2e13 W/cm^2,20000000000000.0,5.159874605670849,5.0,6.495941564227464e-05,2.3800236517817202e-05,2.38002365178172,100000.0,0.01,16.366816709067592,23.430389465091444,30.495271637492333,0.999,tdse_dipole_acceleration,raw_fft_harmonic_order_grid,single_mode_bsv_random_phase_gamma_intensity,shared_fig_iv2_intensity_cases,hhg_intensity_prediction,quantum_light_hhg_bsv_threshold_tdse_dipole_acceleration,shared_normalized_raw_spectrum_for_log_display
BSV - 2e13 W/cm^2,20000000000000.0,5.1998736336217855,5.0,9.170373593329372e-05,3.359898766329815e-05,3.359898766329815,100000.0,0.01,16.366816709067592,23.430389465091444,30.495271637492333,0.999,tdse_dipole_acceleration,raw_fft_harmonic_order_grid,single_mode_bsv_random_phase_gamma_intensity,shared_fig_iv2_intensity_cases,hhg_intensity_prediction,quantum_light_hhg_bsv_threshold_tdse_dipole_acceleration,shared_normalized_raw_spectrum_for_log_display
BSV - 2e13 W/cm^2,20000000000000.0,5.239872661572723,5.0,2.0305143205020646e-05,7.439525217852128e-06,0.7439525217852128,100000.0,0.01,16.366816709067592,23.430389465091444,30.495271637492333,0.999,tdse_dipole_acceleration,raw_fft_harmonic_order_grid,single_mode_bsv_random_phase_gamma_intensity,shared_fig_iv2_intensity_cases,hhg_intensity_prediction,quantum_light_hhg_bsv_threshold_tdse_dipole_acceleration,shared_normalized_raw_spectrum_for_log_display
BSV - 2e13 W/cm^2,20000000000000.0,5.2798716895236595,5.0,6.907889459181425e-05,2.530955695057993e-05,2.530955695057993,100000.0,0.01,16.366816709067592,23.430389465091444,30.495271637492333,0.999,tdse_dipole_acceleration,raw_fft_harmonic_order_grid,single_mode_bsv_random_phase_gamma_intensity,shared_fig_iv2_intensity_cases,hhg_intensity_prediction,quantum_light_hhg_bsv_threshold_tdse_dipole_acceleration,shared_normalized_raw_spectrum_for_log_display
BSV - 2e13 W/cm^2,20000000000000.0,5.319870717474597,5.0,0.00024839327153365745,9.100787858824445e-05,9.100787858824445,100000.0,0.01,16.366816709067592,23.430389465091444,30.495271637492333,0.999,tdse_dipole_acceleration,raw_fft_harmonic_order_grid,single_mode_bsv_random_phase_gamma_intensity,shared_fig_iv2_intensity_cases,hhg_intensity_prediction,quantum_light_hhg_bsv_threshold_tdse_dipole_acceleration,shared_normalized_raw_spectrum_for_log_display
BSV - 2e13 W/cm^2,20000000000000.0,5.359869745425533,5.0,6.677141721039412e-05,2.4464128972290477e-05,2.4464128972290475,100000.0,0.01,16.366816709067592,23.430389465091444,30.495271637492333,0.999,tdse_dipole_acceleration,raw_fft_harmonic_order_grid,single_mode_bsv_random_phase_gamma_intensity,shared_fig_iv2_intensity_cases,hhg_intensity_prediction,quantum_light_hhg_bsv_threshold_tdse_dipole_acceleration,shared_normalized_raw_spectrum_for_log_display
BSV - 2e13 W/cm^2,20000000000000.0,5.399868773376469,5.0,5.0073576940153116e-05,1.8346269939244643e-05,1.8346269939244644,100000.0,0.01,16.366816709067592,23.430389465091444,30.495271637492333,0.999,tdse_dipole_acceleration,raw_fft_harmonic_order_grid,single_mode_bsv_random_phase_gamma_intensity,shared_fig_iv2_intensity_cases,hhg_intensity_prediction,quantum_light_hhg_bsv_threshold_tdse_dipole_acceleration,shared_normalized_raw_spectrum_for_log_display
BSV - 2e13 W/cm^2,20000000000000.0,5.439867801327407,5.0,2.0339961029643302e-05,7.4522819899514725e-06,0.7452281989951473,100000.0,0.01,16.366816709067592,23.430389465091444,30.495271637492333,0.999,tdse_dipole_acceleration,raw_fft_harmonic_order_grid,single_mode_bsv_random_phase_gamma_intensity,shared_fig_iv2_intensity_cases,hhg_intensity_prediction,quantum_light_hhg_bsv_threshold_tdse_dipole_acceleration,shared_normalized_raw_spectrum_for_log_display
BSV - 2e13 W/cm^2,20000000000000.0,5.479866829278343,5.0,2.3964364577970328e-05,8.780213604380302e-06,0.8780213604380301,100000.0,0.01,16.366816709067592,23.430389465091444,30.495271637492333,0.999,tdse_dipole_acceleration,raw_fft_harmonic_order_grid,single_mode_bsv_random_phase_gamma_intensity,shared_fig_iv2_intensity_cases,hhg_intensity_prediction,quantum_light_hhg_bsv_threshold_tdse_dipole_acceleration,shared_normalized_raw_spectrum_for_log_display
BSV - 2e13 W/cm^2,20000000000000.0,5.519865857229281,5.0,4.878055124846566e-05,1.787252310852734e-05,1.787252310852734,100000.0,0.01,16.366816709067592,23.430389465091444,30.495271637492333,0.999,tdse_dipole_acceleration,raw_fft_harmonic_order_grid,single_mode_bsv_random_phase_gamma_intensity,shared_fig_iv2_intensity_cases,hhg_intensity_prediction,quantum_light_hhg_bsv_threshold_tdse_dipole_acceleration,shared_normalized_raw_spectrum_for_log_display
BSV - 2e13 W/cm^2,20000000000000.0,5.559864885180217,5.0,8.940417554790815e-06,3.275646036347494e-06,0.32756460363474943,100000.0,0.01,16.366816709067592,23.430389465091444,30.495271637492333,0.999,tdse_dipole_acceleration,raw_fft_harmonic_order_grid,single_mode_bsv_random_phase_gamma_intensity,shared_fig_iv2_intensity_cases,hhg_intensity_prediction,quantum_light_hhg_bsv_threshold_tdse_dipole_acceleration,shared_normalized_raw_spectrum_for_log_display
BSV - 2e13 W/cm^2,20000000000000.0,5.599863913131154,5.0,5.369798785817401e-05,1.967420425382795e-05,1.9674204253827952,100000.0,0.01,16.366816709067592,23.430389465091444,30.495271637492333,0.999,tdse_dipole_acceleration,raw_fft_harmonic_order_grid,single_mode_bsv_random_phase_gamma_intensity,shared_fig_iv2_intensity_cases,hhg_intensity_prediction,quantum_light_hhg_bsv_threshold_tdse_dipole_acceleration,shared_normalized_raw_spectrum_for_log_display
BSV - 2e13 W/cm^2,20000000000000.0,5.6398629410820895,5.0,2.2473005340693108e-05,8.233800090199458e-06,0.8233800090199458,100000.0,0.01,16.366816709067592,23.430389465091444,30.495271637492333,0.999,tdse_dipole_acceleration,raw_fft_harmonic_order_grid,single_mode_bsv_random_phase_gamma_intensity,shared_fig_iv2_intensity_cases,hhg_intensity_prediction,quantum_light_hhg_bsv_threshold_tdse_dipole_acceleration,shared_normalized_raw_spectrum_for_log_display
BSV - 2e13 W/cm^2,20000000000000.0,5.679861969033027,5.0,2.372468150944103e-05,8.69239702438322e-06,0.869239702438322,100000.0,0.01,16.366816709067592,23.430389465091444,30.495271637492333,0.999,tdse_dipole_acceleration,raw_fft_harmonic_order_grid,single_mode_bsv_random_phase_gamma_intensity,shared_fig_iv2_intensity_cases,hhg_intensity_prediction,quantum_light_hhg_bsv_threshold_tdse_dipole_acceleration,shared_normalized_raw_spectrum_for_log_display
BSV - 2e13 W/cm^2,20000000000000.0,5.7198609969839636,5.0,3.847266819920179e-05,1.409585652147723e-05,1.409585652147723,100000.0,0.01,16.366816709067592,23.430389465091444,30.495271637492333,0.999,tdse_dipole_acceleration,raw_fft_harmonic_order_grid,single_mode_bsv_random_phase_gamma_intensity,shared_fig_iv2_intensity_cases,hhg_intensity_prediction,quantum_light_hhg_bsv_threshold_tdse_dipole_acceleration,shared_normalized_raw_spectrum_for_log_display
BSV - 2e13 W/cm^2,20000000000000.0,5.759860024934901,5.0,2.628952412730043e-05,9.632120085812744e-06,0.9632120085812744,100000.0,0.01,16.366816709067592,23.430389465091444,30.495271637492333,0.999,tdse_dipole_acceleration,raw_fft_harmonic_order_grid,single_mode_bsv_random_phase_gamma_intensity,shared_fig_iv2_intensity_cases,hhg_intensity_prediction,quantum_light_hhg_bsv_threshold_tdse_dipole_acceleration,shared_normalized_raw_spectrum_for_log_display
BSV - 2e13 W/cm^2,20000000000000.0,5.799859052885838,5.0,2.8323778763801214e-05,1.037744300794009e-05,1.037744300794009,100000.0,0.01,16.366816709067592,23.430389465091444,30.495271637492333,0.999,tdse_dipole_acceleration,raw_fft_harmonic_order_grid,single_mode_bsv_random_phase_gamma_intensity,shared_fig_iv2_intensity_cases,hhg_intensity_prediction,quantum_light_hhg_bsv_threshold_tdse_dipole_acceleration,shared_normalized_raw_spectrum_for_log_display
BSV - 2e13 W/cm^2,20000000000000.0,5.839858080836774,5.0,1.9449614489710136e-05,7.1260712624732055e-06,0.7126071262473206,100000.0,0.01,16.366816709067592,23.430389465091444,30.495271637492333,0.999,tdse_dipole_acceleration,raw_fft_harmonic_order_grid,single_mode_bsv_random_phase_gamma_intensity,shared_fig_iv2_intensity_cases,hhg_intensity_prediction,quantum_light_hhg_bsv_threshold_tdse_dipole_acceleration,shared_normalized_raw_spectrum_for_log_display
BSV - 2e13 W/cm^2,20000000000000.0,5.879857108787712,5.0,1.1466951802019583e-05,4.201333437625113e-06,0.42013334376251127,100000.0,0.01,16.366816709067592,23.430389465091444,30.495271637492333,0.999,tdse_dipole_acceleration,raw_fft_harmonic_order_grid,single_mode_bsv_random_phase_gamma_intensity,shared_fig_iv2_intensity_cases,hhg_intensity_prediction,quantum_light_hhg_bsv_threshold_tdse_dipole_acceleration,shared_normalized_raw_spectrum_for_log_display
BSV - 2e13 W/cm^2,20000000000000.0,5.919856136738647,5.0,2.2972105453092025e-05,8.416663507361003e-06,0.8416663507361003,100000.0,0.01,16.366816709067592,23.430389465091444,30.495271637492333,0.999,tdse_dipole_acceleration,raw_fft_harmonic_order_grid,single_mode_bsv_random_phase_gamma_intensity,shared_fig_iv2_intensity_cases,hhg_intensity_prediction,quantum_light_hhg_bsv_threshold_tdse_dipole_acceleration,shared_normalized_raw_spectrum_for_log_display
BSV - 2e13 W/cm^2,20000000000000.0,5.959855164689585,5.0,2.3319713635328902e-05,8.544022364748601e-06,0.8544022364748601,100000.0,0.01,16.366816709067592,23.430389465091444,30.495271637492333,0.999,tdse_dipole_acceleration,raw_fft_harmonic_order_grid,single_mode_bsv_random_phase_gamma_intensity,shared_fig_iv2_intensity_cases,hhg_intensity_prediction,quantum_light_hhg_bsv_threshold_tdse_dipole_acceleration,shared_normalized_raw_spectrum_for_log_display
BSV - 2e13 W/cm^2,20000000000000.0,5.999854192640521,5.0,9.584123691890628e-05,3.511491112222465e-05,3.5114911122224646,100000.0,0.01,16.366816709067592,23.430389465091444,30.495271637492333,0.999,tdse_dipole_acceleration,raw_fft_harmonic_order_grid,single_mode_bsv_random_phase_gamma_intensity,shared_fig_iv2_intensity_cases,hhg_intensity_prediction,quantum_light_hhg_bsv_threshold_tdse_dipole_acceleration,shared_normalized_raw_spectrum_for_log_display
BSV - 2e13 W/cm^2,20000000000000.0,6.039853220591459,7.0,0.00015124919657487495,5.541562552587335e-05,5.541562552587335,100000.0,0.01,16.366816709067592,23.430389465091444,30.495271637492333,0.999,tdse_dipole_acceleration,raw_fft_harmonic_order_grid,single_mode_bsv_random_phase_gamma_intensity,shared_fig_iv2_intensity_cases,hhg_intensity_prediction,quantum_light_hhg_bsv_threshold_tdse_dipole_acceleration,shared_normalized_raw_spectrum_for_log_display
BSV - 2e13 W/cm^2,20000000000000.0,6.079852248542395,7.0,0.0003597300507492254,0.00013180014330095276,13.180014330095275,100000.0,0.01,16.366816709067592,23.430389465091444,30.495271637492333,0.999,tdse_dipole_acceleration,raw_fft_harmonic_order_grid,single_mode_bsv_random_phase_gamma_intensity,shared_fig_iv2_intensity_cases,hhg_intensity_prediction,quantum_light_hhg_bsv_threshold_tdse_dipole_acceleration,shared_normalized_raw_spectrum_for_log_display
BSV - 2e13 W/cm^2,20000000000000.0,6.119851276493333,7.0,0.00041723613045464744,0.0001528695800357067,15.28695800357067,100000.0,0.01,16.366816709067592,23.430389465091444,30.495271637492333,0.999,tdse_dipole_acceleration,raw_fft_harmonic_order_grid,single_mode_bsv_random_phase_gamma_intensity,shared_fig_iv2_intensity_cases,hhg_intensity_prediction,quantum_light_hhg_bsv_threshold_tdse_dipole_acceleration,shared_normalized_raw_spectrum_for_log_display
BSV - 2e13 W/cm^2,20000000000000.0,6.1598503044442685,7.0,0.00014157100403670763,5.186966888208464e-05,5.186966888208464,100000.0,0.01,16.366816709067592,23.430389465091444,30.495271637492333,0.999,tdse_dipole_acceleration,raw_fft_harmonic_order_grid,single_mode_bsv_random_phase_gamma_intensity,shared_fig_iv2_intensity_cases,hhg_intensity_prediction,quantum_light_hhg_bsv_threshold_tdse_dipole_acceleration,shared_normalized_raw_spectrum_for_log_display
BSV - 2e13 W/cm^2,20000000000000.0,6.199849332395206,7.0,3.730246644128995e-05,1.3667110690922958e-05,1.366711069092296,100000.0,0.01,16.366816709067592,23.430389465091444,30.495271637492333,0.999,tdse_dipole_acceleration,raw_fft_harmonic_order_grid,single_mode_bsv_random_phase_gamma_intensity,shared_fig_iv2_intensity_cases,hhg_intensity_prediction,quantum_light_hhg_bsv_threshold_tdse_dipole_acceleration,shared_normalized_raw_spectrum_for_log_display
BSV - 2e13 W/cm^2,20000000000000.0,6.2398483603461425,7.0,2.8751416216095714e-06,1.0534123489250672e-06,0.10534123489250671,100000.0,0.01,16.366816709067592,23.430389465091444,30.495271637492333,0.999,tdse_dipole_acceleration,raw_fft_harmonic_order_grid,single_mode_bsv_random_phase_gamma_intensity,shared_fig_iv2_intensity_cases,hhg_intensity_prediction,quantum_light_hhg_bsv_threshold_tdse_dipole_acceleration,shared_normalized_raw_spectrum_for_log_display
BSV - 2e13 W/cm^2,20000000000000.0,6.27984738829708,7.0,2.4827266330767212e-05,9.09636893929436e-06,0.909636893929436,100000.0,0.01,16.366816709067592,23.430389465091444,30.495271637492333,0.999,tdse_dipole_acceleration,raw_fft_harmonic_order_grid,single_mode_bsv_random_phase_gamma_intensity,shared_fig_iv2_intensity_cases,hhg_intensity_prediction,quantum_light_hhg_bsv_threshold_tdse_dipole_acceleration,shared_normalized_raw_spectrum_for_log_display
BSV - 2e13 W/cm^2,20000000000000.0,6.319846416248017,7.0,3.588151881472476e-05,1.314649502255057e-05,1.314649502255057,100000.0,0.01,16.366816709067592,23.430389465091444,30.495271637492333,0.999,tdse_dipole_acceleration,raw_fft_harmonic_order_grid,single_mode_bsv_random_phase_gamma_intensity,shared_fig_iv2_intensity_cases,hhg_intensity_prediction,quantum_light_hhg_bsv_threshold_tdse_dipole_acceleration,shared_normalized_raw_spectrum_for_log_display
BSV - 2e13 W/cm^2,20000000000000.0,6.359845444198954,7.0,4.1245108711384576e-05,1.5111640596335604e-05,1.5111640596335603,100000.0,0.01,16.366816709067592,23.430389465091444,30.495271637492333,0.999,tdse_dipole_acceleration,raw_fft_harmonic_order_grid,single_mode_bsv_random_phase_gamma_intensity,shared_fig_iv2_intensity_cases,hhg_intensity_prediction,quantum_light_hhg_bsv_threshold_tdse_dipole_acceleration,shared_normalized_raw_spectrum_for_log_display
BSV - 2e13 W/cm^2,20000000000000.0,6.39984447214989,7.0,6.474532738057467e-05,2.3721797523042258e-05,2.3721797523042256,100000.0,0.01,16.366816709067592,23.430389465091444,30.495271637492333,0.999,tdse_dipole_acceleration,raw_fft_harmonic_order_grid,single_mode_bsv_random_phase_gamma_intensity,shared_fig_iv2_intensity_cases,hhg_intensity_prediction,quantum_light_hhg_bsv_threshold_tdse_dipole_acceleration,shared_normalized_raw_spectrum_for_log_display
BSV - 2e13 W/cm^2,20000000000000.0,6.439843500100826,7.0,5.975156402859332e-05,2.1892151309078842e-05,2.1892151309078844,100000.0,0.01,16.366816709067592,23.430389465091444,30.495271637492333,0.999,tdse_dipole_acceleration,raw_fft_harmonic_order_grid,single_mode_bsv_random_phase_gamma_intensity,shared_fig_iv2_intensity_cases,hhg_intensity_prediction,quantum_light_hhg_bsv_threshold_tdse_dipole_acceleration,shared_normalized_raw_spectrum_for_log_display
BSV - 2e13 W/cm^2,20000000000000.0,6.479842528051764,7.0,9.17779350488699e-05,3.3626173198800055e-05,3.3626173198800053,100000.0,0.01,16.366816709067592,23.430389465091444,30.495271637492333,0.999,tdse_dipole_acceleration,raw_fft_harmonic_order_grid,single_mode_bsv_random_phase_gamma_intensity,shared_fig_iv2_intensity_cases,hhg_intensity_prediction,quantum_light_hhg_bsv_threshold_tdse_dipole_acceleration,shared_normalized_raw_spectrum_for_log_display
BSV - 2e13 W/cm^2,20000000000000.0,6.5198415560027,7.0,3.0579733693240466e-05,1.1203993868401458e-05,1.1203993868401458,100000.0,0.01,16.366816709067592,23.430389465091444,30.495271637492333,0.999,tdse_dipole_acceleration,raw_fft_harmonic_order_grid,single_mode_bsv_random_phase_gamma_intensity,shared_fig_iv2_intensity_cases,hhg_intensity_prediction,quantum_light_hhg_bsv_threshold_tdse_dipole_acceleration,shared_normalized_raw_spectrum_for_log_display
BSV - 2e13 W/cm^2,20000000000000.0,6.559840583953638,7.0,4.986741646343301e-05,1.8270735575857125e-05,1.8270735575857124,100000.0,0.01,16.366816709067592,23.430389465091444,30.495271637492333,0.999,tdse_dipole_acceleration,raw_fft_harmonic_order_grid,single_mode_bsv_random_phase_gamma_intensity,shared_fig_iv2_intensity_cases,hhg_intensity_prediction,quantum_light_hhg_bsv_threshold_tdse_dipole_acceleration,shared_normalized_raw_spectrum_for_log_display
BSV - 2e13 W/cm^2,20000000000000.0,6.599839611904574,7.0,6.096567626355709e-05,2.2336985334533164e-05,2.2336985334533166,100000.0,0.01,16.366816709067592,23.430389465091444,30.495271637492333,0.999,tdse_dipole_acceleration,raw_fft_harmonic_order_grid,single_mode_bsv_random_phase_gamma_intensity,shared_fig_iv2_intensity_cases,hhg_intensity_prediction,quantum_light_hhg_bsv_threshold_tdse_dipole_acceleration,shared_normalized_raw_spectrum_for_log_display
BSV - 2e13 W/cm^2,20000000000000.0,6.639838639855511,7.0,3.181872485341727e-05,1.1657943189899081e-05,1.165794318989908,100000.0,0.01,16.366816709067592,23.430389465091444,30.495271637492333,0.999,tdse_dipole_acceleration,raw_fft_harmonic_order_grid,single_mode_bsv_random_phase_gamma_intensity,shared_fig_iv2_intensity_cases,hhg_intensity_prediction,quantum_light_hhg_bsv_threshold_tdse_dipole_acceleration,shared_normalized_raw_spectrum_for_log_display
BSV - 2e13 W/cm^2,20000000000000.0,6.679837667806447,7.0,0.0011454578234182282,0.0004196799932540665,41.96799932540665,100000.0,0.01,16.366816709067592,23.430389465091444,30.495271637492333,0.999,tdse_dipole_acceleration,raw_fft_harmonic_order_grid,single_mode_bsv_random_phase_gamma_intensity,shared_fig_iv2_intensity_cases,hhg_intensity_prediction,quantum_light_hhg_bsv_threshold_tdse_dipole_acceleration,shared_normalized_raw_spectrum_for_log_display
BSV - 2e13 W/cm^2,20000000000000.0,6.719836695757384,7.0,0.0027289027777528617,0.000999832447728777,99.9832447728777,100000.0,0.01,16.366816709067592,23.430389465091444,30.495271637492333,0.999,tdse_dipole_acceleration,raw_fft_harmonic_order_grid,single_mode_bsv_random_phase_gamma_intensity,shared_fig_iv2_intensity_cases,hhg_intensity_prediction,quantum_light_hhg_bsv_threshold_tdse_dipole_acceleration,shared_normalized_raw_spectrum_for_log_display
BSV - 2e13 W/cm^2,20000000000000.0,6.759835723708321,7.0,0.007533239922759503,0.0027600755045964105,276.00755045964104,100000.0,0.01,16.366816709067592,23.430389465091444,30.495271637492333,0.999,tdse_dipole_acceleration,raw_fft_harmonic_order_grid,single_mode_bsv_random_phase_gamma_intensity,shared_fig_iv2_intensity_cases,hhg_intensity_prediction,quantum_light_hhg_bsv_threshold_tdse_dipole_acceleration,shared_normalized_raw_spectrum_for_log_display
BSV - 2e13 W/cm^2,20000000000000.0,6.799834751659258,7.0,0.005073952284455892,0.0018590263360001571,185.90263360001572,100000.0,0.01,16.366816709067592,23.430389465091444,30.495271637492333,0.999,tdse_dipole_acceleration,raw_fft_harmonic_order_grid,single_mode_bsv_random_phase_gamma_intensity,shared_fig_iv2_intensity_cases,hhg_intensity_prediction,quantum_light_hhg_bsv_threshold_tdse_dipole_acceleration,shared_normalized_raw_spectrum_for_log_display
BSV - 2e13 W/cm^2,20000000000000.0,6.839833779610195,7.0,0.007951773815490523,0.002913420566882322,291.34205668823216,100000.0,0.01,16.366816709067592,23.430389465091444,30.495271637492333,0.999,tdse_dipole_acceleration,raw_fft_harmonic_order_grid,single_mode_bsv_random_phase_gamma_intensity,shared_fig_iv2_intensity_cases,hhg_intensity_prediction,quantum_light_hhg_bsv_threshold_tdse_dipole_acceleration,shared_normalized_raw_spectrum_for_log_display
BSV - 2e13 W/cm^2,20000000000000.0,6.879832807561132,7.0,0.009445012323087266,0.003460522619863019,346.0522619863019,100000.0,0.01,16.366816709067592,23.430389465091444,30.495271637492333,0.999,tdse_dipole_acceleration,raw_fft_harmonic_order_grid,single_mode_bsv_random_phase_gamma_intensity,shared_fig_iv2_intensity_cases,hhg_intensity_prediction,quantum_light_hhg_bsv_threshold_tdse_dipole_acceleration,shared_normalized_raw_spectrum_for_log_display
BSV - 2e13 W/cm^2,20000000000000.0,6.919831835512069,7.0,0.013295732570459445,0.004871373560334876,487.13735603348755,100000.0,0.01,16.366816709067592,23.430389465091444,30.495271637492333,0.999,tdse_dipole_acceleration,raw_fft_harmonic_order_grid,single_mode_bsv_random_phase_gamma_intensity,shared_fig_iv2_intensity_cases,hhg_intensity_prediction,quantum_light_hhg_bsv_threshold_tdse_dipole_acceleration,shared_normalized_raw_spectrum_for_log_display
BSV - 2e13 W/cm^2,20000000000000.0,6.959830863463005,7.0,0.3219231425301147,0.11794821208012053,11794.821208012054,100000.0,0.01,16.366816709067592,23.430389465091444,30.495271637492333,0.999,tdse_dipole_acceleration,raw_fft_harmonic_order_grid,single_mode_bsv_random_phase_gamma_intensity,shared_fig_iv2_intensity_cases,hhg_intensity_prediction,quantum_light_hhg_bsv_threshold_tdse_dipole_acceleration,shared_normalized_raw_spectrum_for_log_display
BSV - 2e13 W/cm^2,20000000000000.0,6.999829891413942,7.0,0.8499379004128007,0.31140555768973177,31140.555768973176,100000.0,0.01,16.366816709067592,23.430389465091444,30.495271637492333,0.999,tdse_dipole_acceleration,raw_fft_harmonic_order_grid,single_mode_bsv_random_phase_gamma_intensity,shared_fig_iv2_intensity_cases,hhg_intensity_prediction,quantum_light_hhg_bsv_threshold_tdse_dipole_acceleration,shared_normalized_raw_spectrum_for_log_display
BSV - 2e13 W/cm^2,20000000000000.0,7.039828919364879,7.0,0.4078387234239184,0.14942649934025792,14942.649934025792,100000.0,0.01,16.366816709067592,23.430389465091444,30.495271637492333,0.999,tdse_dipole_acceleration,raw_fft_harmonic_order_grid,single_mode_bsv_random_phase_gamma_intensity,shared_fig_iv2_intensity_cases,hhg_intensity_prediction,quantum_light_hhg_bsv_threshold_tdse_dipole_acceleration,shared_normalized_raw_spectrum_for_log_display
BSV - 2e13 W/cm^2,20000000000000.0,7.079827947315816,7.0,0.014165589046109922,0.005190077010055615,519.0077010055614,100000.0,0.01,16.366816709067592,23.430389465091444,30.495271637492333,0.999,tdse_dipole_acceleration,raw_fft_harmonic_order_grid,single_mode_bsv_random_phase_gamma_intensity,shared_fig_iv2_intensity_cases,hhg_intensity_prediction,quantum_light_hhg_bsv_threshold_tdse_dipole_acceleration,shared_normalized_raw_spectrum_for_log_display
BSV - 2e13 W/cm^2,20000000000000.0,7.119826975266753,7.0,0.005287653836629025,0.0019373236457228026,193.73236457228026,100000.0,0.01,16.366816709067592,23.430389465091444,30.495271637492333,0.999,tdse_dipole_acceleration,raw_fft_harmonic_order_grid,single_mode_bsv_random_phase_gamma_intensity,shared_fig_iv2_intensity_cases,hhg_intensity_prediction,quantum_light_hhg_bsv_threshold_tdse_dipole_acceleration,shared_normalized_raw_spectrum_for_log_display
BSV - 2e13 W/cm^2,20000000000000.0,7.15982600321769,7.0,0.0007054809802971894,0.0002584785288457484,25.84785288457484,100000.0,0.01,16.366816709067592,23.430389465091444,30.495271637492333,0.999,tdse_dipole_acceleration,raw_fft_harmonic_order_grid,single_mode_bsv_random_phase_gamma_intensity,shared_fig_iv2_intensity_cases,hhg_intensity_prediction,quantum_light_hhg_bsv_threshold_tdse_dipole_acceleration,shared_normalized_raw_spectrum_for_log_display
BSV - 2e13 W/cm^2,20000000000000.0,7.199825031168626,7.0,0.0009568617284887821,0.00035058097779530693,35.05809777953069,100000.0,0.01,16.366816709067592,23.430389465091444,30.495271637492333,0.999,tdse_dipole_acceleration,raw_fft_harmonic_order_grid,single_mode_bsv_random_phase_gamma_intensity,shared_fig_iv2_intensity_cases,hhg_intensity_prediction,quantum_light_hhg_bsv_threshold_tdse_dipole_acceleration,shared_normalized_raw_spectrum_for_log_display
BSV - 2e13 W/cm^2,20000000000000.0,7.239824059119563,7.0,0.0005853036637116953,0.00021444721282279532,21.44472128227953,100000.0,0.01,16.366816709067592,23.430389465091444,30.495271637492333,0.999,tdse_dipole_acceleration,raw_fft_harmonic_order_grid,single_mode_bsv_random_phase_gamma_intensity,shared_fig_iv2_intensity_cases,hhg_intensity_prediction,quantum_light_hhg_bsv_threshold_tdse_dipole_acceleration,shared_normalized_raw_spectrum_for_log_display
BSV - 2e13 W/cm^2,20000000000000.0,7.279823087070499,7.0,0.0009938671043085076,0.00036413923856831504,36.4139238568315,100000.0,0.01,16.366816709067592,23.430389465091444,30.495271637492333,0.999,tdse_dipole_acceleration,raw_fft_harmonic_order_grid,single_mode_bsv_random_phase_gamma_intensity,shared_fig_iv2_intensity_cases,hhg_intensity_prediction,quantum_light_hhg_bsv_threshold_tdse_dipole_acceleration,shared_normalized_raw_spectrum_for_log_display
BSV - 2e13 W/cm^2,20000000000000.0,7.319822115021437,7.0,0.004835319208762905,0.001771594458937964,177.1594458937964,100000.0,0.01,16.366816709067592,23.430389465091444,30.495271637492333,0.999,tdse_dipole_acceleration,raw_fft_harmonic_order_grid,single_mode_bsv_random_phase_gamma_intensity,shared_fig_iv2_intensity_cases,hhg_intensity_prediction,quantum_light_hhg_bsv_threshold_tdse_dipole_acceleration,shared_normalized_raw_spectrum_for_log_display
BSV - 2e13 W/cm^2,20000000000000.0,7.359821142972373,7.0,0.0008111652708632105,0.0002971997994547791,29.719979945477913,100000.0,0.01,16.366816709067592,23.430389465091444,30.495271637492333,0.999,tdse_dipole_acceleration,raw_fft_harmonic_order_grid,single_mode_bsv_random_phase_gamma_intensity,shared_fig_iv2_intensity_cases,hhg_intensity_prediction,quantum_light_hhg_bsv_threshold_tdse_dipole_acceleration,shared_normalized_raw_spectrum_for_log_display
BSV - 2e13 W/cm^2,20000000000000.0,7.399820170923311,7.0,0.0011283693647049532,0.0004134190169955883,41.34190169955883,100000.0,0.01,16.366816709067592,23.430389465091444,30.495271637492333,0.999,tdse_dipole_acceleration,raw_fft_harmonic_order_grid,single_mode_bsv_random_phase_gamma_intensity,shared_fig_iv2_intensity_cases,hhg_intensity_prediction,quantum_light_hhg_bsv_threshold_tdse_dipole_acceleration,shared_normalized_raw_spectrum_for_log_display
BSV - 2e13 W/cm^2,20000000000000.0,7.439819198874247,7.0,0.0012665549968911567,0.0004640483321899725,46.404833218997254,100000.0,0.01,16.366816709067592,23.430389465091444,30.495271637492333,0.999,tdse_dipole_acceleration,raw_fft_harmonic_order_grid,single_mode_bsv_random_phase_gamma_intensity,shared_fig_iv2_intensity_cases,hhg_intensity_prediction,quantum_light_hhg_bsv_threshold_tdse_dipole_acceleration,shared_normalized_raw_spectrum_for_log_display
BSV - 2e13 W/cm^2,20000000000000.0,7.479818226825183,7.0,0.00111661399888001,0.0004091120126264628,40.91120126264628,100000.0,0.01,16.366816709067592,23.430389465091444,30.495271637492333,0.999,tdse_dipole_acceleration,raw_fft_harmonic_order_grid,single_mode_bsv_random_phase_gamma_intensity,shared_fig_iv2_intensity_cases,hhg_intensity_prediction,quantum_light_hhg_bsv_threshold_tdse_dipole_acceleration,shared_normalized_raw_spectrum_for_log_display
BSV - 2e13 W/cm^2,20000000000000.0,7.51981725477612,7.0,0.0015603311447954886,0.0005716838725390469,57.16838725390469,100000.0,0.01,16.366816709067592,23.430389465091444,30.495271637492333,0.999,tdse_dipole_acceleration,raw_fft_harmonic_order_grid,single_mode_bsv_random_phase_gamma_intensity,shared_fig_iv2_intensity_cases,hhg_intensity_prediction,quantum_light_hhg_bsv_threshold_tdse_dipole_acceleration,shared_normalized_raw_spectrum_for_log_display
BSV - 2e13 W/cm^2,20000000000000.0,7.559816282727057,7.0,0.0006414341306315486,0.00023501264395143722,23.50126439514372,100000.0,0.01,16.366816709067592,23.430389465091444,30.495271637492333,0.999,tdse_dipole_acceleration,raw_fft_harmonic_order_grid,single_mode_bsv_random_phase_gamma_intensity,shared_fig_iv2_intensity_cases,hhg_intensity_prediction,quantum_light_hhg_bsv_threshold_tdse_dipole_acceleration,shared_normalized_raw_spectrum_for_log_display
BSV - 2e13 W/cm^2,20000000000000.0,7.599815310677994,7.0,0.0022736213993620386,0.0008330236120777427,83.30236120777427,100000.0,0.01,16.366816709067592,23.430389465091444,30.495271637492333,0.999,tdse_dipole_acceleration,raw_fft_harmonic_order_grid,single_mode_bsv_random_phase_gamma_intensity,shared_fig_iv2_intensity_cases,hhg_intensity_prediction,quantum_light_hhg_bsv_threshold_tdse_dipole_acceleration,shared_normalized_raw_spectrum_for_log_display
BSV - 2e13 W/cm^2,20000000000000.0,7.6398143386289314,7.0,0.0011423454323325213,0.0004185396559643393,41.85396559643393,100000.0,0.01,16.366816709067592,23.430389465091444,30.495271637492333,0.999,tdse_dipole_acceleration,raw_fft_harmonic_order_grid,single_mode_bsv_random_phase_gamma_intensity,shared_fig_iv2_intensity_cases,hhg_intensity_prediction,quantum_light_hhg_bsv_threshold_tdse_dipole_acceleration,shared_normalized_raw_spectrum_for_log_display
BSV - 2e13 W/cm^2,20000000000000.0,7.679813366579868,7.0,0.0018570103517898035,0.0006803830538135152,68.03830538135152,100000.0,0.01,16.366816709067592,23.430389465091444,30.495271637492333,0.999,tdse_dipole_acceleration,raw_fft_harmonic_order_grid,single_mode_bsv_random_phase_gamma_intensity,shared_fig_iv2_intensity_cases,hhg_intensity_prediction,quantum_light_hhg_bsv_threshold_tdse_dipole_acceleration,shared_normalized_raw_spectrum_for_log_display
BSV - 2e13 W/cm^2,20000000000000.0,7.719812394530805,7.0,0.0020514290544711663,0.0007516153926754476,75.16153926754475,100000.0,0.01,16.366816709067592,23.430389465091444,30.495271637492333,0.999,tdse_dipole_acceleration,raw_fft_harmonic_order_grid,single_mode_bsv_random_phase_gamma_intensity,shared_fig_iv2_intensity_cases,hhg_intensity_prediction,quantum_light_hhg_bsv_threshold_tdse_dipole_acceleration,shared_normalized_raw_spectrum_for_log_display
BSV - 2e13 W/cm^2,20000000000000.0,7.759811422481741,7.0,0.0016764496756534282,0.0006142281052910712,61.42281052910712,100000.0,0.01,16.366816709067592,23.430389465091444,30.495271637492333,0.999,tdse_dipole_acceleration,raw_fft_harmonic_order_grid,single_mode_bsv_random_phase_gamma_intensity,shared_fig_iv2_intensity_cases,hhg_intensity_prediction,quantum_light_hhg_bsv_threshold_tdse_dipole_acceleration,shared_normalized_raw_spectrum_for_log_display
BSV - 2e13 W/cm^2,20000000000000.0,7.799810450432679,7.0,0.002045840698540384,0.0007495678959179213,74.95678959179213,100000.0,0.01,16.366816709067592,23.430389465091444,30.495271637492333,0.999,tdse_dipole_acceleration,raw_fft_harmonic_order_grid,single_mode_bsv_random_phase_gamma_intensity,shared_fig_iv2_intensity_cases,hhg_intensity_prediction,quantum_light_hhg_bsv_threshold_tdse_dipole_acceleration,shared_normalized_raw_spectrum_for_log_display
BSV - 2e13 W/cm^2,20000000000000.0,7.839809478383615,7.0,0.0015727171057966706,0.0005762219183083002,57.62219183083002,100000.0,0.01,16.366816709067592,23.430389465091444,30.495271637492333,0.999,tdse_dipole_acceleration,raw_fft_harmonic_order_grid,single_mode_bsv_random_phase_gamma_intensity,shared_fig_iv2_intensity_cases,hhg_intensity_prediction,quantum_light_hhg_bsv_threshold_tdse_dipole_acceleration,shared_normalized_raw_spectrum_for_log_display
BSV - 2e13 W/cm^2,20000000000000.0,7.879808506334553,7.0,0.0016472697240918063,0.0006035369723447784,60.353697234477835,100000.0,0.01,16.366816709067592,23.430389465091444,30.495271637492333,0.999,tdse_dipole_acceleration,raw_fft_harmonic_order_grid,single_mode_bsv_random_phase_gamma_intensity,shared_fig_iv2_intensity_cases,hhg_intensity_prediction,quantum_light_hhg_bsv_threshold_tdse_dipole_acceleration,shared_normalized_raw_spectrum_for_log_display
BSV - 2e13 W/cm^2,20000000000000.0,7.919807534285489,7.0,0.001396995351113905,0.0005118398840577651,51.18398840577651,100000.0,0.01,16.366816709067592,23.430389465091444,30.495271637492333,0.999,tdse_dipole_acceleration,raw_fft_harmonic_order_grid,single_mode_bsv_random_phase_gamma_intensity,shared_fig_iv2_intensity_cases,hhg_intensity_prediction,quantum_light_hhg_bsv_threshold_tdse_dipole_acceleration,shared_normalized_raw_spectrum_for_log_display
BSV - 2e13 W/cm^2,20000000000000.0,7.959806562236426,7.0,0.001948064568420044,0.0007137440665368803,71.37440665368803,100000.0,0.01,16.366816709067592,23.430389465091444,30.495271637492333,0.999,tdse_dipole_acceleration,raw_fft_harmonic_order_grid,single_mode_bsv_random_phase_gamma_intensity,shared_fig_iv2_intensity_cases,hhg_intensity_prediction,quantum_light_hhg_bsv_threshold_tdse_dipole_acceleration,shared_normalized_raw_spectrum_for_log_display
BSV - 2e13 W/cm^2,20000000000000.0,7.9998055901873615,7.0,0.003994786622192481,0.001463634878890728,146.36348788907281,100000.0,0.01,16.366816709067592,23.430389465091444,30.495271637492333,0.999,tdse_dipole_acceleration,raw_fft_harmonic_order_grid,single_mode_bsv_random_phase_gamma_intensity,shared_fig_iv2_intensity_cases,hhg_intensity_prediction,quantum_light_hhg_bsv_threshold_tdse_dipole_acceleration,shared_normalized_raw_spectrum_for_log_display
BSV - 2e13 W/cm^2,20000000000000.0,8.0398046181383,9.0,0.004128234375557338,0.0015125283004440463,151.25283004440465,100000.0,0.01,16.366816709067592,23.430389465091444,30.495271637492333,0.999,tdse_dipole_acceleration,raw_fft_harmonic_order_grid,single_mode_bsv_random_phase_gamma_intensity,shared_fig_iv2_intensity_cases,hhg_intensity_prediction,quantum_light_hhg_bsv_threshold_tdse_dipole_acceleration,shared_normalized_raw_spectrum_for_log_display
BSV - 2e13 W/cm^2,20000000000000.0,8.079803646089236,9.0,0.0051291759720857,0.0018792595356676761,187.92595356676762,100000.0,0.01,16.366816709067592,23.430389465091444,30.495271637492333,0.999,tdse_dipole_acceleration,raw_fft_harmonic_order_grid,single_mode_bsv_random_phase_gamma_intensity,shared_fig_iv2_intensity_cases,hhg_intensity_prediction,quantum_light_hhg_bsv_threshold_tdse_dipole_acceleration,shared_normalized_raw_spectrum_for_log_display
BSV - 2e13 W/cm^2,20000000000000.0,8.119802674040173,9.0,0.00663320792935907,0.002430316160169791,243.03161601697911,100000.0,0.01,16.366816709067592,23.430389465091444,30.495271637492333,0.999,tdse_dipole_acceleration,raw_fft_harmonic_order_grid,single_mode_bsv_random_phase_gamma_intensity,shared_fig_iv2_intensity_cases,hhg_intensity_prediction,quantum_light_hhg_bsv_threshold_tdse_dipole_acceleration,shared_normalized_raw_spectrum_for_log_display
BSV - 2e13 W/cm^2,20000000000000.0,8.15980170199111,9.0,0.0019028293935689368,0.0006971705205815112,69.71705205815111,100000.0,0.01,16.366816709067592,23.430389465091444,30.495271637492333,0.999,tdse_dipole_acceleration,raw_fft_harmonic_order_grid,single_mode_bsv_random_phase_gamma_intensity,shared_fig_iv2_intensity_cases,hhg_intensity_prediction,quantum_light_hhg_bsv_threshold_tdse_dipole_acceleration,shared_normalized_raw_spectrum_for_log_display
BSV - 2e13 W/cm^2,20000000000000.0,8.199800729942046,9.0,0.0009403751742114393,0.00034454053104428613,34.45405310442861,100000.0,0.01,16.366816709067592,23.430389465091444,30.495271637492333,0.999,tdse_dipole_acceleration,raw_fft_harmonic_order_grid,single_mode_bsv_random_phase_gamma_intensity,shared_fig_iv2_intensity_cases,hhg_intensity_prediction,quantum_light_hhg_bsv_threshold_tdse_dipole_acceleration,shared_normalized_raw_spectrum_for_log_display
BSV - 2e13 W/cm^2,20000000000000.0,8.239799757892984,9.0,0.0005509432440137298,0.00020185802759726135,20.185802759726137,100000.0,0.01,16.366816709067592,23.430389465091444,30.495271637492333,0.999,tdse_dipole_acceleration,raw_fft_harmonic_order_grid,single_mode_bsv_random_phase_gamma_intensity,shared_fig_iv2_intensity_cases,hhg_intensity_prediction,quantum_light_hhg_bsv_threshold_tdse_dipole_acceleration,shared_normalized_raw_spectrum_for_log_display
BSV - 2e13 W/cm^2,20000000000000.0,8.27979878584392,9.0,0.0009049576983482905,0.0003315640549773055,33.156405497730546,100000.0,0.01,16.366816709067592,23.430389465091444,30.495271637492333,0.999,tdse_dipole_acceleration,raw_fft_harmonic_order_grid,single_mode_bsv_random_phase_gamma_intensity,shared_fig_iv2_intensity_cases,hhg_intensity_prediction,quantum_light_hhg_bsv_threshold_tdse_dipole_acceleration,shared_normalized_raw_spectrum_for_log_display
BSV - 2e13 W/cm^2,20000000000000.0,8.319797813794857,9.0,0.002432768607597589,0.000891332960456354,89.1332960456354,100000.0,0.01,16.366816709067592,23.430389465091444,30.495271637492333,0.999,tdse_dipole_acceleration,raw_fft_harmonic_order_grid,single_mode_bsv_random_phase_gamma_intensity,shared_fig_iv2_intensity_cases,hhg_intensity_prediction,quantum_light_hhg_bsv_threshold_tdse_dipole_acceleration,shared_normalized_raw_spectrum_for_log_display
BSV - 2e13 W/cm^2,20000000000000.0,8.359796841745792,9.0,0.0017029470176634937,0.0006239363669910523,62.39363669910523,100000.0,0.01,16.366816709067592,23.430389465091444,30.495271637492333,0.999,tdse_dipole_acceleration,raw_fft_harmonic_order_grid,single_mode_bsv_random_phase_gamma_intensity,shared_fig_iv2_intensity_cases,hhg_intensity_prediction,quantum_light_hhg_bsv_threshold_tdse_dipole_acceleration,shared_normalized_raw_spectrum_for_log_display
BSV - 2e13 W/cm^2,20000000000000.0,8.399795869696732,9.0,0.002503962184535241,0.0009174173079356565,91.74173079356565,100000.0,0.01,16.366816709067592,23.430389465091444,30.495271637492333,0.999,tdse_dipole_acceleration,raw_fft_harmonic_order_grid,single_mode_bsv_random_phase_gamma_intensity,shared_fig_iv2_intensity_cases,hhg_intensity_prediction,quantum_light_hhg_bsv_threshold_tdse_dipole_acceleration,shared_normalized_raw_spectrum_for_log_display
BSV - 2e13 W/cm^2,20000000000000.0,8.439794897647667,9.0,0.0013826013267563505,0.0005065661114912202,50.65661114912202,100000.0,0.01,16.366816709067592,23.430389465091444,30.495271637492333,0.999,tdse_dipole_acceleration,raw_fft_harmonic_order_grid,single_mode_bsv_random_phase_gamma_intensity,shared_fig_iv2_intensity_cases,hhg_intensity_prediction,quantum_light_hhg_bsv_threshold_tdse_dipole_acceleration,shared_normalized_raw_spectrum_for_log_display
BSV - 2e13 W/cm^2,20000000000000.0,8.479793925598603,9.0,0.002498237480295463,0.0009153198550328844,91.53198550328844,100000.0,0.01,16.366816709067592,23.430389465091444,30.495271637492333,0.999,tdse_dipole_acceleration,raw_fft_harmonic_order_grid,single_mode_bsv_random_phase_gamma_intensity,shared_fig_iv2_intensity_cases,hhg_intensity_prediction,quantum_light_hhg_bsv_threshold_tdse_dipole_acceleration,shared_normalized_raw_spectrum_for_log_display
BSV - 2e13 W/cm^2,20000000000000.0,8.51979295354954,9.0,0.0015604644189823832,0.0005717327023682325,57.17327023682325,100000.0,0.01,16.366816709067592,23.430389465091444,30.495271637492333,0.999,tdse_dipole_acceleration,raw_fft_harmonic_order_grid,single_mode_bsv_random_phase_gamma_intensity,shared_fig_iv2_intensity_cases,hhg_intensity_prediction,quantum_light_hhg_bsv_threshold_tdse_dipole_acceleration,shared_normalized_raw_spectrum_for_log_display
BSV - 2e13 W/cm^2,20000000000000.0,8.559791981500478,9.0,0.00291095665977538,0.0010665344863521496,106.65344863521496,100000.0,0.01,16.366816709067592,23.430389465091444,30.495271637492333,0.999,tdse_dipole_acceleration,raw_fft_harmonic_order_grid,single_mode_bsv_random_phase_gamma_intensity,shared_fig_iv2_intensity_cases,hhg_intensity_prediction,quantum_light_hhg_bsv_threshold_tdse_dipole_acceleration,shared_normalized_raw_spectrum_for_log_display
BSV - 2e13 W/cm^2,20000000000000.0,8.599791009451414,9.0,0.0027122666903679885,0.0009937372141036551,99.37372141036552,100000.0,0.01,16.366816709067592,23.430389465091444,30.495271637492333,0.999,tdse_dipole_acceleration,raw_fft_harmonic_order_grid,single_mode_bsv_random_phase_gamma_intensity,shared_fig_iv2_intensity_cases,hhg_intensity_prediction,quantum_light_hhg_bsv_threshold_tdse_dipole_acceleration,shared_normalized_raw_spectrum_for_log_display
BSV - 2e13 W/cm^2,20000000000000.0,8.639790037402351,9.0,0.002160537356821805,0.0007915911741126307,79.15911741126307,100000.0,0.01,16.366816709067592,23.430389465091444,30.495271637492333,0.999,tdse_dipole_acceleration,raw_fft_harmonic_order_grid,single_mode_bsv_random_phase_gamma_intensity,shared_fig_iv2_intensity_cases,hhg_intensity_prediction,quantum_light_hhg_bsv_threshold_tdse_dipole_acceleration,shared_normalized_raw_spectrum_for_log_display
BSV - 2e13 W/cm^2,20000000000000.0,8.679789065353289,9.0,0.004534916017361223,0.0016615308609918297,166.15308609918299,100000.0,0.01,16.366816709067592,23.430389465091444,30.495271637492333,0.999,tdse_dipole_acceleration,raw_fft_harmonic_order_grid,single_mode_bsv_random_phase_gamma_intensity,shared_fig_iv2_intensity_cases,hhg_intensity_prediction,quantum_light_hhg_bsv_threshold_tdse_dipole_acceleration,shared_normalized_raw_spectrum_for_log_display
BSV - 2e13 W/cm^2,20000000000000.0,8.719788093304224,9.0,0.005582594957703867,0.002045386016219915,204.5386016219915,100000.0,0.01,16.366816709067592,23.430389465091444,30.495271637492333,0.999,tdse_dipole_acceleration,raw_fft_harmonic_order_grid,single_mode_bsv_random_phase_gamma_intensity,shared_fig_iv2_intensity_cases,hhg_intensity_prediction,quantum_light_hhg_bsv_threshold_tdse_dipole_acceleration,shared_normalized_raw_spectrum_for_log_display
BSV - 2e13 W/cm^2,20000000000000.0,8.759787121255162,9.0,0.011791354077575724,0.004320189969950962,432.0189969950962,100000.0,0.01,16.366816709067592,23.430389465091444,30.495271637492333,0.999,tdse_dipole_acceleration,raw_fft_harmonic_order_grid,single_mode_bsv_random_phase_gamma_intensity,shared_fig_iv2_intensity_cases,hhg_intensity_prediction,quantum_light_hhg_bsv_threshold_tdse_dipole_acceleration,shared_normalized_raw_spectrum_for_log_display
BSV - 2e13 W/cm^2,20000000000000.0,8.7997861492061,9.0,0.014878150836160908,0.00545114985021423,545.1149850214231,100000.0,0.01,16.366816709067592,23.430389465091444,30.495271637492333,0.999,tdse_dipole_acceleration,raw_fft_harmonic_order_grid,single_mode_bsv_random_phase_gamma_intensity,shared_fig_iv2_intensity_cases,hhg_intensity_prediction,quantum_light_hhg_bsv_threshold_tdse_dipole_acceleration,shared_normalized_raw_spectrum_for_log_display
BSV - 2e13 W/cm^2,20000000000000.0,8.839785177157035,9.0,0.014225818225439018,0.005212144153042253,521.2144153042252,100000.0,0.01,16.366816709067592,23.430389465091444,30.495271637492333,0.999,tdse_dipole_acceleration,raw_fft_harmonic_order_grid,single_mode_bsv_random_phase_gamma_intensity,shared_fig_iv2_intensity_cases,hhg_intensity_prediction,quantum_light_hhg_bsv_threshold_tdse_dipole_acceleration,shared_normalized_raw_spectrum_for_log_display
BSV - 2e13 W/cm^2,20000000000000.0,8.879784205107972,9.0,0.04661428361973629,0.01707883244159503,1707.883244159503,100000.0,0.01,16.366816709067592,23.430389465091444,30.495271637492333,0.999,tdse_dipole_acceleration,raw_fft_harmonic_order_grid,single_mode_bsv_random_phase_gamma_intensity,shared_fig_iv2_intensity_cases,hhg_intensity_prediction,quantum_light_hhg_bsv_threshold_tdse_dipole_acceleration,shared_normalized_raw_spectrum_for_log_display
BSV - 2e13 W/cm^2,20000000000000.0,8.91978323305891,9.0,0.025797516629150394,0.00945185530496872,945.185530496872,100000.0,0.01,16.366816709067592,23.430389465091444,30.495271637492333,0.999,tdse_dipole_acceleration,raw_fft_harmonic_order_grid,single_mode_bsv_random_phase_gamma_intensity,shared_fig_iv2_intensity_cases,hhg_intensity_prediction,quantum_light_hhg_bsv_threshold_tdse_dipole_acceleration,shared_normalized_raw_spectrum_for_log_display
BSV - 2e13 W/cm^2,20000000000000.0,8.959782261009847,9.0,0.5395194521156351,0.19767250735486502,19767.2507354865,100000.0,0.01,16.366816709067592,23.430389465091444,30.495271637492333,0.999,tdse_dipole_acceleration,raw_fft_harmonic_order_grid,single_mode_bsv_random_phase_gamma_intensity,shared_fig_iv2_intensity_cases,hhg_intensity_prediction,quantum_light_hhg_bsv_threshold_tdse_dipole_acceleration,shared_normalized_raw_spectrum_for_log_display
BSV - 2e13 W/cm^2,20000000000000.0,8.999781288960783,9.0,1.7821086951971805,0.6529401169450898,65294.01169450898,100000.0,0.01,16.366816709067592,23.430389465091444,30.495271637492333,0.999,tdse_dipole_acceleration,raw_fft_harmonic_order_grid,single_mode_bsv_random_phase_gamma_intensity,shared_fig_iv2_intensity_cases,hhg_intensity_prediction,quantum_light_hhg_bsv_threshold_tdse_dipole_acceleration,shared_normalized_raw_spectrum_for_log_display
BSV - 2e13 W/cm^2,20000000000000.0,9.03978031691172,9.0,1.1057619209124412,0.4051359605055468,40513.596050554675,100000.0,0.01,16.366816709067592,23.430389465091444,30.495271637492333,0.999,tdse_dipole_acceleration,raw_fft_harmonic_order_grid,single_mode_bsv_random_phase_gamma_intensity,shared_fig_iv2_intensity_cases,hhg_intensity_prediction,quantum_light_hhg_bsv_threshold_tdse_dipole_acceleration,shared_normalized_raw_spectrum_for_log_display
BSV - 2e13 W/cm^2,20000000000000.0,9.079779344862658,9.0,0.07856526228921167,0.02878523161083821,2878.523161083821,100000.0,0.01,16.366816709067592,23.430389465091444,30.495271637492333,0.999,tdse_dipole_acceleration,raw_fft_harmonic_order_grid,single_mode_bsv_random_phase_gamma_intensity,shared_fig_iv2_intensity_cases,hhg_intensity_prediction,quantum_light_hhg_bsv_threshold_tdse_dipole_acceleration,shared_normalized_raw_spectrum_for_log_display
BSV - 2e13 W/cm^2,20000000000000.0,9.119778372813593,9.0,0.006150025789300761,0.002253284869157239,225.32848691572391,100000.0,0.01,16.366816709067592,23.430389465091444,30.495271637492333,0.999,tdse_dipole_acceleration,raw_fft_harmonic_order_grid,single_mode_bsv_random_phase_gamma_intensity,shared_fig_iv2_intensity_cases,hhg_intensity_prediction,quantum_light_hhg_bsv_threshold_tdse_dipole_acceleration,shared_normalized_raw_spectrum_for_log_display
BSV - 2e13 W/cm^2,20000000000000.0,9.15977740076453,9.0,0.0007652463616975138,0.000280375742649802,28.037574264980197,100000.0,0.01,16.366816709067592,23.430389465091444,30.495271637492333,0.999,tdse_dipole_acceleration,raw_fft_harmonic_order_grid,single_mode_bsv_random_phase_gamma_intensity,shared_fig_iv2_intensity_cases,hhg_intensity_prediction,quantum_light_hhg_bsv_threshold_tdse_dipole_acceleration,shared_normalized_raw_spectrum_for_log_display
BSV - 2e13 W/cm^2,20000000000000.0,9.199776428715467,9.0,0.0023390872958539014,0.0008570094162133218,85.70094162133218,100000.0,0.01,16.366816709067592,23.430389465091444,30.495271637492333,0.999,tdse_dipole_acceleration,raw_fft_harmonic_order_grid,single_mode_bsv_random_phase_gamma_intensity,shared_fig_iv2_intensity_cases,hhg_intensity_prediction,quantum_light_hhg_bsv_threshold_tdse_dipole_acceleration,shared_normalized_raw_spectrum_for_log_display
BSV - 2e13 W/cm^2,20000000000000.0,9.239775456666402,9.0,0.0035139428471130767,0.0012874603326473934,128.74603326473934,100000.0,0.01,16.366816709067592,23.430389465091444,30.495271637492333,0.999,tdse_dipole_acceleration,raw_fft_harmonic_order_grid,single_mode_bsv_random_phase_gamma_intensity,shared_fig_iv2_intensity_cases,hhg_intensity_prediction,quantum_light_hhg_bsv_threshold_tdse_dipole_acceleration,shared_normalized_raw_spectrum_for_log_display
BSV - 2e13 W/cm^2,20000000000000.0,9.27977448461734,9.0,0.0018048698503195422,0.0006612794911524278,66.12794911524279,100000.0,0.01,16.366816709067592,23.430389465091444,30.495271637492333,0.999,tdse_dipole_acceleration,raw_fft_harmonic_order_grid,single_mode_bsv_random_phase_gamma_intensity,shared_fig_iv2_intensity_cases,hhg_intensity_prediction,quantum_light_hhg_bsv_threshold_tdse_dipole_acceleration,shared_normalized_raw_spectrum_for_log_display
BSV - 2e13 W/cm^2,20000000000000.0,9.319773512568277,9.0,0.0032526790415498543,0.0011917368673965295,119.17368673965295,100000.0,0.01,16.366816709067592,23.430389465091444,30.495271637492333,0.999,tdse_dipole_acceleration,raw_fft_harmonic_order_grid,single_mode_bsv_random_phase_gamma_intensity,shared_fig_iv2_intensity_cases,hhg_intensity_prediction,quantum_light_hhg_bsv_threshold_tdse_dipole_acceleration,shared_normalized_raw_spectrum_for_log_display
BSV - 2e13 W/cm^2,20000000000000.0,9.359772540519213,9.0,0.0009103155104824559,0.00033352708365837295,33.352708365837294,100000.0,0.01,16.366816709067592,23.430389465091444,30.495271637492333,0.999,tdse_dipole_acceleration,raw_fft_harmonic_order_grid,single_mode_bsv_random_phase_gamma_intensity,shared_fig_iv2_intensity_cases,hhg_intensity_prediction,quantum_light_hhg_bsv_threshold_tdse_dipole_acceleration,shared_normalized_raw_spectrum_for_log_display
BSV - 2e13 W/cm^2,20000000000000.0,9.39977156847015,9.0,0.0006379669027812972,0.00023374229935117818,23.374229935117818,100000.0,0.01,16.366816709067592,23.430389465091444,30.495271637492333,0.999,tdse_dipole_acceleration,raw_fft_harmonic_order_grid,single_mode_bsv_random_phase_gamma_intensity,shared_fig_iv2_intensity_cases,hhg_intensity_prediction,quantum_light_hhg_bsv_threshold_tdse_dipole_acceleration,shared_normalized_raw_spectrum_for_log_display
BSV - 2e13 W/cm^2,20000000000000.0,9.439770596421088,9.0,0.0012931576169718365,0.0004737951663271591,47.379516632715905,100000.0,0.01,16.366816709067592,23.430389465091444,30.495271637492333,0.999,tdse_dipole_acceleration,raw_fft_harmonic_order_grid,single_mode_bsv_random_phase_gamma_intensity,shared_fig_iv2_intensity_cases,hhg_intensity_prediction,quantum_light_hhg_bsv_threshold_tdse_dipole_acceleration,shared_normalized_raw_spectrum_for_log_display
BSV - 2e13 W/cm^2,20000000000000.0,9.479769624372025,9.0,0.0007778149240875757,0.0002849806910566615,28.49806910566615,100000.0,0.01,16.366816709067592,23.430389465091444,30.495271637492333,0.999,tdse_dipole_acceleration,raw_fft_harmonic_order_grid,single_mode_bsv_random_phase_gamma_intensity,shared_fig_iv2_intensity_cases,hhg_intensity_prediction,quantum_light_hhg_bsv_threshold_tdse_dipole_acceleration,shared_normalized_raw_spectrum_for_log_display
BSV - 2e13 W/cm^2,20000000000000.0,9.519768652322961,9.0,0.0011497198676103436,0.00042124154763103843,42.124154763103846,100000.0,0.01,16.366816709067592,23.430389465091444,30.495271637492333,0.999,tdse_dipole_acceleration,raw_fft_harmonic_order_grid,single_mode_bsv_random_phase_gamma_intensity,shared_fig_iv2_intensity_cases,hhg_intensity_prediction,quantum_light_hhg_bsv_threshold_tdse_dipole_acceleration,shared_normalized_raw_spectrum_for_log_display
BSV - 2e13 W/cm^2,20000000000000.0,9.559767680273898,9.0,0.0010740370736151666,0.00039351241276113966,39.35124127611397,100000.0,0.01,16.366816709067592,23.430389465091444,30.495271637492333,0.999,tdse_dipole_acceleration,raw_fft_harmonic_order_grid,single_mode_bsv_random_phase_gamma_intensity,shared_fig_iv2_intensity_cases,hhg_intensity_prediction,quantum_light_hhg_bsv_threshold_tdse_dipole_acceleration,shared_normalized_raw_spectrum_for_log_display
BSV - 2e13 W/cm^2,20000000000000.0,9.599766708224834,9.0,0.0008034283520438778,0.0002943650988036323,29.436509880363232,100000.0,0.01,16.366816709067592,23.430389465091444,30.495271637492333,0.999,tdse_dipole_acceleration,raw_fft_harmonic_order_grid,single_mode_bsv_random_phase_gamma_intensity,shared_fig_iv2_intensity_cases,hhg_intensity_prediction,quantum_light_hhg_bsv_threshold_tdse_dipole_acceleration,shared_normalized_raw_spectrum_for_log_display
BSV - 2e13 W/cm^2,20000000000000.0,9.639765736175772,9.0,0.0012929493982447786,0.00047371887784915446,47.371887784915444,100000.0,0.01,16.366816709067592,23.430389465091444,30.495271637492333,0.999,tdse_dipole_acceleration,raw_fft_harmonic_order_grid,single_mode_bsv_random_phase_gamma_intensity,shared_fig_iv2_intensity_cases,hhg_intensity_prediction,quantum_light_hhg_bsv_threshold_tdse_dipole_acceleration,shared_normalized_raw_spectrum_for_log_display
BSV - 2e13 W/cm^2,20000000000000.0,9.679764764126709,9.0,0.0012914376849663097,0.00047316500689420596,47.31650068942059,100000.0,0.01,16.366816709067592,23.430389465091444,30.495271637492333,0.999,tdse_dipole_acceleration,raw_fft_harmonic_order_grid,single_mode_bsv_random_phase_gamma_intensity,shared_fig_iv2_intensity_cases,hhg_intensity_prediction,quantum_light_hhg_bsv_threshold_tdse_dipole_acceleration,shared_normalized_raw_spectrum_for_log_display
BSV - 2e13 W/cm^2,20000000000000.0,9.719763792077645,9.0,0.00096763990963637,0.0003545299551376697,35.45299551376697,100000.0,0.01,16.366816709067592,23.430389465091444,30.495271637492333,0.999,tdse_dipole_acceleration,raw_fft_harmonic_order_grid,single_mode_bsv_random_phase_gamma_intensity,shared_fig_iv2_intensity_cases,hhg_intensity_prediction,quantum_light_hhg_bsv_threshold_tdse_dipole_acceleration,shared_normalized_raw_spectrum_for_log_display
BSV - 2e13 W/cm^2,20000000000000.0,9.75976282002858,9.0,0.0017334688850028453,0.000635119159423213,63.511915942321295,100000.0,0.01,16.366816709067592,23.430389465091444,30.495271637492333,0.999,tdse_dipole_acceleration,raw_fft_harmonic_order_grid,single_mode_bsv_random_phase_gamma_intensity,shared_fig_iv2_intensity_cases,hhg_intensity_prediction,quantum_light_hhg_bsv_threshold_tdse_dipole_acceleration,shared_normalized_raw_spectrum_for_log_display
BSV - 2e13 W/cm^2,20000000000000.0,9.79976184797952,9.0,0.0011523135284969277,0.000422191829309797,42.2191829309797,100000.0,0.01,16.366816709067592,23.430389465091444,30.495271637492333,0.999,tdse_dipole_acceleration,raw_fft_harmonic_order_grid,single_mode_bsv_random_phase_gamma_intensity,shared_fig_iv2_intensity_cases,hhg_intensity_prediction,quantum_light_hhg_bsv_threshold_tdse_dipole_acceleration,shared_normalized_raw_spectrum_for_log_display
BSV - 2e13 W/cm^2,20000000000000.0,9.839760875930455,9.0,0.001368296146860566,0.000501324890313608,50.132489031360805,100000.0,0.01,16.366816709067592,23.430389465091444,30.495271637492333,0.999,tdse_dipole_acceleration,raw_fft_harmonic_order_grid,single_mode_bsv_random_phase_gamma_intensity,shared_fig_iv2_intensity_cases,hhg_intensity_prediction,quantum_light_hhg_bsv_threshold_tdse_dipole_acceleration,shared_normalized_raw_spectrum_for_log_display
BSV - 2e13 W/cm^2,20000000000000.0,9.879759903881393,9.0,0.0008466754897372895,0.000310210255285489,31.021025528548897,100000.0,0.01,16.366816709067592,23.430389465091444,30.495271637492333,0.999,tdse_dipole_acceleration,raw_fft_harmonic_order_grid,single_mode_bsv_random_phase_gamma_intensity,shared_fig_iv2_intensity_cases,hhg_intensity_prediction,quantum_light_hhg_bsv_threshold_tdse_dipole_acceleration,shared_normalized_raw_spectrum_for_log_display
BSV - 2e13 W/cm^2,20000000000000.0,9.919758931832328,9.0,0.001060605430289276,0.0003885912433691675,38.85912433691675,100000.0,0.01,16.366816709067592,23.430389465091444,30.495271637492333,0.999,tdse_dipole_acceleration,raw_fft_harmonic_order_grid,single_mode_bsv_random_phase_gamma_intensity,shared_fig_iv2_intensity_cases,hhg_intensity_prediction,quantum_light_hhg_bsv_threshold_tdse_dipole_acceleration,shared_normalized_raw_spectrum_for_log_display
BSV - 2e13 W/cm^2,20000000000000.0,9.959757959783268,9.0,0.0006600947771899382,0.00024184964821438864,24.184964821438864,100000.0,0.01,16.366816709067592,23.430389465091444,30.495271637492333,0.999,tdse_dipole_acceleration,raw_fft_harmonic_order_grid,single_mode_bsv_random_phase_gamma_intensity,shared_fig_iv2_intensity_cases,hhg_intensity_prediction,quantum_light_hhg_bsv_threshold_tdse_dipole_acceleration,shared_normalized_raw_spectrum_for_log_display
BSV - 2e13 W/cm^2,20000000000000.0,9.999756987734203,9.0,0.0012132585612719027,0.0004445212511540193,44.452125115401934,100000.0,0.01,16.366816709067592,23.430389465091444,30.495271637492333,0.999,tdse_dipole_acceleration,raw_fft_harmonic_order_grid,single_mode_bsv_random_phase_gamma_intensity,shared_fig_iv2_intensity_cases,hhg_intensity_prediction,quantum_light_hhg_bsv_threshold_tdse_dipole_acceleration,shared_normalized_raw_spectrum_for_log_display
BSV - 2e13 W/cm^2,20000000000000.0,10.03975601568514,11.0,0.0005931956288196962,0.00021733872030179033,21.733872030179032,100000.0,0.01,16.366816709067592,23.430389465091444,30.495271637492333,0.999,tdse_dipole_acceleration,raw_fft_harmonic_order_grid,single_mode_bsv_random_phase_gamma_intensity,shared_fig_iv2_intensity_cases,hhg_intensity_prediction,quantum_light_hhg_bsv_threshold_tdse_dipole_acceleration,shared_normalized_raw_spectrum_for_log_display
BSV - 2e13 W/cm^2,20000000000000.0,10.079755043636077,11.0,0.003223023151717301,0.0011808713572132488,118.08713572132488,100000.0,0.01,16.366816709067592,23.430389465091444,30.495271637492333,0.999,tdse_dipole_acceleration,raw_fft_harmonic_order_grid,single_mode_bsv_random_phase_gamma_intensity,shared_fig_iv2_intensity_cases,hhg_intensity_prediction,quantum_light_hhg_bsv_threshold_tdse_dipole_acceleration,shared_normalized_raw_spectrum_for_log_display
BSV - 2e13 W/cm^2,20000000000000.0,10.119754071587016,11.0,0.001823405924869349,0.0006680708539446477,66.80708539446478,100000.0,0.01,16.366816709067592,23.430389465091444,30.495271637492333,0.999,tdse_dipole_acceleration,raw_fft_harmonic_order_grid,single_mode_bsv_random_phase_gamma_intensity,shared_fig_iv2_intensity_cases,hhg_intensity_prediction,quantum_light_hhg_bsv_threshold_tdse_dipole_acceleration,shared_normalized_raw_spectrum_for_log_display
BSV - 2e13 W/cm^2,20000000000000.0,10.159753099537951,11.0,0.0013162600598875833,0.0004822595836883324,48.22595836883324,100000.0,0.01,16.366816709067592,23.430389465091444,30.495271637492333,0.999,tdse_dipole_acceleration,raw_fft_harmonic_order_grid,single_mode_bsv_random_phase_gamma_intensity,shared_fig_iv2_intensity_cases,hhg_intensity_prediction,quantum_light_hhg_bsv_threshold_tdse_dipole_acceleration,shared_normalized_raw_spectrum_for_log_display
BSV - 2e13 W/cm^2,20000000000000.0,10.199752127488887,11.0,0.0004538473222586586,0.00016628341720648895,16.628341720648894,100000.0,0.01,16.366816709067592,23.430389465091444,30.495271637492333,0.999,tdse_dipole_acceleration,raw_fft_harmonic_order_grid,single_mode_bsv_random_phase_gamma_intensity,shared_fig_iv2_intensity_cases,hhg_intensity_prediction,quantum_light_hhg_bsv_threshold_tdse_dipole_acceleration,shared_normalized_raw_spectrum_for_log_display
BSV - 2e13 W/cm^2,20000000000000.0,10.239751155439823,11.0,0.0004984158041195596,0.00018261269601913845,18.261269601913845,100000.0,0.01,16.366816709067592,23.430389465091444,30.495271637492333,0.999,tdse_dipole_acceleration,raw_fft_harmonic_order_grid,single_mode_bsv_random_phase_gamma_intensity,shared_fig_iv2_intensity_cases,hhg_intensity_prediction,quantum_light_hhg_bsv_threshold_tdse_dipole_acceleration,shared_normalized_raw_spectrum_for_log_display
BSV - 2e13 W/cm^2,20000000000000.0,10.279750183390759,11.0,0.000361637402565697,0.00013249897077508986,13.249897077508987,100000.0,0.01,16.366816709067592,23.430389465091444,30.495271637492333,0.999,tdse_dipole_acceleration,raw_fft_harmonic_order_grid,single_mode_bsv_random_phase_gamma_intensity,shared_fig_iv2_intensity_cases,hhg_intensity_prediction,quantum_light_hhg_bsv_threshold_tdse_dipole_acceleration,shared_normalized_raw_spectrum_for_log_display
BSV - 2e13 W/cm^2,20000000000000.0,10.319749211341698,11.0,0.0009081723313220286,0.0003327418522886955,33.27418522886955,100000.0,0.01,16.366816709067592,23.430389465091444,30.495271637492333,0.999,tdse_dipole_acceleration,raw_fft_harmonic_order_grid,single_mode_bsv_random_phase_gamma_intensity,shared_fig_iv2_intensity_cases,hhg_intensity_prediction,quantum_light_hhg_bsv_threshold_tdse_dipole_acceleration,shared_normalized_raw_spectrum_for_log_display
BSV - 2e13 W/cm^2,20000000000000.0,10.359748239292633,11.0,0.00045667837463442675,0.00016732067586208805,16.732067586208803,100000.0,0.01,16.366816709067592,23.430389465091444,30.495271637492333,0.999,tdse_dipole_acceleration,raw_fft_harmonic_order_grid,single_mode_bsv_random_phase_gamma_intensity,shared_fig_iv2_intensity_cases,hhg_intensity_prediction,quantum_light_hhg_bsv_threshold_tdse_dipole_acceleration,shared_normalized_raw_spectrum_for_log_display
BSV - 2e13 W/cm^2,20000000000000.0,10.399747267243571,11.0,0.0006198239228682809,0.0002270949610277284,22.70949610277284,100000.0,0.01,16.366816709067592,23.430389465091444,30.495271637492333,0.999,tdse_dipole_acceleration,raw_fft_harmonic_order_grid,single_mode_bsv_random_phase_gamma_intensity,shared_fig_iv2_intensity_cases,hhg_intensity_prediction,quantum_light_hhg_bsv_threshold_tdse_dipole_acceleration,shared_normalized_raw_spectrum_for_log_display
BSV - 2e13 W/cm^2,20000000000000.0,10.439746295194507,11.0,0.0004308962835513043,0.00015787447226503962,15.78744722650396,100000.0,0.01,16.366816709067592,23.430389465091444,30.495271637492333,0.999,tdse_dipole_acceleration,raw_fft_harmonic_order_grid,single_mode_bsv_random_phase_gamma_intensity,shared_fig_iv2_intensity_cases,hhg_intensity_prediction,quantum_light_hhg_bsv_threshold_tdse_dipole_acceleration,shared_normalized_raw_spectrum_for_log_display
BSV - 2e13 W/cm^2,20000000000000.0,10.479745323145446,11.0,0.0010835322980716838,0.0003969913324161342,39.69913324161342,100000.0,0.01,16.366816709067592,23.430389465091444,30.495271637492333,0.999,tdse_dipole_acceleration,raw_fft_harmonic_order_grid,single_mode_bsv_random_phase_gamma_intensity,shared_fig_iv2_intensity_cases,hhg_intensity_prediction,quantum_light_hhg_bsv_threshold_tdse_dipole_acceleration,shared_normalized_raw_spectrum_for_log_display
BSV - 2e13 W/cm^2,20000000000000.0,10.519744351096382,11.0,0.0007173908328447679,0.00026284213502542324,26.284213502542325,100000.0,0.01,16.366816709067592,23.430389465091444,30.495271637492333,0.999,tdse_dipole_acceleration,raw_fft_harmonic_order_grid,single_mode_bsv_random_phase_gamma_intensity,shared_fig_iv2_intensity_cases,hhg_intensity_prediction,quantum_light_hhg_bsv_threshold_tdse_dipole_acceleration,shared_normalized_raw_spectrum_for_log_display
BSV - 2e13 W/cm^2,20000000000000.0,10.559743379047319,11.0,0.0008751973796049117,0.0003206602834772877,32.066028347728775,100000.0,0.01,16.366816709067592,23.430389465091444,30.495271637492333,0.999,tdse_dipole_acceleration,raw_fft_harmonic_order_grid,single_mode_bsv_random_phase_gamma_intensity,shared_fig_iv2_intensity_cases,hhg_intensity_prediction,quantum_light_hhg_bsv_threshold_tdse_dipole_acceleration,shared_normalized_raw_spectrum_for_log_display
BSV - 2e13 W/cm^2,20000000000000.0,10.599742406998255,11.0,0.001680670146022888,0.0006157744275911784,61.577442759117844,100000.0,0.01,16.366816709067592,23.430389465091444,30.495271637492333,0.999,tdse_dipole_acceleration,raw_fft_harmonic_order_grid,single_mode_bsv_random_phase_gamma_intensity,shared_fig_iv2_intensity_cases,hhg_intensity_prediction,quantum_light_hhg_bsv_threshold_tdse_dipole_acceleration,shared_normalized_raw_spectrum_for_log_display
BSV - 2e13 W/cm^2,20000000000000.0,10.639741434949194,11.0,0.0006628974761833487,0.00024287651858063015,24.287651858063015,100000.0,0.01,16.366816709067592,23.430389465091444,30.495271637492333,0.999,tdse_dipole_acceleration,raw_fft_harmonic_order_grid,single_mode_bsv_random_phase_gamma_intensity,shared_fig_iv2_intensity_cases,hhg_intensity_prediction,quantum_light_hhg_bsv_threshold_tdse_dipole_acceleration,shared_normalized_raw_spectrum_for_log_display
BSV - 2e13 W/cm^2,20000000000000.0,10.67974046290013,11.0,0.001579888458257356,0.0005788494032237567,57.88494032237567,100000.0,0.01,16.366816709067592,23.430389465091444,30.495271637492333,0.999,tdse_dipole_acceleration,raw_fft_harmonic_order_grid,single_mode_bsv_random_phase_gamma_intensity,shared_fig_iv2_intensity_cases,hhg_intensity_prediction,quantum_light_hhg_bsv_threshold_tdse_dipole_acceleration,shared_normalized_raw_spectrum_for_log_display
BSV - 2e13 W/cm^2,20000000000000.0,10.719739490851065,11.0,0.003552468155169042,0.0013015754756884436,130.15754756884436,100000.0,0.01,16.366816709067592,23.430389465091444,30.495271637492333,0.999,tdse_dipole_acceleration,raw_fft_harmonic_order_grid,single_mode_bsv_random_phase_gamma_intensity,shared_fig_iv2_intensity_cases,hhg_intensity_prediction,quantum_light_hhg_bsv_threshold_tdse_dipole_acceleration,shared_normalized_raw_spectrum_for_log_display
BSV - 2e13 W/cm^2,20000000000000.0,10.759738518802001,11.0,0.008011503061314183,0.002935304541108051,293.53045411080507,100000.0,0.01,16.366816709067592,23.430389465091444,30.495271637492333,0.999,tdse_dipole_acceleration,raw_fft_harmonic_order_grid,single_mode_bsv_random_phase_gamma_intensity,shared_fig_iv2_intensity_cases,hhg_intensity_prediction,quantum_light_hhg_bsv_threshold_tdse_dipole_acceleration,shared_normalized_raw_spectrum_for_log_display
BSV - 2e13 W/cm^2,20000000000000.0,10.799737546752938,11.0,0.011040696614157571,0.004045159398992594,404.51593989925937,100000.0,0.01,16.366816709067592,23.430389465091444,30.495271637492333,0.999,tdse_dipole_acceleration,raw_fft_harmonic_order_grid,single_mode_bsv_random_phase_gamma_intensity,shared_fig_iv2_intensity_cases,hhg_intensity_prediction,quantum_light_hhg_bsv_threshold_tdse_dipole_acceleration,shared_normalized_raw_spectrum_for_log_display
BSV - 2e13 W/cm^2,20000000000000.0,10.839736574703876,11.0,0.014567669658435652,0.0053373938166796165,533.7393816679617,100000.0,0.01,16.366816709067592,23.430389465091444,30.495271637492333,0.999,tdse_dipole_acceleration,raw_fft_harmonic_order_grid,single_mode_bsv_random_phase_gamma_intensity,shared_fig_iv2_intensity_cases,hhg_intensity_prediction,quantum_light_hhg_bsv_threshold_tdse_dipole_acceleration,shared_normalized_raw_spectrum_for_log_display
BSV - 2e13 W/cm^2,20000000000000.0,10.879735602654813,11.0,0.03614682445658991,0.013243699361035916,1324.3699361035915,100000.0,0.01,16.366816709067592,23.430389465091444,30.495271637492333,0.999,tdse_dipole_acceleration,raw_fft_harmonic_order_grid,single_mode_bsv_random_phase_gamma_intensity,shared_fig_iv2_intensity_cases,hhg_intensity_prediction,quantum_light_hhg_bsv_threshold_tdse_dipole_acceleration,shared_normalized_raw_spectrum_for_log_display
BSV - 2e13 W/cm^2,20000000000000.0,10.919734630605749,11.0,0.04149675063486079,0.015203838736317558,1520.3838736317557,100000.0,0.01,16.366816709067592,23.430389465091444,30.495271637492333,0.999,tdse_dipole_acceleration,raw_fft_harmonic_order_grid,single_mode_bsv_random_phase_gamma_intensity,shared_fig_iv2_intensity_cases,hhg_intensity_prediction,quantum_light_hhg_bsv_threshold_tdse_dipole_acceleration,shared_normalized_raw_spectrum_for_log_display
BSV - 2e13 W/cm^2,20000000000000.0,10.959733658556686,11.0,0.5558220426263334,0.20364555231180323,20364.555231180322,100000.0,0.01,16.366816709067592,23.430389465091444,30.495271637492333,0.999,tdse_dipole_acceleration,raw_fft_harmonic_order_grid,single_mode_bsv_random_phase_gamma_intensity,shared_fig_iv2_intensity_cases,hhg_intensity_prediction,quantum_light_hhg_bsv_threshold_tdse_dipole_acceleration,shared_normalized_raw_spectrum_for_log_display
BSV - 2e13 W/cm^2,20000000000000.0,10.999732686507624,11.0,1.1648982716791494,0.42680270613637267,42680.270613637265,100000.0,0.01,16.366816709067592,23.430389465091444,30.495271637492333,0.999,tdse_dipole_acceleration,raw_fft_harmonic_order_grid,single_mode_bsv_random_phase_gamma_intensity,shared_fig_iv2_intensity_cases,hhg_intensity_prediction,quantum_light_hhg_bsv_threshold_tdse_dipole_acceleration,shared_normalized_raw_spectrum_for_log_display
BSV - 2e13 W/cm^2,20000000000000.0,11.039731714458561,11.0,0.5971855619878078,0.21880057694185437,21880.057694185438,100000.0,0.01,16.366816709067592,23.430389465091444,30.495271637492333,0.999,tdse_dipole_acceleration,raw_fft_harmonic_order_grid,single_mode_bsv_random_phase_gamma_intensity,shared_fig_iv2_intensity_cases,hhg_intensity_prediction,quantum_light_hhg_bsv_threshold_tdse_dipole_acceleration,shared_normalized_raw_spectrum_for_log_display
BSV - 2e13 W/cm^2,20000000000000.0,11.079730742409497,11.0,0.03681133292593931,0.013487166125356926,1348.7166125356925,100000.0,0.01,16.366816709067592,23.430389465091444,30.495271637492333,0.999,tdse_dipole_acceleration,raw_fft_harmonic_order_grid,single_mode_bsv_random_phase_gamma_intensity,shared_fig_iv2_intensity_cases,hhg_intensity_prediction,quantum_light_hhg_bsv_threshold_tdse_dipole_acceleration,shared_normalized_raw_spectrum_for_log_display
BSV - 2e13 W/cm^2,20000000000000.0,11.119729770360435,11.0,0.006210444215077228,0.002275421349439526,227.54213494395262,100000.0,0.01,16.366816709067592,23.430389465091444,30.495271637492333,0.999,tdse_dipole_acceleration,raw_fft_harmonic_order_grid,single_mode_bsv_random_phase_gamma_intensity,shared_fig_iv2_intensity_cases,hhg_intensity_prediction,quantum_light_hhg_bsv_threshold_tdse_dipole_acceleration,shared_normalized_raw_spectrum_for_log_display
BSV - 2e13 W/cm^2,20000000000000.0,11.159728798311372,11.0,0.0009772654066637905,0.00035805660487103134,35.80566048710313,100000.0,0.01,16.366816709067592,23.430389465091444,30.495271637492333,0.999,tdse_dipole_acceleration,raw_fft_harmonic_order_grid,single_mode_bsv_random_phase_gamma_intensity,shared_fig_iv2_intensity_cases,hhg_intensity_prediction,quantum_light_hhg_bsv_threshold_tdse_dipole_acceleration,shared_normalized_raw_spectrum_for_log_display
BSV - 2e13 W/cm^2,20000000000000.0,11.199727826262308,11.0,0.0014753982980423288,0.0005405656455527005,54.05656455527005,100000.0,0.01,16.366816709067592,23.430389465091444,30.495271637492333,0.999,tdse_dipole_acceleration,raw_fft_harmonic_order_grid,single_mode_bsv_random_phase_gamma_intensity,shared_fig_iv2_intensity_cases,hhg_intensity_prediction,quantum_light_hhg_bsv_threshold_tdse_dipole_acceleration,shared_normalized_raw_spectrum_for_log_display
BSV - 2e13 W/cm^2,20000000000000.0,11.239726854213243,11.0,0.00407917531258989,0.001494553734471998,149.4553734471998,100000.0,0.01,16.366816709067592,23.430389465091444,30.495271637492333,0.999,tdse_dipole_acceleration,raw_fft_harmonic_order_grid,single_mode_bsv_random_phase_gamma_intensity,shared_fig_iv2_intensity_cases,hhg_intensity_prediction,quantum_light_hhg_bsv_threshold_tdse_dipole_acceleration,shared_normalized_raw_spectrum_for_log_display
BSV - 2e13 W/cm^2,20000000000000.0,11.279725882164179,11.0,0.003698954172931307,0.0013552459380043972,135.52459380043973,100000.0,0.01,16.366816709067592,23.430389465091444,30.495271637492333,0.999,tdse_dipole_acceleration,raw_fft_harmonic_order_grid,single_mode_bsv_random_phase_gamma_intensity,shared_fig_iv2_intensity_cases,hhg_intensity_prediction,quantum_light_hhg_bsv_threshold_tdse_dipole_acceleration,shared_normalized_raw_spectrum_for_log_display
BSV - 2e13 W/cm^2,20000000000000.0,11.319724910115117,11.0,0.0020402998126913953,0.0007475377915455177,74.75377915455176,100000.0,0.01,16.366816709067592,23.430389465091444,30.495271637492333,0.999,tdse_dipole_acceleration,raw_fft_harmonic_order_grid,single_mode_bsv_random_phase_gamma_intensity,shared_fig_iv2_intensity_cases,hhg_intensity_prediction,quantum_light_hhg_bsv_threshold_tdse_dipole_acceleration,shared_normalized_raw_spectrum_for_log_display
BSV - 2e13 W/cm^2,20000000000000.0,11.359723938066054,11.0,0.0009979731434220957,0.0003656436348300204,36.56436348300204,100000.0,0.01,16.366816709067592,23.430389465091444,30.495271637492333,0.999,tdse_dipole_acceleration,raw_fft_harmonic_order_grid,single_mode_bsv_random_phase_gamma_intensity,shared_fig_iv2_intensity_cases,hhg_intensity_prediction,quantum_light_hhg_bsv_threshold_tdse_dipole_acceleration,shared_normalized_raw_spectrum_for_log_display
BSV - 2e13 W/cm^2,20000000000000.0,11.399722966016991,11.0,0.0004266484627490827,0.00015631812914251338,15.631812914251338,100000.0,0.01,16.366816709067592,23.430389465091444,30.495271637492333,0.999,tdse_dipole_acceleration,raw_fft_harmonic_order_grid,single_mode_bsv_random_phase_gamma_intensity,shared_fig_iv2_intensity_cases,hhg_intensity_prediction,quantum_light_hhg_bsv_threshold_tdse_dipole_acceleration,shared_normalized_raw_spectrum_for_log_display
BSV - 2e13 W/cm^2,20000000000000.0,11.439721993967927,11.0,0.0012306724025579027,0.00045090144311222424,45.090144311222424,100000.0,0.01,16.366816709067592,23.430389465091444,30.495271637492333,0.999,tdse_dipole_acceleration,raw_fft_harmonic_order_grid,single_mode_bsv_random_phase_gamma_intensity,shared_fig_iv2_intensity_cases,hhg_intensity_prediction,quantum_light_hhg_bsv_threshold_tdse_dipole_acceleration,shared_normalized_raw_spectrum_for_log_display
BSV - 2e13 W/cm^2,20000000000000.0,11.479721021918865,11.0,0.0004776286782861833,0.000174996578994865,17.4996578994865,100000.0,0.01,16.366816709067592,23.430389465091444,30.495271637492333,0.999,tdse_dipole_acceleration,raw_fft_harmonic_order_grid,single_mode_bsv_random_phase_gamma_intensity,shared_fig_iv2_intensity_cases,hhg_intensity_prediction,quantum_light_hhg_bsv_threshold_tdse_dipole_acceleration,shared_normalized_raw_spectrum_for_log_display
BSV - 2e13 W/cm^2,20000000000000.0,11.519720049869802,11.0,0.0010265259448383496,0.00037610498858811766,37.610498858811766,100000.0,0.01,16.366816709067592,23.430389465091444,30.495271637492333,0.999,tdse_dipole_acceleration,raw_fft_harmonic_order_grid,single_mode_bsv_random_phase_gamma_intensity,shared_fig_iv2_intensity_cases,hhg_intensity_prediction,quantum_light_hhg_bsv_threshold_tdse_dipole_acceleration,shared_normalized_raw_spectrum_for_log_display
BSV - 2e13 W/cm^2,20000000000000.0,11.55971907782074,11.0,0.0007758955853488283,0.00028427747173905623,28.427747173905622,100000.0,0.01,16.366816709067592,23.430389465091444,30.495271637492333,0.999,tdse_dipole_acceleration,raw_fft_harmonic_order_grid,single_mode_bsv_random_phase_gamma_intensity,shared_fig_iv2_intensity_cases,hhg_intensity_prediction,quantum_light_hhg_bsv_threshold_tdse_dipole_acceleration,shared_normalized_raw_spectrum_for_log_display
BSV - 2e13 W/cm^2,20000000000000.0,11.599718105771675,11.0,0.0007529847362708705,0.00027588325172509806,27.588325172509805,100000.0,0.01,16.366816709067592,23.430389465091444,30.495271637492333,0.999,tdse_dipole_acceleration,raw_fft_harmonic_order_grid,single_mode_bsv_random_phase_gamma_intensity,shared_fig_iv2_intensity_cases,hhg_intensity_prediction,quantum_light_hhg_bsv_threshold_tdse_dipole_acceleration,shared_normalized_raw_spectrum_for_log_display
BSV - 2e13 W/cm^2,20000000000000.0,11.639717133722613,11.0,0.0009840654823625298,0.0003605480590870039,36.05480590870039,100000.0,0.01,16.366816709067592,23.430389465091444,30.495271637492333,0.999,tdse_dipole_acceleration,raw_fft_harmonic_order_grid,single_mode_bsv_random_phase_gamma_intensity,shared_fig_iv2_intensity_cases,hhg_intensity_prediction,quantum_light_hhg_bsv_threshold_tdse_dipole_acceleration,shared_normalized_raw_spectrum_for_log_display
BSV - 2e13 W/cm^2,20000000000000.0,11.679716161673548,11.0,0.0009269364441189153,0.00033961676515848236,33.96167651584824,100000.0,0.01,16.366816709067592,23.430389465091444,30.495271637492333,0.999,tdse_dipole_acceleration,raw_fft_harmonic_order_grid,single_mode_bsv_random_phase_gamma_intensity,shared_fig_iv2_intensity_cases,hhg_intensity_prediction,quantum_light_hhg_bsv_threshold_tdse_dipole_acceleration,shared_normalized_raw_spectrum_for_log_display
BSV - 2e13 W/cm^2,20000000000000.0,11.719715189624486,11.0,0.0009308803423837301,0.000341061755243087,34.1061755243087,100000.0,0.01,16.366816709067592,23.430389465091444,30.495271637492333,0.999,tdse_dipole_acceleration,raw_fft_harmonic_order_grid,single_mode_bsv_random_phase_gamma_intensity,shared_fig_iv2_intensity_cases,hhg_intensity_prediction,quantum_light_hhg_bsv_threshold_tdse_dipole_acceleration,shared_normalized_raw_spectrum_for_log_display
BSV - 2e13 W/cm^2,20000000000000.0,11.759714217575423,11.0,0.0017909063069935511,0.0006561634409155304,65.61634409155305,100000.0,0.01,16.366816709067592,23.430389465091444,30.495271637492333,0.999,tdse_dipole_acceleration,raw_fft_harmonic_order_grid,single_mode_bsv_random_phase_gamma_intensity,shared_fig_iv2_intensity_cases,hhg_intensity_prediction,quantum_light_hhg_bsv_threshold_tdse_dipole_acceleration,shared_normalized_raw_spectrum_for_log_display
BSV - 2e13 W/cm^2,20000000000000.0,11.799713245526359,11.0,0.0014333253499455693,0.0005251506959906687,52.51506959906687,100000.0,0.01,16.366816709067592,23.430389465091444,30.495271637492333,0.999,tdse_dipole_acceleration,raw_fft_harmonic_order_grid,single_mode_bsv_random_phase_gamma_intensity,shared_fig_iv2_intensity_cases,hhg_intensity_prediction,quantum_light_hhg_bsv_threshold_tdse_dipole_acceleration,shared_normalized_raw_spectrum_for_log_display
BSV - 2e13 W/cm^2,20000000000000.0,11.839712273477295,11.0,0.001012249122554063,0.000370874157249362,37.0874157249362,100000.0,0.01,16.366816709067592,23.430389465091444,30.495271637492333,0.999,tdse_dipole_acceleration,raw_fft_harmonic_order_grid,single_mode_bsv_random_phase_gamma_intensity,shared_fig_iv2_intensity_cases,hhg_intensity_prediction,quantum_light_hhg_bsv_threshold_tdse_dipole_acceleration,shared_normalized_raw_spectrum_for_log_display
BSV - 2e13 W/cm^2,20000000000000.0,11.879711301428234,11.0,0.0008642257791189297,0.00031664043994939373,31.664043994939373,100000.0,0.01,16.366816709067592,23.430389465091444,30.495271637492333,0.999,tdse_dipole_acceleration,raw_fft_harmonic_order_grid,single_mode_bsv_random_phase_gamma_intensity,shared_fig_iv2_intensity_cases,hhg_intensity_prediction,quantum_light_hhg_bsv_threshold_tdse_dipole_acceleration,shared_normalized_raw_spectrum_for_log_display
BSV - 2e13 W/cm^2,20000000000000.0,11.91971032937917,11.0,0.0007539972127124935,0.000276254209168928,27.625420916892796,100000.0,0.01,16.366816709067592,23.430389465091444,30.495271637492333,0.999,tdse_dipole_acceleration,raw_fft_harmonic_order_grid,single_mode_bsv_random_phase_gamma_intensity,shared_fig_iv2_intensity_cases,hhg_intensity_prediction,quantum_light_hhg_bsv_threshold_tdse_dipole_acceleration,shared_normalized_raw_spectrum_for_log_display
BSV - 2e13 W/cm^2,20000000000000.0,11.959709357330107,11.0,0.0004730855845245376,0.00017333205192083417,17.333205192083415,100000.0,0.01,16.366816709067592,23.430389465091444,30.495271637492333,0.999,tdse_dipole_acceleration,raw_fft_harmonic_order_grid,single_mode_bsv_random_phase_gamma_intensity,shared_fig_iv2_intensity_cases,hhg_intensity_prediction,quantum_light_hhg_bsv_threshold_tdse_dipole_acceleration,shared_normalized_raw_spectrum_for_log_display
BSV - 2e13 W/cm^2,20000000000000.0,11.999708385281043,11.0,0.0018287369089265743,0.0006700240531872854,67.00240531872853,100000.0,0.01,16.366816709067592,23.430389465091444,30.495271637492333,0.999,tdse_dipole_acceleration,raw_fft_harmonic_order_grid,single_mode_bsv_random_phase_gamma_intensity,shared_fig_iv2_intensity_cases,hhg_intensity_prediction,quantum_light_hhg_bsv_threshold_tdse_dipole_acceleration,shared_normalized_raw_spectrum_for_log_display
BSV - 2e13 W/cm^2,20000000000000.0,12.039707413231982,13.0,0.0008913959650277334,0.0003265952224003885,32.659522240038854,100000.0,0.01,16.366816709067592,23.430389465091444,30.495271637492333,0.999,tdse_dipole_acceleration,raw_fft_harmonic_order_grid,single_mode_bsv_random_phase_gamma_intensity,shared_fig_iv2_intensity_cases,hhg_intensity_prediction,quantum_light_hhg_bsv_threshold_tdse_dipole_acceleration,shared_normalized_raw_spectrum_for_log_display
BSV - 2e13 W/cm^2,20000000000000.0,12.079706441182918,13.0,0.0030802597887451717,0.0011285648244154934,112.85648244154935,100000.0,0.01,16.366816709067592,23.430389465091444,30.495271637492333,0.999,tdse_dipole_acceleration,raw_fft_harmonic_order_grid,single_mode_bsv_random_phase_gamma_intensity,shared_fig_iv2_intensity_cases,hhg_intensity_prediction,quantum_light_hhg_bsv_threshold_tdse_dipole_acceleration,shared_normalized_raw_spectrum_for_log_display
BSV - 2e13 W/cm^2,20000000000000.0,12.119705469133855,13.0,0.002622743833834481,0.0009609372706592518,96.09372706592518,100000.0,0.01,16.366816709067592,23.430389465091444,30.495271637492333,0.999,tdse_dipole_acceleration,raw_fft_harmonic_order_grid,single_mode_bsv_random_phase_gamma_intensity,shared_fig_iv2_intensity_cases,hhg_intensity_prediction,quantum_light_hhg_bsv_threshold_tdse_dipole_acceleration,shared_normalized_raw_spectrum_for_log_display
BSV - 2e13 W/cm^2,20000000000000.0,12.15970449708479,13.0,0.0014393757832582082,0.0005273674915460518,52.736749154605185,100000.0,0.01,16.366816709067592,23.430389465091444,30.495271637492333,0.999,tdse_dipole_acceleration,raw_fft_harmonic_order_grid,single_mode_bsv_random_phase_gamma_intensity,shared_fig_iv2_intensity_cases,hhg_intensity_prediction,quantum_light_hhg_bsv_threshold_tdse_dipole_acceleration,shared_normalized_raw_spectrum_for_log_display
BSV - 2e13 W/cm^2,20000000000000.0,12.19970352503573,13.0,0.0005389665238897773,0.0001974699220572191,19.74699220572191,100000.0,0.01,16.366816709067592,23.430389465091444,30.495271637492333,0.999,tdse_dipole_acceleration,raw_fft_harmonic_order_grid,single_mode_bsv_random_phase_gamma_intensity,shared_fig_iv2_intensity_cases,hhg_intensity_prediction,quantum_light_hhg_bsv_threshold_tdse_dipole_acceleration,shared_normalized_raw_spectrum_for_log_display
BSV - 2e13 W/cm^2,20000000000000.0,12.239702552986666,13.0,0.0004793948364816305,0.00017564367506806564,17.564367506806565,100000.0,0.01,16.366816709067592,23.430389465091444,30.495271637492333,0.999,tdse_dipole_acceleration,raw_fft_harmonic_order_grid,single_mode_bsv_random_phase_gamma_intensity,shared_fig_iv2_intensity_cases,hhg_intensity_prediction,quantum_light_hhg_bsv_threshold_tdse_dipole_acceleration,shared_normalized_raw_spectrum_for_log_display
BSV - 2e13 W/cm^2,20000000000000.0,12.279701580937601,13.0,0.00019631149442257613,7.192583172473654e-05,7.192583172473654,100000.0,0.01,16.366816709067592,23.430389465091444,30.495271637492333,0.999,tdse_dipole_acceleration,raw_fft_harmonic_order_grid,single_mode_bsv_random_phase_gamma_intensity,shared_fig_iv2_intensity_cases,hhg_intensity_prediction,quantum_light_hhg_bsv_threshold_tdse_dipole_acceleration,shared_normalized_raw_spectrum_for_log_display
BSV - 2e13 W/cm^2,20000000000000.0,12.319700608888537,13.0,0.0008494032013667016,0.0003112096513128473,31.12096513128473,100000.0,0.01,16.366816709067592,23.430389465091444,30.495271637492333,0.999,tdse_dipole_acceleration,raw_fft_harmonic_order_grid,single_mode_bsv_random_phase_gamma_intensity,shared_fig_iv2_intensity_cases,hhg_intensity_prediction,quantum_light_hhg_bsv_threshold_tdse_dipole_acceleration,shared_normalized_raw_spectrum_for_log_display
BSV - 2e13 W/cm^2,20000000000000.0,12.359699636839473,13.0,0.0003591400652495725,0.0001315839807278294,13.15839807278294,100000.0,0.01,16.366816709067592,23.430389465091444,30.495271637492333,0.999,tdse_dipole_acceleration,raw_fft_harmonic_order_grid,single_mode_bsv_random_phase_gamma_intensity,shared_fig_iv2_intensity_cases,hhg_intensity_prediction,quantum_light_hhg_bsv_threshold_tdse_dipole_acceleration,shared_normalized_raw_spectrum_for_log_display
BSV - 2e13 W/cm^2,20000000000000.0,12.399698664790412,13.0,0.0006489942445843416,0.00023778256573104488,23.77825657310449,100000.0,0.01,16.366816709067592,23.430389465091444,30.495271637492333,0.999,tdse_dipole_acceleration,raw_fft_harmonic_order_grid,single_mode_bsv_random_phase_gamma_intensity,shared_fig_iv2_intensity_cases,hhg_intensity_prediction,quantum_light_hhg_bsv_threshold_tdse_dipole_acceleration,shared_normalized_raw_spectrum_for_log_display
BSV - 2e13 W/cm^2,20000000000000.0,12.439697692741348,13.0,0.0005276673783697855,0.00019333007053352362,19.33300705335236,100000.0,0.01,16.366816709067592,23.430389465091444,30.495271637492333,0.999,tdse_dipole_acceleration,raw_fft_harmonic_order_grid,single_mode_bsv_random_phase_gamma_intensity,shared_fig_iv2_intensity_cases,hhg_intensity_prediction,quantum_light_hhg_bsv_threshold_tdse_dipole_acceleration,shared_normalized_raw_spectrum_for_log_display
BSV - 2e13 W/cm^2,20000000000000.0,12.479696720692285,13.0,0.0011299534977401537,0.0004139994215534292,41.39994215534292,100000.0,0.01,16.366816709067592,23.430389465091444,30.495271637492333,0.999,tdse_dipole_acceleration,raw_fft_harmonic_order_grid,single_mode_bsv_random_phase_gamma_intensity,shared_fig_iv2_intensity_cases,hhg_intensity_prediction,quantum_light_hhg_bsv_threshold_tdse_dipole_acceleration,shared_normalized_raw_spectrum_for_log_display
BSV - 2e13 W/cm^2,20000000000000.0,12.51969574864322,13.0,0.00106703054360872,0.0003909453165261469,39.09453165261469,100000.0,0.01,16.366816709067592,23.430389465091444,30.495271637492333,0.999,tdse_dipole_acceleration,raw_fft_harmonic_order_grid,single_mode_bsv_random_phase_gamma_intensity,shared_fig_iv2_intensity_cases,hhg_intensity_prediction,quantum_light_hhg_bsv_threshold_tdse_dipole_acceleration,shared_normalized_raw_spectrum_for_log_display
BSV - 2e13 W/cm^2,20000000000000.0,12.55969477659416,13.0,0.0009014382221762789,0.0003302745673105139,33.027456731051394,100000.0,0.01,16.366816709067592,23.430389465091444,30.495271637492333,0.999,tdse_dipole_acceleration,raw_fft_harmonic_order_grid,single_mode_bsv_random_phase_gamma_intensity,shared_fig_iv2_intensity_cases,hhg_intensity_prediction,quantum_light_hhg_bsv_threshold_tdse_dipole_acceleration,shared_normalized_raw_spectrum_for_log_display
BSV - 2e13 W/cm^2,20000000000000.0,12.599693804545096,13.0,0.0019770350527417483,0.0007243584535672273,72.43584535672274,100000.0,0.01,16.366816709067592,23.430389465091444,30.495271637492333,0.999,tdse_dipole_acceleration,raw_fft_harmonic_order_grid,single_mode_bsv_random_phase_gamma_intensity,shared_fig_iv2_intensity_cases,hhg_intensity_prediction,quantum_light_hhg_bsv_threshold_tdse_dipole_acceleration,shared_normalized_raw_spectrum_for_log_display
BSV - 2e13 W/cm^2,20000000000000.0,12.639692832496033,13.0,0.001167975548719152,0.0004279301781226701,42.79301781226701,100000.0,0.01,16.366816709067592,23.430389465091444,30.495271637492333,0.999,tdse_dipole_acceleration,raw_fft_harmonic_order_grid,single_mode_bsv_random_phase_gamma_intensity,shared_fig_iv2_intensity_cases,hhg_intensity_prediction,quantum_light_hhg_bsv_threshold_tdse_dipole_acceleration,shared_normalized_raw_spectrum_for_log_display
BSV - 2e13 W/cm^2,20000000000000.0,12.679691860446969,13.0,0.0031807448693667965,0.0011653811760045647,116.53811760045647,100000.0,0.01,16.366816709067592,23.430389465091444,30.495271637492333,0.999,tdse_dipole_acceleration,raw_fft_harmonic_order_grid,single_mode_bsv_random_phase_gamma_intensity,shared_fig_iv2_intensity_cases,hhg_intensity_prediction,quantum_light_hhg_bsv_threshold_tdse_dipole_acceleration,shared_normalized_raw_spectrum_for_log_display
BSV - 2e13 W/cm^2,20000000000000.0,12.719690888397908,13.0,0.0036896320233280647,0.0013518304305953797,135.18304305953797,100000.0,0.01,16.366816709067592,23.430389465091444,30.495271637492333,0.999,tdse_dipole_acceleration,raw_fft_harmonic_order_grid,single_mode_bsv_random_phase_gamma_intensity,shared_fig_iv2_intensity_cases,hhg_intensity_prediction,quantum_light_hhg_bsv_threshold_tdse_dipole_acceleration,shared_normalized_raw_spectrum_for_log_display
BSV - 2e13 W/cm^2,20000000000000.0,12.759689916348844,13.0,0.003279353468790255,0.0012015100106894886,120.15100106894886,100000.0,0.01,16.366816709067592,23.430389465091444,30.495271637492333,0.999,tdse_dipole_acceleration,raw_fft_harmonic_order_grid,single_mode_bsv_random_phase_gamma_intensity,shared_fig_iv2_intensity_cases,hhg_intensity_prediction,quantum_light_hhg_bsv_threshold_tdse_dipole_acceleration,shared_normalized_raw_spectrum_for_log_display
BSV - 2e13 W/cm^2,20000000000000.0,12.79968894429978,13.0,0.0020312533494536455,0.0007442232918293586,74.42232918293585,100000.0,0.01,16.366816709067592,23.430389465091444,30.495271637492333,0.999,tdse_dipole_acceleration,raw_fft_harmonic_order_grid,single_mode_bsv_random_phase_gamma_intensity,shared_fig_iv2_intensity_cases,hhg_intensity_prediction,quantum_light_hhg_bsv_threshold_tdse_dipole_acceleration,shared_normalized_raw_spectrum_for_log_display
BSV - 2e13 W/cm^2,20000000000000.0,12.839687972250715,13.0,0.0031823658918893015,0.0011659750963632204,116.59750963632204,100000.0,0.01,16.366816709067592,23.430389465091444,30.495271637492333,0.999,tdse_dipole_acceleration,raw_fft_harmonic_order_grid,single_mode_bsv_random_phase_gamma_intensity,shared_fig_iv2_intensity_cases,hhg_intensity_prediction,quantum_light_hhg_bsv_threshold_tdse_dipole_acceleration,shared_normalized_raw_spectrum_for_log_display
BSV - 2e13 W/cm^2,20000000000000.0,12.879687000201653,13.0,0.015766446066926693,0.005776609006224803,577.6609006224803,100000.0,0.01,16.366816709067592,23.430389465091444,30.495271637492333,0.999,tdse_dipole_acceleration,raw_fft_harmonic_order_grid,single_mode_bsv_random_phase_gamma_intensity,shared_fig_iv2_intensity_cases,hhg_intensity_prediction,quantum_light_hhg_bsv_threshold_tdse_dipole_acceleration,shared_normalized_raw_spectrum_for_log_display
BSV - 2e13 W/cm^2,20000000000000.0,12.91968602815259,13.0,0.0174717282144961,0.00640140093269882,640.140093269882,100000.0,0.01,16.366816709067592,23.430389465091444,30.495271637492333,0.999,tdse_dipole_acceleration,raw_fft_harmonic_order_grid,single_mode_bsv_random_phase_gamma_intensity,shared_fig_iv2_intensity_cases,hhg_intensity_prediction,quantum_light_hhg_bsv_threshold_tdse_dipole_acceleration,shared_normalized_raw_spectrum_for_log_display
BSV - 2e13 W/cm^2,20000000000000.0,12.959685056103528,13.0,0.2213976863458793,0.08111706744018554,8111.706744018554,100000.0,0.01,16.366816709067592,23.430389465091444,30.495271637492333,0.999,tdse_dipole_acceleration,raw_fft_harmonic_order_grid,single_mode_bsv_random_phase_gamma_intensity,shared_fig_iv2_intensity_cases,hhg_intensity_prediction,quantum_light_hhg_bsv_threshold_tdse_dipole_acceleration,shared_normalized_raw_spectrum_for_log_display
BSV - 2e13 W/cm^2,20000000000000.0,12.999684084054463,13.0,0.4400056580676493,0.16121202180847014,16121.202180847013,100000.0,0.01,16.366816709067592,23.430389465091444,30.495271637492333,0.999,tdse_dipole_acceleration,raw_fft_harmonic_order_grid,single_mode_bsv_random_phase_gamma_intensity,shared_fig_iv2_intensity_cases,hhg_intensity_prediction,quantum_light_hhg_bsv_threshold_tdse_dipole_acceleration,shared_normalized_raw_spectrum_for_log_display
BSV - 2e13 W/cm^2,20000000000000.0,13.0396831120054,13.0,0.209570361800071,0.07678369838536862,7678.3698385368625,100000.0,0.01,16.366816709067592,23.430389465091444,30.495271637492333,0.999,tdse_dipole_acceleration,raw_fft_harmonic_order_grid,single_mode_bsv_random_phase_gamma_intensity,shared_fig_iv2_intensity_cases,hhg_intensity_prediction,quantum_light_hhg_bsv_threshold_tdse_dipole_acceleration,shared_normalized_raw_spectrum_for_log_display
BSV - 2e13 W/cm^2,20000000000000.0,13.079682139956338,13.0,0.014694922051401589,0.00538401734338629,538.401734338629,100000.0,0.01,16.366816709067592,23.430389465091444,30.495271637492333,0.999,tdse_dipole_acceleration,raw_fft_harmonic_order_grid,single_mode_bsv_random_phase_gamma_intensity,shared_fig_iv2_intensity_cases,hhg_intensity_prediction,quantum_light_hhg_bsv_threshold_tdse_dipole_acceleration,shared_normalized_raw_spectrum_for_log_display
BSV - 2e13 W/cm^2,20000000000000.0,13.119681167907276,13.0,0.0034655734812924716,0.0012697384622246852,126.97384622246852,100000.0,0.01,16.366816709067592,23.430389465091444,30.495271637492333,0.999,tdse_dipole_acceleration,raw_fft_harmonic_order_grid,single_mode_bsv_random_phase_gamma_intensity,shared_fig_iv2_intensity_cases,hhg_intensity_prediction,quantum_light_hhg_bsv_threshold_tdse_dipole_acceleration,shared_normalized_raw_spectrum_for_log_display
BSV - 2e13 W/cm^2,20000000000000.0,13.159680195858211,13.0,0.0005931270345417171,0.0002173135883017018,21.73135883017018,100000.0,0.01,16.366816709067592,23.430389465091444,30.495271637492333,0.999,tdse_dipole_acceleration,raw_fft_harmonic_order_grid,single_mode_bsv_random_phase_gamma_intensity,shared_fig_iv2_intensity_cases,hhg_intensity_prediction,quantum_light_hhg_bsv_threshold_tdse_dipole_acceleration,shared_normalized_raw_spectrum_for_log_display
BSV - 2e13 W/cm^2,20000000000000.0,13.199679223809149,13.0,0.0004846338207083646,0.00017756316683806612,17.756316683806613,100000.0,0.01,16.366816709067592,23.430389465091444,30.495271637492333,0.999,tdse_dipole_acceleration,raw_fft_harmonic_order_grid,single_mode_bsv_random_phase_gamma_intensity,shared_fig_iv2_intensity_cases,hhg_intensity_prediction,quantum_light_hhg_bsv_threshold_tdse_dipole_acceleration,shared_normalized_raw_spectrum_for_log_display
BSV - 2e13 W/cm^2,20000000000000.0,13.239678251760086,13.0,0.0019516162005890384,0.0007150453357187316,71.50453357187315,100000.0,0.01,16.366816709067592,23.430389465091444,30.495271637492333,0.999,tdse_dipole_acceleration,raw_fft_harmonic_order_grid,single_mode_bsv_random_phase_gamma_intensity,shared_fig_iv2_intensity_cases,hhg_intensity_prediction,quantum_light_hhg_bsv_threshold_tdse_dipole_acceleration,shared_normalized_raw_spectrum_for_log_display
BSV - 2e13 W/cm^2,20000000000000.0,13.279677279711022,13.0,0.0022086112737412216,0.0008092047961211914,80.92047961211914,100000.0,0.01,16.366816709067592,23.430389465091444,30.495271637492333,0.999,tdse_dipole_acceleration,raw_fft_harmonic_order_grid,single_mode_bsv_random_phase_gamma_intensity,shared_fig_iv2_intensity_cases,hhg_intensity_prediction,quantum_light_hhg_bsv_threshold_tdse_dipole_acceleration,shared_normalized_raw_spectrum_for_log_display
BSV - 2e13 W/cm^2,20000000000000.0,13.319676307661958,13.0,0.000479418854001814,0.00017565247475715285,17.565247475715285,100000.0,0.01,16.366816709067592,23.430389465091444,30.495271637492333,0.999,tdse_dipole_acceleration,raw_fft_harmonic_order_grid,single_mode_bsv_random_phase_gamma_intensity,shared_fig_iv2_intensity_cases,hhg_intensity_prediction,quantum_light_hhg_bsv_threshold_tdse_dipole_acceleration,shared_normalized_raw_spectrum_for_log_display
BSV - 2e13 W/cm^2,20000000000000.0,13.359675335612893,13.0,0.0006914722742249468,0.0002533459315997384,25.334593159973842,100000.0,0.01,16.366816709067592,23.430389465091444,30.495271637492333,0.999,tdse_dipole_acceleration,raw_fft_harmonic_order_grid,single_mode_bsv_random_phase_gamma_intensity,shared_fig_iv2_intensity_cases,hhg_intensity_prediction,quantum_light_hhg_bsv_threshold_tdse_dipole_acceleration,shared_normalized_raw_spectrum_for_log_display
BSV - 2e13 W/cm^2,20000000000000.0,13.39967436356383,13.0,7.659750971693088e-05,2.806427413045183e-05,2.8064274130451827,100000.0,0.01,16.366816709067592,23.430389465091444,30.495271637492333,0.999,tdse_dipole_acceleration,raw_fft_harmonic_order_grid,single_mode_bsv_random_phase_gamma_intensity,shared_fig_iv2_intensity_cases,hhg_intensity_prediction,quantum_light_hhg_bsv_threshold_tdse_dipole_acceleration,shared_normalized_raw_spectrum_for_log_display
BSV - 2e13 W/cm^2,20000000000000.0,13.439673391514768,13.0,0.00028897801687346715,0.00010587757112707695,10.587757112707695,100000.0,0.01,16.366816709067592,23.430389465091444,30.495271637492333,0.999,tdse_dipole_acceleration,raw_fft_harmonic_order_grid,single_mode_bsv_random_phase_gamma_intensity,shared_fig_iv2_intensity_cases,hhg_intensity_prediction,quantum_light_hhg_bsv_threshold_tdse_dipole_acceleration,shared_normalized_raw_spectrum_for_log_display
BSV - 2e13 W/cm^2,20000000000000.0,13.479672419465706,13.0,0.00011884496029820154,4.354315900291166e-05,4.354315900291166,100000.0,0.01,16.366816709067592,23.430389465091444,30.495271637492333,0.999,tdse_dipole_acceleration,raw_fft_harmonic_order_grid,single_mode_bsv_random_phase_gamma_intensity,shared_fig_iv2_intensity_cases,hhg_intensity_prediction,quantum_light_hhg_bsv_threshold_tdse_dipole_acceleration,shared_normalized_raw_spectrum_for_log_display
BSV - 2e13 W/cm^2,20000000000000.0,13.519671447416641,13.0,0.00023646716551653028,8.663831736085761e-05,8.663831736085761,100000.0,0.01,16.366816709067592,23.430389465091444,30.495271637492333,0.999,tdse_dipole_acceleration,raw_fft_harmonic_order_grid,single_mode_bsv_random_phase_gamma_intensity,shared_fig_iv2_intensity_cases,hhg_intensity_prediction,quantum_light_hhg_bsv_threshold_tdse_dipole_acceleration,shared_normalized_raw_spectrum_for_log_display
BSV - 2e13 W/cm^2,20000000000000.0,13.559670475367579,13.0,3.7943775106169474e-05,1.3902077365948358e-05,1.3902077365948358,100000.0,0.01,16.366816709067592,23.430389465091444,30.495271637492333,0.999,tdse_dipole_acceleration,raw_fft_harmonic_order_grid,single_mode_bsv_random_phase_gamma_intensity,shared_fig_iv2_intensity_cases,hhg_intensity_prediction,quantum_light_hhg_bsv_threshold_tdse_dipole_acceleration,shared_normalized_raw_spectrum_for_log_display
BSV - 2e13 W/cm^2,20000000000000.0,13.599669503318516,13.0,0.00019216179458127823,7.040543877285529e-05,7.040543877285529,100000.0,0.01,16.366816709067592,23.430389465091444,30.495271637492333,0.999,tdse_dipole_acceleration,raw_fft_harmonic_order_grid,single_mode_bsv_random_phase_gamma_intensity,shared_fig_iv2_intensity_cases,hhg_intensity_prediction,quantum_light_hhg_bsv_threshold_tdse_dipole_acceleration,shared_normalized_raw_spectrum_for_log_display
BSV - 2e13 W/cm^2,20000000000000.0,13.639668531269454,13.0,9.065268618121493e-05,3.321389748900803e-05,3.3213897489008026,100000.0,0.01,16.366816709067592,23.430389465091444,30.495271637492333,0.999,tdse_dipole_acceleration,raw_fft_harmonic_order_grid,single_mode_bsv_random_phase_gamma_intensity,shared_fig_iv2_intensity_cases,hhg_intensity_prediction,quantum_light_hhg_bsv_threshold_tdse_dipole_acceleration,shared_normalized_raw_spectrum_for_log_display
BSV - 2e13 W/cm^2,20000000000000.0,13.67966755922039,13.0,0.00017143318414506237,6.281076098535117e-05,6.281076098535117,100000.0,0.01,16.366816709067592,23.430389465091444,30.495271637492333,0.999,tdse_dipole_acceleration,raw_fft_harmonic_order_grid,single_mode_bsv_random_phase_gamma_intensity,shared_fig_iv2_intensity_cases,hhg_intensity_prediction,quantum_light_hhg_bsv_threshold_tdse_dipole_acceleration,shared_normalized_raw_spectrum_for_log_display
BSV - 2e13 W/cm^2,20000000000000.0,13.719666587171327,13.0,0.0001060078786901953,3.883982884748708e-05,3.883982884748708,100000.0,0.01,16.366816709067592,23.430389465091444,30.495271637492333,0.999,tdse_dipole_acceleration,raw_fft_harmonic_order_grid,single_mode_bsv_random_phase_gamma_intensity,shared_fig_iv2_intensity_cases,hhg_intensity_prediction,quantum_light_hhg_bsv_threshold_tdse_dipole_acceleration,shared_normalized_raw_spectrum_for_log_display
BSV - 2e13 W/cm^2,20000000000000.0,13.759665615122264,13.0,0.00037911244087998505,0.0001389015844828293,13.89015844828293,100000.0,0.01,16.366816709067592,23.430389465091444,30.495271637492333,0.999,tdse_dipole_acceleration,raw_fft_harmonic_order_grid,single_mode_bsv_random_phase_gamma_intensity,shared_fig_iv2_intensity_cases,hhg_intensity_prediction,quantum_light_hhg_bsv_threshold_tdse_dipole_acceleration,shared_normalized_raw_spectrum_for_log_display
BSV - 2e13 W/cm^2,20000000000000.0,13.7996646430732,13.0,0.00037299693533947374,0.00013666094735807863,13.666094735807864,100000.0,0.01,16.366816709067592,23.430389465091444,30.495271637492333,0.999,tdse_dipole_acceleration,raw_fft_harmonic_order_grid,single_mode_bsv_random_phase_gamma_intensity,shared_fig_iv2_intensity_cases,hhg_intensity_prediction,quantum_light_hhg_bsv_threshold_tdse_dipole_acceleration,shared_normalized_raw_spectrum_for_log_display
BSV - 2e13 W/cm^2,20000000000000.0,13.839663671024137,13.0,0.0002139724001631912,7.839654470128565e-05,7.839654470128565,100000.0,0.01,16.366816709067592,23.430389465091444,30.495271637492333,0.999,tdse_dipole_acceleration,raw_fft_harmonic_order_grid,single_mode_bsv_random_phase_gamma_intensity,shared_fig_iv2_intensity_cases,hhg_intensity_prediction,quantum_light_hhg_bsv_threshold_tdse_dipole_acceleration,shared_normalized_raw_spectrum_for_log_display
BSV - 2e13 W/cm^2,20000000000000.0,13.879662698975073,13.0,0.00023700317732584854,8.68347047161314e-05,8.68347047161314,100000.0,0.01,16.366816709067592,23.430389465091444,30.495271637492333,0.999,tdse_dipole_acceleration,raw_fft_harmonic_order_grid,single_mode_bsv_random_phase_gamma_intensity,shared_fig_iv2_intensity_cases,hhg_intensity_prediction,quantum_light_hhg_bsv_threshold_tdse_dipole_acceleration,shared_normalized_raw_spectrum_for_log_display
BSV - 2e13 W/cm^2,20000000000000.0,13.91966172692601,13.0,0.000275873752830482,0.00010107634900198128,10.107634900198128,100000.0,0.01,16.366816709067592,23.430389465091444,30.495271637492333,0.999,tdse_dipole_acceleration,raw_fft_harmonic_order_grid,single_mode_bsv_random_phase_gamma_intensity,shared_fig_iv2_intensity_cases,hhg_intensity_prediction,quantum_light_hhg_bsv_threshold_tdse_dipole_acceleration,shared_normalized_raw_spectrum_for_log_display
BSV - 2e13 W/cm^2,20000000000000.0,13.959660754876946,13.0,0.0001577830977535503,5.780955705833799e-05,5.780955705833799,100000.0,0.01,16.366816709067592,23.430389465091444,30.495271637492333,0.999,tdse_dipole_acceleration,raw_fft_harmonic_order_grid,single_mode_bsv_random_phase_gamma_intensity,shared_fig_iv2_intensity_cases,hhg_intensity_prediction,quantum_light_hhg_bsv_threshold_tdse_dipole_acceleration,shared_normalized_raw_spectrum_for_log_display
BSV - 2e13 W/cm^2,20000000000000.0,13.999659782827884,13.0,0.0006331915617278504,0.00023199268006348077,23.199268006348078,100000.0,0.01,16.366816709067592,23.430389465091444,30.495271637492333,0.999,tdse_dipole_acceleration,raw_fft_harmonic_order_grid,single_mode_bsv_random_phase_gamma_intensity,shared_fig_iv2_intensity_cases,hhg_intensity_prediction,quantum_light_hhg_bsv_threshold_tdse_dipole_acceleration,shared_normalized_raw_spectrum_for_log_display
BSV - 2e13 W/cm^2,20000000000000.0,14.039658810778821,15.0,0.00020844842651485105,7.637263672660977e-05,7.6372636726609775,100000.0,0.01,16.366816709067592,23.430389465091444,30.495271637492333,0.999,tdse_dipole_acceleration,raw_fft_harmonic_order_grid,single_mode_bsv_random_phase_gamma_intensity,shared_fig_iv2_intensity_cases,hhg_intensity_prediction,quantum_light_hhg_bsv_threshold_tdse_dipole_acceleration,shared_normalized_raw_spectrum_for_log_display
BSV - 2e13 W/cm^2,20000000000000.0,14.079657838729759,15.0,0.0010694757362110067,0.0003918412014673927,39.18412014673927,100000.0,0.01,16.366816709067592,23.430389465091444,30.495271637492333,0.999,tdse_dipole_acceleration,raw_fft_harmonic_order_grid,single_mode_bsv_random_phase_gamma_intensity,shared_fig_iv2_intensity_cases,hhg_intensity_prediction,quantum_light_hhg_bsv_threshold_tdse_dipole_acceleration,shared_normalized_raw_spectrum_for_log_display
BSV - 2e13 W/cm^2,20000000000000.0,14.119656866680694,15.0,0.0009168333993646968,0.00033591514850563785,33.59151485056378,100000.0,0.01,16.366816709067592,23.430389465091444,30.495271637492333,0.999,tdse_dipole_acceleration,raw_fft_harmonic_order_grid,single_mode_bsv_random_phase_gamma_intensity,shared_fig_iv2_intensity_cases,hhg_intensity_prediction,quantum_light_hhg_bsv_threshold_tdse_dipole_acceleration,shared_normalized_raw_spectrum_for_log_display
BSV - 2e13 W/cm^2,20000000000000.0,14.159655894631632,15.0,0.0006239341840521353,0.00022860090419791413,22.860090419791412,100000.0,0.01,16.366816709067592,23.430389465091444,30.495271637492333,0.999,tdse_dipole_acceleration,raw_fft_harmonic_order_grid,single_mode_bsv_random_phase_gamma_intensity,shared_fig_iv2_intensity_cases,hhg_intensity_prediction,quantum_light_hhg_bsv_threshold_tdse_dipole_acceleration,shared_normalized_raw_spectrum_for_log_display
BSV - 2e13 W/cm^2,20000000000000.0,14.19965492258257,15.0,7.072505231826109e-05,2.5912686502280667e-05,2.591268650228067,100000.0,0.01,16.366816709067592,23.430389465091444,30.495271637492333,0.999,tdse_dipole_acceleration,raw_fft_harmonic_order_grid,single_mode_bsv_random_phase_gamma_intensity,shared_fig_iv2_intensity_cases,hhg_intensity_prediction,quantum_light_hhg_bsv_threshold_tdse_dipole_acceleration,shared_normalized_raw_spectrum_for_log_display
BSV - 2e13 W/cm^2,20000000000000.0,14.239653950533507,15.0,8.860240832178784e-05,3.246270387836458e-05,3.246270387836458,100000.0,0.01,16.366816709067592,23.430389465091444,30.495271637492333,0.999,tdse_dipole_acceleration,raw_fft_harmonic_order_grid,single_mode_bsv_random_phase_gamma_intensity,shared_fig_iv2_intensity_cases,hhg_intensity_prediction,quantum_light_hhg_bsv_threshold_tdse_dipole_acceleration,shared_normalized_raw_spectrum_for_log_display
BSV - 2e13 W/cm^2,20000000000000.0,14.27965297848444,15.0,0.00010755528717673914,3.9406778035765394e-05,3.9406778035765395,100000.0,0.01,16.366816709067592,23.430389465091444,30.495271637492333,0.999,tdse_dipole_acceleration,raw_fft_harmonic_order_grid,single_mode_bsv_random_phase_gamma_intensity,shared_fig_iv2_intensity_cases,hhg_intensity_prediction,quantum_light_hhg_bsv_threshold_tdse_dipole_acceleration,shared_normalized_raw_spectrum_for_log_display
BSV - 2e13 W/cm^2,20000000000000.0,14.31965200643538,15.0,0.0001172491024103642,4.2958458620314086e-05,4.295845862031409,100000.0,0.01,16.366816709067592,23.430389465091444,30.495271637492333,0.999,tdse_dipole_acceleration,raw_fft_harmonic_order_grid,single_mode_bsv_random_phase_gamma_intensity,shared_fig_iv2_intensity_cases,hhg_intensity_prediction,quantum_light_hhg_bsv_threshold_tdse_dipole_acceleration,shared_normalized_raw_spectrum_for_log_display
BSV - 2e13 W/cm^2,20000000000000.0,14.359651034386316,15.0,0.00012284943870459277,4.501034481824369e-05,4.5010344818243695,100000.0,0.01,16.366816709067592,23.430389465091444,30.495271637492333,0.999,tdse_dipole_acceleration,raw_fft_harmonic_order_grid,single_mode_bsv_random_phase_gamma_intensity,shared_fig_iv2_intensity_cases,hhg_intensity_prediction,quantum_light_hhg_bsv_threshold_tdse_dipole_acceleration,shared_normalized_raw_spectrum_for_log_display
BSV - 2e13 W/cm^2,20000000000000.0,14.399650062337251,15.0,0.00017601843203791625,6.449073275331954e-05,6.449073275331954,100000.0,0.01,16.366816709067592,23.430389465091444,30.495271637492333,0.999,tdse_dipole_acceleration,raw_fft_harmonic_order_grid,single_mode_bsv_random_phase_gamma_intensity,shared_fig_iv2_intensity_cases,hhg_intensity_prediction,quantum_light_hhg_bsv_threshold_tdse_dipole_acceleration,shared_normalized_raw_spectrum_for_log_display
BSV - 2e13 W/cm^2,20000000000000.0,14.439649090288187,15.0,0.00029406401649663817,0.00010774101144229775,10.774101144229775,100000.0,0.01,16.366816709067592,23.430389465091444,30.495271637492333,0.999,tdse_dipole_acceleration,raw_fft_harmonic_order_grid,single_mode_bsv_random_phase_gamma_intensity,shared_fig_iv2_intensity_cases,hhg_intensity_prediction,quantum_light_hhg_bsv_threshold_tdse_dipole_acceleration,shared_normalized_raw_spectrum_for_log_display
BSV - 2e13 W/cm^2,20000000000000.0,14.479648118239126,15.0,0.00026581912343761255,9.739247107168853e-05,9.739247107168852,100000.0,0.01,16.366816709067592,23.430389465091444,30.495271637492333,0.999,tdse_dipole_acceleration,raw_fft_harmonic_order_grid,single_mode_bsv_random_phase_gamma_intensity,shared_fig_iv2_intensity_cases,hhg_intensity_prediction,quantum_light_hhg_bsv_threshold_tdse_dipole_acceleration,shared_normalized_raw_spectrum_for_log_display
BSV - 2e13 W/cm^2,20000000000000.0,14.519647146190064,15.0,0.000330721776850734,0.00012117191068938329,12.117191068938329,100000.0,0.01,16.366816709067592,23.430389465091444,30.495271637492333,0.999,tdse_dipole_acceleration,raw_fft_harmonic_order_grid,single_mode_bsv_random_phase_gamma_intensity,shared_fig_iv2_intensity_cases,hhg_intensity_prediction,quantum_light_hhg_bsv_threshold_tdse_dipole_acceleration,shared_normalized_raw_spectrum_for_log_display
BSV - 2e13 W/cm^2,20000000000000.0,14.559646174140997,15.0,0.00031662334252311825,0.00011600643824461887,11.600643824461887,100000.0,0.01,16.366816709067592,23.430389465091444,30.495271637492333,0.999,tdse_dipole_acceleration,raw_fft_harmonic_order_grid,single_mode_bsv_random_phase_gamma_intensity,shared_fig_iv2_intensity_cases,hhg_intensity_prediction,quantum_light_hhg_bsv_threshold_tdse_dipole_acceleration,shared_normalized_raw_spectrum_for_log_display
BSV - 2e13 W/cm^2,20000000000000.0,14.599645202091935,15.0,0.000383975929499391,0.00014068349982641876,14.068349982641877,100000.0,0.01,16.366816709067592,23.430389465091444,30.495271637492333,0.999,tdse_dipole_acceleration,raw_fft_harmonic_order_grid,single_mode_bsv_random_phase_gamma_intensity,shared_fig_iv2_intensity_cases,hhg_intensity_prediction,quantum_light_hhg_bsv_threshold_tdse_dipole_acceleration,shared_normalized_raw_spectrum_for_log_display
BSV - 2e13 W/cm^2,20000000000000.0,14.639644230042874,15.0,0.00047503949004239513,0.00017404793603091557,17.40479360309156,100000.0,0.01,16.366816709067592,23.430389465091444,30.495271637492333,0.999,tdse_dipole_acceleration,raw_fft_harmonic_order_grid,single_mode_bsv_random_phase_gamma_intensity,shared_fig_iv2_intensity_cases,hhg_intensity_prediction,quantum_light_hhg_bsv_threshold_tdse_dipole_acceleration,shared_normalized_raw_spectrum_for_log_display
BSV - 2e13 W/cm^2,20000000000000.0,14.679643257993812,15.0,0.00131873867185438,0.00048316771302512495,48.31677130251249,100000.0,0.01,16.366816709067592,23.430389465091444,30.495271637492333,0.999,tdse_dipole_acceleration,raw_fft_harmonic_order_grid,single_mode_bsv_random_phase_gamma_intensity,shared_fig_iv2_intensity_cases,hhg_intensity_prediction,quantum_light_hhg_bsv_threshold_tdse_dipole_acceleration,shared_normalized_raw_spectrum_for_log_display
BSV - 2e13 W/cm^2,20000000000000.0,14.719642285944746,15.0,0.0024466937052935946,0.0008964349247431595,89.64349247431595,100000.0,0.01,16.366816709067592,23.430389465091444,30.495271637492333,0.999,tdse_dipole_acceleration,raw_fft_harmonic_order_grid,single_mode_bsv_random_phase_gamma_intensity,shared_fig_iv2_intensity_cases,hhg_intensity_prediction,quantum_light_hhg_bsv_threshold_tdse_dipole_acceleration,shared_normalized_raw_spectrum_for_log_display
BSV - 2e13 W/cm^2,20000000000000.0,14.759641313895683,15.0,0.0026227030939657255,0.0009609223441316269,96.09223441316269,100000.0,0.01,16.366816709067592,23.430389465091444,30.495271637492333,0.999,tdse_dipole_acceleration,raw_fft_harmonic_order_grid,single_mode_bsv_random_phase_gamma_intensity,shared_fig_iv2_intensity_cases,hhg_intensity_prediction,quantum_light_hhg_bsv_threshold_tdse_dipole_acceleration,shared_normalized_raw_spectrum_for_log_display
BSV - 2e13 W/cm^2,20000000000000.0,14.799640341846622,15.0,0.0009515413369746978,0.00034863165951479907,34.86316595147991,100000.0,0.01,16.366816709067592,23.430389465091444,30.495271637492333,0.999,tdse_dipole_acceleration,raw_fft_harmonic_order_grid,single_mode_bsv_random_phase_gamma_intensity,shared_fig_iv2_intensity_cases,hhg_intensity_prediction,quantum_light_hhg_bsv_threshold_tdse_dipole_acceleration,shared_normalized_raw_spectrum_for_log_display
BSV - 2e13 W/cm^2,20000000000000.0,14.839639369797558,15.0,0.001135056566415557,0.00041586911573464076,41.58691157346408,100000.0,0.01,16.366816709067592,23.430389465091444,30.495271637492333,0.999,tdse_dipole_acceleration,raw_fft_harmonic_order_grid,single_mode_bsv_random_phase_gamma_intensity,shared_fig_iv2_intensity_cases,hhg_intensity_prediction,quantum_light_hhg_bsv_threshold_tdse_dipole_acceleration,shared_normalized_raw_spectrum_for_log_display
BSV - 2e13 W/cm^2,20000000000000.0,14.879638397748494,15.0,0.001618526740521064,0.0005930059384608128,59.300593846081284,100000.0,0.01,16.366816709067592,23.430389465091444,30.495271637492333,0.999,tdse_dipole_acceleration,raw_fft_harmonic_order_grid,single_mode_bsv_random_phase_gamma_intensity,shared_fig_iv2_intensity_cases,hhg_intensity_prediction,quantum_light_hhg_bsv_threshold_tdse_dipole_acceleration,shared_normalized_raw_spectrum_for_log_display
BSV - 2e13 W/cm^2,20000000000000.0,14.91963742569943,15.0,0.0018365901239542524,0.000672901363169772,67.2901363169772,100000.0,0.01,16.366816709067592,23.430389465091444,30.495271637492333,0.999,tdse_dipole_acceleration,raw_fft_harmonic_order_grid,single_mode_bsv_random_phase_gamma_intensity,shared_fig_iv2_intensity_cases,hhg_intensity_prediction,quantum_light_hhg_bsv_threshold_tdse_dipole_acceleration,shared_normalized_raw_spectrum_for_log_display
BSV - 2e13 W/cm^2,20000000000000.0,14.959636453650367,15.0,0.03804193283253685,0.013938041006946298,1393.8041006946298,100000.0,0.01,16.366816709067592,23.430389465091444,30.495271637492333,0.999,tdse_dipole_acceleration,raw_fft_harmonic_order_grid,single_mode_bsv_random_phase_gamma_intensity,shared_fig_iv2_intensity_cases,hhg_intensity_prediction,quantum_light_hhg_bsv_threshold_tdse_dipole_acceleration,shared_normalized_raw_spectrum_for_log_display
BSV - 2e13 W/cm^2,20000000000000.0,14.999635481601306,15.0,0.1540911492073205,0.056456877885610074,5645.687788561007,100000.0,0.01,16.366816709067592,23.430389465091444,30.495271637492333,0.999,tdse_dipole_acceleration,raw_fft_harmonic_order_grid,single_mode_bsv_random_phase_gamma_intensity,shared_fig_iv2_intensity_cases,hhg_intensity_prediction,quantum_light_hhg_bsv_threshold_tdse_dipole_acceleration,shared_normalized_raw_spectrum_for_log_display
BSV - 2e13 W/cm^2,20000000000000.0,15.03963450955224,15.0,0.07312840186482873,0.026793240723369957,2679.324072336996,100000.0,0.01,16.366816709067592,23.430389465091444,30.495271637492333,0.999,tdse_dipole_acceleration,raw_fft_harmonic_order_grid,single_mode_bsv_random_phase_gamma_intensity,shared_fig_iv2_intensity_cases,hhg_intensity_prediction,quantum_light_hhg_bsv_threshold_tdse_dipole_acceleration,shared_normalized_raw_spectrum_for_log_display
BSV - 2e13 W/cm^2,20000000000000.0,15.079633537503177,15.0,0.0025986088157679338,0.0009520945319636193,95.20945319636193,100000.0,0.01,16.366816709067592,23.430389465091444,30.495271637492333,0.999,tdse_dipole_acceleration,raw_fft_harmonic_order_grid,single_mode_bsv_random_phase_gamma_intensity,shared_fig_iv2_intensity_cases,hhg_intensity_prediction,quantum_light_hhg_bsv_threshold_tdse_dipole_acceleration,shared_normalized_raw_spectrum_for_log_display
BSV - 2e13 W/cm^2,20000000000000.0,15.119632565454115,15.0,0.0006828449448630115,0.0002501849967714155,25.01849967714155,100000.0,0.01,16.366816709067592,23.430389465091444,30.495271637492333,0.999,tdse_dipole_acceleration,raw_fft_harmonic_order_grid,single_mode_bsv_random_phase_gamma_intensity,shared_fig_iv2_intensity_cases,hhg_intensity_prediction,quantum_light_hhg_bsv_threshold_tdse_dipole_acceleration,shared_normalized_raw_spectrum_for_log_display
BSV - 2e13 W/cm^2,20000000000000.0,15.159631593405054,15.0,0.00013894933263945214,5.090912453743893e-05,5.0909124537438935,100000.0,0.01,16.366816709067592,23.430389465091444,30.495271637492333,0.999,tdse_dipole_acceleration,raw_fft_harmonic_order_grid,single_mode_bsv_random_phase_gamma_intensity,shared_fig_iv2_intensity_cases,hhg_intensity_prediction,quantum_light_hhg_bsv_threshold_tdse_dipole_acceleration,shared_normalized_raw_spectrum_for_log_display
BSV - 2e13 W/cm^2,20000000000000.0,15.199630621355988,15.0,0.00023572093768538894,8.636490974624564e-05,8.636490974624564,100000.0,0.01,16.366816709067592,23.430389465091444,30.495271637492333,0.999,tdse_dipole_acceleration,raw_fft_harmonic_order_grid,single_mode_bsv_random_phase_gamma_intensity,shared_fig_iv2_intensity_cases,hhg_intensity_prediction,quantum_light_hhg_bsv_threshold_tdse_dipole_acceleration,shared_normalized_raw_spectrum_for_log_display
BSV - 2e13 W/cm^2,20000000000000.0,15.239629649306925,15.0,0.00015743058451021168,5.768040105402101e-05,5.768040105402101,100000.0,0.01,16.366816709067592,23.430389465091444,30.495271637492333,0.999,tdse_dipole_acceleration,raw_fft_harmonic_order_grid,single_mode_bsv_random_phase_gamma_intensity,shared_fig_iv2_intensity_cases,hhg_intensity_prediction,quantum_light_hhg_bsv_threshold_tdse_dipole_acceleration,shared_normalized_raw_spectrum_for_log_display
BSV - 2e13 W/cm^2,20000000000000.0,15.279628677257863,15.0,0.0003542947644206951,0.0001298087291405567,12.980872914055668,100000.0,0.01,16.366816709067592,23.430389465091444,30.495271637492333,0.999,tdse_dipole_acceleration,raw_fft_harmonic_order_grid,single_mode_bsv_random_phase_gamma_intensity,shared_fig_iv2_intensity_cases,hhg_intensity_prediction,quantum_light_hhg_bsv_threshold_tdse_dipole_acceleration,shared_normalized_raw_spectrum_for_log_display
BSV - 2e13 W/cm^2,20000000000000.0,15.3196277052088,15.0,0.00029198188462744706,0.00010697814696055842,10.697814696055842,100000.0,0.01,16.366816709067592,23.430389465091444,30.495271637492333,0.999,tdse_dipole_acceleration,raw_fft_harmonic_order_grid,single_mode_bsv_random_phase_gamma_intensity,shared_fig_iv2_intensity_cases,hhg_intensity_prediction,quantum_light_hhg_bsv_threshold_tdse_dipole_acceleration,shared_normalized_raw_spectrum_for_log_display
BSV - 2e13 W/cm^2,20000000000000.0,15.359626733159736,15.0,0.00028928595430014733,0.00010599039516521233,10.599039516521232,100000.0,0.01,16.366816709067592,23.430389465091444,30.495271637492333,0.999,tdse_dipole_acceleration,raw_fft_harmonic_order_grid,single_mode_bsv_random_phase_gamma_intensity,shared_fig_iv2_intensity_cases,hhg_intensity_prediction,quantum_light_hhg_bsv_threshold_tdse_dipole_acceleration,shared_normalized_raw_spectrum_for_log_display
BSV - 2e13 W/cm^2,20000000000000.0,15.399625761110672,15.0,0.0002435049210767532,8.921685420931536e-05,8.921685420931537,100000.0,0.01,16.366816709067592,23.430389465091444,30.495271637492333,0.999,tdse_dipole_acceleration,raw_fft_harmonic_order_grid,single_mode_bsv_random_phase_gamma_intensity,shared_fig_iv2_intensity_cases,hhg_intensity_prediction,quantum_light_hhg_bsv_threshold_tdse_dipole_acceleration,shared_normalized_raw_spectrum_for_log_display
BSV - 2e13 W/cm^2,20000000000000.0,15.43962478906161,15.0,0.0005319060450863658,0.00019488305972496518,19.48830597249652,100000.0,0.01,16.366816709067592,23.430389465091444,30.495271637492333,0.999,tdse_dipole_acceleration,raw_fft_harmonic_order_grid,single_mode_bsv_random_phase_gamma_intensity,shared_fig_iv2_intensity_cases,hhg_intensity_prediction,quantum_light_hhg_bsv_threshold_tdse_dipole_acceleration,shared_normalized_raw_spectrum_for_log_display
BSV - 2e13 W/cm^2,20000000000000.0,15.479623817012545,15.0,0.00034061897393780063,0.00012479810758796408,12.47981075879641,100000.0,0.01,16.366816709067592,23.430389465091444,30.495271637492333,0.999,tdse_dipole_acceleration,raw_fft_harmonic_order_grid,single_mode_bsv_random_phase_gamma_intensity,shared_fig_iv2_intensity_cases,hhg_intensity_prediction,quantum_light_hhg_bsv_threshold_tdse_dipole_acceleration,shared_normalized_raw_spectrum_for_log_display
BSV - 2e13 W/cm^2,20000000000000.0,15.519622844963482,15.0,0.00048126655688433557,0.0001763294476822302,17.63294476822302,100000.0,0.01,16.366816709067592,23.430389465091444,30.495271637492333,0.999,tdse_dipole_acceleration,raw_fft_harmonic_order_grid,single_mode_bsv_random_phase_gamma_intensity,shared_fig_iv2_intensity_cases,hhg_intensity_prediction,quantum_light_hhg_bsv_threshold_tdse_dipole_acceleration,shared_normalized_raw_spectrum_for_log_display
BSV - 2e13 W/cm^2,20000000000000.0,15.55962187291442,15.0,0.00036966377759999736,0.00013543972420256885,13.543972420256885,100000.0,0.01,16.366816709067592,23.430389465091444,30.495271637492333,0.999,tdse_dipole_acceleration,raw_fft_harmonic_order_grid,single_mode_bsv_random_phase_gamma_intensity,shared_fig_iv2_intensity_cases,hhg_intensity_prediction,quantum_light_hhg_bsv_threshold_tdse_dipole_acceleration,shared_normalized_raw_spectrum_for_log_display
BSV - 2e13 W/cm^2,20000000000000.0,15.599620900865357,15.0,0.0003571894173129343,0.00013086929015070596,13.086929015070597,100000.0,0.01,16.366816709067592,23.430389465091444,30.495271637492333,0.999,tdse_dipole_acceleration,raw_fft_harmonic_order_grid,single_mode_bsv_random_phase_gamma_intensity,shared_fig_iv2_intensity_cases,hhg_intensity_prediction,quantum_light_hhg_bsv_threshold_tdse_dipole_acceleration,shared_normalized_raw_spectrum_for_log_display
BSV - 2e13 W/cm^2,20000000000000.0,15.639619928816291,15.0,0.0004655812833824195,0.00017058257918747566,17.058257918747568,100000.0,0.01,16.366816709067592,23.430389465091444,30.495271637492333,0.999,tdse_dipole_acceleration,raw_fft_harmonic_order_grid,single_mode_bsv_random_phase_gamma_intensity,shared_fig_iv2_intensity_cases,hhg_intensity_prediction,quantum_light_hhg_bsv_threshold_tdse_dipole_acceleration,shared_normalized_raw_spectrum_for_log_display
BSV - 2e13 W/cm^2,20000000000000.0,15.67961895676723,15.0,0.0003149807423206672,0.0001154046121207843,11.54046121207843,100000.0,0.01,16.366816709067592,23.430389465091444,30.495271637492333,0.999,tdse_dipole_acceleration,raw_fft_harmonic_order_grid,single_mode_bsv_random_phase_gamma_intensity,shared_fig_iv2_intensity_cases,hhg_intensity_prediction,quantum_light_hhg_bsv_threshold_tdse_dipole_acceleration,shared_normalized_raw_spectrum_for_log_display
BSV - 2e13 W/cm^2,20000000000000.0,15.719617984718168,15.0,0.00034184415738183814,0.00012524699795216296,12.524699795216296,100000.0,0.01,16.366816709067592,23.430389465091444,30.495271637492333,0.999,tdse_dipole_acceleration,raw_fft_harmonic_order_grid,single_mode_bsv_random_phase_gamma_intensity,shared_fig_iv2_intensity_cases,hhg_intensity_prediction,quantum_light_hhg_bsv_threshold_tdse_dipole_acceleration,shared_normalized_raw_spectrum_for_log_display
BSV - 2e13 W/cm^2,20000000000000.0,15.759617012669105,15.0,0.00027514908092202036,0.00010081083918098499,10.081083918098498,100000.0,0.01,16.366816709067592,23.430389465091444,30.495271637492333,0.999,tdse_dipole_acceleration,raw_fft_harmonic_order_grid,single_mode_bsv_random_phase_gamma_intensity,shared_fig_iv2_intensity_cases,hhg_intensity_prediction,quantum_light_hhg_bsv_threshold_tdse_dipole_acceleration,shared_normalized_raw_spectrum_for_log_display
BSV - 2e13 W/cm^2,20000000000000.0,15.79961604062004,15.0,0.00023471690254997686,8.599704508091983e-05,8.599704508091984,100000.0,0.01,16.366816709067592,23.430389465091444,30.495271637492333,0.999,tdse_dipole_acceleration,raw_fft_harmonic_order_grid,single_mode_bsv_random_phase_gamma_intensity,shared_fig_iv2_intensity_cases,hhg_intensity_prediction,quantum_light_hhg_bsv_threshold_tdse_dipole_acceleration,shared_normalized_raw_spectrum_for_log_display
BSV - 2e13 W/cm^2,20000000000000.0,15.839615068570978,15.0,0.00016589340120003694,6.0781060701791805e-05,6.078106070179181,100000.0,0.01,16.366816709067592,23.430389465091444,30.495271637492333,0.999,tdse_dipole_acceleration,raw_fft_harmonic_order_grid,single_mode_bsv_random_phase_gamma_intensity,shared_fig_iv2_intensity_cases,hhg_intensity_prediction,quantum_light_hhg_bsv_threshold_tdse_dipole_acceleration,shared_normalized_raw_spectrum_for_log_display
BSV - 2e13 W/cm^2,20000000000000.0,15.879614096521916,15.0,0.00017467647154045113,6.399905688275565e-05,6.399905688275565,100000.0,0.01,16.366816709067592,23.430389465091444,30.495271637492333,0.999,tdse_dipole_acceleration,raw_fft_harmonic_order_grid,single_mode_bsv_random_phase_gamma_intensity,shared_fig_iv2_intensity_cases,hhg_intensity_prediction,quantum_light_hhg_bsv_threshold_tdse_dipole_acceleration,shared_normalized_raw_spectrum_for_log_display
BSV - 2e13 W/cm^2,20000000000000.0,15.919613124472852,15.0,8.746772226061458e-05,3.204697051065523e-05,3.204697051065523,100000.0,0.01,16.366816709067592,23.430389465091444,30.495271637492333,0.999,tdse_dipole_acceleration,raw_fft_harmonic_order_grid,single_mode_bsv_random_phase_gamma_intensity,shared_fig_iv2_intensity_cases,hhg_intensity_prediction,quantum_light_hhg_bsv_threshold_tdse_dipole_acceleration,shared_normalized_raw_spectrum_for_log_display
BSV - 2e13 W/cm^2,20000000000000.0,15.959612152423787,15.0,0.0002684748842534817,9.83655053104895e-05,9.83655053104895,100000.0,0.01,16.366816709067592,23.430389465091444,30.495271637492333,0.999,tdse_dipole_acceleration,raw_fft_harmonic_order_grid,single_mode_bsv_random_phase_gamma_intensity,shared_fig_iv2_intensity_cases,hhg_intensity_prediction,quantum_light_hhg_bsv_threshold_tdse_dipole_acceleration,shared_normalized_raw_spectrum_for_log_display
BSV - 2e13 W/cm^2,20000000000000.0,15.999611180374723,15.0,0.00018488784218239257,6.774036265107815e-05,6.774036265107815,100000.0,0.01,16.366816709067592,23.430389465091444,30.495271637492333,0.999,tdse_dipole_acceleration,raw_fft_harmonic_order_grid,single_mode_bsv_random_phase_gamma_intensity,shared_fig_iv2_intensity_cases,hhg_intensity_prediction,quantum_light_hhg_bsv_threshold_tdse_dipole_acceleration,shared_normalized_raw_spectrum_for_log_display
BSV - 2e13 W/cm^2,20000000000000.0,16.039610208325662,17.0,0.0007339149336443643,0.00026889633830582814,26.889633830582813,100000.0,0.01,16.366816709067592,23.430389465091444,30.495271637492333,0.999,tdse_dipole_acceleration,raw_fft_harmonic_order_grid,single_mode_bsv_random_phase_gamma_intensity,shared_fig_iv2_intensity_cases,hhg_intensity_prediction,quantum_light_hhg_bsv_threshold_tdse_dipole_acceleration,shared_normalized_raw_spectrum_for_log_display
BSV - 2e13 W/cm^2,20000000000000.0,16.0796092362766,17.0,0.00045483730284998303,0.0001666461324801503,16.66461324801503,100000.0,0.01,16.366816709067592,23.430389465091444,30.495271637492333,0.999,tdse_dipole_acceleration,raw_fft_harmonic_order_grid,single_mode_bsv_random_phase_gamma_intensity,shared_fig_iv2_intensity_cases,hhg_intensity_prediction,quantum_light_hhg_bsv_threshold_tdse_dipole_acceleration,shared_normalized_raw_spectrum_for_log_display
BSV - 2e13 W/cm^2,20000000000000.0,16.119608264227534,17.0,0.0005945288243473579,0.0002178271848079611,21.78271848079611,100000.0,0.01,16.366816709067592,23.430389465091444,30.495271637492333,0.999,tdse_dipole_acceleration,raw_fft_harmonic_order_grid,single_mode_bsv_random_phase_gamma_intensity,shared_fig_iv2_intensity_cases,hhg_intensity_prediction,quantum_light_hhg_bsv_threshold_tdse_dipole_acceleration,shared_normalized_raw_spectrum_for_log_display
BSV - 2e13 W/cm^2,20000000000000.0,16.15960729217847,17.0,0.0002510010846083377,9.196334543408925e-05,9.196334543408925,100000.0,0.01,16.366816709067592,23.430389465091444,30.495271637492333,0.999,tdse_dipole_acceleration,raw_fft_harmonic_order_grid,single_mode_bsv_random_phase_gamma_intensity,shared_fig_iv2_intensity_cases,hhg_intensity_prediction,quantum_light_hhg_bsv_threshold_tdse_dipole_acceleration,shared_normalized_raw_spectrum_for_log_display
BSV - 2e13 W/cm^2,20000000000000.0,16.19960632012941,17.0,0.0002386346740091333,8.743246266324788e-05,8.743246266324789,100000.0,0.01,16.366816709067592,23.430389465091444,30.495271637492333,0.999,tdse_dipole_acceleration,raw_fft_harmonic_order_grid,single_mode_bsv_random_phase_gamma_intensity,shared_fig_iv2_intensity_cases,hhg_intensity_prediction,quantum_light_hhg_bsv_threshold_tdse_dipole_acceleration,shared_normalized_raw_spectrum_for_log_display
BSV - 2e13 W/cm^2,20000000000000.0,16.239605348080346,17.0,0.0004158099705612373,0.00015234705466444557,15.234705466444558,100000.0,0.01,16.366816709067592,23.430389465091444,30.495271637492333,0.999,tdse_dipole_acceleration,raw_fft_harmonic_order_grid,single_mode_bsv_random_phase_gamma_intensity,shared_fig_iv2_intensity_cases,hhg_intensity_prediction,quantum_light_hhg_bsv_threshold_tdse_dipole_acceleration,shared_normalized_raw_spectrum_for_log_display
BSV - 2e13 W/cm^2,20000000000000.0,16.279604376031283,17.0,0.00030584378070512715,0.00011205695504360842,11.205695504360841,100000.0,0.01,16.366816709067592,23.430389465091444,30.495271637492333,0.999,tdse_dipole_acceleration,raw_fft_harmonic_order_grid,single_mode_bsv_random_phase_gamma_intensity,shared_fig_iv2_intensity_cases,hhg_intensity_prediction,quantum_light_hhg_bsv_threshold_tdse_dipole_acceleration,shared_normalized_raw_spectrum_for_log_display
BSV - 2e13 W/cm^2,20000000000000.0,16.31960340398222,17.0,0.0005337317379876256,0.00019555196849560698,19.555196849560698,100000.0,0.01,16.366816709067592,23.430389465091444,30.495271637492333,0.999,tdse_dipole_acceleration,raw_fft_harmonic_order_grid,single_mode_bsv_random_phase_gamma_intensity,shared_fig_iv2_intensity_cases,hhg_intensity_prediction,quantum_light_hhg_bsv_threshold_tdse_dipole_acceleration,shared_normalized_raw_spectrum_for_log_display
BSV - 2e13 W/cm^2,20000000000000.0,16.35960243193316,17.0,0.0004398603833710731,0.0001611587951575777,16.11587951575777,100000.0,0.01,16.366816709067592,23.430389465091444,30.495271637492333,0.999,tdse_dipole_acceleration,raw_fft_harmonic_order_grid,single_mode_bsv_random_phase_gamma_intensity,shared_fig_iv2_intensity_cases,hhg_intensity_prediction,quantum_light_hhg_bsv_threshold_tdse_dipole_acceleration,shared_normalized_raw_spectrum_for_log_display
BSV - 2e13 W/cm^2,20000000000000.0,16.399601459884092,17.0,0.0002299304019886808,8.424333710302087e-05,8.424333710302086,100000.0,0.01,16.366816709067592,23.430389465091444,30.495271637492333,0.999,tdse_dipole_acceleration,raw_fft_harmonic_order_grid,single_mode_bsv_random_phase_gamma_intensity,shared_fig_iv2_intensity_cases,hhg_intensity_prediction,quantum_light_hhg_bsv_threshold_tdse_dipole_acceleration,shared_normalized_raw_spectrum_for_log_display
BSV - 2e13 W/cm^2,20000000000000.0,16.43960048783503,17.0,0.00042953864303559497,0.0001573770514514351,15.73770514514351,100000.0,0.01,16.366816709067592,23.430389465091444,30.495271637492333,0.999,tdse_dipole_acceleration,raw_fft_harmonic_order_grid,single_mode_bsv_random_phase_gamma_intensity,shared_fig_iv2_intensity_cases,hhg_intensity_prediction,quantum_light_hhg_bsv_threshold_tdse_dipole_acceleration,shared_normalized_raw_spectrum_for_log_display
BSV - 2e13 W/cm^2,20000000000000.0,16.479599515785967,17.0,5.4967582043046204e-05,2.013936610269685e-05,2.0139366102696847,100000.0,0.01,16.366816709067592,23.430389465091444,30.495271637492333,0.999,tdse_dipole_acceleration,raw_fft_harmonic_order_grid,single_mode_bsv_random_phase_gamma_intensity,shared_fig_iv2_intensity_cases,hhg_intensity_prediction,quantum_light_hhg_bsv_threshold_tdse_dipole_acceleration,shared_normalized_raw_spectrum_for_log_display
BSV - 2e13 W/cm^2,20000000000000.0,16.519598543736905,17.0,0.0002974135533371812,0.00010896823567517995,10.896823567517995,100000.0,0.01,16.366816709067592,23.430389465091444,30.495271637492333,0.999,tdse_dipole_acceleration,raw_fft_harmonic_order_grid,single_mode_bsv_random_phase_gamma_intensity,shared_fig_iv2_intensity_cases,hhg_intensity_prediction,quantum_light_hhg_bsv_threshold_tdse_dipole_acceleration,shared_normalized_raw_spectrum_for_log_display
BSV - 2e13 W/cm^2,20000000000000.0,16.55959757168784,17.0,0.0002679344411467437,9.816749438878384e-05,9.816749438878384,100000.0,0.01,16.366816709067592,23.430389465091444,30.495271637492333,0.999,tdse_dipole_acceleration,raw_fft_harmonic_order_grid,single_mode_bsv_random_phase_gamma_intensity,shared_fig_iv2_intensity_cases,hhg_intensity_prediction,quantum_light_hhg_bsv_threshold_tdse_dipole_acceleration,shared_normalized_raw_spectrum_for_log_display
BSV - 2e13 W/cm^2,20000000000000.0,16.599596599638776,17.0,0.00023753917641398963,8.703108741054084e-05,8.703108741054084,100000.0,0.01,16.366816709067592,23.430389465091444,30.495271637492333,0.999,tdse_dipole_acceleration,raw_fft_harmonic_order_grid,single_mode_bsv_random_phase_gamma_intensity,shared_fig_iv2_intensity_cases,hhg_intensity_prediction,quantum_light_hhg_bsv_threshold_tdse_dipole_acceleration,shared_normalized_raw_spectrum_for_log_display
BSV - 2e13 W/cm^2,20000000000000.0,16.639595627589713,17.0,0.00042709571082054674,0.00015648199468498684,15.648199468498683,100000.0,0.01,16.366816709067592,23.430389465091444,30.495271637492333,0.999,tdse_dipole_acceleration,raw_fft_harmonic_order_grid,single_mode_bsv_random_phase_gamma_intensity,shared_fig_iv2_intensity_cases,hhg_intensity_prediction,quantum_light_hhg_bsv_threshold_tdse_dipole_acceleration,shared_normalized_raw_spectrum_for_log_display
BSV - 2e13 W/cm^2,20000000000000.0,16.67959465554065,17.0,0.000633438957659853,0.00023208332253058103,23.208332253058103,100000.0,0.01,16.366816709067592,23.430389465091444,30.495271637492333,0.999,tdse_dipole_acceleration,raw_fft_harmonic_order_grid,single_mode_bsv_random_phase_gamma_intensity,shared_fig_iv2_intensity_cases,hhg_intensity_prediction,quantum_light_hhg_bsv_threshold_tdse_dipole_acceleration,shared_normalized_raw_spectrum_for_log_display
BSV - 2e13 W/cm^2,20000000000000.0,16.719593683491585,17.0,0.0013653047197541084,0.0005002288725622851,50.022887256228515,100000.0,0.01,16.366816709067592,23.430389465091444,30.495271637492333,0.999,tdse_dipole_acceleration,raw_fft_harmonic_order_grid,single_mode_bsv_random_phase_gamma_intensity,shared_fig_iv2_intensity_cases,hhg_intensity_prediction,quantum_light_hhg_bsv_threshold_tdse_dipole_acceleration,shared_normalized_raw_spectrum_for_log_display
BSV - 2e13 W/cm^2,20000000000000.0,16.759592711442522,17.0,0.0017930347752475961,0.0006569432824114254,65.69432824114254,100000.0,0.01,16.366816709067592,23.430389465091444,30.495271637492333,0.999,tdse_dipole_acceleration,raw_fft_harmonic_order_grid,single_mode_bsv_random_phase_gamma_intensity,shared_fig_iv2_intensity_cases,hhg_intensity_prediction,quantum_light_hhg_bsv_threshold_tdse_dipole_acceleration,shared_normalized_raw_spectrum_for_log_display
BSV - 2e13 W/cm^2,20000000000000.0,16.799591739393463,17.0,0.00029780613712229146,0.00010911207297492011,10.91120729749201,100000.0,0.01,16.366816709067592,23.430389465091444,30.495271637492333,0.999,tdse_dipole_acceleration,raw_fft_harmonic_order_grid,single_mode_bsv_random_phase_gamma_intensity,shared_fig_iv2_intensity_cases,hhg_intensity_prediction,quantum_light_hhg_bsv_threshold_tdse_dipole_acceleration,shared_normalized_raw_spectrum_for_log_display
BSV - 2e13 W/cm^2,20000000000000.0,16.8395907673444,17.0,0.0004522198205328025,0.00016568712295683252,16.56871229568325,100000.0,0.01,16.366816709067592,23.430389465091444,30.495271637492333,0.999,tdse_dipole_acceleration,raw_fft_harmonic_order_grid,single_mode_bsv_random_phase_gamma_intensity,shared_fig_iv2_intensity_cases,hhg_intensity_prediction,quantum_light_hhg_bsv_threshold_tdse_dipole_acceleration,shared_normalized_raw_spectrum_for_log_display
BSV - 2e13 W/cm^2,20000000000000.0,16.879589795295335,17.0,0.0026789936863321623,0.0009815464430217246,98.15464430217246,100000.0,0.01,16.366816709067592,23.430389465091444,30.495271637492333,0.999,tdse_dipole_acceleration,raw_fft_harmonic_order_grid,single_mode_bsv_random_phase_gamma_intensity,shared_fig_iv2_intensity_cases,hhg_intensity_prediction,quantum_light_hhg_bsv_threshold_tdse_dipole_acceleration,shared_normalized_raw_spectrum_for_log_display
BSV - 2e13 W/cm^2,20000000000000.0,16.919588823246272,17.0,0.004982648205132527,0.001825573777022342,182.5573777022342,100000.0,0.01,16.366816709067592,23.430389465091444,30.495271637492333,0.999,tdse_dipole_acceleration,raw_fft_harmonic_order_grid,single_mode_bsv_random_phase_gamma_intensity,shared_fig_iv2_intensity_cases,hhg_intensity_prediction,quantum_light_hhg_bsv_threshold_tdse_dipole_acceleration,shared_normalized_raw_spectrum_for_log_display
BSV - 2e13 W/cm^2,20000000000000.0,16.959587851197206,17.0,0.1463351941487802,0.05361520261821914,5361.520261821915,100000.0,0.01,16.366816709067592,23.430389465091444,30.495271637492333,0.999,tdse_dipole_acceleration,raw_fft_harmonic_order_grid,single_mode_bsv_random_phase_gamma_intensity,shared_fig_iv2_intensity_cases,hhg_intensity_prediction,quantum_light_hhg_bsv_threshold_tdse_dipole_acceleration,shared_normalized_raw_spectrum_for_log_display
BSV - 2e13 W/cm^2,20000000000000.0,16.999586879148147,17.0,0.3829524853578116,0.14030852396816132,14030.852396816132,100000.0,0.01,16.366816709067592,23.430389465091444,30.495271637492333,0.999,tdse_dipole_acceleration,raw_fft_harmonic_order_grid,single_mode_bsv_random_phase_gamma_intensity,shared_fig_iv2_intensity_cases,hhg_intensity_prediction,quantum_light_hhg_bsv_threshold_tdse_dipole_acceleration,shared_normalized_raw_spectrum_for_log_display
BSV - 2e13 W/cm^2,20000000000000.0,17.03958590709908,17.0,0.2225132873531067,0.08152580830660194,8152.580830660194,100000.0,0.01,16.366816709067592,23.430389465091444,30.495271637492333,0.999,tdse_dipole_acceleration,raw_fft_harmonic_order_grid,single_mode_bsv_random_phase_gamma_intensity,shared_fig_iv2_intensity_cases,hhg_intensity_prediction,quantum_light_hhg_bsv_threshold_tdse_dipole_acceleration,shared_normalized_raw_spectrum_for_log_display
BSV - 2e13 W/cm^2,20000000000000.0,17.07958493505002,17.0,0.015712577639895697,0.005756872355402069,575.6872355402069,100000.0,0.01,16.366816709067592,23.430389465091444,30.495271637492333,0.999,tdse_dipole_acceleration,raw_fft_harmonic_order_grid,single_mode_bsv_random_phase_gamma_intensity,shared_fig_iv2_intensity_cases,hhg_intensity_prediction,quantum_light_hhg_bsv_threshold_tdse_dipole_acceleration,shared_normalized_raw_spectrum_for_log_display
BSV - 2e13 W/cm^2,20000000000000.0,17.119583963000956,17.0,0.003966455207285704,0.00145325463810502,145.325463810502,100000.0,0.01,16.366816709067592,23.430389465091444,30.495271637492333,0.999,tdse_dipole_acceleration,raw_fft_harmonic_order_grid,single_mode_bsv_random_phase_gamma_intensity,shared_fig_iv2_intensity_cases,hhg_intensity_prediction,quantum_light_hhg_bsv_threshold_tdse_dipole_acceleration,shared_normalized_raw_spectrum_for_log_display
BSV - 2e13 W/cm^2,20000000000000.0,17.159582990951893,17.0,0.0006622159425562859,0.00024262681403266646,24.262681403266647,100000.0,0.01,16.366816709067592,23.430389465091444,30.495271637492333,0.999,tdse_dipole_acceleration,raw_fft_harmonic_order_grid,single_mode_bsv_random_phase_gamma_intensity,shared_fig_iv2_intensity_cases,hhg_intensity_prediction,quantum_light_hhg_bsv_threshold_tdse_dipole_acceleration,shared_normalized_raw_spectrum_for_log_display
BSV - 2e13 W/cm^2,20000000000000.0,17.199582018902827,17.0,0.0008778351183631913,0.0003216267146820415,32.16267146820415,100000.0,0.01,16.366816709067592,23.430389465091444,30.495271637492333,0.999,tdse_dipole_acceleration,raw_fft_harmonic_order_grid,single_mode_bsv_random_phase_gamma_intensity,shared_fig_iv2_intensity_cases,hhg_intensity_prediction,quantum_light_hhg_bsv_threshold_tdse_dipole_acceleration,shared_normalized_raw_spectrum_for_log_display
BSV - 2e13 W/cm^2,20000000000000.0,17.239581046853765,17.0,0.0042610537382081586,0.0015611914882818695,156.11914882818695,100000.0,0.01,16.366816709067592,23.430389465091444,30.495271637492333,0.999,tdse_dipole_acceleration,raw_fft_harmonic_order_grid,single_mode_bsv_random_phase_gamma_intensity,shared_fig_iv2_intensity_cases,hhg_intensity_prediction,quantum_light_hhg_bsv_threshold_tdse_dipole_acceleration,shared_normalized_raw_spectrum_for_log_display
BSV - 2e13 W/cm^2,20000000000000.0,17.279580074804702,17.0,0.0033796456573670502,0.001238255689286139,123.82556892861389,100000.0,0.01,16.366816709067592,23.430389465091444,30.495271637492333,0.999,tdse_dipole_acceleration,raw_fft_harmonic_order_grid,single_mode_bsv_random_phase_gamma_intensity,shared_fig_iv2_intensity_cases,hhg_intensity_prediction,quantum_light_hhg_bsv_threshold_tdse_dipole_acceleration,shared_normalized_raw_spectrum_for_log_display
BSV - 2e13 W/cm^2,20000000000000.0,17.319579102755643,17.0,0.0008430921908138228,0.00030889738384030544,30.889738384030544,100000.0,0.01,16.366816709067592,23.430389465091444,30.495271637492333,0.999,tdse_dipole_acceleration,raw_fft_harmonic_order_grid,single_mode_bsv_random_phase_gamma_intensity,shared_fig_iv2_intensity_cases,hhg_intensity_prediction,quantum_light_hhg_bsv_threshold_tdse_dipole_acceleration,shared_normalized_raw_spectrum_for_log_display
BSV - 2e13 W/cm^2,20000000000000.0,17.359578130706577,17.0,0.00029578327211074494,0.00010837092305473685,10.837092305473684,100000.0,0.01,16.366816709067592,23.430389465091444,30.495271637492333,0.999,tdse_dipole_acceleration,raw_fft_harmonic_order_grid,single_mode_bsv_random_phase_gamma_intensity,shared_fig_iv2_intensity_cases,hhg_intensity_prediction,quantum_light_hhg_bsv_threshold_tdse_dipole_acceleration,shared_normalized_raw_spectrum_for_log_display
BSV - 2e13 W/cm^2,20000000000000.0,17.399577158657515,17.0,0.00023198568961173028,8.49963662221573e-05,8.49963662221573,100000.0,0.01,16.366816709067592,23.430389465091444,30.495271637492333,0.999,tdse_dipole_acceleration,raw_fft_harmonic_order_grid,single_mode_bsv_random_phase_gamma_intensity,shared_fig_iv2_intensity_cases,hhg_intensity_prediction,quantum_light_hhg_bsv_threshold_tdse_dipole_acceleration,shared_normalized_raw_spectrum_for_log_display
BSV - 2e13 W/cm^2,20000000000000.0,17.43957618660845,17.0,0.00039213731538252465,0.00014367371937213378,14.367371937213377,100000.0,0.01,16.366816709067592,23.430389465091444,30.495271637492333,0.999,tdse_dipole_acceleration,raw_fft_harmonic_order_grid,single_mode_bsv_random_phase_gamma_intensity,shared_fig_iv2_intensity_cases,hhg_intensity_prediction,quantum_light_hhg_bsv_threshold_tdse_dipole_acceleration,shared_normalized_raw_spectrum_for_log_display
BSV - 2e13 W/cm^2,20000000000000.0,17.479575214559386,17.0,0.00028304949732754986,0.00010370544309916551,10.370544309916552,100000.0,0.01,16.366816709067592,23.430389465091444,30.495271637492333,0.999,tdse_dipole_acceleration,raw_fft_harmonic_order_grid,single_mode_bsv_random_phase_gamma_intensity,shared_fig_iv2_intensity_cases,hhg_intensity_prediction,quantum_light_hhg_bsv_threshold_tdse_dipole_acceleration,shared_normalized_raw_spectrum_for_log_display
BSV - 2e13 W/cm^2,20000000000000.0,17.519574242510323,17.0,0.0006340227427743344,0.00023229721336785015,23.229721336785015,100000.0,0.01,16.366816709067592,23.430389465091444,30.495271637492333,0.999,tdse_dipole_acceleration,raw_fft_harmonic_order_grid,single_mode_bsv_random_phase_gamma_intensity,shared_fig_iv2_intensity_cases,hhg_intensity_prediction,quantum_light_hhg_bsv_threshold_tdse_dipole_acceleration,shared_normalized_raw_spectrum_for_log_display
BSV - 2e13 W/cm^2,20000000000000.0,17.55957327046126,17.0,0.00019269127340125586,7.059943253068155e-05,7.059943253068155,100000.0,0.01,16.366816709067592,23.430389465091444,30.495271637492333,0.999,tdse_dipole_acceleration,raw_fft_harmonic_order_grid,single_mode_bsv_random_phase_gamma_intensity,shared_fig_iv2_intensity_cases,hhg_intensity_prediction,quantum_light_hhg_bsv_threshold_tdse_dipole_acceleration,shared_normalized_raw_spectrum_for_log_display
BSV - 2e13 W/cm^2,20000000000000.0,17.5995722984122,17.0,0.000507557639210012,0.00018596213867049834,18.596213867049833,100000.0,0.01,16.366816709067592,23.430389465091444,30.495271637492333,0.999,tdse_dipole_acceleration,raw_fft_harmonic_order_grid,single_mode_bsv_random_phase_gamma_intensity,shared_fig_iv2_intensity_cases,hhg_intensity_prediction,quantum_light_hhg_bsv_threshold_tdse_dipole_acceleration,shared_normalized_raw_spectrum_for_log_display
BSV - 2e13 W/cm^2,20000000000000.0,17.639571326363132,17.0,0.0004302446230076825,0.0001576357128040103,15.763571280401031,100000.0,0.01,16.366816709067592,23.430389465091444,30.495271637492333,0.999,tdse_dipole_acceleration,raw_fft_harmonic_order_grid,single_mode_bsv_random_phase_gamma_intensity,shared_fig_iv2_intensity_cases,hhg_intensity_prediction,quantum_light_hhg_bsv_threshold_tdse_dipole_acceleration,shared_normalized_raw_spectrum_for_log_display
BSV - 2e13 W/cm^2,20000000000000.0,17.67957035431407,17.0,0.00035865062271699956,0.0001314046557150974,13.14046557150974,100000.0,0.01,16.366816709067592,23.430389465091444,30.495271637492333,0.999,tdse_dipole_acceleration,raw_fft_harmonic_order_grid,single_mode_bsv_random_phase_gamma_intensity,shared_fig_iv2_intensity_cases,hhg_intensity_prediction,quantum_light_hhg_bsv_threshold_tdse_dipole_acceleration,shared_normalized_raw_spectrum_for_log_display
BSV - 2e13 W/cm^2,20000000000000.0,17.71956938226501,17.0,0.00047274599143617524,0.00017320762968361226,17.320762968361226,100000.0,0.01,16.366816709067592,23.430389465091444,30.495271637492333,0.999,tdse_dipole_acceleration,raw_fft_harmonic_order_grid,single_mode_bsv_random_phase_gamma_intensity,shared_fig_iv2_intensity_cases,hhg_intensity_prediction,quantum_light_hhg_bsv_threshold_tdse_dipole_acceleration,shared_normalized_raw_spectrum_for_log_display
BSV - 2e13 W/cm^2,20000000000000.0,17.759568410215945,17.0,0.0007109761110104567,0.00026049186916568453,26.049186916568452,100000.0,0.01,16.366816709067592,23.430389465091444,30.495271637492333,0.999,tdse_dipole_acceleration,raw_fft_harmonic_order_grid,single_mode_bsv_random_phase_gamma_intensity,shared_fig_iv2_intensity_cases,hhg_intensity_prediction,quantum_light_hhg_bsv_threshold_tdse_dipole_acceleration,shared_normalized_raw_spectrum_for_log_display
BSV - 2e13 W/cm^2,20000000000000.0,17.799567438166882,17.0,0.0008374532689489634,0.00030683136041995617,30.683136041995617,100000.0,0.01,16.366816709067592,23.430389465091444,30.495271637492333,0.999,tdse_dipole_acceleration,raw_fft_harmonic_order_grid,single_mode_bsv_random_phase_gamma_intensity,shared_fig_iv2_intensity_cases,hhg_intensity_prediction,quantum_light_hhg_bsv_threshold_tdse_dipole_acceleration,shared_normalized_raw_spectrum_for_log_display
BSV - 2e13 W/cm^2,20000000000000.0,17.83956646611782,17.0,0.00042370271236494956,0.00015523884671406746,15.523884671406746,100000.0,0.01,16.366816709067592,23.430389465091444,30.495271637492333,0.999,tdse_dipole_acceleration,raw_fft_harmonic_order_grid,single_mode_bsv_random_phase_gamma_intensity,shared_fig_iv2_intensity_cases,hhg_intensity_prediction,quantum_light_hhg_bsv_threshold_tdse_dipole_acceleration,shared_normalized_raw_spectrum_for_log_display
BSV - 2e13 W/cm^2,20000000000000.0,17.879565494068753,17.0,0.000704263834773184,0.0002580325834649054,25.80325834649054,100000.0,0.01,16.366816709067592,23.430389465091444,30.495271637492333,0.999,tdse_dipole_acceleration,raw_fft_harmonic_order_grid,single_mode_bsv_random_phase_gamma_intensity,shared_fig_iv2_intensity_cases,hhg_intensity_prediction,quantum_light_hhg_bsv_threshold_tdse_dipole_acceleration,shared_normalized_raw_spectrum_for_log_display
BSV - 2e13 W/cm^2,20000000000000.0,17.919564522019694,17.0,0.0004852159825773083,0.00017777646294049436,17.777646294049436,100000.0,0.01,16.366816709067592,23.430389465091444,30.495271637492333,0.999,tdse_dipole_acceleration,raw_fft_harmonic_order_grid,single_mode_bsv_random_phase_gamma_intensity,shared_fig_iv2_intensity_cases,hhg_intensity_prediction,quantum_light_hhg_bsv_threshold_tdse_dipole_acceleration,shared_normalized_raw_spectrum_for_log_display
BSV - 2e13 W/cm^2,20000000000000.0,17.959563549970625,17.0,0.0003157890034372295,0.00011570074787804348,11.570074787804348,100000.0,0.01,16.366816709067592,23.430389465091444,30.495271637492333,0.999,tdse_dipole_acceleration,raw_fft_harmonic_order_grid,single_mode_bsv_random_phase_gamma_intensity,shared_fig_iv2_intensity_cases,hhg_intensity_prediction,quantum_light_hhg_bsv_threshold_tdse_dipole_acceleration,shared_normalized_raw_spectrum_for_log_display
BSV - 2e13 W/cm^2,20000000000000.0,17.999562577921566,17.0,0.0011100719710487779,0.00040671510360026556,40.67151036002656,100000.0,0.01,16.366816709067592,23.430389465091444,30.495271637492333,0.999,tdse_dipole_acceleration,raw_fft_harmonic_order_grid,single_mode_bsv_random_phase_gamma_intensity,shared_fig_iv2_intensity_cases,hhg_intensity_prediction,quantum_light_hhg_bsv_threshold_tdse_dipole_acceleration,shared_normalized_raw_spectrum_for_log_display
BSV - 2e13 W/cm^2,20000000000000.0,18.039561605872503,19.0,0.0007304250478820472,0.0002676176921581979,26.76176921581979,100000.0,0.01,16.366816709067592,23.430389465091444,30.495271637492333,0.999,tdse_dipole_acceleration,raw_fft_harmonic_order_grid,single_mode_bsv_random_phase_gamma_intensity,shared_fig_iv2_intensity_cases,hhg_intensity_prediction,quantum_light_hhg_bsv_threshold_tdse_dipole_acceleration,shared_normalized_raw_spectrum_for_log_display
BSV - 2e13 W/cm^2,20000000000000.0,18.07956063382344,19.0,0.0011983133476249084,0.0004390455304122168,43.90455304122168,100000.0,0.01,16.366816709067592,23.430389465091444,30.495271637492333,0.999,tdse_dipole_acceleration,raw_fft_harmonic_order_grid,single_mode_bsv_random_phase_gamma_intensity,shared_fig_iv2_intensity_cases,hhg_intensity_prediction,quantum_light_hhg_bsv_threshold_tdse_dipole_acceleration,shared_normalized_raw_spectrum_for_log_display
BSV - 2e13 W/cm^2,20000000000000.0,18.119559661774375,19.0,0.0005931195014083545,0.0002173108282652394,21.73108282652394,100000.0,0.01,16.366816709067592,23.430389465091444,30.495271637492333,0.999,tdse_dipole_acceleration,raw_fft_harmonic_order_grid,single_mode_bsv_random_phase_gamma_intensity,shared_fig_iv2_intensity_cases,hhg_intensity_prediction,quantum_light_hhg_bsv_threshold_tdse_dipole_acceleration,shared_normalized_raw_spectrum_for_log_display
BSV - 2e13 W/cm^2,20000000000000.0,18.159558689725316,19.0,0.0007244688119216217,0.00026543540921718874,26.543540921718872,100000.0,0.01,16.366816709067592,23.430389465091444,30.495271637492333,0.999,tdse_dipole_acceleration,raw_fft_harmonic_order_grid,single_mode_bsv_random_phase_gamma_intensity,shared_fig_iv2_intensity_cases,hhg_intensity_prediction,quantum_light_hhg_bsv_threshold_tdse_dipole_acceleration,shared_normalized_raw_spectrum_for_log_display
BSV - 2e13 W/cm^2,20000000000000.0,18.19955771767625,19.0,0.00019979161414630114,7.320089973013702e-05,7.320089973013702,100000.0,0.01,16.366816709067592,23.430389465091444,30.495271637492333,0.999,tdse_dipole_acceleration,raw_fft_harmonic_order_grid,single_mode_bsv_random_phase_gamma_intensity,shared_fig_iv2_intensity_cases,hhg_intensity_prediction,quantum_light_hhg_bsv_threshold_tdse_dipole_acceleration,shared_normalized_raw_spectrum_for_log_display
BSV - 2e13 W/cm^2,20000000000000.0,18.239556745627187,19.0,0.0003471611878728914,0.0001271950848000557,12.71950848000557,100000.0,0.01,16.366816709067592,23.430389465091444,30.495271637492333,0.999,tdse_dipole_acceleration,raw_fft_harmonic_order_grid,single_mode_bsv_random_phase_gamma_intensity,shared_fig_iv2_intensity_cases,hhg_intensity_prediction,quantum_light_hhg_bsv_threshold_tdse_dipole_acceleration,shared_normalized_raw_spectrum_for_log_display
BSV - 2e13 W/cm^2,20000000000000.0,18.27955577357812,19.0,0.0008605336524704984,0.00031528769552246864,31.528769552246864,100000.0,0.01,16.366816709067592,23.430389465091444,30.495271637492333,0.999,tdse_dipole_acceleration,raw_fft_harmonic_order_grid,single_mode_bsv_random_phase_gamma_intensity,shared_fig_iv2_intensity_cases,hhg_intensity_prediction,quantum_light_hhg_bsv_threshold_tdse_dipole_acceleration,shared_normalized_raw_spectrum_for_log_display
BSV - 2e13 W/cm^2,20000000000000.0,18.31955480152906,19.0,0.0007571274256531167,0.00027740107614119614,27.740107614119616,100000.0,0.01,16.366816709067592,23.430389465091444,30.495271637492333,0.999,tdse_dipole_acceleration,raw_fft_harmonic_order_grid,single_mode_bsv_random_phase_gamma_intensity,shared_fig_iv2_intensity_cases,hhg_intensity_prediction,quantum_light_hhg_bsv_threshold_tdse_dipole_acceleration,shared_normalized_raw_spectrum_for_log_display
BSV - 2e13 W/cm^2,20000000000000.0,18.35955382948,19.0,0.00021844812228870362,8.003638773438554e-05,8.003638773438555,100000.0,0.01,16.366816709067592,23.430389465091444,30.495271637492333,0.999,tdse_dipole_acceleration,raw_fft_harmonic_order_grid,single_mode_bsv_random_phase_gamma_intensity,shared_fig_iv2_intensity_cases,hhg_intensity_prediction,quantum_light_hhg_bsv_threshold_tdse_dipole_acceleration,shared_normalized_raw_spectrum_for_log_display
BSV - 2e13 W/cm^2,20000000000000.0,18.399552857430933,19.0,0.0003266207058243116,0.00011966933466649033,11.966933466649033,100000.0,0.01,16.366816709067592,23.430389465091444,30.495271637492333,0.999,tdse_dipole_acceleration,raw_fft_harmonic_order_grid,single_mode_bsv_random_phase_gamma_intensity,shared_fig_iv2_intensity_cases,hhg_intensity_prediction,quantum_light_hhg_bsv_threshold_tdse_dipole_acceleration,shared_normalized_raw_spectrum_for_log_display
BSV - 2e13 W/cm^2,20000000000000.0,18.43955188538187,19.0,0.001013363446934988,0.00037128243037745835,37.12824303774583,100000.0,0.01,16.366816709067592,23.430389465091444,30.495271637492333,0.999,tdse_dipole_acceleration,raw_fft_harmonic_order_grid,single_mode_bsv_random_phase_gamma_intensity,shared_fig_iv2_intensity_cases,hhg_intensity_prediction,quantum_light_hhg_bsv_threshold_tdse_dipole_acceleration,shared_normalized_raw_spectrum_for_log_display
BSV - 2e13 W/cm^2,20000000000000.0,18.479550913332805,19.0,0.0005061854125855964,0.0001854593737072636,18.54593737072636,100000.0,0.01,16.366816709067592,23.430389465091444,30.495271637492333,0.999,tdse_dipole_acceleration,raw_fft_harmonic_order_grid,single_mode_bsv_random_phase_gamma_intensity,shared_fig_iv2_intensity_cases,hhg_intensity_prediction,quantum_light_hhg_bsv_threshold_tdse_dipole_acceleration,shared_normalized_raw_spectrum_for_log_display
BSV - 2e13 W/cm^2,20000000000000.0,18.519549941283746,19.0,0.0005486343998286478,0.00020101209884090758,20.101209884090757,100000.0,0.01,16.366816709067592,23.430389465091444,30.495271637492333,0.999,tdse_dipole_acceleration,raw_fft_harmonic_order_grid,single_mode_bsv_random_phase_gamma_intensity,shared_fig_iv2_intensity_cases,hhg_intensity_prediction,quantum_light_hhg_bsv_threshold_tdse_dipole_acceleration,shared_normalized_raw_spectrum_for_log_display
BSV - 2e13 W/cm^2,20000000000000.0,18.55954896923468,19.0,0.0005535297881788879,0.0002028057018071642,20.28057018071642,100000.0,0.01,16.366816709067592,23.430389465091444,30.495271637492333,0.999,tdse_dipole_acceleration,raw_fft_harmonic_order_grid,single_mode_bsv_random_phase_gamma_intensity,shared_fig_iv2_intensity_cases,hhg_intensity_prediction,quantum_light_hhg_bsv_threshold_tdse_dipole_acceleration,shared_normalized_raw_spectrum_for_log_display
BSV - 2e13 W/cm^2,20000000000000.0,18.599547997185617,19.0,0.0007379969679022957,0.0002703919395185548,27.039193951855477,100000.0,0.01,16.366816709067592,23.430389465091444,30.495271637492333,0.999,tdse_dipole_acceleration,raw_fft_harmonic_order_grid,single_mode_bsv_random_phase_gamma_intensity,shared_fig_iv2_intensity_cases,hhg_intensity_prediction,quantum_light_hhg_bsv_threshold_tdse_dipole_acceleration,shared_normalized_raw_spectrum_for_log_display
BSV - 2e13 W/cm^2,20000000000000.0,18.639547025136554,19.0,0.0018752974676646491,0.0006870832015711069,68.70832015711069,100000.0,0.01,16.366816709067592,23.430389465091444,30.495271637492333,0.999,tdse_dipole_acceleration,raw_fft_harmonic_order_grid,single_mode_bsv_random_phase_gamma_intensity,shared_fig_iv2_intensity_cases,hhg_intensity_prediction,quantum_light_hhg_bsv_threshold_tdse_dipole_acceleration,shared_normalized_raw_spectrum_for_log_display
BSV - 2e13 W/cm^2,20000000000000.0,18.679546053087495,19.0,0.004565211878942039,0.001672630848022274,167.2630848022274,100000.0,0.01,16.366816709067592,23.430389465091444,30.495271637492333,0.999,tdse_dipole_acceleration,raw_fft_harmonic_order_grid,single_mode_bsv_random_phase_gamma_intensity,shared_fig_iv2_intensity_cases,hhg_intensity_prediction,quantum_light_hhg_bsv_threshold_tdse_dipole_acceleration,shared_normalized_raw_spectrum_for_log_display
BSV - 2e13 W/cm^2,20000000000000.0,18.719545081038426,19.0,0.011371221325647381,0.004166259107643934,416.6259107643934,100000.0,0.01,16.366816709067592,23.430389465091444,30.495271637492333,0.999,tdse_dipole_acceleration,raw_fft_harmonic_order_grid,single_mode_bsv_random_phase_gamma_intensity,shared_fig_iv2_intensity_cases,hhg_intensity_prediction,quantum_light_hhg_bsv_threshold_tdse_dipole_acceleration,shared_normalized_raw_spectrum_for_log_display
BSV - 2e13 W/cm^2,20000000000000.0,18.759544108989367,19.0,0.010190973292371374,0.0037338324599605933,373.3832459960593,100000.0,0.01,16.366816709067592,23.430389465091444,30.495271637492333,0.999,tdse_dipole_acceleration,raw_fft_harmonic_order_grid,single_mode_bsv_random_phase_gamma_intensity,shared_fig_iv2_intensity_cases,hhg_intensity_prediction,quantum_light_hhg_bsv_threshold_tdse_dipole_acceleration,shared_normalized_raw_spectrum_for_log_display
BSV - 2e13 W/cm^2,20000000000000.0,18.7995431369403,19.0,0.0028590311073731648,0.001047509678073444,104.75096780734441,100000.0,0.01,16.366816709067592,23.430389465091444,30.495271637492333,0.999,tdse_dipole_acceleration,raw_fft_harmonic_order_grid,single_mode_bsv_random_phase_gamma_intensity,shared_fig_iv2_intensity_cases,hhg_intensity_prediction,quantum_light_hhg_bsv_threshold_tdse_dipole_acceleration,shared_normalized_raw_spectrum_for_log_display
BSV - 2e13 W/cm^2,20000000000000.0,18.83954216489124,19.0,0.0019524237860757514,0.0007153412239345057,71.53412239345057,100000.0,0.01,16.366816709067592,23.430389465091444,30.495271637492333,0.999,tdse_dipole_acceleration,raw_fft_harmonic_order_grid,single_mode_bsv_random_phase_gamma_intensity,shared_fig_iv2_intensity_cases,hhg_intensity_prediction,quantum_light_hhg_bsv_threshold_tdse_dipole_acceleration,shared_normalized_raw_spectrum_for_log_display
BSV - 2e13 W/cm^2,20000000000000.0,18.879541192842176,19.0,0.002130289016684119,0.0007805085982853969,78.05085982853969,100000.0,0.01,16.366816709067592,23.430389465091444,30.495271637492333,0.999,tdse_dipole_acceleration,raw_fft_harmonic_order_grid,single_mode_bsv_random_phase_gamma_intensity,shared_fig_iv2_intensity_cases,hhg_intensity_prediction,quantum_light_hhg_bsv_threshold_tdse_dipole_acceleration,shared_normalized_raw_spectrum_for_log_display
BSV - 2e13 W/cm^2,20000000000000.0,18.91954022079311,19.0,0.0013107661077900704,0.00048024667519699937,48.02466751969994,100000.0,0.01,16.366816709067592,23.430389465091444,30.495271637492333,0.999,tdse_dipole_acceleration,raw_fft_harmonic_order_grid,single_mode_bsv_random_phase_gamma_intensity,shared_fig_iv2_intensity_cases,hhg_intensity_prediction,quantum_light_hhg_bsv_threshold_tdse_dipole_acceleration,shared_normalized_raw_spectrum_for_log_display
BSV - 2e13 W/cm^2,20000000000000.0,18.95953924874405,19.0,0.16774473949976756,0.0614593655937374,6145.93655937374,100000.0,0.01,16.366816709067592,23.430389465091444,30.495271637492333,0.999,tdse_dipole_acceleration,raw_fft_harmonic_order_grid,single_mode_bsv_random_phase_gamma_intensity,shared_fig_iv2_intensity_cases,hhg_intensity_prediction,quantum_light_hhg_bsv_threshold_tdse_dipole_acceleration,shared_normalized_raw_spectrum_for_log_display
BSV - 2e13 W/cm^2,20000000000000.0,18.999538276694985,19.0,0.6271016447170791,0.22976141822411303,22976.141822411304,100000.0,0.01,16.366816709067592,23.430389465091444,30.495271637492333,0.999,tdse_dipole_acceleration,raw_fft_harmonic_order_grid,single_mode_bsv_random_phase_gamma_intensity,shared_fig_iv2_intensity_cases,hhg_intensity_prediction,quantum_light_hhg_bsv_threshold_tdse_dipole_acceleration,shared_normalized_raw_spectrum_for_log_display
BSV - 2e13 W/cm^2,20000000000000.0,19.039537304645922,19.0,0.34910081940823395,0.12790573911925077,12790.573911925077,100000.0,0.01,16.366816709067592,23.430389465091444,30.495271637492333,0.999,tdse_dipole_acceleration,raw_fft_harmonic_order_grid,single_mode_bsv_random_phase_gamma_intensity,shared_fig_iv2_intensity_cases,hhg_intensity_prediction,quantum_light_hhg_bsv_threshold_tdse_dipole_acceleration,shared_normalized_raw_spectrum_for_log_display
BSV - 2e13 W/cm^2,20000000000000.0,19.07953633259686,19.0,0.016172059566635814,0.005925220214199004,592.5220214199004,100000.0,0.01,16.366816709067592,23.430389465091444,30.495271637492333,0.999,tdse_dipole_acceleration,raw_fft_harmonic_order_grid,single_mode_bsv_random_phase_gamma_intensity,shared_fig_iv2_intensity_cases,hhg_intensity_prediction,quantum_light_hhg_bsv_threshold_tdse_dipole_acceleration,shared_normalized_raw_spectrum_for_log_display
BSV - 2e13 W/cm^2,20000000000000.0,19.119535360547797,19.0,0.004222093940220904,0.001546917154105446,154.6917154105446,100000.0,0.01,16.366816709067592,23.430389465091444,30.495271637492333,0.999,tdse_dipole_acceleration,raw_fft_harmonic_order_grid,single_mode_bsv_random_phase_gamma_intensity,shared_fig_iv2_intensity_cases,hhg_intensity_prediction,quantum_light_hhg_bsv_threshold_tdse_dipole_acceleration,shared_normalized_raw_spectrum_for_log_display
BSV - 2e13 W/cm^2,20000000000000.0,19.159534388498734,19.0,0.0013584254148144676,0.0004977083898420698,49.770838984206975,100000.0,0.01,16.366816709067592,23.430389465091444,30.495271637492333,0.999,tdse_dipole_acceleration,raw_fft_harmonic_order_grid,single_mode_bsv_random_phase_gamma_intensity,shared_fig_iv2_intensity_cases,hhg_intensity_prediction,quantum_light_hhg_bsv_threshold_tdse_dipole_acceleration,shared_normalized_raw_spectrum_for_log_display
BSV - 2e13 W/cm^2,20000000000000.0,19.19953341644967,19.0,0.001955253449088847,0.0007163779735467293,71.63779735467293,100000.0,0.01,16.366816709067592,23.430389465091444,30.495271637492333,0.999,tdse_dipole_acceleration,raw_fft_harmonic_order_grid,single_mode_bsv_random_phase_gamma_intensity,shared_fig_iv2_intensity_cases,hhg_intensity_prediction,quantum_light_hhg_bsv_threshold_tdse_dipole_acceleration,shared_normalized_raw_spectrum_for_log_display
BSV - 2e13 W/cm^2,20000000000000.0,19.239532444400606,19.0,0.0020507815610119927,0.000751378159976851,75.1378159976851,100000.0,0.01,16.366816709067592,23.430389465091444,30.495271637492333,0.999,tdse_dipole_acceleration,raw_fft_harmonic_order_grid,single_mode_bsv_random_phase_gamma_intensity,shared_fig_iv2_intensity_cases,hhg_intensity_prediction,quantum_light_hhg_bsv_threshold_tdse_dipole_acceleration,shared_normalized_raw_spectrum_for_log_display
BSV - 2e13 W/cm^2,20000000000000.0,19.279531472351543,19.0,0.0025278698154187307,0.0009261767350946259,92.61767350946259,100000.0,0.01,16.366816709067592,23.430389465091444,30.495271637492333,0.999,tdse_dipole_acceleration,raw_fft_harmonic_order_grid,single_mode_bsv_random_phase_gamma_intensity,shared_fig_iv2_intensity_cases,hhg_intensity_prediction,quantum_light_hhg_bsv_threshold_tdse_dipole_acceleration,shared_normalized_raw_spectrum_for_log_display
BSV - 2e13 W/cm^2,20000000000000.0,19.31953050030248,19.0,0.0004351382617174837,0.00015942867472607257,15.942867472607258,100000.0,0.01,16.366816709067592,23.430389465091444,30.495271637492333,0.999,tdse_dipole_acceleration,raw_fft_harmonic_order_grid,single_mode_bsv_random_phase_gamma_intensity,shared_fig_iv2_intensity_cases,hhg_intensity_prediction,quantum_light_hhg_bsv_threshold_tdse_dipole_acceleration,shared_normalized_raw_spectrum_for_log_display
BSV - 2e13 W/cm^2,20000000000000.0,19.359529528253418,19.0,0.00044685918261151995,0.00016372305894622779,16.37230589462278,100000.0,0.01,16.366816709067592,23.430389465091444,30.495271637492333,0.999,tdse_dipole_acceleration,raw_fft_harmonic_order_grid,single_mode_bsv_random_phase_gamma_intensity,shared_fig_iv2_intensity_cases,hhg_intensity_prediction,quantum_light_hhg_bsv_threshold_tdse_dipole_acceleration,shared_normalized_raw_spectrum_for_log_display
BSV - 2e13 W/cm^2,20000000000000.0,19.399528556204356,19.0,0.00022101572615356818,8.097712247874288e-05,8.097712247874288,100000.0,0.01,16.366816709067592,23.430389465091444,30.495271637492333,0.999,tdse_dipole_acceleration,raw_fft_harmonic_order_grid,single_mode_bsv_random_phase_gamma_intensity,shared_fig_iv2_intensity_cases,hhg_intensity_prediction,quantum_light_hhg_bsv_threshold_tdse_dipole_acceleration,shared_normalized_raw_spectrum_for_log_display
BSV - 2e13 W/cm^2,20000000000000.0,19.43952758415529,19.0,0.00028625171544649345,0.00010487869177849782,10.487869177849781,100000.0,0.01,16.366816709067592,23.430389465091444,30.495271637492333,0.999,tdse_dipole_acceleration,raw_fft_harmonic_order_grid,single_mode_bsv_random_phase_gamma_intensity,shared_fig_iv2_intensity_cases,hhg_intensity_prediction,quantum_light_hhg_bsv_threshold_tdse_dipole_acceleration,shared_normalized_raw_spectrum_for_log_display
BSV - 2e13 W/cm^2,20000000000000.0,19.479526612106227,19.0,0.00014645065055709998,5.365750425837922e-05,5.365750425837922,100000.0,0.01,16.366816709067592,23.430389465091444,30.495271637492333,0.999,tdse_dipole_acceleration,raw_fft_harmonic_order_grid,single_mode_bsv_random_phase_gamma_intensity,shared_fig_iv2_intensity_cases,hhg_intensity_prediction,quantum_light_hhg_bsv_threshold_tdse_dipole_acceleration,shared_normalized_raw_spectrum_for_log_display
BSV - 2e13 W/cm^2,20000000000000.0,19.51952564005716,19.0,0.0001469763525879595,5.3850114252613996e-05,5.3850114252614,100000.0,0.01,16.366816709067592,23.430389465091444,30.495271637492333,0.999,tdse_dipole_acceleration,raw_fft_harmonic_order_grid,single_mode_bsv_random_phase_gamma_intensity,shared_fig_iv2_intensity_cases,hhg_intensity_prediction,quantum_light_hhg_bsv_threshold_tdse_dipole_acceleration,shared_normalized_raw_spectrum_for_log_display
BSV - 2e13 W/cm^2,20000000000000.0,19.559524668008102,19.0,0.0001307621862744278,4.790946670543779e-05,4.790946670543779,100000.0,0.01,16.366816709067592,23.430389465091444,30.495271637492333,0.999,tdse_dipole_acceleration,raw_fft_harmonic_order_grid,single_mode_bsv_random_phase_gamma_intensity,shared_fig_iv2_intensity_cases,hhg_intensity_prediction,quantum_light_hhg_bsv_threshold_tdse_dipole_acceleration,shared_normalized_raw_spectrum_for_log_display
BSV - 2e13 W/cm^2,20000000000000.0,19.59952369595904,19.0,0.00011092232548610541,4.0640414566130316e-05,4.064041456613031,100000.0,0.01,16.366816709067592,23.430389465091444,30.495271637492333,0.999,tdse_dipole_acceleration,raw_fft_harmonic_order_grid,single_mode_bsv_random_phase_gamma_intensity,shared_fig_iv2_intensity_cases,hhg_intensity_prediction,quantum_light_hhg_bsv_threshold_tdse_dipole_acceleration,shared_normalized_raw_spectrum_for_log_display
BSV - 2e13 W/cm^2,20000000000000.0,19.639522723909973,19.0,2.0194511261781066e-05,7.398991195347557e-06,0.7398991195347557,100000.0,0.01,16.366816709067592,23.430389465091444,30.495271637492333,0.999,tdse_dipole_acceleration,raw_fft_harmonic_order_grid,single_mode_bsv_random_phase_gamma_intensity,shared_fig_iv2_intensity_cases,hhg_intensity_prediction,quantum_light_hhg_bsv_threshold_tdse_dipole_acceleration,shared_normalized_raw_spectrum_for_log_display
BSV - 2e13 W/cm^2,20000000000000.0,19.67952175186091,19.0,7.781139836197414e-05,2.850902623563426e-05,2.8509026235634263,100000.0,0.01,16.366816709067592,23.430389465091444,30.495271637492333,0.999,tdse_dipole_acceleration,raw_fft_harmonic_order_grid,single_mode_bsv_random_phase_gamma_intensity,shared_fig_iv2_intensity_cases,hhg_intensity_prediction,quantum_light_hhg_bsv_threshold_tdse_dipole_acceleration,shared_normalized_raw_spectrum_for_log_display
BSV - 2e13 W/cm^2,20000000000000.0,19.71952077981185,19.0,9.048819404557153e-05,3.315362983273487e-05,3.315362983273487,100000.0,0.01,16.366816709067592,23.430389465091444,30.495271637492333,0.999,tdse_dipole_acceleration,raw_fft_harmonic_order_grid,single_mode_bsv_random_phase_gamma_intensity,shared_fig_iv2_intensity_cases,hhg_intensity_prediction,quantum_light_hhg_bsv_threshold_tdse_dipole_acceleration,shared_normalized_raw_spectrum_for_log_display
BSV - 2e13 W/cm^2,20000000000000.0,19.759519807762786,19.0,0.00010140301999807464,3.7152671952370644e-05,3.715267195237064,100000.0,0.01,16.366816709067592,23.430389465091444,30.495271637492333,0.999,tdse_dipole_acceleration,raw_fft_harmonic_order_grid,single_mode_bsv_random_phase_gamma_intensity,shared_fig_iv2_intensity_cases,hhg_intensity_prediction,quantum_light_hhg_bsv_threshold_tdse_dipole_acceleration,shared_normalized_raw_spectrum_for_log_display
BSV - 2e13 W/cm^2,20000000000000.0,19.799518835713723,19.0,0.0003498887553943619,0.00012819442802824613,12.819442802824613,100000.0,0.01,16.366816709067592,23.430389465091444,30.495271637492333,0.999,tdse_dipole_acceleration,raw_fft_harmonic_order_grid,single_mode_bsv_random_phase_gamma_intensity,shared_fig_iv2_intensity_cases,hhg_intensity_prediction,quantum_light_hhg_bsv_threshold_tdse_dipole_acceleration,shared_normalized_raw_spectrum_for_log_display
BSV - 2e13 W/cm^2,20000000000000.0,19.839517863664657,19.0,7.62181638347671e-05,2.792528701629309e-05,2.792528701629309,100000.0,0.01,16.366816709067592,23.430389465091444,30.495271637492333,0.999,tdse_dipole_acceleration,raw_fft_harmonic_order_grid,single_mode_bsv_random_phase_gamma_intensity,shared_fig_iv2_intensity_cases,hhg_intensity_prediction,quantum_light_hhg_bsv_threshold_tdse_dipole_acceleration,shared_normalized_raw_spectrum_for_log_display
BSV - 2e13 W/cm^2,20000000000000.0,19.879516891615594,19.0,0.00017227869856862113,6.312054584195675e-05,6.312054584195675,100000.0,0.01,16.366816709067592,23.430389465091444,30.495271637492333,0.999,tdse_dipole_acceleration,raw_fft_harmonic_order_grid,single_mode_bsv_random_phase_gamma_intensity,shared_fig_iv2_intensity_cases,hhg_intensity_prediction,quantum_light_hhg_bsv_threshold_tdse_dipole_acceleration,shared_normalized_raw_spectrum_for_log_display
BSV - 2e13 W/cm^2,20000000000000.0,19.919515919566535,19.0,5.965117918469571e-05,2.1855371682846915e-05,2.1855371682846916,100000.0,0.01,16.366816709067592,23.430389465091444,30.495271637492333,0.999,tdse_dipole_acceleration,raw_fft_harmonic_order_grid,single_mode_bsv_random_phase_gamma_intensity,shared_fig_iv2_intensity_cases,hhg_intensity_prediction,quantum_light_hhg_bsv_threshold_tdse_dipole_acceleration,shared_normalized_raw_spectrum_for_log_display
BSV - 2e13 W/cm^2,20000000000000.0,19.959514947517466,19.0,0.00026966761668616277,9.880250607041948e-05,9.880250607041948,100000.0,0.01,16.366816709067592,23.430389465091444,30.495271637492333,0.999,tdse_dipole_acceleration,raw_fft_harmonic_order_grid,single_mode_bsv_random_phase_gamma_intensity,shared_fig_iv2_intensity_cases,hhg_intensity_prediction,quantum_light_hhg_bsv_threshold_tdse_dipole_acceleration,shared_normalized_raw_spectrum_for_log_display
BSV - 2e13 W/cm^2,20000000000000.0,19.999513975468407,19.0,0.00020527202410254984,7.520884656715312e-05,7.520884656715312,100000.0,0.01,16.366816709067592,23.430389465091444,30.495271637492333,0.999,tdse_dipole_acceleration,raw_fft_harmonic_order_grid,single_mode_bsv_random_phase_gamma_intensity,shared_fig_iv2_intensity_cases,hhg_intensity_prediction,quantum_light_hhg_bsv_threshold_tdse_dipole_acceleration,shared_normalized_raw_spectrum_for_log_display
BSV - 2e13 W/cm^2,20000000000000.0,20.03951300341934,21.0,0.0001495677669089217,5.479957282062521e-05,5.479957282062521,100000.0,0.01,16.366816709067592,23.430389465091444,30.495271637492333,0.999,tdse_dipole_acceleration,raw_fft_harmonic_order_grid,single_mode_bsv_random_phase_gamma_intensity,shared_fig_iv2_intensity_cases,hhg_intensity_prediction,quantum_light_hhg_bsv_threshold_tdse_dipole_acceleration,shared_normalized_raw_spectrum_for_log_display
BSV - 2e13 W/cm^2,20000000000000.0,20.07951203137028,21.0,0.0004836408812688434,0.0001771993674831179,17.719936748311788,100000.0,0.01,16.366816709067592,23.430389465091444,30.495271637492333,0.999,tdse_dipole_acceleration,raw_fft_harmonic_order_grid,single_mode_bsv_random_phase_gamma_intensity,shared_fig_iv2_intensity_cases,hhg_intensity_prediction,quantum_light_hhg_bsv_threshold_tdse_dipole_acceleration,shared_normalized_raw_spectrum_for_log_display
BSV - 2e13 W/cm^2,20000000000000.0,20.119511059321216,21.0,0.00041485950486383103,0.00015199881710447558,15.199881710447558,100000.0,0.01,16.366816709067592,23.430389465091444,30.495271637492333,0.999,tdse_dipole_acceleration,raw_fft_harmonic_order_grid,single_mode_bsv_random_phase_gamma_intensity,shared_fig_iv2_intensity_cases,hhg_intensity_prediction,quantum_light_hhg_bsv_threshold_tdse_dipole_acceleration,shared_normalized_raw_spectrum_for_log_display
BSV - 2e13 W/cm^2,20000000000000.0,20.159510087272153,21.0,0.0003633526715231922,0.0001331274217313741,13.31274217313741,100000.0,0.01,16.366816709067592,23.430389465091444,30.495271637492333,0.999,tdse_dipole_acceleration,raw_fft_harmonic_order_grid,single_mode_bsv_random_phase_gamma_intensity,shared_fig_iv2_intensity_cases,hhg_intensity_prediction,quantum_light_hhg_bsv_threshold_tdse_dipole_acceleration,shared_normalized_raw_spectrum_for_log_display
BSV - 2e13 W/cm^2,20000000000000.0,20.19950911522309,21.0,0.0001863030500756688,6.825887536011085e-05,6.825887536011085,100000.0,0.01,16.366816709067592,23.430389465091444,30.495271637492333,0.999,tdse_dipole_acceleration,raw_fft_harmonic_order_grid,single_mode_bsv_random_phase_gamma_intensity,shared_fig_iv2_intensity_cases,hhg_intensity_prediction,quantum_light_hhg_bsv_threshold_tdse_dipole_acceleration,shared_normalized_raw_spectrum_for_log_display
BSV - 2e13 W/cm^2,20000000000000.0,20.23950814317403,21.0,0.00033701151277514463,0.00012347638343063996,12.347638343063997,100000.0,0.01,16.366816709067592,23.430389465091444,30.495271637492333,0.999,tdse_dipole_acceleration,raw_fft_harmonic_order_grid,single_mode_bsv_random_phase_gamma_intensity,shared_fig_iv2_intensity_cases,hhg_intensity_prediction,quantum_light_hhg_bsv_threshold_tdse_dipole_acceleration,shared_normalized_raw_spectrum_for_log_display
BSV - 2e13 W/cm^2,20000000000000.0,20.279507171124962,21.0,0.000334730375301415,0.00012264060603228098,12.264060603228097,100000.0,0.01,16.366816709067592,23.430389465091444,30.495271637492333,0.999,tdse_dipole_acceleration,raw_fft_harmonic_order_grid,single_mode_bsv_random_phase_gamma_intensity,shared_fig_iv2_intensity_cases,hhg_intensity_prediction,quantum_light_hhg_bsv_threshold_tdse_dipole_acceleration,shared_normalized_raw_spectrum_for_log_display
BSV - 2e13 W/cm^2,20000000000000.0,20.319506199075903,21.0,0.00047425435338362907,0.00017376027275696704,17.376027275696703,100000.0,0.01,16.366816709067592,23.430389465091444,30.495271637492333,0.999,tdse_dipole_acceleration,raw_fft_harmonic_order_grid,single_mode_bsv_random_phase_gamma_intensity,shared_fig_iv2_intensity_cases,hhg_intensity_prediction,quantum_light_hhg_bsv_threshold_tdse_dipole_acceleration,shared_normalized_raw_spectrum_for_log_display
BSV - 2e13 W/cm^2,20000000000000.0,20.359505227026837,21.0,0.00019336310836801747,7.084558362289458e-05,7.0845583622894575,100000.0,0.01,16.366816709067592,23.430389465091444,30.495271637492333,0.999,tdse_dipole_acceleration,raw_fft_harmonic_order_grid,single_mode_bsv_random_phase_gamma_intensity,shared_fig_iv2_intensity_cases,hhg_intensity_prediction,quantum_light_hhg_bsv_threshold_tdse_dipole_acceleration,shared_normalized_raw_spectrum_for_log_display
BSV - 2e13 W/cm^2,20000000000000.0,20.399504254977774,21.0,0.0005230204119964472,0.00019162748596310736,19.162748596310735,100000.0,0.01,16.366816709067592,23.430389465091444,30.495271637492333,0.999,tdse_dipole_acceleration,raw_fft_harmonic_order_grid,single_mode_bsv_random_phase_gamma_intensity,shared_fig_iv2_intensity_cases,hhg_intensity_prediction,quantum_light_hhg_bsv_threshold_tdse_dipole_acceleration,shared_normalized_raw_spectrum_for_log_display
BSV - 2e13 W/cm^2,20000000000000.0,20.43950328292871,21.0,0.00047690758507215413,0.0001747323803582917,17.47323803582917,100000.0,0.01,16.366816709067592,23.430389465091444,30.495271637492333,0.999,tdse_dipole_acceleration,raw_fft_harmonic_order_grid,single_mode_bsv_random_phase_gamma_intensity,shared_fig_iv2_intensity_cases,hhg_intensity_prediction,quantum_light_hhg_bsv_threshold_tdse_dipole_acceleration,shared_normalized_raw_spectrum_for_log_display
BSV - 2e13 W/cm^2,20000000000000.0,20.479502310879646,21.0,0.000667032652114495,0.0002443915901715762,24.43915901715762,100000.0,0.01,16.366816709067592,23.430389465091444,30.495271637492333,0.999,tdse_dipole_acceleration,raw_fft_harmonic_order_grid,single_mode_bsv_random_phase_gamma_intensity,shared_fig_iv2_intensity_cases,hhg_intensity_prediction,quantum_light_hhg_bsv_threshold_tdse_dipole_acceleration,shared_normalized_raw_spectrum_for_log_display
BSV - 2e13 W/cm^2,20000000000000.0,20.519501338830587,21.0,0.00013345649643520295,4.88966248940511e-05,4.88966248940511,100000.0,0.01,16.366816709067592,23.430389465091444,30.495271637492333,0.999,tdse_dipole_acceleration,raw_fft_harmonic_order_grid,single_mode_bsv_random_phase_gamma_intensity,shared_fig_iv2_intensity_cases,hhg_intensity_prediction,quantum_light_hhg_bsv_threshold_tdse_dipole_acceleration,shared_normalized_raw_spectrum_for_log_display
BSV - 2e13 W/cm^2,20000000000000.0,20.559500366781517,21.0,0.00012120836148731561,4.440907669523153e-05,4.440907669523153,100000.0,0.01,16.366816709067592,23.430389465091444,30.495271637492333,0.999,tdse_dipole_acceleration,raw_fft_harmonic_order_grid,single_mode_bsv_random_phase_gamma_intensity,shared_fig_iv2_intensity_cases,hhg_intensity_prediction,quantum_light_hhg_bsv_threshold_tdse_dipole_acceleration,shared_normalized_raw_spectrum_for_log_display
BSV - 2e13 W/cm^2,20000000000000.0,20.599499394732458,21.0,0.0004181901100751478,0.0001532191050487721,15.32191050487721,100000.0,0.01,16.366816709067592,23.430389465091444,30.495271637492333,0.999,tdse_dipole_acceleration,raw_fft_harmonic_order_grid,single_mode_bsv_random_phase_gamma_intensity,shared_fig_iv2_intensity_cases,hhg_intensity_prediction,quantum_light_hhg_bsv_threshold_tdse_dipole_acceleration,shared_normalized_raw_spectrum_for_log_display
BSV - 2e13 W/cm^2,20000000000000.0,20.639498422683396,21.0,0.00029209437231378366,0.00010701936090181208,10.701936090181208,100000.0,0.01,16.366816709067592,23.430389465091444,30.495271637492333,0.999,tdse_dipole_acceleration,raw_fft_harmonic_order_grid,single_mode_bsv_random_phase_gamma_intensity,shared_fig_iv2_intensity_cases,hhg_intensity_prediction,quantum_light_hhg_bsv_threshold_tdse_dipole_acceleration,shared_normalized_raw_spectrum_for_log_display
BSV - 2e13 W/cm^2,20000000000000.0,20.679497450634333,21.0,0.0016648461112699735,0.000609976718882413,60.99767188824131,100000.0,0.01,16.366816709067592,23.430389465091444,30.495271637492333,0.999,tdse_dipole_acceleration,raw_fft_harmonic_order_grid,single_mode_bsv_random_phase_gamma_intensity,shared_fig_iv2_intensity_cases,hhg_intensity_prediction,quantum_light_hhg_bsv_threshold_tdse_dipole_acceleration,shared_normalized_raw_spectrum_for_log_display
BSV - 2e13 W/cm^2,20000000000000.0,20.719496478585267,21.0,0.0031735157145633412,0.0011627325131056611,116.27325131056611,100000.0,0.01,16.366816709067592,23.430389465091444,30.495271637492333,0.999,tdse_dipole_acceleration,raw_fft_harmonic_order_grid,single_mode_bsv_random_phase_gamma_intensity,shared_fig_iv2_intensity_cases,hhg_intensity_prediction,quantum_light_hhg_bsv_threshold_tdse_dipole_acceleration,shared_normalized_raw_spectrum_for_log_display
BSV - 2e13 W/cm^2,20000000000000.0,20.759495506536204,21.0,0.0035555600986372548,0.0013027083212523328,130.27083212523328,100000.0,0.01,16.366816709067592,23.430389465091444,30.495271637492333,0.999,tdse_dipole_acceleration,raw_fft_harmonic_order_grid,single_mode_bsv_random_phase_gamma_intensity,shared_fig_iv2_intensity_cases,hhg_intensity_prediction,quantum_light_hhg_bsv_threshold_tdse_dipole_acceleration,shared_normalized_raw_spectrum_for_log_display
BSV - 2e13 W/cm^2,20000000000000.0,20.799494534487142,21.0,0.0013898896498785703,0.0005092364528483893,50.923645284838926,100000.0,0.01,16.366816709067592,23.430389465091444,30.495271637492333,0.999,tdse_dipole_acceleration,raw_fft_harmonic_order_grid,single_mode_bsv_random_phase_gamma_intensity,shared_fig_iv2_intensity_cases,hhg_intensity_prediction,quantum_light_hhg_bsv_threshold_tdse_dipole_acceleration,shared_normalized_raw_spectrum_for_log_display
BSV - 2e13 W/cm^2,20000000000000.0,20.83949356243808,21.0,0.0013611905881663845,0.0004987215113293504,49.872151132935045,100000.0,0.01,16.366816709067592,23.430389465091444,30.495271637492333,0.999,tdse_dipole_acceleration,raw_fft_harmonic_order_grid,single_mode_bsv_random_phase_gamma_intensity,shared_fig_iv2_intensity_cases,hhg_intensity_prediction,quantum_light_hhg_bsv_threshold_tdse_dipole_acceleration,shared_normalized_raw_spectrum_for_log_display
BSV - 2e13 W/cm^2,20000000000000.0,20.879492590389013,21.0,0.0002355987552672255,8.632014378858027e-05,8.632014378858027,100000.0,0.01,16.366816709067592,23.430389465091444,30.495271637492333,0.999,tdse_dipole_acceleration,raw_fft_harmonic_order_grid,single_mode_bsv_random_phase_gamma_intensity,shared_fig_iv2_intensity_cases,hhg_intensity_prediction,quantum_light_hhg_bsv_threshold_tdse_dipole_acceleration,shared_normalized_raw_spectrum_for_log_display
BSV - 2e13 W/cm^2,20000000000000.0,20.91949161833995,21.0,0.0007971269605678491,0.0002920563556285592,29.20563556285592,100000.0,0.01,16.366816709067592,23.430389465091444,30.495271637492333,0.999,tdse_dipole_acceleration,raw_fft_harmonic_order_grid,single_mode_bsv_random_phase_gamma_intensity,shared_fig_iv2_intensity_cases,hhg_intensity_prediction,quantum_light_hhg_bsv_threshold_tdse_dipole_acceleration,shared_normalized_raw_spectrum_for_log_display
BSV - 2e13 W/cm^2,20000000000000.0,20.95949064629089,21.0,0.08625564398098853,0.031602881698464085,3160.2881698464084,100000.0,0.01,16.366816709067592,23.430389465091444,30.495271637492333,0.999,tdse_dipole_acceleration,raw_fft_harmonic_order_grid,single_mode_bsv_random_phase_gamma_intensity,shared_fig_iv2_intensity_cases,hhg_intensity_prediction,quantum_light_hhg_bsv_threshold_tdse_dipole_acceleration,shared_normalized_raw_spectrum_for_log_display
BSV - 2e13 W/cm^2,20000000000000.0,20.999489674241826,21.0,0.2915418248737141,0.10681691511884216,10681.691511884215,100000.0,0.01,16.366816709067592,23.430389465091444,30.495271637492333,0.999,tdse_dipole_acceleration,raw_fft_harmonic_order_grid,single_mode_bsv_random_phase_gamma_intensity,shared_fig_iv2_intensity_cases,hhg_intensity_prediction,quantum_light_hhg_bsv_threshold_tdse_dipole_acceleration,shared_normalized_raw_spectrum_for_log_display
BSV - 2e13 W/cm^2,20000000000000.0,21.039488702192763,21.0,0.15856056988651268,0.058094412155440714,5809.441215544071,100000.0,0.01,16.366816709067592,23.430389465091444,30.495271637492333,0.999,tdse_dipole_acceleration,raw_fft_harmonic_order_grid,single_mode_bsv_random_phase_gamma_intensity,shared_fig_iv2_intensity_cases,hhg_intensity_prediction,quantum_light_hhg_bsv_threshold_tdse_dipole_acceleration,shared_normalized_raw_spectrum_for_log_display
BSV - 2e13 W/cm^2,20000000000000.0,21.079487730143697,21.0,0.005431254686970212,0.001989937022374789,198.99370223747889,100000.0,0.01,16.366816709067592,23.430389465091444,30.495271637492333,0.999,tdse_dipole_acceleration,raw_fft_harmonic_order_grid,single_mode_bsv_random_phase_gamma_intensity,shared_fig_iv2_intensity_cases,hhg_intensity_prediction,quantum_light_hhg_bsv_threshold_tdse_dipole_acceleration,shared_normalized_raw_spectrum_for_log_display
BSV - 2e13 W/cm^2,20000000000000.0,21.119486758094638,21.0,0.002578381725631483,0.0009446836043166435,94.46836043166435,100000.0,0.01,16.366816709067592,23.430389465091444,30.495271637492333,0.999,tdse_dipole_acceleration,raw_fft_harmonic_order_grid,single_mode_bsv_random_phase_gamma_intensity,shared_fig_iv2_intensity_cases,hhg_intensity_prediction,quantum_light_hhg_bsv_threshold_tdse_dipole_acceleration,shared_normalized_raw_spectrum_for_log_display
BSV - 2e13 W/cm^2,20000000000000.0,21.159485786045575,21.0,0.0004988312194100658,0.0001827648984684587,18.27648984684587,100000.0,0.01,16.366816709067592,23.430389465091444,30.495271637492333,0.999,tdse_dipole_acceleration,raw_fft_harmonic_order_grid,single_mode_bsv_random_phase_gamma_intensity,shared_fig_iv2_intensity_cases,hhg_intensity_prediction,quantum_light_hhg_bsv_threshold_tdse_dipole_acceleration,shared_normalized_raw_spectrum_for_log_display
BSV - 2e13 W/cm^2,20000000000000.0,21.19948481399651,21.0,0.00024490061274788335,8.972821644295632e-05,8.972821644295632,100000.0,0.01,16.366816709067592,23.430389465091444,30.495271637492333,0.999,tdse_dipole_acceleration,raw_fft_harmonic_order_grid,single_mode_bsv_random_phase_gamma_intensity,shared_fig_iv2_intensity_cases,hhg_intensity_prediction,quantum_light_hhg_bsv_threshold_tdse_dipole_acceleration,shared_normalized_raw_spectrum_for_log_display
BSV - 2e13 W/cm^2,20000000000000.0,21.239483841947447,21.0,0.004926120477660553,0.0018048627950908456,180.48627950908457,100000.0,0.01,16.366816709067592,23.430389465091444,30.495271637492333,0.999,tdse_dipole_acceleration,raw_fft_harmonic_order_grid,single_mode_bsv_random_phase_gamma_intensity,shared_fig_iv2_intensity_cases,hhg_intensity_prediction,quantum_light_hhg_bsv_threshold_tdse_dipole_acceleration,shared_normalized_raw_spectrum_for_log_display
BSV - 2e13 W/cm^2,20000000000000.0,21.279482869898388,21.0,0.005622911023055549,0.0020601572681061982,206.0157268106198,100000.0,0.01,16.366816709067592,23.430389465091444,30.495271637492333,0.999,tdse_dipole_acceleration,raw_fft_harmonic_order_grid,single_mode_bsv_random_phase_gamma_intensity,shared_fig_iv2_intensity_cases,hhg_intensity_prediction,quantum_light_hhg_bsv_threshold_tdse_dipole_acceleration,shared_normalized_raw_spectrum_for_log_display
BSV - 2e13 W/cm^2,20000000000000.0,21.31948189784932,21.0,0.000941741919805869,0.00034504128783351346,34.50412878335135,100000.0,0.01,16.366816709067592,23.430389465091444,30.495271637492333,0.999,tdse_dipole_acceleration,raw_fft_harmonic_order_grid,single_mode_bsv_random_phase_gamma_intensity,shared_fig_iv2_intensity_cases,hhg_intensity_prediction,quantum_light_hhg_bsv_threshold_tdse_dipole_acceleration,shared_normalized_raw_spectrum_for_log_display
BSV - 2e13 W/cm^2,20000000000000.0,21.35948092580026,21.0,0.0002239460660782542,8.205075872678423e-05,8.205075872678423,100000.0,0.01,16.366816709067592,23.430389465091444,30.495271637492333,0.999,tdse_dipole_acceleration,raw_fft_harmonic_order_grid,single_mode_bsv_random_phase_gamma_intensity,shared_fig_iv2_intensity_cases,hhg_intensity_prediction,quantum_light_hhg_bsv_threshold_tdse_dipole_acceleration,shared_normalized_raw_spectrum_for_log_display
BSV - 2e13 W/cm^2,20000000000000.0,21.399479953751193,21.0,0.0003355275192030408,0.0001229326685948802,12.29326685948802,100000.0,0.01,16.366816709067592,23.430389465091444,30.495271637492333,0.999,tdse_dipole_acceleration,raw_fft_harmonic_order_grid,single_mode_bsv_random_phase_gamma_intensity,shared_fig_iv2_intensity_cases,hhg_intensity_prediction,quantum_light_hhg_bsv_threshold_tdse_dipole_acceleration,shared_normalized_raw_spectrum_for_log_display
BSV - 2e13 W/cm^2,20000000000000.0,21.43947898170213,21.0,0.00026685185187696407,9.777084856896464e-05,9.777084856896463,100000.0,0.01,16.366816709067592,23.430389465091444,30.495271637492333,0.999,tdse_dipole_acceleration,raw_fft_harmonic_order_grid,single_mode_bsv_random_phase_gamma_intensity,shared_fig_iv2_intensity_cases,hhg_intensity_prediction,quantum_light_hhg_bsv_threshold_tdse_dipole_acceleration,shared_normalized_raw_spectrum_for_log_display
BSV - 2e13 W/cm^2,20000000000000.0,21.47947800965307,21.0,0.00020840407043752916,7.635638526989906e-05,7.635638526989906,100000.0,0.01,16.366816709067592,23.430389465091444,30.495271637492333,0.999,tdse_dipole_acceleration,raw_fft_harmonic_order_grid,single_mode_bsv_random_phase_gamma_intensity,shared_fig_iv2_intensity_cases,hhg_intensity_prediction,quantum_light_hhg_bsv_threshold_tdse_dipole_acceleration,shared_normalized_raw_spectrum_for_log_display
BSV - 2e13 W/cm^2,20000000000000.0,21.519477037604002,21.0,0.00015317900909784182,5.612268229397282e-05,5.612268229397282,100000.0,0.01,16.366816709067592,23.430389465091444,30.495271637492333,0.999,tdse_dipole_acceleration,raw_fft_harmonic_order_grid,single_mode_bsv_random_phase_gamma_intensity,shared_fig_iv2_intensity_cases,hhg_intensity_prediction,quantum_light_hhg_bsv_threshold_tdse_dipole_acceleration,shared_normalized_raw_spectrum_for_log_display
BSV - 2e13 W/cm^2,20000000000000.0,21.559476065554943,21.0,7.831356273726745e-05,2.8693012356578134e-05,2.8693012356578134,100000.0,0.01,16.366816709067592,23.430389465091444,30.495271637492333,0.999,tdse_dipole_acceleration,raw_fft_harmonic_order_grid,single_mode_bsv_random_phase_gamma_intensity,shared_fig_iv2_intensity_cases,hhg_intensity_prediction,quantum_light_hhg_bsv_threshold_tdse_dipole_acceleration,shared_normalized_raw_spectrum_for_log_display
BSV - 2e13 W/cm^2,20000000000000.0,21.599475093505877,21.0,0.00017282391755546743,6.33203065804524e-05,6.33203065804524,100000.0,0.01,16.366816709067592,23.430389465091444,30.495271637492333,0.999,tdse_dipole_acceleration,raw_fft_harmonic_order_grid,single_mode_bsv_random_phase_gamma_intensity,shared_fig_iv2_intensity_cases,hhg_intensity_prediction,quantum_light_hhg_bsv_threshold_tdse_dipole_acceleration,shared_normalized_raw_spectrum_for_log_display
BSV - 2e13 W/cm^2,20000000000000.0,21.639474121456814,21.0,9.974242493774562e-05,3.6544252760089166e-05,3.6544252760089164,100000.0,0.01,16.366816709067592,23.430389465091444,30.495271637492333,0.999,tdse_dipole_acceleration,raw_fft_harmonic_order_grid,single_mode_bsv_random_phase_gamma_intensity,shared_fig_iv2_intensity_cases,hhg_intensity_prediction,quantum_light_hhg_bsv_threshold_tdse_dipole_acceleration,shared_normalized_raw_spectrum_for_log_display
BSV - 2e13 W/cm^2,20000000000000.0,21.67947314940775,21.0,0.00013346883563761632,4.890114580811683e-05,4.890114580811684,100000.0,0.01,16.366816709067592,23.430389465091444,30.495271637492333,0.999,tdse_dipole_acceleration,raw_fft_harmonic_order_grid,single_mode_bsv_random_phase_gamma_intensity,shared_fig_iv2_intensity_cases,hhg_intensity_prediction,quantum_light_hhg_bsv_threshold_tdse_dipole_acceleration,shared_normalized_raw_spectrum_for_log_display
BSV - 2e13 W/cm^2,20000000000000.0,21.71947217735869,21.0,0.00015515021819196222,5.6844906196424404e-05,5.684490619642441,100000.0,0.01,16.366816709067592,23.430389465091444,30.495271637492333,0.999,tdse_dipole_acceleration,raw_fft_harmonic_order_grid,single_mode_bsv_random_phase_gamma_intensity,shared_fig_iv2_intensity_cases,hhg_intensity_prediction,quantum_light_hhg_bsv_threshold_tdse_dipole_acceleration,shared_normalized_raw_spectrum_for_log_display
BSV - 2e13 W/cm^2,20000000000000.0,21.759471205309627,21.0,8.331065129620368e-05,3.052387688063893e-05,3.052387688063893,100000.0,0.01,16.366816709067592,23.430389465091444,30.495271637492333,0.999,tdse_dipole_acceleration,raw_fft_harmonic_order_grid,single_mode_bsv_random_phase_gamma_intensity,shared_fig_iv2_intensity_cases,hhg_intensity_prediction,quantum_light_hhg_bsv_threshold_tdse_dipole_acceleration,shared_normalized_raw_spectrum_for_log_display
BSV - 2e13 W/cm^2,20000000000000.0,21.79947023326056,21.0,0.0001670204173972688,6.119398393683509e-05,6.119398393683509,100000.0,0.01,16.366816709067592,23.430389465091444,30.495271637492333,0.999,tdse_dipole_acceleration,raw_fft_harmonic_order_grid,single_mode_bsv_random_phase_gamma_intensity,shared_fig_iv2_intensity_cases,hhg_intensity_prediction,quantum_light_hhg_bsv_threshold_tdse_dipole_acceleration,shared_normalized_raw_spectrum_for_log_display
BSV - 2e13 W/cm^2,20000000000000.0,21.839469261211498,21.0,0.00010355993314537301,3.79429352659569e-05,3.7942935265956903,100000.0,0.01,16.366816709067592,23.430389465091444,30.495271637492333,0.999,tdse_dipole_acceleration,raw_fft_harmonic_order_grid,single_mode_bsv_random_phase_gamma_intensity,shared_fig_iv2_intensity_cases,hhg_intensity_prediction,quantum_light_hhg_bsv_threshold_tdse_dipole_acceleration,shared_normalized_raw_spectrum_for_log_display
BSV - 2e13 W/cm^2,20000000000000.0,21.87946828916244,21.0,4.016401443304646e-05,1.4715542520820263e-05,1.4715542520820262,100000.0,0.01,16.366816709067592,23.430389465091444,30.495271637492333,0.999,tdse_dipole_acceleration,raw_fft_harmonic_order_grid,single_mode_bsv_random_phase_gamma_intensity,shared_fig_iv2_intensity_cases,hhg_intensity_prediction,quantum_light_hhg_bsv_threshold_tdse_dipole_acceleration,shared_normalized_raw_spectrum_for_log_display
BSV - 2e13 W/cm^2,20000000000000.0,21.919467317113373,21.0,0.00012424178904489087,4.552048283422043e-05,4.552048283422043,100000.0,0.01,16.366816709067592,23.430389465091444,30.495271637492333,0.999,tdse_dipole_acceleration,raw_fft_harmonic_order_grid,single_mode_bsv_random_phase_gamma_intensity,shared_fig_iv2_intensity_cases,hhg_intensity_prediction,quantum_light_hhg_bsv_threshold_tdse_dipole_acceleration,shared_normalized_raw_spectrum_for_log_display
BSV - 2e13 W/cm^2,20000000000000.0,21.95946634506431,21.0,4.928292294836e-05,1.8056585190353733e-05,1.8056585190353733,100000.0,0.01,16.366816709067592,23.430389465091444,30.495271637492333,0.999,tdse_dipole_acceleration,raw_fft_harmonic_order_grid,single_mode_bsv_random_phase_gamma_intensity,shared_fig_iv2_intensity_cases,hhg_intensity_prediction,quantum_light_hhg_bsv_threshold_tdse_dipole_acceleration,shared_normalized_raw_spectrum_for_log_display
BSV - 2e13 W/cm^2,20000000000000.0,21.999465373015248,21.0,3.066337832545641e-05,1.1234640111297919e-05,1.1234640111297918,100000.0,0.01,16.366816709067592,23.430389465091444,30.495271637492333,0.999,tdse_dipole_acceleration,raw_fft_harmonic_order_grid,single_mode_bsv_random_phase_gamma_intensity,shared_fig_iv2_intensity_cases,hhg_intensity_prediction,quantum_light_hhg_bsv_threshold_tdse_dipole_acceleration,shared_normalized_raw_spectrum_for_log_display
BSV - 2e13 W/cm^2,20000000000000.0,22.03946440096618,23.0,0.0002762213875595011,0.0001012037175857448,10.12037175857448,100000.0,0.01,16.366816709067592,23.430389465091444,30.495271637492333,0.999,tdse_dipole_acceleration,raw_fft_harmonic_order_grid,single_mode_bsv_random_phase_gamma_intensity,shared_fig_iv2_intensity_cases,hhg_intensity_prediction,quantum_light_hhg_bsv_threshold_tdse_dipole_acceleration,shared_normalized_raw_spectrum_for_log_display
BSV - 2e13 W/cm^2,20000000000000.0,22.079463428917123,23.0,9.22711633814264e-05,3.380688527658072e-05,3.380688527658072,100000.0,0.01,16.366816709067592,23.430389465091444,30.495271637492333,0.999,tdse_dipole_acceleration,raw_fft_harmonic_order_grid,single_mode_bsv_random_phase_gamma_intensity,shared_fig_iv2_intensity_cases,hhg_intensity_prediction,quantum_light_hhg_bsv_threshold_tdse_dipole_acceleration,shared_normalized_raw_spectrum_for_log_display
BSV - 2e13 W/cm^2,20000000000000.0,22.119462456868053,23.0,6.414588283469908e-05,2.3502169285471264e-05,2.3502169285471264,100000.0,0.01,16.366816709067592,23.430389465091444,30.495271637492333,0.999,tdse_dipole_acceleration,raw_fft_harmonic_order_grid,single_mode_bsv_random_phase_gamma_intensity,shared_fig_iv2_intensity_cases,hhg_intensity_prediction,quantum_light_hhg_bsv_threshold_tdse_dipole_acceleration,shared_normalized_raw_spectrum_for_log_display
BSV - 2e13 W/cm^2,20000000000000.0,22.159461484818994,23.0,7.776125537896697e-05,2.849065453626659e-05,2.849065453626659,100000.0,0.01,16.366816709067592,23.430389465091444,30.495271637492333,0.999,tdse_dipole_acceleration,raw_fft_harmonic_order_grid,single_mode_bsv_random_phase_gamma_intensity,shared_fig_iv2_intensity_cases,hhg_intensity_prediction,quantum_light_hhg_bsv_threshold_tdse_dipole_acceleration,shared_normalized_raw_spectrum_for_log_display
BSV - 2e13 W/cm^2,20000000000000.0,22.19946051276993,23.0,3.016128365446956e-05,1.1050679529053306e-05,1.1050679529053307,100000.0,0.01,16.366816709067592,23.430389465091444,30.495271637492333,0.999,tdse_dipole_acceleration,raw_fft_harmonic_order_grid,single_mode_bsv_random_phase_gamma_intensity,shared_fig_iv2_intensity_cases,hhg_intensity_prediction,quantum_light_hhg_bsv_threshold_tdse_dipole_acceleration,shared_normalized_raw_spectrum_for_log_display
BSV - 2e13 W/cm^2,20000000000000.0,22.23945954072087,23.0,0.0001153806861317327,4.2273896591769144e-05,4.2273896591769144,100000.0,0.01,16.366816709067592,23.430389465091444,30.495271637492333,0.999,tdse_dipole_acceleration,raw_fft_harmonic_order_grid,single_mode_bsv_random_phase_gamma_intensity,shared_fig_iv2_intensity_cases,hhg_intensity_prediction,quantum_light_hhg_bsv_threshold_tdse_dipole_acceleration,shared_normalized_raw_spectrum_for_log_display
BSV - 2e13 W/cm^2,20000000000000.0,22.279458568671803,23.0,0.00015942574255474717,5.841139952253968e-05,5.841139952253968,100000.0,0.01,16.366816709067592,23.430389465091444,30.495271637492333,0.999,tdse_dipole_acceleration,raw_fft_harmonic_order_grid,single_mode_bsv_random_phase_gamma_intensity,shared_fig_iv2_intensity_cases,hhg_intensity_prediction,quantum_light_hhg_bsv_threshold_tdse_dipole_acceleration,shared_normalized_raw_spectrum_for_log_display
BSV - 2e13 W/cm^2,20000000000000.0,22.319457596622744,23.0,0.00014770227842888123,5.411608349721861e-05,5.4116083497218606,100000.0,0.01,16.366816709067592,23.430389465091444,30.495271637492333,0.999,tdse_dipole_acceleration,raw_fft_harmonic_order_grid,single_mode_bsv_random_phase_gamma_intensity,shared_fig_iv2_intensity_cases,hhg_intensity_prediction,quantum_light_hhg_bsv_threshold_tdse_dipole_acceleration,shared_normalized_raw_spectrum_for_log_display
BSV - 2e13 W/cm^2,20000000000000.0,22.359456624573678,23.0,0.00012665419472985366,4.6404355099870486e-05,4.640435509987048,100000.0,0.01,16.366816709067592,23.430389465091444,30.495271637492333,0.999,tdse_dipole_acceleration,raw_fft_harmonic_order_grid,single_mode_bsv_random_phase_gamma_intensity,shared_fig_iv2_intensity_cases,hhg_intensity_prediction,quantum_light_hhg_bsv_threshold_tdse_dipole_acceleration,shared_normalized_raw_spectrum_for_log_display
BSV - 2e13 W/cm^2,20000000000000.0,22.399455652524615,23.0,0.0002887859516048109,0.00010580720105407553,10.580720105407552,100000.0,0.01,16.366816709067592,23.430389465091444,30.495271637492333,0.999,tdse_dipole_acceleration,raw_fft_harmonic_order_grid,single_mode_bsv_random_phase_gamma_intensity,shared_fig_iv2_intensity_cases,hhg_intensity_prediction,quantum_light_hhg_bsv_threshold_tdse_dipole_acceleration,shared_normalized_raw_spectrum_for_log_display
BSV - 2e13 W/cm^2,20000000000000.0,22.43945468047555,23.0,0.00011629246960530624,4.260796151691549e-05,4.260796151691549,100000.0,0.01,16.366816709067592,23.430389465091444,30.495271637492333,0.999,tdse_dipole_acceleration,raw_fft_harmonic_order_grid,single_mode_bsv_random_phase_gamma_intensity,shared_fig_iv2_intensity_cases,hhg_intensity_prediction,quantum_light_hhg_bsv_threshold_tdse_dipole_acceleration,shared_normalized_raw_spectrum_for_log_display
BSV - 2e13 W/cm^2,20000000000000.0,22.479453708426487,23.0,0.0007444573727034879,0.0002727589429890902,27.27589429890902,100000.0,0.01,16.366816709067592,23.430389465091444,30.495271637492333,0.999,tdse_dipole_acceleration,raw_fft_harmonic_order_grid,single_mode_bsv_random_phase_gamma_intensity,shared_fig_iv2_intensity_cases,hhg_intensity_prediction,quantum_light_hhg_bsv_threshold_tdse_dipole_acceleration,shared_normalized_raw_spectrum_for_log_display
BSV - 2e13 W/cm^2,20000000000000.0,22.519452736377428,23.0,0.0002441429293270923,8.945061165784309e-05,8.945061165784308,100000.0,0.01,16.366816709067592,23.430389465091444,30.495271637492333,0.999,tdse_dipole_acceleration,raw_fft_harmonic_order_grid,single_mode_bsv_random_phase_gamma_intensity,shared_fig_iv2_intensity_cases,hhg_intensity_prediction,quantum_light_hhg_bsv_threshold_tdse_dipole_acceleration,shared_normalized_raw_spectrum_for_log_display
BSV - 2e13 W/cm^2,20000000000000.0,22.559451764328358,23.0,0.0005291160601172106,0.00019386084760235743,19.386084760235743,100000.0,0.01,16.366816709067592,23.430389465091444,30.495271637492333,0.999,tdse_dipole_acceleration,raw_fft_harmonic_order_grid,single_mode_bsv_random_phase_gamma_intensity,shared_fig_iv2_intensity_cases,hhg_intensity_prediction,quantum_light_hhg_bsv_threshold_tdse_dipole_acceleration,shared_normalized_raw_spectrum_for_log_display
BSV - 2e13 W/cm^2,20000000000000.0,22.5994507922793,23.0,0.0010296193287269752,0.00037723836190223627,37.72383619022363,100000.0,0.01,16.366816709067592,23.430389465091444,30.495271637492333,0.999,tdse_dipole_acceleration,raw_fft_harmonic_order_grid,single_mode_bsv_random_phase_gamma_intensity,shared_fig_iv2_intensity_cases,hhg_intensity_prediction,quantum_light_hhg_bsv_threshold_tdse_dipole_acceleration,shared_normalized_raw_spectrum_for_log_display
BSV - 2e13 W/cm^2,20000000000000.0,22.639449820230233,23.0,0.00037393287453325923,0.00013700386260690197,13.700386260690196,100000.0,0.01,16.366816709067592,23.430389465091444,30.495271637492333,0.999,tdse_dipole_acceleration,raw_fft_harmonic_order_grid,single_mode_bsv_random_phase_gamma_intensity,shared_fig_iv2_intensity_cases,hhg_intensity_prediction,quantum_light_hhg_bsv_threshold_tdse_dipole_acceleration,shared_normalized_raw_spectrum_for_log_display
BSV - 2e13 W/cm^2,20000000000000.0,22.679448848181174,23.0,0.003800302357239644,0.001392378518914192,139.2378518914192,100000.0,0.01,16.366816709067592,23.430389465091444,30.495271637492333,0.999,tdse_dipole_acceleration,raw_fft_harmonic_order_grid,single_mode_bsv_random_phase_gamma_intensity,shared_fig_iv2_intensity_cases,hhg_intensity_prediction,quantum_light_hhg_bsv_threshold_tdse_dipole_acceleration,shared_normalized_raw_spectrum_for_log_display
BSV - 2e13 W/cm^2,20000000000000.0,22.719447876132108,23.0,0.0031728896680495557,0.0011625031382728993,116.25031382728993,100000.0,0.01,16.366816709067592,23.430389465091444,30.495271637492333,0.999,tdse_dipole_acceleration,raw_fft_harmonic_order_grid,single_mode_bsv_random_phase_gamma_intensity,shared_fig_iv2_intensity_cases,hhg_intensity_prediction,quantum_light_hhg_bsv_threshold_tdse_dipole_acceleration,shared_normalized_raw_spectrum_for_log_display
BSV - 2e13 W/cm^2,20000000000000.0,22.759446904083045,23.0,0.006261674441924017,0.0022941913999973934,229.41913999973934,100000.0,0.01,16.366816709067592,23.430389465091444,30.495271637492333,0.999,tdse_dipole_acceleration,raw_fft_harmonic_order_grid,single_mode_bsv_random_phase_gamma_intensity,shared_fig_iv2_intensity_cases,hhg_intensity_prediction,quantum_light_hhg_bsv_threshold_tdse_dipole_acceleration,shared_normalized_raw_spectrum_for_log_display
BSV - 2e13 W/cm^2,20000000000000.0,22.799445932033983,23.0,0.0009334082874960896,0.0003419879595659452,34.198795956594516,100000.0,0.01,16.366816709067592,23.430389465091444,30.495271637492333,0.999,tdse_dipole_acceleration,raw_fft_harmonic_order_grid,single_mode_bsv_random_phase_gamma_intensity,shared_fig_iv2_intensity_cases,hhg_intensity_prediction,quantum_light_hhg_bsv_threshold_tdse_dipole_acceleration,shared_normalized_raw_spectrum_for_log_display
BSV - 2e13 W/cm^2,20000000000000.0,22.839444959984924,23.0,0.0010906400212526172,0.00039959550443857,39.959550443857,100000.0,0.01,16.366816709067592,23.430389465091444,30.495271637492333,0.999,tdse_dipole_acceleration,raw_fft_harmonic_order_grid,single_mode_bsv_random_phase_gamma_intensity,shared_fig_iv2_intensity_cases,hhg_intensity_prediction,quantum_light_hhg_bsv_threshold_tdse_dipole_acceleration,shared_normalized_raw_spectrum_for_log_display
BSV - 2e13 W/cm^2,20000000000000.0,22.879443987935854,23.0,0.002107912431779209,0.0007723101253168179,77.23101253168178,100000.0,0.01,16.366816709067592,23.430389465091444,30.495271637492333,0.999,tdse_dipole_acceleration,raw_fft_harmonic_order_grid,single_mode_bsv_random_phase_gamma_intensity,shared_fig_iv2_intensity_cases,hhg_intensity_prediction,quantum_light_hhg_bsv_threshold_tdse_dipole_acceleration,shared_normalized_raw_spectrum_for_log_display
BSV - 2e13 W/cm^2,20000000000000.0,22.919443015886795,23.0,0.0007543810569932273,0.00027639484443445727,27.639484443445728,100000.0,0.01,16.366816709067592,23.430389465091444,30.495271637492333,0.999,tdse_dipole_acceleration,raw_fft_harmonic_order_grid,single_mode_bsv_random_phase_gamma_intensity,shared_fig_iv2_intensity_cases,hhg_intensity_prediction,quantum_light_hhg_bsv_threshold_tdse_dipole_acceleration,shared_normalized_raw_spectrum_for_log_display
BSV - 2e13 W/cm^2,20000000000000.0,22.95944204383773,23.0,0.1560072587010441,0.05715891405224976,5715.891405224976,100000.0,0.01,16.366816709067592,23.430389465091444,30.495271637492333,0.999,tdse_dipole_acceleration,raw_fft_harmonic_order_grid,single_mode_bsv_random_phase_gamma_intensity,shared_fig_iv2_intensity_cases,hhg_intensity_prediction,quantum_light_hhg_bsv_threshold_tdse_dipole_acceleration,shared_normalized_raw_spectrum_for_log_display
BSV - 2e13 W/cm^2,20000000000000.0,22.999441071788667,23.0,0.48967479025376487,0.17941010875208113,17941.010875208114,100000.0,0.01,16.366816709067592,23.430389465091444,30.495271637492333,0.999,tdse_dipole_acceleration,raw_fft_harmonic_order_grid,single_mode_bsv_random_phase_gamma_intensity,shared_fig_iv2_intensity_cases,hhg_intensity_prediction,quantum_light_hhg_bsv_threshold_tdse_dipole_acceleration,shared_normalized_raw_spectrum_for_log_display
BSV - 2e13 W/cm^2,20000000000000.0,23.039440099739604,23.0,0.26661081980977697,0.09768253773441184,9768.253773441184,100000.0,0.01,16.366816709067592,23.430389465091444,30.495271637492333,0.999,tdse_dipole_acceleration,raw_fft_harmonic_order_grid,single_mode_bsv_random_phase_gamma_intensity,shared_fig_iv2_intensity_cases,hhg_intensity_prediction,quantum_light_hhg_bsv_threshold_tdse_dipole_acceleration,shared_normalized_raw_spectrum_for_log_display
BSV - 2e13 W/cm^2,20000000000000.0,23.079439127690538,23.0,0.008384833389082393,0.003072087638866941,307.2087638866941,100000.0,0.01,16.366816709067592,23.430389465091444,30.495271637492333,0.999,tdse_dipole_acceleration,raw_fft_harmonic_order_grid,single_mode_bsv_random_phase_gamma_intensity,shared_fig_iv2_intensity_cases,hhg_intensity_prediction,quantum_light_hhg_bsv_threshold_tdse_dipole_acceleration,shared_normalized_raw_spectrum_for_log_display
BSV - 2e13 W/cm^2,20000000000000.0,23.11943815564148,23.0,0.004149324284120925,0.00152025535289656,152.025535289656,100000.0,0.01,16.366816709067592,23.430389465091444,30.495271637492333,0.999,tdse_dipole_acceleration,raw_fft_harmonic_order_grid,single_mode_bsv_random_phase_gamma_intensity,shared_fig_iv2_intensity_cases,hhg_intensity_prediction,quantum_light_hhg_bsv_threshold_tdse_dipole_acceleration,shared_normalized_raw_spectrum_for_log_display
BSV - 2e13 W/cm^2,20000000000000.0,23.159437183592413,23.0,0.001987781076151364,0.0007282956487566558,72.82956487566558,100000.0,0.01,16.366816709067592,23.430389465091444,30.495271637492333,0.999,tdse_dipole_acceleration,raw_fft_harmonic_order_grid,single_mode_bsv_random_phase_gamma_intensity,shared_fig_iv2_intensity_cases,hhg_intensity_prediction,quantum_light_hhg_bsv_threshold_tdse_dipole_acceleration,shared_normalized_raw_spectrum_for_log_display
BSV - 2e13 W/cm^2,20000000000000.0,23.19943621154335,23.0,0.002963222762758208,0.0010856840676800696,108.56840676800697,100000.0,0.01,16.366816709067592,23.430389465091444,30.495271637492333,0.999,tdse_dipole_acceleration,raw_fft_harmonic_order_grid,single_mode_bsv_random_phase_gamma_intensity,shared_fig_iv2_intensity_cases,hhg_intensity_prediction,quantum_light_hhg_bsv_threshold_tdse_dipole_acceleration,shared_normalized_raw_spectrum_for_log_display
BSV - 2e13 W/cm^2,20000000000000.0,23.239435239494288,23.0,0.003460556462784238,0.0012679002956412944,126.79002956412944,100000.0,0.01,16.366816709067592,23.430389465091444,30.495271637492333,0.999,tdse_dipole_acceleration,raw_fft_harmonic_order_grid,single_mode_bsv_random_phase_gamma_intensity,shared_fig_iv2_intensity_cases,hhg_intensity_prediction,quantum_light_hhg_bsv_threshold_tdse_dipole_acceleration,shared_normalized_raw_spectrum_for_log_display
BSV - 2e13 W/cm^2,20000000000000.0,23.279434267445225,23.0,0.0036138332970587187,0.0013240588197346182,132.40588197346182,100000.0,0.01,16.366816709067592,23.430389465091444,30.495271637492333,0.999,tdse_dipole_acceleration,raw_fft_harmonic_order_grid,single_mode_bsv_random_phase_gamma_intensity,shared_fig_iv2_intensity_cases,hhg_intensity_prediction,quantum_light_hhg_bsv_threshold_tdse_dipole_acceleration,shared_normalized_raw_spectrum_for_log_display
BSV - 2e13 W/cm^2,20000000000000.0,23.319433295396163,23.0,0.0006872919685541756,0.00025181432509285384,25.181432509285383,100000.0,0.01,16.366816709067592,23.430389465091444,30.495271637492333,0.999,tdse_dipole_acceleration,raw_fft_harmonic_order_grid,single_mode_bsv_random_phase_gamma_intensity,shared_fig_iv2_intensity_cases,hhg_intensity_prediction,quantum_light_hhg_bsv_threshold_tdse_dipole_acceleration,shared_normalized_raw_spectrum_for_log_display
BSV - 2e13 W/cm^2,20000000000000.0,23.359432323347097,23.0,0.0005750147054606011,0.0002106774800215257,21.06774800215257,100000.0,0.01,16.366816709067592,23.430389465091444,30.495271637492333,0.999,tdse_dipole_acceleration,raw_fft_harmonic_order_grid,single_mode_bsv_random_phase_gamma_intensity,shared_fig_iv2_intensity_cases,hhg_intensity_prediction,quantum_light_hhg_bsv_threshold_tdse_dipole_acceleration,shared_normalized_raw_spectrum_for_log_display
BSV - 2e13 W/cm^2,20000000000000.0,23.399431351298034,23.0,0.00044904474085839216,0.00016452381743034772,16.45238174303477,100000.0,0.01,16.366816709067592,23.430389465091444,30.495271637492333,0.999,tdse_dipole_acceleration,raw_fft_harmonic_order_grid,single_mode_bsv_random_phase_gamma_intensity,shared_fig_iv2_intensity_cases,hhg_intensity_prediction,quantum_light_hhg_bsv_threshold_tdse_dipole_acceleration,shared_normalized_raw_spectrum_for_log_display
BSV - 2e13 W/cm^2,20000000000000.0,23.43943037924897,23.0,0.0007853635485052467,0.00028774640322861366,28.774640322861366,100000.0,0.01,16.366816709067592,23.430389465091444,30.495271637492333,0.999,tdse_dipole_acceleration,raw_fft_harmonic_order_grid,single_mode_bsv_random_phase_gamma_intensity,shared_fig_iv2_intensity_cases,hhg_intensity_prediction,quantum_light_hhg_bsv_threshold_tdse_dipole_acceleration,shared_normalized_raw_spectrum_for_log_display
BSV - 2e13 W/cm^2,20000000000000.0,23.47942940719991,23.0,0.000219987022048517,8.060021944220857e-05,8.060021944220857,100000.0,0.01,16.366816709067592,23.430389465091444,30.495271637492333,0.999,tdse_dipole_acceleration,raw_fft_harmonic_order_grid,single_mode_bsv_random_phase_gamma_intensity,shared_fig_iv2_intensity_cases,hhg_intensity_prediction,quantum_light_hhg_bsv_threshold_tdse_dipole_acceleration,shared_normalized_raw_spectrum_for_log_display
BSV - 2e13 W/cm^2,20000000000000.0,23.519428435150846,23.0,0.0004779371317600614,0.00017510959210559663,17.510959210559662,100000.0,0.01,16.366816709067592,23.430389465091444,30.495271637492333,0.999,tdse_dipole_acceleration,raw_fft_harmonic_order_grid,single_mode_bsv_random_phase_gamma_intensity,shared_fig_iv2_intensity_cases,hhg_intensity_prediction,quantum_light_hhg_bsv_threshold_tdse_dipole_acceleration,shared_normalized_raw_spectrum_for_log_display
BSV - 2e13 W/cm^2,20000000000000.0,23.559427463101784,23.0,0.00022778159039191993,8.345604208613259e-05,8.345604208613258,100000.0,0.01,16.366816709067592,23.430389465091444,30.495271637492333,0.999,tdse_dipole_acceleration,raw_fft_harmonic_order_grid,single_mode_bsv_random_phase_gamma_intensity,shared_fig_iv2_intensity_cases,hhg_intensity_prediction,quantum_light_hhg_bsv_threshold_tdse_dipole_acceleration,shared_normalized_raw_spectrum_for_log_display
BSV - 2e13 W/cm^2,20000000000000.0,23.599426491052718,23.0,0.00015003185830639933,5.496960952610726e-05,5.496960952610726,100000.0,0.01,16.366816709067592,23.430389465091444,30.495271637492333,0.999,tdse_dipole_acceleration,raw_fft_harmonic_order_grid,single_mode_bsv_random_phase_gamma_intensity,shared_fig_iv2_intensity_cases,hhg_intensity_prediction,quantum_light_hhg_bsv_threshold_tdse_dipole_acceleration,shared_normalized_raw_spectrum_for_log_display
BSV - 2e13 W/cm^2,20000000000000.0,23.639425519003655,23.0,0.0001772689181749012,6.494889367623161e-05,6.494889367623161,100000.0,0.01,16.366816709067592,23.430389465091444,30.495271637492333,0.999,tdse_dipole_acceleration,raw_fft_harmonic_order_grid,single_mode_bsv_random_phase_gamma_intensity,shared_fig_iv2_intensity_cases,hhg_intensity_prediction,quantum_light_hhg_bsv_threshold_tdse_dipole_acceleration,shared_normalized_raw_spectrum_for_log_display
BSV - 2e13 W/cm^2,20000000000000.0,23.67942454695459,23.0,3.653518458757236e-05,1.3385989171990704e-05,1.3385989171990704,100000.0,0.01,16.366816709067592,23.430389465091444,30.495271637492333,0.999,tdse_dipole_acceleration,raw_fft_harmonic_order_grid,single_mode_bsv_random_phase_gamma_intensity,shared_fig_iv2_intensity_cases,hhg_intensity_prediction,quantum_light_hhg_bsv_threshold_tdse_dipole_acceleration,shared_normalized_raw_spectrum_for_log_display
BSV - 2e13 W/cm^2,20000000000000.0,23.71942357490553,23.0,7.706456392746058e-05,2.8235396369889205e-05,2.8235396369889205,100000.0,0.01,16.366816709067592,23.430389465091444,30.495271637492333,0.999,tdse_dipole_acceleration,raw_fft_harmonic_order_grid,single_mode_bsv_random_phase_gamma_intensity,shared_fig_iv2_intensity_cases,hhg_intensity_prediction,quantum_light_hhg_bsv_threshold_tdse_dipole_acceleration,shared_normalized_raw_spectrum_for_log_display
BSV - 2e13 W/cm^2,20000000000000.0,23.759422602856468,23.0,5.474894869230385e-05,2.0059261849804456e-05,2.0059261849804457,100000.0,0.01,16.366816709067592,23.430389465091444,30.495271637492333,0.999,tdse_dipole_acceleration,raw_fft_harmonic_order_grid,single_mode_bsv_random_phase_gamma_intensity,shared_fig_iv2_intensity_cases,hhg_intensity_prediction,quantum_light_hhg_bsv_threshold_tdse_dipole_acceleration,shared_normalized_raw_spectrum_for_log_display
BSV - 2e13 W/cm^2,20000000000000.0,23.7994216308074,23.0,2.535215741559497e-05,9.28868181405588e-06,0.928868181405588,100000.0,0.01,16.366816709067592,23.430389465091444,30.495271637492333,0.999,tdse_dipole_acceleration,raw_fft_harmonic_order_grid,single_mode_bsv_random_phase_gamma_intensity,shared_fig_iv2_intensity_cases,hhg_intensity_prediction,quantum_light_hhg_bsv_threshold_tdse_dipole_acceleration,shared_normalized_raw_spectrum_for_log_display
BSV - 2e13 W/cm^2,20000000000000.0,23.83942065875834,23.0,2.870090134507241e-05,1.0515615535228389e-05,1.0515615535228389,100000.0,0.01,16.366816709067592,23.430389465091444,30.495271637492333,0.999,tdse_dipole_acceleration,raw_fft_harmonic_order_grid,single_mode_bsv_random_phase_gamma_intensity,shared_fig_iv2_intensity_cases,hhg_intensity_prediction,quantum_light_hhg_bsv_threshold_tdse_dipole_acceleration,shared_normalized_raw_spectrum_for_log_display
BSV - 2e13 W/cm^2,20000000000000.0,23.87941968670928,23.0,3.6476704019439515e-05,1.3364562696098081e-05,1.3364562696098081,100000.0,0.01,16.366816709067592,23.430389465091444,30.495271637492333,0.999,tdse_dipole_acceleration,raw_fft_harmonic_order_grid,single_mode_bsv_random_phase_gamma_intensity,shared_fig_iv2_intensity_cases,hhg_intensity_prediction,quantum_light_hhg_bsv_threshold_tdse_dipole_acceleration,shared_normalized_raw_spectrum_for_log_display
BSV - 2e13 W/cm^2,20000000000000.0,23.919418714660214,23.0,1.788352648506985e-05,6.5522781556599365e-06,0.6552278155659936,100000.0,0.01,16.366816709067592,23.430389465091444,30.495271637492333,0.999,tdse_dipole_acceleration,raw_fft_harmonic_order_grid,single_mode_bsv_random_phase_gamma_intensity,shared_fig_iv2_intensity_cases,hhg_intensity_prediction,quantum_light_hhg_bsv_threshold_tdse_dipole_acceleration,shared_normalized_raw_spectrum_for_log_display
BSV - 2e13 W/cm^2,20000000000000.0,23.95941774261115,23.0,8.596981377056137e-05,3.149815744032779e-05,3.149815744032779,100000.0,0.01,16.366816709067592,23.430389465091444,30.495271637492333,0.999,tdse_dipole_acceleration,raw_fft_harmonic_order_grid,single_mode_bsv_random_phase_gamma_intensity,shared_fig_iv2_intensity_cases,hhg_intensity_prediction,quantum_light_hhg_bsv_threshold_tdse_dipole_acceleration,shared_normalized_raw_spectrum_for_log_display
BSV - 2e13 W/cm^2,20000000000000.0,23.999416770562085,23.0,0.00016716611260834228,6.124736465845606e-05,6.124736465845606,100000.0,0.01,16.366816709067592,23.430389465091444,30.495271637492333,0.999,tdse_dipole_acceleration,raw_fft_harmonic_order_grid,single_mode_bsv_random_phase_gamma_intensity,shared_fig_iv2_intensity_cases,hhg_intensity_prediction,quantum_light_hhg_bsv_threshold_tdse_dipole_acceleration,shared_normalized_raw_spectrum_for_log_display
BSV - 2e13 W/cm^2,20000000000000.0,24.039415798513023,25.0,0.00012763712731592416,4.676448808133658e-05,4.6764488081336575,100000.0,0.01,16.366816709067592,23.430389465091444,30.495271637492333,0.999,tdse_dipole_acceleration,raw_fft_harmonic_order_grid,single_mode_bsv_random_phase_gamma_intensity,shared_fig_iv2_intensity_cases,hhg_intensity_prediction,quantum_light_hhg_bsv_threshold_tdse_dipole_acceleration,shared_normalized_raw_spectrum_for_log_display
BSV - 2e13 W/cm^2,20000000000000.0,24.079414826463964,25.0,0.0006776797115068226,0.0002482925263061022,24.82925263061022,100000.0,0.01,16.366816709067592,23.430389465091444,30.495271637492333,0.999,tdse_dipole_acceleration,raw_fft_harmonic_order_grid,single_mode_bsv_random_phase_gamma_intensity,shared_fig_iv2_intensity_cases,hhg_intensity_prediction,quantum_light_hhg_bsv_threshold_tdse_dipole_acceleration,shared_normalized_raw_spectrum_for_log_display
BSV - 2e13 W/cm^2,20000000000000.0,24.119413854414894,25.0,0.0004893471247974819,0.00017929005663521483,17.929005663521483,100000.0,0.01,16.366816709067592,23.430389465091444,30.495271637492333,0.999,tdse_dipole_acceleration,raw_fft_harmonic_order_grid,single_mode_bsv_random_phase_gamma_intensity,shared_fig_iv2_intensity_cases,hhg_intensity_prediction,quantum_light_hhg_bsv_threshold_tdse_dipole_acceleration,shared_normalized_raw_spectrum_for_log_display
BSV - 2e13 W/cm^2,20000000000000.0,24.159412882365835,25.0,0.0005094000051332565,0.00018663715620709465,18.663715620709464,100000.0,0.01,16.366816709067592,23.430389465091444,30.495271637492333,0.999,tdse_dipole_acceleration,raw_fft_harmonic_order_grid,single_mode_bsv_random_phase_gamma_intensity,shared_fig_iv2_intensity_cases,hhg_intensity_prediction,quantum_light_hhg_bsv_threshold_tdse_dipole_acceleration,shared_normalized_raw_spectrum_for_log_display
BSV - 2e13 W/cm^2,20000000000000.0,24.19941191031677,25.0,0.00016981760534716167,6.2218835132524e-05,6.2218835132524,100000.0,0.01,16.366816709067592,23.430389465091444,30.495271637492333,0.999,tdse_dipole_acceleration,raw_fft_harmonic_order_grid,single_mode_bsv_random_phase_gamma_intensity,shared_fig_iv2_intensity_cases,hhg_intensity_prediction,quantum_light_hhg_bsv_threshold_tdse_dipole_acceleration,shared_normalized_raw_spectrum_for_log_display
BSV - 2e13 W/cm^2,20000000000000.0,24.23941093826771,25.0,0.0001611260534054281,5.9034370034202983e-05,5.903437003420298,100000.0,0.01,16.366816709067592,23.430389465091444,30.495271637492333,0.999,tdse_dipole_acceleration,raw_fft_harmonic_order_grid,single_mode_bsv_random_phase_gamma_intensity,shared_fig_iv2_intensity_cases,hhg_intensity_prediction,quantum_light_hhg_bsv_threshold_tdse_dipole_acceleration,shared_normalized_raw_spectrum_for_log_display
BSV - 2e13 W/cm^2,20000000000000.0,24.279409966218644,25.0,0.00035243322719041663,0.00012912668750072215,12.912668750072214,100000.0,0.01,16.366816709067592,23.430389465091444,30.495271637492333,0.999,tdse_dipole_acceleration,raw_fft_harmonic_order_grid,single_mode_bsv_random_phase_gamma_intensity,shared_fig_iv2_intensity_cases,hhg_intensity_prediction,quantum_light_hhg_bsv_threshold_tdse_dipole_acceleration,shared_normalized_raw_spectrum_for_log_display
BSV - 2e13 W/cm^2,20000000000000.0,24.31940899416958,25.0,0.0001596760698939321,5.850311601691651e-05,5.850311601691651,100000.0,0.01,16.366816709067592,23.430389465091444,30.495271637492333,0.999,tdse_dipole_acceleration,raw_fft_harmonic_order_grid,single_mode_bsv_random_phase_gamma_intensity,shared_fig_iv2_intensity_cases,hhg_intensity_prediction,quantum_light_hhg_bsv_threshold_tdse_dipole_acceleration,shared_normalized_raw_spectrum_for_log_display
BSV - 2e13 W/cm^2,20000000000000.0,24.35940802212052,25.0,0.00024416887686283284,8.946011847808729e-05,8.946011847808728,100000.0,0.01,16.366816709067592,23.430389465091444,30.495271637492333,0.999,tdse_dipole_acceleration,raw_fft_harmonic_order_grid,single_mode_bsv_random_phase_gamma_intensity,shared_fig_iv2_intensity_cases,hhg_intensity_prediction,quantum_light_hhg_bsv_threshold_tdse_dipole_acceleration,shared_normalized_raw_spectrum_for_log_display
BSV - 2e13 W/cm^2,20000000000000.0,24.39940705007146,25.0,0.0003910421041342275,0.00014327244903297322,14.327244903297322,100000.0,0.01,16.366816709067592,23.430389465091444,30.495271637492333,0.999,tdse_dipole_acceleration,raw_fft_harmonic_order_grid,single_mode_bsv_random_phase_gamma_intensity,shared_fig_iv2_intensity_cases,hhg_intensity_prediction,quantum_light_hhg_bsv_threshold_tdse_dipole_acceleration,shared_normalized_raw_spectrum_for_log_display
BSV - 2e13 W/cm^2,20000000000000.0,24.43940607802239,25.0,0.0005960039766093109,0.00021836766030927432,21.836766030927432,100000.0,0.01,16.366816709067592,23.430389465091444,30.495271637492333,0.999,tdse_dipole_acceleration,raw_fft_harmonic_order_grid,single_mode_bsv_random_phase_gamma_intensity,shared_fig_iv2_intensity_cases,hhg_intensity_prediction,quantum_light_hhg_bsv_threshold_tdse_dipole_acceleration,shared_normalized_raw_spectrum_for_log_display
BSV - 2e13 W/cm^2,20000000000000.0,24.47940510597333,25.0,0.00031040147519701734,0.00011372683162439997,11.372683162439998,100000.0,0.01,16.366816709067592,23.430389465091444,30.495271637492333,0.999,tdse_dipole_acceleration,raw_fft_harmonic_order_grid,single_mode_bsv_random_phase_gamma_intensity,shared_fig_iv2_intensity_cases,hhg_intensity_prediction,quantum_light_hhg_bsv_threshold_tdse_dipole_acceleration,shared_normalized_raw_spectrum_for_log_display
BSV - 2e13 W/cm^2,20000000000000.0,24.519404133924265,25.0,0.00014403443855257332,5.2772237409588484e-05,5.277223740958848,100000.0,0.01,16.366816709067592,23.430389465091444,30.495271637492333,0.999,tdse_dipole_acceleration,raw_fft_harmonic_order_grid,single_mode_bsv_random_phase_gamma_intensity,shared_fig_iv2_intensity_cases,hhg_intensity_prediction,quantum_light_hhg_bsv_threshold_tdse_dipole_acceleration,shared_normalized_raw_spectrum_for_log_display
BSV - 2e13 W/cm^2,20000000000000.0,24.559403161875203,25.0,0.00018734551052620394,6.864081853244227e-05,6.864081853244227,100000.0,0.01,16.366816709067592,23.430389465091444,30.495271637492333,0.999,tdse_dipole_acceleration,raw_fft_harmonic_order_grid,single_mode_bsv_random_phase_gamma_intensity,shared_fig_iv2_intensity_cases,hhg_intensity_prediction,quantum_light_hhg_bsv_threshold_tdse_dipole_acceleration,shared_normalized_raw_spectrum_for_log_display
BSV - 2e13 W/cm^2,20000000000000.0,24.59940218982614,25.0,0.00010149252513189132,3.718546540245534e-05,3.718546540245534,100000.0,0.01,16.366816709067592,23.430389465091444,30.495271637492333,0.999,tdse_dipole_acceleration,raw_fft_harmonic_order_grid,single_mode_bsv_random_phase_gamma_intensity,shared_fig_iv2_intensity_cases,hhg_intensity_prediction,quantum_light_hhg_bsv_threshold_tdse_dipole_acceleration,shared_normalized_raw_spectrum_for_log_display
BSV - 2e13 W/cm^2,20000000000000.0,24.639401217777074,25.0,0.00010739272513563341,3.934721753958664e-05,3.934721753958664,100000.0,0.01,16.366816709067592,23.430389465091444,30.495271637492333,0.999,tdse_dipole_acceleration,raw_fft_harmonic_order_grid,single_mode_bsv_random_phase_gamma_intensity,shared_fig_iv2_intensity_cases,hhg_intensity_prediction,quantum_light_hhg_bsv_threshold_tdse_dipole_acceleration,shared_normalized_raw_spectrum_for_log_display
BSV - 2e13 W/cm^2,20000000000000.0,24.679400245728015,25.0,0.00040197771384186233,0.00014727910603465455,14.727910603465455,100000.0,0.01,16.366816709067592,23.430389465091444,30.495271637492333,0.999,tdse_dipole_acceleration,raw_fft_harmonic_order_grid,single_mode_bsv_random_phase_gamma_intensity,shared_fig_iv2_intensity_cases,hhg_intensity_prediction,quantum_light_hhg_bsv_threshold_tdse_dipole_acceleration,shared_normalized_raw_spectrum_for_log_display
BSV - 2e13 W/cm^2,20000000000000.0,24.719399273678945,25.0,8.557811560791e-05,3.135464462047678e-05,3.135464462047678,100000.0,0.01,16.366816709067592,23.430389465091444,30.495271637492333,0.999,tdse_dipole_acceleration,raw_fft_harmonic_order_grid,single_mode_bsv_random_phase_gamma_intensity,shared_fig_iv2_intensity_cases,hhg_intensity_prediction,quantum_light_hhg_bsv_threshold_tdse_dipole_acceleration,shared_normalized_raw_spectrum_for_log_display
BSV - 2e13 W/cm^2,20000000000000.0,24.759398301629886,25.0,0.0009469880800195923,0.0003469634087864569,34.696340878645685,100000.0,0.01,16.366816709067592,23.430389465091444,30.495271637492333,0.999,tdse_dipole_acceleration,raw_fft_harmonic_order_grid,single_mode_bsv_random_phase_gamma_intensity,shared_fig_iv2_intensity_cases,hhg_intensity_prediction,quantum_light_hhg_bsv_threshold_tdse_dipole_acceleration,shared_normalized_raw_spectrum_for_log_display
BSV - 2e13 W/cm^2,20000000000000.0,24.799397329580824,25.0,0.00013450507139141707,4.9280808337171764e-05,4.928080833717177,100000.0,0.01,16.366816709067592,23.430389465091444,30.495271637492333,0.999,tdse_dipole_acceleration,raw_fft_harmonic_order_grid,single_mode_bsv_random_phase_gamma_intensity,shared_fig_iv2_intensity_cases,hhg_intensity_prediction,quantum_light_hhg_bsv_threshold_tdse_dipole_acceleration,shared_normalized_raw_spectrum_for_log_display
BSV - 2e13 W/cm^2,20000000000000.0,24.83939635753176,25.0,0.0006573313015335566,0.000240837148739404,24.0837148739404,100000.0,0.01,16.366816709067592,23.430389465091444,30.495271637492333,0.999,tdse_dipole_acceleration,raw_fft_harmonic_order_grid,single_mode_bsv_random_phase_gamma_intensity,shared_fig_iv2_intensity_cases,hhg_intensity_prediction,quantum_light_hhg_bsv_threshold_tdse_dipole_acceleration,shared_normalized_raw_spectrum_for_log_display
BSV - 2e13 W/cm^2,20000000000000.0,24.879395385482695,25.0,0.0011605839727677485,0.0004252220063489029,42.52220063489029,100000.0,0.01,16.366816709067592,23.430389465091444,30.495271637492333,0.999,tdse_dipole_acceleration,raw_fft_harmonic_order_grid,single_mode_bsv_random_phase_gamma_intensity,shared_fig_iv2_intensity_cases,hhg_intensity_prediction,quantum_light_hhg_bsv_threshold_tdse_dipole_acceleration,shared_normalized_raw_spectrum_for_log_display
BSV - 2e13 W/cm^2,20000000000000.0,24.919394413433636,25.0,0.00021338519456974675,7.818140064756562e-05,7.818140064756562,100000.0,0.01,16.366816709067592,23.430389465091444,30.495271637492333,0.999,tdse_dipole_acceleration,raw_fft_harmonic_order_grid,single_mode_bsv_random_phase_gamma_intensity,shared_fig_iv2_intensity_cases,hhg_intensity_prediction,quantum_light_hhg_bsv_threshold_tdse_dipole_acceleration,shared_normalized_raw_spectrum_for_log_display
BSV - 2e13 W/cm^2,20000000000000.0,24.95939344138457,25.0,0.05920662638239156,0.021692493649926134,2169.249364992613,100000.0,0.01,16.366816709067592,23.430389465091444,30.495271637492333,0.999,tdse_dipole_acceleration,raw_fft_harmonic_order_grid,single_mode_bsv_random_phase_gamma_intensity,shared_fig_iv2_intensity_cases,hhg_intensity_prediction,quantum_light_hhg_bsv_threshold_tdse_dipole_acceleration,shared_normalized_raw_spectrum_for_log_display
BSV - 2e13 W/cm^2,20000000000000.0,24.999392469335508,25.0,0.15232777974819595,0.055810803567045125,5581.080356704512,100000.0,0.01,16.366816709067592,23.430389465091444,30.495271637492333,0.999,tdse_dipole_acceleration,raw_fft_harmonic_order_grid,single_mode_bsv_random_phase_gamma_intensity,shared_fig_iv2_intensity_cases,hhg_intensity_prediction,quantum_light_hhg_bsv_threshold_tdse_dipole_acceleration,shared_normalized_raw_spectrum_for_log_display
BSV - 2e13 W/cm^2,20000000000000.0,25.03939149728644,25.0,0.06330527846991608,0.023194183406874094,2319.4183406874095,100000.0,0.01,16.366816709067592,23.430389465091444,30.495271637492333,0.999,tdse_dipole_acceleration,raw_fft_harmonic_order_grid,single_mode_bsv_random_phase_gamma_intensity,shared_fig_iv2_intensity_cases,hhg_intensity_prediction,quantum_light_hhg_bsv_threshold_tdse_dipole_acceleration,shared_normalized_raw_spectrum_for_log_display
BSV - 2e13 W/cm^2,20000000000000.0,25.07939052523738,25.0,0.0025035964253159954,0.0009172832987879364,91.72832987879364,100000.0,0.01,16.366816709067592,23.430389465091444,30.495271637492333,0.999,tdse_dipole_acceleration,raw_fft_harmonic_order_grid,single_mode_bsv_random_phase_gamma_intensity,shared_fig_iv2_intensity_cases,hhg_intensity_prediction,quantum_light_hhg_bsv_threshold_tdse_dipole_acceleration,shared_normalized_raw_spectrum_for_log_display
BSV - 2e13 W/cm^2,20000000000000.0,25.11938955318832,25.0,0.0005679742657690921,0.00020809795974427906,20.809795974427907,100000.0,0.01,16.366816709067592,23.430389465091444,30.495271637492333,0.999,tdse_dipole_acceleration,raw_fft_harmonic_order_grid,single_mode_bsv_random_phase_gamma_intensity,shared_fig_iv2_intensity_cases,hhg_intensity_prediction,quantum_light_hhg_bsv_threshold_tdse_dipole_acceleration,shared_normalized_raw_spectrum_for_log_display
BSV - 2e13 W/cm^2,20000000000000.0,25.159388581139254,25.0,0.0001479059129945463,5.4190692401533896e-05,5.41906924015339,100000.0,0.01,16.366816709067592,23.430389465091444,30.495271637492333,0.999,tdse_dipole_acceleration,raw_fft_harmonic_order_grid,single_mode_bsv_random_phase_gamma_intensity,shared_fig_iv2_intensity_cases,hhg_intensity_prediction,quantum_light_hhg_bsv_threshold_tdse_dipole_acceleration,shared_normalized_raw_spectrum_for_log_display
BSV - 2e13 W/cm^2,20000000000000.0,25.19938760909019,25.0,0.00021556116986144765,7.897864806870321e-05,7.897864806870321,100000.0,0.01,16.366816709067592,23.430389465091444,30.495271637492333,0.999,tdse_dipole_acceleration,raw_fft_harmonic_order_grid,single_mode_bsv_random_phase_gamma_intensity,shared_fig_iv2_intensity_cases,hhg_intensity_prediction,quantum_light_hhg_bsv_threshold_tdse_dipole_acceleration,shared_normalized_raw_spectrum_for_log_display
BSV - 2e13 W/cm^2,20000000000000.0,25.239386637041125,25.0,0.00019944084642978363,7.307238326284142e-05,7.307238326284142,100000.0,0.01,16.366816709067592,23.430389465091444,30.495271637492333,0.999,tdse_dipole_acceleration,raw_fft_harmonic_order_grid,single_mode_bsv_random_phase_gamma_intensity,shared_fig_iv2_intensity_cases,hhg_intensity_prediction,quantum_light_hhg_bsv_threshold_tdse_dipole_acceleration,shared_normalized_raw_spectrum_for_log_display
BSV - 2e13 W/cm^2,20000000000000.0,25.279385664992066,25.0,0.00025923891534448864,9.498157332261943e-05,9.498157332261943,100000.0,0.01,16.366816709067592,23.430389465091444,30.495271637492333,0.999,tdse_dipole_acceleration,raw_fft_harmonic_order_grid,single_mode_bsv_random_phase_gamma_intensity,shared_fig_iv2_intensity_cases,hhg_intensity_prediction,quantum_light_hhg_bsv_threshold_tdse_dipole_acceleration,shared_normalized_raw_spectrum_for_log_display
BSV - 2e13 W/cm^2,20000000000000.0,25.319384692943004,25.0,0.00030109998789494677,0.00011031889459836732,11.031889459836732,100000.0,0.01,16.366816709067592,23.430389465091444,30.495271637492333,0.999,tdse_dipole_acceleration,raw_fft_harmonic_order_grid,single_mode_bsv_random_phase_gamma_intensity,shared_fig_iv2_intensity_cases,hhg_intensity_prediction,quantum_light_hhg_bsv_threshold_tdse_dipole_acceleration,shared_normalized_raw_spectrum_for_log_display
BSV - 2e13 W/cm^2,20000000000000.0,25.359383720893938,25.0,9.113367426081719e-05,3.339012490644394e-05,3.3390124906443943,100000.0,0.01,16.366816709067592,23.430389465091444,30.495271637492333,0.999,tdse_dipole_acceleration,raw_fft_harmonic_order_grid,single_mode_bsv_random_phase_gamma_intensity,shared_fig_iv2_intensity_cases,hhg_intensity_prediction,quantum_light_hhg_bsv_threshold_tdse_dipole_acceleration,shared_normalized_raw_spectrum_for_log_display
BSV - 2e13 W/cm^2,20000000000000.0,25.399382748844875,25.0,7.227836886965455e-05,2.6481800324267473e-05,2.6481800324267475,100000.0,0.01,16.366816709067592,23.430389465091444,30.495271637492333,0.999,tdse_dipole_acceleration,raw_fft_harmonic_order_grid,single_mode_bsv_random_phase_gamma_intensity,shared_fig_iv2_intensity_cases,hhg_intensity_prediction,quantum_light_hhg_bsv_threshold_tdse_dipole_acceleration,shared_normalized_raw_spectrum_for_log_display
BSV - 2e13 W/cm^2,20000000000000.0,25.439381776795816,25.0,0.00023040492541215318,8.441719595935789e-05,8.441719595935789,100000.0,0.01,16.366816709067592,23.430389465091444,30.495271637492333,0.999,tdse_dipole_acceleration,raw_fft_harmonic_order_grid,single_mode_bsv_random_phase_gamma_intensity,shared_fig_iv2_intensity_cases,hhg_intensity_prediction,quantum_light_hhg_bsv_threshold_tdse_dipole_acceleration,shared_normalized_raw_spectrum_for_log_display
BSV - 2e13 W/cm^2,20000000000000.0,25.47938080474675,25.0,0.00011688887204118283,4.2826475167220376e-05,4.2826475167220375,100000.0,0.01,16.366816709067592,23.430389465091444,30.495271637492333,0.999,tdse_dipole_acceleration,raw_fft_harmonic_order_grid,single_mode_bsv_random_phase_gamma_intensity,shared_fig_iv2_intensity_cases,hhg_intensity_prediction,quantum_light_hhg_bsv_threshold_tdse_dipole_acceleration,shared_normalized_raw_spectrum_for_log_display
BSV - 2e13 W/cm^2,20000000000000.0,25.519379832697688,25.0,0.00018603819111036267,6.816183467777366e-05,6.816183467777366,100000.0,0.01,16.366816709067592,23.430389465091444,30.495271637492333,0.999,tdse_dipole_acceleration,raw_fft_harmonic_order_grid,single_mode_bsv_random_phase_gamma_intensity,shared_fig_iv2_intensity_cases,hhg_intensity_prediction,quantum_light_hhg_bsv_threshold_tdse_dipole_acceleration,shared_normalized_raw_spectrum_for_log_display
BSV - 2e13 W/cm^2,20000000000000.0,25.55937886064862,25.0,9.594284311412913e-05,3.515213823478515e-05,3.515213823478515,100000.0,0.01,16.366816709067592,23.430389465091444,30.495271637492333,0.999,tdse_dipole_acceleration,raw_fft_harmonic_order_grid,single_mode_bsv_random_phase_gamma_intensity,shared_fig_iv2_intensity_cases,hhg_intensity_prediction,quantum_light_hhg_bsv_threshold_tdse_dipole_acceleration,shared_normalized_raw_spectrum_for_log_display
BSV - 2e13 W/cm^2,20000000000000.0,25.59937788859956,25.0,7.372777712195978e-05,2.7012843574497868e-05,2.701284357449787,100000.0,0.01,16.366816709067592,23.430389465091444,30.495271637492333,0.999,tdse_dipole_acceleration,raw_fft_harmonic_order_grid,single_mode_bsv_random_phase_gamma_intensity,shared_fig_iv2_intensity_cases,hhg_intensity_prediction,quantum_light_hhg_bsv_threshold_tdse_dipole_acceleration,shared_normalized_raw_spectrum_for_log_display
BSV - 2e13 W/cm^2,20000000000000.0,25.639376916550496,25.0,9.335955196245336e-05,3.42056558842842e-05,3.4205655884284205,100000.0,0.01,16.366816709067592,23.430389465091444,30.495271637492333,0.999,tdse_dipole_acceleration,raw_fft_harmonic_order_grid,single_mode_bsv_random_phase_gamma_intensity,shared_fig_iv2_intensity_cases,hhg_intensity_prediction,quantum_light_hhg_bsv_threshold_tdse_dipole_acceleration,shared_normalized_raw_spectrum_for_log_display
BSV - 2e13 W/cm^2,20000000000000.0,25.67937594450143,25.0,5.406579093779069e-05,1.980896224387923e-05,1.980896224387923,100000.0,0.01,16.366816709067592,23.430389465091444,30.495271637492333,0.999,tdse_dipole_acceleration,raw_fft_harmonic_order_grid,single_mode_bsv_random_phase_gamma_intensity,shared_fig_iv2_intensity_cases,hhg_intensity_prediction,quantum_light_hhg_bsv_threshold_tdse_dipole_acceleration,shared_normalized_raw_spectrum_for_log_display
BSV - 2e13 W/cm^2,20000000000000.0,25.71937497245237,25.0,5.4775821510305356e-05,2.0069107680743856e-05,2.0069107680743854,100000.0,0.01,16.366816709067592,23.430389465091444,30.495271637492333,0.999,tdse_dipole_acceleration,raw_fft_harmonic_order_grid,single_mode_bsv_random_phase_gamma_intensity,shared_fig_iv2_intensity_cases,hhg_intensity_prediction,quantum_light_hhg_bsv_threshold_tdse_dipole_acceleration,shared_normalized_raw_spectrum_for_log_display
BSV - 2e13 W/cm^2,20000000000000.0,25.759374000403305,25.0,7.118002789727464e-05,2.6079383297245464e-05,2.607938329724546,100000.0,0.01,16.366816709067592,23.430389465091444,30.495271637492333,0.999,tdse_dipole_acceleration,raw_fft_harmonic_order_grid,single_mode_bsv_random_phase_gamma_intensity,shared_fig_iv2_intensity_cases,hhg_intensity_prediction,quantum_light_hhg_bsv_threshold_tdse_dipole_acceleration,shared_normalized_raw_spectrum_for_log_display
BSV - 2e13 W/cm^2,20000000000000.0,25.799373028354243,25.0,4.9541770663193166e-05,1.8151423433189105e-05,1.8151423433189104,100000.0,0.01,16.366816709067592,23.430389465091444,30.495271637492333,0.999,tdse_dipole_acceleration,raw_fft_harmonic_order_grid,single_mode_bsv_random_phase_gamma_intensity,shared_fig_iv2_intensity_cases,hhg_intensity_prediction,quantum_light_hhg_bsv_threshold_tdse_dipole_acceleration,shared_normalized_raw_spectrum_for_log_display
BSV - 2e13 W/cm^2,20000000000000.0,25.83937205630518,25.0,8.135073377128147e-05,2.9805790053850934e-05,2.9805790053850933,100000.0,0.01,16.366816709067592,23.430389465091444,30.495271637492333,0.999,tdse_dipole_acceleration,raw_fft_harmonic_order_grid,single_mode_bsv_random_phase_gamma_intensity,shared_fig_iv2_intensity_cases,hhg_intensity_prediction,quantum_light_hhg_bsv_threshold_tdse_dipole_acceleration,shared_normalized_raw_spectrum_for_log_display
BSV - 2e13 W/cm^2,20000000000000.0,25.879371084256118,25.0,2.5848987239991275e-05,9.470713428916073e-06,0.9470713428916073,100000.0,0.01,16.366816709067592,23.430389465091444,30.495271637492333,0.999,tdse_dipole_acceleration,raw_fft_harmonic_order_grid,single_mode_bsv_random_phase_gamma_intensity,shared_fig_iv2_intensity_cases,hhg_intensity_prediction,quantum_light_hhg_bsv_threshold_tdse_dipole_acceleration,shared_normalized_raw_spectrum_for_log_display
BSV - 2e13 W/cm^2,20000000000000.0,25.919370112207055,25.0,4.41673207194646e-05,1.6182298887514082e-05,1.6182298887514082,100000.0,0.01,16.366816709067592,23.430389465091444,30.495271637492333,0.999,tdse_dipole_acceleration,raw_fft_harmonic_order_grid,single_mode_bsv_random_phase_gamma_intensity,shared_fig_iv2_intensity_cases,hhg_intensity_prediction,quantum_light_hhg_bsv_threshold_tdse_dipole_acceleration,shared_normalized_raw_spectrum_for_log_display
BSV - 2e13 W/cm^2,20000000000000.0,25.95936914015799,25.0,9.343104445595412e-05,3.423184975068129e-05,3.423184975068129,100000.0,0.01,16.366816709067592,23.430389465091444,30.495271637492333,0.999,tdse_dipole_acceleration,raw_fft_harmonic_order_grid,single_mode_bsv_random_phase_gamma_intensity,shared_fig_iv2_intensity_cases,hhg_intensity_prediction,quantum_light_hhg_bsv_threshold_tdse_dipole_acceleration,shared_normalized_raw_spectrum_for_log_display
BSV - 2e13 W/cm^2,20000000000000.0,25.999368168108926,25.0,8.055828027055763e-05,2.9515445989636086e-05,2.9515445989636087,100000.0,0.01,16.366816709067592,23.430389465091444,30.495271637492333,0.999,tdse_dipole_acceleration,raw_fft_harmonic_order_grid,single_mode_bsv_random_phase_gamma_intensity,shared_fig_iv2_intensity_cases,hhg_intensity_prediction,quantum_light_hhg_bsv_threshold_tdse_dipole_acceleration,shared_normalized_raw_spectrum_for_log_display
BSV - 2e13 W/cm^2,20000000000000.0,26.039367196059867,27.0,0.0001964991326700792,7.199457979807135e-05,7.199457979807135,100000.0,0.01,16.366816709067592,23.430389465091444,30.495271637492333,0.999,tdse_dipole_acceleration,raw_fft_harmonic_order_grid,single_mode_bsv_random_phase_gamma_intensity,shared_fig_iv2_intensity_cases,hhg_intensity_prediction,quantum_light_hhg_bsv_threshold_tdse_dipole_acceleration,shared_normalized_raw_spectrum_for_log_display
BSV - 2e13 W/cm^2,20000000000000.0,26.0793662240108,27.0,0.0008714872745229445,0.0003193009519995687,31.93009519995687,100000.0,0.01,16.366816709067592,23.430389465091444,30.495271637492333,0.999,tdse_dipole_acceleration,raw_fft_harmonic_order_grid,single_mode_bsv_random_phase_gamma_intensity,shared_fig_iv2_intensity_cases,hhg_intensity_prediction,quantum_light_hhg_bsv_threshold_tdse_dipole_acceleration,shared_normalized_raw_spectrum_for_log_display
BSV - 2e13 W/cm^2,20000000000000.0,26.11936525196174,27.0,0.001170818116407312,0.0004289716558303618,42.89716558303618,100000.0,0.01,16.366816709067592,23.430389465091444,30.495271637492333,0.999,tdse_dipole_acceleration,raw_fft_harmonic_order_grid,single_mode_bsv_random_phase_gamma_intensity,shared_fig_iv2_intensity_cases,hhg_intensity_prediction,quantum_light_hhg_bsv_threshold_tdse_dipole_acceleration,shared_normalized_raw_spectrum_for_log_display
BSV - 2e13 W/cm^2,20000000000000.0,26.159364279912676,27.0,0.00047507032145396356,0.00017405923223609617,17.405923223609616,100000.0,0.01,16.366816709067592,23.430389465091444,30.495271637492333,0.999,tdse_dipole_acceleration,raw_fft_harmonic_order_grid,single_mode_bsv_random_phase_gamma_intensity,shared_fig_iv2_intensity_cases,hhg_intensity_prediction,quantum_light_hhg_bsv_threshold_tdse_dipole_acceleration,shared_normalized_raw_spectrum_for_log_display
BSV - 2e13 W/cm^2,20000000000000.0,26.19936330786361,27.0,0.00021882755787386315,8.017540771448824e-05,8.017540771448823,100000.0,0.01,16.366816709067592,23.430389465091444,30.495271637492333,0.999,tdse_dipole_acceleration,raw_fft_harmonic_order_grid,single_mode_bsv_random_phase_gamma_intensity,shared_fig_iv2_intensity_cases,hhg_intensity_prediction,quantum_light_hhg_bsv_threshold_tdse_dipole_acceleration,shared_normalized_raw_spectrum_for_log_display
BSV - 2e13 W/cm^2,20000000000000.0,26.23936233581455,27.0,0.00014482564571504638,5.3062124832608885e-05,5.306212483260889,100000.0,0.01,16.366816709067592,23.430389465091444,30.495271637492333,0.999,tdse_dipole_acceleration,raw_fft_harmonic_order_grid,single_mode_bsv_random_phase_gamma_intensity,shared_fig_iv2_intensity_cases,hhg_intensity_prediction,quantum_light_hhg_bsv_threshold_tdse_dipole_acceleration,shared_normalized_raw_spectrum_for_log_display
BSV - 2e13 W/cm^2,20000000000000.0,26.27936136376548,27.0,0.00010151721977247906,3.7194513179146364e-05,3.7194513179146362,100000.0,0.01,16.366816709067592,23.430389465091444,30.495271637492333,0.999,tdse_dipole_acceleration,raw_fft_harmonic_order_grid,single_mode_bsv_random_phase_gamma_intensity,shared_fig_iv2_intensity_cases,hhg_intensity_prediction,quantum_light_hhg_bsv_threshold_tdse_dipole_acceleration,shared_normalized_raw_spectrum_for_log_display
BSV - 2e13 W/cm^2,20000000000000.0,26.319360391716422,27.0,0.00023393183242774218,8.570940618504132e-05,8.570940618504132,100000.0,0.01,16.366816709067592,23.430389465091444,30.495271637492333,0.999,tdse_dipole_acceleration,raw_fft_harmonic_order_grid,single_mode_bsv_random_phase_gamma_intensity,shared_fig_iv2_intensity_cases,hhg_intensity_prediction,quantum_light_hhg_bsv_threshold_tdse_dipole_acceleration,shared_normalized_raw_spectrum_for_log_display
BSV - 2e13 W/cm^2,20000000000000.0,26.35935941966736,27.0,0.0003004734669027888,0.00011008934592325526,11.008934592325526,100000.0,0.01,16.366816709067592,23.430389465091444,30.495271637492333,0.999,tdse_dipole_acceleration,raw_fft_harmonic_order_grid,single_mode_bsv_random_phase_gamma_intensity,shared_fig_iv2_intensity_cases,hhg_intensity_prediction,quantum_light_hhg_bsv_threshold_tdse_dipole_acceleration,shared_normalized_raw_spectrum_for_log_display
BSV - 2e13 W/cm^2,20000000000000.0,26.399358447618297,27.0,0.0006557047271815743,0.00024024119426678092,24.02411942667809,100000.0,0.01,16.366816709067592,23.430389465091444,30.495271637492333,0.999,tdse_dipole_acceleration,raw_fft_harmonic_order_grid,single_mode_bsv_random_phase_gamma_intensity,shared_fig_iv2_intensity_cases,hhg_intensity_prediction,quantum_light_hhg_bsv_threshold_tdse_dipole_acceleration,shared_normalized_raw_spectrum_for_log_display
BSV - 2e13 W/cm^2,20000000000000.0,26.43935747556923,27.0,0.001078011581765687,0.0003949686178868954,39.496861788689536,100000.0,0.01,16.366816709067592,23.430389465091444,30.495271637492333,0.999,tdse_dipole_acceleration,raw_fft_harmonic_order_grid,single_mode_bsv_random_phase_gamma_intensity,shared_fig_iv2_intensity_cases,hhg_intensity_prediction,quantum_light_hhg_bsv_threshold_tdse_dipole_acceleration,shared_normalized_raw_spectrum_for_log_display
BSV - 2e13 W/cm^2,20000000000000.0,26.479356503520172,27.0,0.0004385510978652969,0.00016067909095459617,16.06790909545962,100000.0,0.01,16.366816709067592,23.430389465091444,30.495271637492333,0.999,tdse_dipole_acceleration,raw_fft_harmonic_order_grid,single_mode_bsv_random_phase_gamma_intensity,shared_fig_iv2_intensity_cases,hhg_intensity_prediction,quantum_light_hhg_bsv_threshold_tdse_dipole_acceleration,shared_normalized_raw_spectrum_for_log_display
BSV - 2e13 W/cm^2,20000000000000.0,26.519355531471106,27.0,0.0005591252913818293,0.00020485581722691468,20.485581722691467,100000.0,0.01,16.366816709067592,23.430389465091444,30.495271637492333,0.999,tdse_dipole_acceleration,raw_fft_harmonic_order_grid,single_mode_bsv_random_phase_gamma_intensity,shared_fig_iv2_intensity_cases,hhg_intensity_prediction,quantum_light_hhg_bsv_threshold_tdse_dipole_acceleration,shared_normalized_raw_spectrum_for_log_display
BSV - 2e13 W/cm^2,20000000000000.0,26.559354559422044,27.0,0.00013923146318719609,5.101249329004879e-05,5.101249329004879,100000.0,0.01,16.366816709067592,23.430389465091444,30.495271637492333,0.999,tdse_dipole_acceleration,raw_fft_harmonic_order_grid,single_mode_bsv_random_phase_gamma_intensity,shared_fig_iv2_intensity_cases,hhg_intensity_prediction,quantum_light_hhg_bsv_threshold_tdse_dipole_acceleration,shared_normalized_raw_spectrum_for_log_display
BSV - 2e13 W/cm^2,20000000000000.0,26.599353587372978,27.0,0.0003500510808534793,0.000128253901844038,12.8253901844038,100000.0,0.01,16.366816709067592,23.430389465091444,30.495271637492333,0.999,tdse_dipole_acceleration,raw_fft_harmonic_order_grid,single_mode_bsv_random_phase_gamma_intensity,shared_fig_iv2_intensity_cases,hhg_intensity_prediction,quantum_light_hhg_bsv_threshold_tdse_dipole_acceleration,shared_normalized_raw_spectrum_for_log_display
BSV - 2e13 W/cm^2,20000000000000.0,26.639352615323915,27.0,0.0003132434450613934,0.00011476809029767905,11.476809029767905,100000.0,0.01,16.366816709067592,23.430389465091444,30.495271637492333,0.999,tdse_dipole_acceleration,raw_fft_harmonic_order_grid,single_mode_bsv_random_phase_gamma_intensity,shared_fig_iv2_intensity_cases,hhg_intensity_prediction,quantum_light_hhg_bsv_threshold_tdse_dipole_acceleration,shared_normalized_raw_spectrum_for_log_display
BSV - 2e13 W/cm^2,20000000000000.0,26.679351643274856,27.0,0.0004892792599133222,0.00017926519187499055,17.926519187499053,100000.0,0.01,16.366816709067592,23.430389465091444,30.495271637492333,0.999,tdse_dipole_acceleration,raw_fft_harmonic_order_grid,single_mode_bsv_random_phase_gamma_intensity,shared_fig_iv2_intensity_cases,hhg_intensity_prediction,quantum_light_hhg_bsv_threshold_tdse_dipole_acceleration,shared_normalized_raw_spectrum_for_log_display
BSV - 2e13 W/cm^2,20000000000000.0,26.719350671225786,27.0,0.00032559714302224466,0.00011929431533266215,11.929431533266214,100000.0,0.01,16.366816709067592,23.430389465091444,30.495271637492333,0.999,tdse_dipole_acceleration,raw_fft_harmonic_order_grid,single_mode_bsv_random_phase_gamma_intensity,shared_fig_iv2_intensity_cases,hhg_intensity_prediction,quantum_light_hhg_bsv_threshold_tdse_dipole_acceleration,shared_normalized_raw_spectrum_for_log_display
BSV - 2e13 W/cm^2,20000000000000.0,26.759349699176727,27.0,0.0010291531014628324,0.00037706754264458224,37.706754264458226,100000.0,0.01,16.366816709067592,23.430389465091444,30.495271637492333,0.999,tdse_dipole_acceleration,raw_fft_harmonic_order_grid,single_mode_bsv_random_phase_gamma_intensity,shared_fig_iv2_intensity_cases,hhg_intensity_prediction,quantum_light_hhg_bsv_threshold_tdse_dipole_acceleration,shared_normalized_raw_spectrum_for_log_display
BSV - 2e13 W/cm^2,20000000000000.0,26.79934872712766,27.0,0.0003046723085242406,0.00011162774374754807,11.162774374754807,100000.0,0.01,16.366816709067592,23.430389465091444,30.495271637492333,0.999,tdse_dipole_acceleration,raw_fft_harmonic_order_grid,single_mode_bsv_random_phase_gamma_intensity,shared_fig_iv2_intensity_cases,hhg_intensity_prediction,quantum_light_hhg_bsv_threshold_tdse_dipole_acceleration,shared_normalized_raw_spectrum_for_log_display
BSV - 2e13 W/cm^2,20000000000000.0,26.839347755078602,27.0,0.0016081753167778128,0.000589213319162292,58.9213319162292,100000.0,0.01,16.366816709067592,23.430389465091444,30.495271637492333,0.999,tdse_dipole_acceleration,raw_fft_harmonic_order_grid,single_mode_bsv_random_phase_gamma_intensity,shared_fig_iv2_intensity_cases,hhg_intensity_prediction,quantum_light_hhg_bsv_threshold_tdse_dipole_acceleration,shared_normalized_raw_spectrum_for_log_display
BSV - 2e13 W/cm^2,20000000000000.0,26.879346783029536,27.0,0.0006528022144827644,0.00023917775353159848,23.917775353159847,100000.0,0.01,16.366816709067592,23.430389465091444,30.495271637492333,0.999,tdse_dipole_acceleration,raw_fft_harmonic_order_grid,single_mode_bsv_random_phase_gamma_intensity,shared_fig_iv2_intensity_cases,hhg_intensity_prediction,quantum_light_hhg_bsv_threshold_tdse_dipole_acceleration,shared_normalized_raw_spectrum_for_log_display
BSV - 2e13 W/cm^2,20000000000000.0,26.919345810980474,27.0,0.0019804433225633663,0.0007256071967566328,72.56071967566328,100000.0,0.01,16.366816709067592,23.430389465091444,30.495271637492333,0.999,tdse_dipole_acceleration,raw_fft_harmonic_order_grid,single_mode_bsv_random_phase_gamma_intensity,shared_fig_iv2_intensity_cases,hhg_intensity_prediction,quantum_light_hhg_bsv_threshold_tdse_dipole_acceleration,shared_normalized_raw_spectrum_for_log_display
BSV - 2e13 W/cm^2,20000000000000.0,26.95934483893141,27.0,0.08419742838497463,0.030848779810301288,3084.877981030129,100000.0,0.01,16.366816709067592,23.430389465091444,30.495271637492333,0.999,tdse_dipole_acceleration,raw_fft_harmonic_order_grid,single_mode_bsv_random_phase_gamma_intensity,shared_fig_iv2_intensity_cases,hhg_intensity_prediction,quantum_light_hhg_bsv_threshold_tdse_dipole_acceleration,shared_normalized_raw_spectrum_for_log_display
BSV - 2e13 W/cm^2,20000000000000.0,26.999343866882352,27.0,0.266580518331296,0.09767143568942642,9767.143568942642,100000.0,0.01,16.366816709067592,23.430389465091444,30.495271637492333,0.999,tdse_dipole_acceleration,raw_fft_harmonic_order_grid,single_mode_bsv_random_phase_gamma_intensity,shared_fig_iv2_intensity_cases,hhg_intensity_prediction,quantum_light_hhg_bsv_threshold_tdse_dipole_acceleration,shared_normalized_raw_spectrum_for_log_display
BSV - 2e13 W/cm^2,20000000000000.0,27.039342894833283,27.0,0.13738449129350427,0.050335788189225524,5033.578818922552,100000.0,0.01,16.366816709067592,23.430389465091444,30.495271637492333,0.999,tdse_dipole_acceleration,raw_fft_harmonic_order_grid,single_mode_bsv_random_phase_gamma_intensity,shared_fig_iv2_intensity_cases,hhg_intensity_prediction,quantum_light_hhg_bsv_threshold_tdse_dipole_acceleration,shared_normalized_raw_spectrum_for_log_display
BSV - 2e13 W/cm^2,20000000000000.0,27.079341922784224,27.0,0.0037562758074420823,0.0013762477965564696,137.62477965564696,100000.0,0.01,16.366816709067592,23.430389465091444,30.495271637492333,0.999,tdse_dipole_acceleration,raw_fft_harmonic_order_grid,single_mode_bsv_random_phase_gamma_intensity,shared_fig_iv2_intensity_cases,hhg_intensity_prediction,quantum_light_hhg_bsv_threshold_tdse_dipole_acceleration,shared_normalized_raw_spectrum_for_log_display
BSV - 2e13 W/cm^2,20000000000000.0,27.119340950735157,27.0,0.0018922750481131744,0.0006933035535582669,69.33035535582668,100000.0,0.01,16.366816709067592,23.430389465091444,30.495271637492333,0.999,tdse_dipole_acceleration,raw_fft_harmonic_order_grid,single_mode_bsv_random_phase_gamma_intensity,shared_fig_iv2_intensity_cases,hhg_intensity_prediction,quantum_light_hhg_bsv_threshold_tdse_dipole_acceleration,shared_normalized_raw_spectrum_for_log_display
BSV - 2e13 W/cm^2,20000000000000.0,27.159339978686095,27.0,0.000854035946965816,0.0003129070255871633,31.290702558716333,100000.0,0.01,16.366816709067592,23.430389465091444,30.495271637492333,0.999,tdse_dipole_acceleration,raw_fft_harmonic_order_grid,single_mode_bsv_random_phase_gamma_intensity,shared_fig_iv2_intensity_cases,hhg_intensity_prediction,quantum_light_hhg_bsv_threshold_tdse_dipole_acceleration,shared_normalized_raw_spectrum_for_log_display
BSV - 2e13 W/cm^2,20000000000000.0,27.199339006637032,27.0,0.0013134526443681763,0.00048123098525183116,48.12309852518312,100000.0,0.01,16.366816709067592,23.430389465091444,30.495271637492333,0.999,tdse_dipole_acceleration,raw_fft_harmonic_order_grid,single_mode_bsv_random_phase_gamma_intensity,shared_fig_iv2_intensity_cases,hhg_intensity_prediction,quantum_light_hhg_bsv_threshold_tdse_dipole_acceleration,shared_normalized_raw_spectrum_for_log_display
BSV - 2e13 W/cm^2,20000000000000.0,27.239338034587966,27.0,0.0006182775106080136,0.00022652837684305696,22.652837684305695,100000.0,0.01,16.366816709067592,23.430389465091444,30.495271637492333,0.999,tdse_dipole_acceleration,raw_fft_harmonic_order_grid,single_mode_bsv_random_phase_gamma_intensity,shared_fig_iv2_intensity_cases,hhg_intensity_prediction,quantum_light_hhg_bsv_threshold_tdse_dipole_acceleration,shared_normalized_raw_spectrum_for_log_display
BSV - 2e13 W/cm^2,20000000000000.0,27.279337062538907,27.0,0.0008195285720439978,0.00030026399798865476,30.026399798865476,100000.0,0.01,16.366816709067592,23.430389465091444,30.495271637492333,0.999,tdse_dipole_acceleration,raw_fft_harmonic_order_grid,single_mode_bsv_random_phase_gamma_intensity,shared_fig_iv2_intensity_cases,hhg_intensity_prediction,quantum_light_hhg_bsv_threshold_tdse_dipole_acceleration,shared_normalized_raw_spectrum_for_log_display
BSV - 2e13 W/cm^2,20000000000000.0,27.31933609048984,27.0,0.001607505827070004,0.0005889680273407054,58.89680273407054,100000.0,0.01,16.366816709067592,23.430389465091444,30.495271637492333,0.999,tdse_dipole_acceleration,raw_fft_harmonic_order_grid,single_mode_bsv_random_phase_gamma_intensity,shared_fig_iv2_intensity_cases,hhg_intensity_prediction,quantum_light_hhg_bsv_threshold_tdse_dipole_acceleration,shared_normalized_raw_spectrum_for_log_display
BSV - 2e13 W/cm^2,20000000000000.0,27.35933511844078,27.0,0.0007238265255654643,0.00026520008432952513,26.520008432952512,100000.0,0.01,16.366816709067592,23.430389465091444,30.495271637492333,0.999,tdse_dipole_acceleration,raw_fft_harmonic_order_grid,single_mode_bsv_random_phase_gamma_intensity,shared_fig_iv2_intensity_cases,hhg_intensity_prediction,quantum_light_hhg_bsv_threshold_tdse_dipole_acceleration,shared_normalized_raw_spectrum_for_log_display
BSV - 2e13 W/cm^2,20000000000000.0,27.399334146391716,27.0,0.00011267071870154586,4.128100179497461e-05,4.128100179497461,100000.0,0.01,16.366816709067592,23.430389465091444,30.495271637492333,0.999,tdse_dipole_acceleration,raw_fft_harmonic_order_grid,single_mode_bsv_random_phase_gamma_intensity,shared_fig_iv2_intensity_cases,hhg_intensity_prediction,quantum_light_hhg_bsv_threshold_tdse_dipole_acceleration,shared_normalized_raw_spectrum_for_log_display
BSV - 2e13 W/cm^2,20000000000000.0,27.439333174342654,27.0,4.45998021734467e-05,1.634075414442444e-05,1.6340754144424439,100000.0,0.01,16.366816709067592,23.430389465091444,30.495271637492333,0.999,tdse_dipole_acceleration,raw_fft_harmonic_order_grid,single_mode_bsv_random_phase_gamma_intensity,shared_fig_iv2_intensity_cases,hhg_intensity_prediction,quantum_light_hhg_bsv_threshold_tdse_dipole_acceleration,shared_normalized_raw_spectrum_for_log_display
BSV - 2e13 W/cm^2,20000000000000.0,27.47933220229359,27.0,3.149681303985889e-05,1.1539999128598399e-05,1.15399991285984,100000.0,0.01,16.366816709067592,23.430389465091444,30.495271637492333,0.999,tdse_dipole_acceleration,raw_fft_harmonic_order_grid,single_mode_bsv_random_phase_gamma_intensity,shared_fig_iv2_intensity_cases,hhg_intensity_prediction,quantum_light_hhg_bsv_threshold_tdse_dipole_acceleration,shared_normalized_raw_spectrum_for_log_display
BSV - 2e13 W/cm^2,20000000000000.0,27.51933123024453,27.0,7.130703418016743e-05,2.612591665260604e-05,2.612591665260604,100000.0,0.01,16.366816709067592,23.430389465091444,30.495271637492333,0.999,tdse_dipole_acceleration,raw_fft_harmonic_order_grid,single_mode_bsv_random_phase_gamma_intensity,shared_fig_iv2_intensity_cases,hhg_intensity_prediction,quantum_light_hhg_bsv_threshold_tdse_dipole_acceleration,shared_normalized_raw_spectrum_for_log_display
BSV - 2e13 W/cm^2,20000000000000.0,27.559330258195466,27.0,5.724931835485984e-05,2.097536290709413e-05,2.0975362907094133,100000.0,0.01,16.366816709067592,23.430389465091444,30.495271637492333,0.999,tdse_dipole_acceleration,raw_fft_harmonic_order_grid,single_mode_bsv_random_phase_gamma_intensity,shared_fig_iv2_intensity_cases,hhg_intensity_prediction,quantum_light_hhg_bsv_threshold_tdse_dipole_acceleration,shared_normalized_raw_spectrum_for_log_display
BSV - 2e13 W/cm^2,20000000000000.0,27.5993292861464,27.0,4.169187562204638e-05,1.5275329848108454e-05,1.5275329848108454,100000.0,0.01,16.366816709067592,23.430389465091444,30.495271637492333,0.999,tdse_dipole_acceleration,raw_fft_harmonic_order_grid,single_mode_bsv_random_phase_gamma_intensity,shared_fig_iv2_intensity_cases,hhg_intensity_prediction,quantum_light_hhg_bsv_threshold_tdse_dipole_acceleration,shared_normalized_raw_spectrum_for_log_display
BSV - 2e13 W/cm^2,20000000000000.0,27.639328314097334,27.0,6.29674456791179e-05,2.3070406118470678e-05,2.307040611847068,100000.0,0.01,16.366816709067592,23.430389465091444,30.495271637492333,0.999,tdse_dipole_acceleration,raw_fft_harmonic_order_grid,single_mode_bsv_random_phase_gamma_intensity,shared_fig_iv2_intensity_cases,hhg_intensity_prediction,quantum_light_hhg_bsv_threshold_tdse_dipole_acceleration,shared_normalized_raw_spectrum_for_log_display
BSV - 2e13 W/cm^2,20000000000000.0,27.679327342048275,27.0,2.2731037708530762e-05,8.328339601108975e-06,0.8328339601108975,100000.0,0.01,16.366816709067592,23.430389465091444,30.495271637492333,0.999,tdse_dipole_acceleration,raw_fft_harmonic_order_grid,single_mode_bsv_random_phase_gamma_intensity,shared_fig_iv2_intensity_cases,hhg_intensity_prediction,quantum_light_hhg_bsv_threshold_tdse_dipole_acceleration,shared_normalized_raw_spectrum_for_log_display
BSV - 2e13 W/cm^2,20000000000000.0,27.719326369999212,27.0,4.353403170523326e-05,1.5950270502193566e-05,1.5950270502193566,100000.0,0.01,16.366816709067592,23.430389465091444,30.495271637492333,0.999,tdse_dipole_acceleration,raw_fft_harmonic_order_grid,single_mode_bsv_random_phase_gamma_intensity,shared_fig_iv2_intensity_cases,hhg_intensity_prediction,quantum_light_hhg_bsv_threshold_tdse_dipole_acceleration,shared_normalized_raw_spectrum_for_log_display
BSV - 2e13 W/cm^2,20000000000000.0,27.759325397950146,27.0,6.459698078059392e-05,2.366744536898966e-05,2.366744536898966,100000.0,0.01,16.366816709067592,23.430389465091444,30.495271637492333,0.999,tdse_dipole_acceleration,raw_fft_harmonic_order_grid,single_mode_bsv_random_phase_gamma_intensity,shared_fig_iv2_intensity_cases,hhg_intensity_prediction,quantum_light_hhg_bsv_threshold_tdse_dipole_acceleration,shared_normalized_raw_spectrum_for_log_display
BSV - 2e13 W/cm^2,20000000000000.0,27.799324425901087,27.0,3.863609878703082e-05,1.4155735241230453e-05,1.4155735241230454,100000.0,0.01,16.366816709067592,23.430389465091444,30.495271637492333,0.999,tdse_dipole_acceleration,raw_fft_harmonic_order_grid,single_mode_bsv_random_phase_gamma_intensity,shared_fig_iv2_intensity_cases,hhg_intensity_prediction,quantum_light_hhg_bsv_threshold_tdse_dipole_acceleration,shared_normalized_raw_spectrum_for_log_display
BSV - 2e13 W/cm^2,20000000000000.0,27.83932345385202,27.0,6.647330113244179e-05,2.435490334125798e-05,2.4354903341257983,100000.0,0.01,16.366816709067592,23.430389465091444,30.495271637492333,0.999,tdse_dipole_acceleration,raw_fft_harmonic_order_grid,single_mode_bsv_random_phase_gamma_intensity,shared_fig_iv2_intensity_cases,hhg_intensity_prediction,quantum_light_hhg_bsv_threshold_tdse_dipole_acceleration,shared_normalized_raw_spectrum_for_log_display
BSV - 2e13 W/cm^2,20000000000000.0,27.879322481802955,27.0,6.988524125141148e-05,2.5604991277136222e-05,2.5604991277136224,100000.0,0.01,16.366816709067592,23.430389465091444,30.495271637492333,0.999,tdse_dipole_acceleration,raw_fft_harmonic_order_grid,single_mode_bsv_random_phase_gamma_intensity,shared_fig_iv2_intensity_cases,hhg_intensity_prediction,quantum_light_hhg_bsv_threshold_tdse_dipole_acceleration,shared_normalized_raw_spectrum_for_log_display
BSV - 2e13 W/cm^2,20000000000000.0,27.919321509753892,27.0,3.527025537804131e-05,1.2922536505930354e-05,1.2922536505930353,100000.0,0.01,16.366816709067592,23.430389465091444,30.495271637492333,0.999,tdse_dipole_acceleration,raw_fft_harmonic_order_grid,single_mode_bsv_random_phase_gamma_intensity,shared_fig_iv2_intensity_cases,hhg_intensity_prediction,quantum_light_hhg_bsv_threshold_tdse_dipole_acceleration,shared_normalized_raw_spectrum_for_log_display
BSV - 2e13 W/cm^2,20000000000000.0,27.95932053770483,27.0,7.971292435821432e-05,2.9205719209359872e-05,2.9205719209359873,100000.0,0.01,16.366816709067592,23.430389465091444,30.495271637492333,0.999,tdse_dipole_acceleration,raw_fft_harmonic_order_grid,single_mode_bsv_random_phase_gamma_intensity,shared_fig_iv2_intensity_cases,hhg_intensity_prediction,quantum_light_hhg_bsv_threshold_tdse_dipole_acceleration,shared_normalized_raw_spectrum_for_log_display
BSV - 2e13 W/cm^2,20000000000000.0,27.999319565655767,27.0,7.050561880533716e-05,2.583228908096941e-05,2.5832289080969413,100000.0,0.01,16.366816709067592,23.430389465091444,30.495271637492333,0.999,tdse_dipole_acceleration,raw_fft_harmonic_order_grid,single_mode_bsv_random_phase_gamma_intensity,shared_fig_iv2_intensity_cases,hhg_intensity_prediction,quantum_light_hhg_bsv_threshold_tdse_dipole_acceleration,shared_normalized_raw_spectrum_for_log_display
BSV - 2e13 W/cm^2,20000000000000.0,28.03931859360671,29.0,3.317011045839776e-05,1.2153072290235042e-05,1.2153072290235043,100000.0,0.01,16.366816709067592,23.430389465091444,30.495271637492333,0.999,tdse_dipole_acceleration,raw_fft_harmonic_order_grid,single_mode_bsv_random_phase_gamma_intensity,shared_fig_iv2_intensity_cases,hhg_intensity_prediction,quantum_light_hhg_bsv_threshold_tdse_dipole_acceleration,shared_normalized_raw_spectrum_for_log_display
BSV - 2e13 W/cm^2,20000000000000.0,28.079317621557642,29.0,0.00017097790671334617,6.264395359570743e-05,6.264395359570743,100000.0,0.01,16.366816709067592,23.430389465091444,30.495271637492333,0.999,tdse_dipole_acceleration,raw_fft_harmonic_order_grid,single_mode_bsv_random_phase_gamma_intensity,shared_fig_iv2_intensity_cases,hhg_intensity_prediction,quantum_light_hhg_bsv_threshold_tdse_dipole_acceleration,shared_normalized_raw_spectrum_for_log_display
BSV - 2e13 W/cm^2,20000000000000.0,28.11931664950858,29.0,2.294304137393668e-05,8.4060148284708e-06,0.84060148284708,100000.0,0.01,16.366816709067592,23.430389465091444,30.495271637492333,0.999,tdse_dipole_acceleration,raw_fft_harmonic_order_grid,single_mode_bsv_random_phase_gamma_intensity,shared_fig_iv2_intensity_cases,hhg_intensity_prediction,quantum_light_hhg_bsv_threshold_tdse_dipole_acceleration,shared_normalized_raw_spectrum_for_log_display
BSV - 2e13 W/cm^2,20000000000000.0,28.159315677459517,29.0,0.00011470199153028359,4.2025232223745765e-05,4.202523222374577,100000.0,0.01,16.366816709067592,23.430389465091444,30.495271637492333,0.999,tdse_dipole_acceleration,raw_fft_harmonic_order_grid,single_mode_bsv_random_phase_gamma_intensity,shared_fig_iv2_intensity_cases,hhg_intensity_prediction,quantum_light_hhg_bsv_threshold_tdse_dipole_acceleration,shared_normalized_raw_spectrum_for_log_display
BSV - 2e13 W/cm^2,20000000000000.0,28.19931470541045,29.0,4.5250363190401163e-05,1.65791107540044e-05,1.6579110754004398,100000.0,0.01,16.366816709067592,23.430389465091444,30.495271637492333,0.999,tdse_dipole_acceleration,raw_fft_harmonic_order_grid,single_mode_bsv_random_phase_gamma_intensity,shared_fig_iv2_intensity_cases,hhg_intensity_prediction,quantum_light_hhg_bsv_threshold_tdse_dipole_acceleration,shared_normalized_raw_spectrum_for_log_display
BSV - 2e13 W/cm^2,20000000000000.0,28.23931373336139,29.0,6.589839766123459e-05,2.414426661593712e-05,2.414426661593712,100000.0,0.01,16.366816709067592,23.430389465091444,30.495271637492333,0.999,tdse_dipole_acceleration,raw_fft_harmonic_order_grid,single_mode_bsv_random_phase_gamma_intensity,shared_fig_iv2_intensity_cases,hhg_intensity_prediction,quantum_light_hhg_bsv_threshold_tdse_dipole_acceleration,shared_normalized_raw_spectrum_for_log_display
BSV - 2e13 W/cm^2,20000000000000.0,28.279312761312323,29.0,0.00011062997779616142,4.053330239313262e-05,4.053330239313262,100000.0,0.01,16.366816709067592,23.430389465091444,30.495271637492333,0.999,tdse_dipole_acceleration,raw_fft_harmonic_order_grid,single_mode_bsv_random_phase_gamma_intensity,shared_fig_iv2_intensity_cases,hhg_intensity_prediction,quantum_light_hhg_bsv_threshold_tdse_dipole_acceleration,shared_normalized_raw_spectrum_for_log_display
BSV - 2e13 W/cm^2,20000000000000.0,28.319311789263264,29.0,7.469419653912169e-05,2.7366926357978077e-05,2.736692635797808,100000.0,0.01,16.366816709067592,23.430389465091444,30.495271637492333,0.999,tdse_dipole_acceleration,raw_fft_harmonic_order_grid,single_mode_bsv_random_phase_gamma_intensity,shared_fig_iv2_intensity_cases,hhg_intensity_prediction,quantum_light_hhg_bsv_threshold_tdse_dipole_acceleration,shared_normalized_raw_spectrum_for_log_display
BSV - 2e13 W/cm^2,20000000000000.0,28.359310817214197,29.0,0.00018709364902233213,6.854853994122322e-05,6.8548539941223225,100000.0,0.01,16.366816709067592,23.430389465091444,30.495271637492333,0.999,tdse_dipole_acceleration,raw_fft_harmonic_order_grid,single_mode_bsv_random_phase_gamma_intensity,shared_fig_iv2_intensity_cases,hhg_intensity_prediction,quantum_light_hhg_bsv_threshold_tdse_dipole_acceleration,shared_normalized_raw_spectrum_for_log_display
BSV - 2e13 W/cm^2,20000000000000.0,28.39930984516514,29.0,0.00017129950948152324,6.276178442703065e-05,6.276178442703064,100000.0,0.01,16.366816709067592,23.430389465091444,30.495271637492333,0.999,tdse_dipole_acceleration,raw_fft_harmonic_order_grid,single_mode_bsv_random_phase_gamma_intensity,shared_fig_iv2_intensity_cases,hhg_intensity_prediction,quantum_light_hhg_bsv_threshold_tdse_dipole_acceleration,shared_normalized_raw_spectrum_for_log_display
BSV - 2e13 W/cm^2,20000000000000.0,28.439308873116076,29.0,0.00030957732126162067,0.00011342487295689057,11.342487295689057,100000.0,0.01,16.366816709067592,23.430389465091444,30.495271637492333,0.999,tdse_dipole_acceleration,raw_fft_harmonic_order_grid,single_mode_bsv_random_phase_gamma_intensity,shared_fig_iv2_intensity_cases,hhg_intensity_prediction,quantum_light_hhg_bsv_threshold_tdse_dipole_acceleration,shared_normalized_raw_spectrum_for_log_display
BSV - 2e13 W/cm^2,20000000000000.0,28.479307901067013,29.0,0.0002876591362511501,0.00010539435140535452,10.539435140535453,100000.0,0.01,16.366816709067592,23.430389465091444,30.495271637492333,0.999,tdse_dipole_acceleration,raw_fft_harmonic_order_grid,single_mode_bsv_random_phase_gamma_intensity,shared_fig_iv2_intensity_cases,hhg_intensity_prediction,quantum_light_hhg_bsv_threshold_tdse_dipole_acceleration,shared_normalized_raw_spectrum_for_log_display
BSV - 2e13 W/cm^2,20000000000000.0,28.519306929017944,29.0,0.00020663164316956603,7.570699229474584e-05,7.570699229474584,100000.0,0.01,16.366816709067592,23.430389465091444,30.495271637492333,0.999,tdse_dipole_acceleration,raw_fft_harmonic_order_grid,single_mode_bsv_random_phase_gamma_intensity,shared_fig_iv2_intensity_cases,hhg_intensity_prediction,quantum_light_hhg_bsv_threshold_tdse_dipole_acceleration,shared_normalized_raw_spectrum_for_log_display
BSV - 2e13 W/cm^2,20000000000000.0,28.55930595696888,29.0,0.000420630435028514,0.0001541132065503972,15.41132065503972,100000.0,0.01,16.366816709067592,23.430389465091444,30.495271637492333,0.999,tdse_dipole_acceleration,raw_fft_harmonic_order_grid,single_mode_bsv_random_phase_gamma_intensity,shared_fig_iv2_intensity_cases,hhg_intensity_prediction,quantum_light_hhg_bsv_threshold_tdse_dipole_acceleration,shared_normalized_raw_spectrum_for_log_display
BSV - 2e13 W/cm^2,20000000000000.0,28.59930498491982,29.0,0.0002690200492475934,9.856524626678975e-05,9.856524626678974,100000.0,0.01,16.366816709067592,23.430389465091444,30.495271637492333,0.999,tdse_dipole_acceleration,raw_fft_harmonic_order_grid,single_mode_bsv_random_phase_gamma_intensity,shared_fig_iv2_intensity_cases,hhg_intensity_prediction,quantum_light_hhg_bsv_threshold_tdse_dipole_acceleration,shared_normalized_raw_spectrum_for_log_display
BSV - 2e13 W/cm^2,20000000000000.0,28.63930401287076,29.0,0.0005975216977225621,0.00021892373245226257,21.892373245226256,100000.0,0.01,16.366816709067592,23.430389465091444,30.495271637492333,0.999,tdse_dipole_acceleration,raw_fft_harmonic_order_grid,single_mode_bsv_random_phase_gamma_intensity,shared_fig_iv2_intensity_cases,hhg_intensity_prediction,quantum_light_hhg_bsv_threshold_tdse_dipole_acceleration,shared_normalized_raw_spectrum_for_log_display
BSV - 2e13 W/cm^2,20000000000000.0,28.679303040821694,29.0,0.0017244357487704162,0.0006318095425385197,63.18095425385197,100000.0,0.01,16.366816709067592,23.430389465091444,30.495271637492333,0.999,tdse_dipole_acceleration,raw_fft_harmonic_order_grid,single_mode_bsv_random_phase_gamma_intensity,shared_fig_iv2_intensity_cases,hhg_intensity_prediction,quantum_light_hhg_bsv_threshold_tdse_dipole_acceleration,shared_normalized_raw_spectrum_for_log_display
BSV - 2e13 W/cm^2,20000000000000.0,28.71930206877263,29.0,0.0026597233225530413,0.0009744860467544129,97.44860467544129,100000.0,0.01,16.366816709067592,23.430389465091444,30.495271637492333,0.999,tdse_dipole_acceleration,raw_fft_harmonic_order_grid,single_mode_bsv_random_phase_gamma_intensity,shared_fig_iv2_intensity_cases,hhg_intensity_prediction,quantum_light_hhg_bsv_threshold_tdse_dipole_acceleration,shared_normalized_raw_spectrum_for_log_display
BSV - 2e13 W/cm^2,20000000000000.0,28.759301096723572,29.0,0.00353958565897028,0.0012968555062515435,129.68555062515435,100000.0,0.01,16.366816709067592,23.430389465091444,30.495271637492333,0.999,tdse_dipole_acceleration,raw_fft_harmonic_order_grid,single_mode_bsv_random_phase_gamma_intensity,shared_fig_iv2_intensity_cases,hhg_intensity_prediction,quantum_light_hhg_bsv_threshold_tdse_dipole_acceleration,shared_normalized_raw_spectrum_for_log_display
BSV - 2e13 W/cm^2,20000000000000.0,28.799300124674502,29.0,0.0012081464814148496,0.00044264825539978023,44.26482553997802,100000.0,0.01,16.366816709067592,23.430389465091444,30.495271637492333,0.999,tdse_dipole_acceleration,raw_fft_harmonic_order_grid,single_mode_bsv_random_phase_gamma_intensity,shared_fig_iv2_intensity_cases,hhg_intensity_prediction,quantum_light_hhg_bsv_threshold_tdse_dipole_acceleration,shared_normalized_raw_spectrum_for_log_display
BSV - 2e13 W/cm^2,20000000000000.0,28.83929915262544,29.0,0.0007854784066259687,0.0002877884856644261,28.77884856644261,100000.0,0.01,16.366816709067592,23.430389465091444,30.495271637492333,0.999,tdse_dipole_acceleration,raw_fft_harmonic_order_grid,single_mode_bsv_random_phase_gamma_intensity,shared_fig_iv2_intensity_cases,hhg_intensity_prediction,quantum_light_hhg_bsv_threshold_tdse_dipole_acceleration,shared_normalized_raw_spectrum_for_log_display
BSV - 2e13 W/cm^2,20000000000000.0,28.879298180576374,29.0,0.0018064844968435421,0.0006618710754329191,66.18710754329192,100000.0,0.01,16.366816709067592,23.430389465091444,30.495271637492333,0.999,tdse_dipole_acceleration,raw_fft_harmonic_order_grid,single_mode_bsv_random_phase_gamma_intensity,shared_fig_iv2_intensity_cases,hhg_intensity_prediction,quantum_light_hhg_bsv_threshold_tdse_dipole_acceleration,shared_normalized_raw_spectrum_for_log_display
BSV - 2e13 W/cm^2,20000000000000.0,28.919297208527315,29.0,0.0006562466581454466,0.00024043975031887843,24.043975031887843,100000.0,0.01,16.366816709067592,23.430389465091444,30.495271637492333,0.999,tdse_dipole_acceleration,raw_fft_harmonic_order_grid,single_mode_bsv_random_phase_gamma_intensity,shared_fig_iv2_intensity_cases,hhg_intensity_prediction,quantum_light_hhg_bsv_threshold_tdse_dipole_acceleration,shared_normalized_raw_spectrum_for_log_display
BSV - 2e13 W/cm^2,20000000000000.0,28.959296236478252,29.0,0.08283001727549213,0.030347779185511268,3034.7779185511267,100000.0,0.01,16.366816709067592,23.430389465091444,30.495271637492333,0.999,tdse_dipole_acceleration,raw_fft_harmonic_order_grid,single_mode_bsv_random_phase_gamma_intensity,shared_fig_iv2_intensity_cases,hhg_intensity_prediction,quantum_light_hhg_bsv_threshold_tdse_dipole_acceleration,shared_normalized_raw_spectrum_for_log_display
BSV - 2e13 W/cm^2,20000000000000.0,28.99929526442919,29.0,0.1880246277342244,0.06888963773770138,6888.963773770138,100000.0,0.01,16.366816709067592,23.430389465091444,30.495271637492333,0.999,tdse_dipole_acceleration,raw_fft_harmonic_order_grid,single_mode_bsv_random_phase_gamma_intensity,shared_fig_iv2_intensity_cases,hhg_intensity_prediction,quantum_light_hhg_bsv_threshold_tdse_dipole_acceleration,shared_normalized_raw_spectrum_for_log_display
BSV - 2e13 W/cm^2,20000000000000.0,29.039294292380127,29.0,0.06630066015735683,0.024291650062282753,2429.165006228275,100000.0,0.01,16.366816709067592,23.430389465091444,30.495271637492333,0.999,tdse_dipole_acceleration,raw_fft_harmonic_order_grid,single_mode_bsv_random_phase_gamma_intensity,shared_fig_iv2_intensity_cases,hhg_intensity_prediction,quantum_light_hhg_bsv_threshold_tdse_dipole_acceleration,shared_normalized_raw_spectrum_for_log_display
BSV - 2e13 W/cm^2,20000000000000.0,29.079293320331065,29.0,0.0009220369722059389,0.00033782166603099953,33.78216660309995,100000.0,0.01,16.366816709067592,23.430389465091444,30.495271637492333,0.999,tdse_dipole_acceleration,raw_fft_harmonic_order_grid,single_mode_bsv_random_phase_gamma_intensity,shared_fig_iv2_intensity_cases,hhg_intensity_prediction,quantum_light_hhg_bsv_threshold_tdse_dipole_acceleration,shared_normalized_raw_spectrum_for_log_display
BSV - 2e13 W/cm^2,20000000000000.0,29.119292348281995,29.0,0.0003318870586126194,0.00012159885390105719,12.15988539010572,100000.0,0.01,16.366816709067592,23.430389465091444,30.495271637492333,0.999,tdse_dipole_acceleration,raw_fft_harmonic_order_grid,single_mode_bsv_random_phase_gamma_intensity,shared_fig_iv2_intensity_cases,hhg_intensity_prediction,quantum_light_hhg_bsv_threshold_tdse_dipole_acceleration,shared_normalized_raw_spectrum_for_log_display
BSV - 2e13 W/cm^2,20000000000000.0,29.159291376232936,29.0,0.0007400741730522444,0.00027115299891811986,27.115299891811986,100000.0,0.01,16.366816709067592,23.430389465091444,30.495271637492333,0.999,tdse_dipole_acceleration,raw_fft_harmonic_order_grid,single_mode_bsv_random_phase_gamma_intensity,shared_fig_iv2_intensity_cases,hhg_intensity_prediction,quantum_light_hhg_bsv_threshold_tdse_dipole_acceleration,shared_normalized_raw_spectrum_for_log_display
BSV - 2e13 W/cm^2,20000000000000.0,29.19929040418387,29.0,0.0003476051108493081,0.00012735773207343319,12.73577320734332,100000.0,0.01,16.366816709067592,23.430389465091444,30.495271637492333,0.999,tdse_dipole_acceleration,raw_fft_harmonic_order_grid,single_mode_bsv_random_phase_gamma_intensity,shared_fig_iv2_intensity_cases,hhg_intensity_prediction,quantum_light_hhg_bsv_threshold_tdse_dipole_acceleration,shared_normalized_raw_spectrum_for_log_display
BSV - 2e13 W/cm^2,20000000000000.0,29.23928943213481,29.0,0.001334650110971818,0.0004889974454909975,48.89974454909975,100000.0,0.01,16.366816709067592,23.430389465091444,30.495271637492333,0.999,tdse_dipole_acceleration,raw_fft_harmonic_order_grid,single_mode_bsv_random_phase_gamma_intensity,shared_fig_iv2_intensity_cases,hhg_intensity_prediction,quantum_light_hhg_bsv_threshold_tdse_dipole_acceleration,shared_normalized_raw_spectrum_for_log_display
BSV - 2e13 W/cm^2,20000000000000.0,29.27928846008575,29.0,0.0014069564437959468,0.0005154894914236018,51.548949142360186,100000.0,0.01,16.366816709067592,23.430389465091444,30.495271637492333,0.999,tdse_dipole_acceleration,raw_fft_harmonic_order_grid,single_mode_bsv_random_phase_gamma_intensity,shared_fig_iv2_intensity_cases,hhg_intensity_prediction,quantum_light_hhg_bsv_threshold_tdse_dipole_acceleration,shared_normalized_raw_spectrum_for_log_display
BSV - 2e13 W/cm^2,20000000000000.0,29.319287488036682,29.0,0.0023969242388262564,0.0008782000766987853,87.82000766987854,100000.0,0.01,16.366816709067592,23.430389465091444,30.495271637492333,0.999,tdse_dipole_acceleration,raw_fft_harmonic_order_grid,single_mode_bsv_random_phase_gamma_intensity,shared_fig_iv2_intensity_cases,hhg_intensity_prediction,quantum_light_hhg_bsv_threshold_tdse_dipole_acceleration,shared_normalized_raw_spectrum_for_log_display
BSV - 2e13 W/cm^2,20000000000000.0,29.359286515987623,29.0,0.0009335053092364578,0.00034202350699729604,34.20235069972961,100000.0,0.01,16.366816709067592,23.430389465091444,30.495271637492333,0.999,tdse_dipole_acceleration,raw_fft_harmonic_order_grid,single_mode_bsv_random_phase_gamma_intensity,shared_fig_iv2_intensity_cases,hhg_intensity_prediction,quantum_light_hhg_bsv_threshold_tdse_dipole_acceleration,shared_normalized_raw_spectrum_for_log_display
BSV - 2e13 W/cm^2,20000000000000.0,29.39928554393856,29.0,0.00025672840100415025,9.406175539490795e-05,9.406175539490796,100000.0,0.01,16.366816709067592,23.430389465091444,30.495271637492333,0.999,tdse_dipole_acceleration,raw_fft_harmonic_order_grid,single_mode_bsv_random_phase_gamma_intensity,shared_fig_iv2_intensity_cases,hhg_intensity_prediction,quantum_light_hhg_bsv_threshold_tdse_dipole_acceleration,shared_normalized_raw_spectrum_for_log_display
BSV - 2e13 W/cm^2,20000000000000.0,29.43928457188949,29.0,7.363577908036706e-05,2.6979136757288477e-05,2.6979136757288478,100000.0,0.01,16.366816709067592,23.430389465091444,30.495271637492333,0.999,tdse_dipole_acceleration,raw_fft_harmonic_order_grid,single_mode_bsv_random_phase_gamma_intensity,shared_fig_iv2_intensity_cases,hhg_intensity_prediction,quantum_light_hhg_bsv_threshold_tdse_dipole_acceleration,shared_normalized_raw_spectrum_for_log_display
BSV - 2e13 W/cm^2,20000000000000.0,29.47928359984043,29.0,6.255676170114664e-05,2.291993715699448e-05,2.291993715699448,100000.0,0.01,16.366816709067592,23.430389465091444,30.495271637492333,0.999,tdse_dipole_acceleration,raw_fft_harmonic_order_grid,single_mode_bsv_random_phase_gamma_intensity,shared_fig_iv2_intensity_cases,hhg_intensity_prediction,quantum_light_hhg_bsv_threshold_tdse_dipole_acceleration,shared_normalized_raw_spectrum_for_log_display
BSV - 2e13 W/cm^2,20000000000000.0,29.519282627791366,29.0,8.246096682136967e-05,3.0212564174595958e-05,3.021256417459596,100000.0,0.01,16.366816709067592,23.430389465091444,30.495271637492333,0.999,tdse_dipole_acceleration,raw_fft_harmonic_order_grid,single_mode_bsv_random_phase_gamma_intensity,shared_fig_iv2_intensity_cases,hhg_intensity_prediction,quantum_light_hhg_bsv_threshold_tdse_dipole_acceleration,shared_normalized_raw_spectrum_for_log_display
BSV - 2e13 W/cm^2,20000000000000.0,29.559281655742303,29.0,4.713502798624507e-05,1.7269626015793444e-05,1.7269626015793444,100000.0,0.01,16.366816709067592,23.430389465091444,30.495271637492333,0.999,tdse_dipole_acceleration,raw_fft_harmonic_order_grid,single_mode_bsv_random_phase_gamma_intensity,shared_fig_iv2_intensity_cases,hhg_intensity_prediction,quantum_light_hhg_bsv_threshold_tdse_dipole_acceleration,shared_normalized_raw_spectrum_for_log_display
BSV - 2e13 W/cm^2,20000000000000.0,29.599280683693244,29.0,3.21201656890146e-05,1.1768386966407993e-05,1.1768386966407993,100000.0,0.01,16.366816709067592,23.430389465091444,30.495271637492333,0.999,tdse_dipole_acceleration,raw_fft_harmonic_order_grid,single_mode_bsv_random_phase_gamma_intensity,shared_fig_iv2_intensity_cases,hhg_intensity_prediction,quantum_light_hhg_bsv_threshold_tdse_dipole_acceleration,shared_normalized_raw_spectrum_for_log_display
BSV - 2e13 W/cm^2,20000000000000.0,29.63927971164418,29.0,5.549540106863396e-05,2.0332751734685464e-05,2.0332751734685464,100000.0,0.01,16.366816709067592,23.430389465091444,30.495271637492333,0.999,tdse_dipole_acceleration,raw_fft_harmonic_order_grid,single_mode_bsv_random_phase_gamma_intensity,shared_fig_iv2_intensity_cases,hhg_intensity_prediction,quantum_light_hhg_bsv_threshold_tdse_dipole_acceleration,shared_normalized_raw_spectrum_for_log_display
BSV - 2e13 W/cm^2,20000000000000.0,29.679278739595116,29.0,3.9381957636863154e-05,1.4429007666165324e-05,1.4429007666165323,100000.0,0.01,16.366816709067592,23.430389465091444,30.495271637492333,0.999,tdse_dipole_acceleration,raw_fft_harmonic_order_grid,single_mode_bsv_random_phase_gamma_intensity,shared_fig_iv2_intensity_cases,hhg_intensity_prediction,quantum_light_hhg_bsv_threshold_tdse_dipole_acceleration,shared_normalized_raw_spectrum_for_log_display
BSV - 2e13 W/cm^2,20000000000000.0,29.719277767546046,29.0,3.316686748682578e-05,1.215188411005099e-05,1.215188411005099,100000.0,0.01,16.366816709067592,23.430389465091444,30.495271637492333,0.999,tdse_dipole_acceleration,raw_fft_harmonic_order_grid,single_mode_bsv_random_phase_gamma_intensity,shared_fig_iv2_intensity_cases,hhg_intensity_prediction,quantum_light_hhg_bsv_threshold_tdse_dipole_acceleration,shared_normalized_raw_spectrum_for_log_display
BSV - 2e13 W/cm^2,20000000000000.0,29.759276795496987,29.0,6.842842532288332e-05,2.5071233956214002e-05,2.5071233956214,100000.0,0.01,16.366816709067592,23.430389465091444,30.495271637492333,0.999,tdse_dipole_acceleration,raw_fft_harmonic_order_grid,single_mode_bsv_random_phase_gamma_intensity,shared_fig_iv2_intensity_cases,hhg_intensity_prediction,quantum_light_hhg_bsv_threshold_tdse_dipole_acceleration,shared_normalized_raw_spectrum_for_log_display
BSV - 2e13 W/cm^2,20000000000000.0,29.799275823447925,29.0,2.6233615850372066e-05,9.61163606204125e-06,0.961163606204125,100000.0,0.01,16.366816709067592,23.430389465091444,30.495271637492333,0.999,tdse_dipole_acceleration,raw_fft_harmonic_order_grid,single_mode_bsv_random_phase_gamma_intensity,shared_fig_iv2_intensity_cases,hhg_intensity_prediction,quantum_light_hhg_bsv_threshold_tdse_dipole_acceleration,shared_normalized_raw_spectrum_for_log_display
BSV - 2e13 W/cm^2,20000000000000.0,29.83927485139886,29.0,5.722295164280888e-05,2.096570250641464e-05,2.096570250641464,100000.0,0.01,16.366816709067592,23.430389465091444,30.495271637492333,0.999,tdse_dipole_acceleration,raw_fft_harmonic_order_grid,single_mode_bsv_random_phase_gamma_intensity,shared_fig_iv2_intensity_cases,hhg_intensity_prediction,quantum_light_hhg_bsv_threshold_tdse_dipole_acceleration,shared_normalized_raw_spectrum_for_log_display
BSV - 2e13 W/cm^2,20000000000000.0,29.8792738793498,29.0,6.911958689927794e-05,2.532446605240167e-05,2.532446605240167,100000.0,0.01,16.366816709067592,23.430389465091444,30.495271637492333,0.999,tdse_dipole_acceleration,raw_fft_harmonic_order_grid,single_mode_bsv_random_phase_gamma_intensity,shared_fig_iv2_intensity_cases,hhg_intensity_prediction,quantum_light_hhg_bsv_threshold_tdse_dipole_acceleration,shared_normalized_raw_spectrum_for_log_display
BSV - 2e13 W/cm^2,20000000000000.0,29.919272907300734,29.0,3.406887301661951e-05,1.2482366531070474e-05,1.2482366531070475,100000.0,0.01,16.366816709067592,23.430389465091444,30.495271637492333,0.999,tdse_dipole_acceleration,raw_fft_harmonic_order_grid,single_mode_bsv_random_phase_gamma_intensity,shared_fig_iv2_intensity_cases,hhg_intensity_prediction,quantum_light_hhg_bsv_threshold_tdse_dipole_acceleration,shared_normalized_raw_spectrum_for_log_display
BSV - 2e13 W/cm^2,20000000000000.0,29.959271935251675,29.0,0.00013472943186557416,4.936301092931937e-05,4.936301092931937,100000.0,0.01,16.366816709067592,23.430389465091444,30.495271637492333,0.999,tdse_dipole_acceleration,raw_fft_harmonic_order_grid,single_mode_bsv_random_phase_gamma_intensity,shared_fig_iv2_intensity_cases,hhg_intensity_prediction,quantum_light_hhg_bsv_threshold_tdse_dipole_acceleration,shared_normalized_raw_spectrum_for_log_display
BSV - 2e13 W/cm^2,20000000000000.0,29.999270963202612,29.0,5.309750084661505e-05,1.9454194071167387e-05,1.9454194071167388,100000.0,0.01,16.366816709067592,23.430389465091444,30.495271637492333,0.999,tdse_dipole_acceleration,raw_fft_harmonic_order_grid,single_mode_bsv_random_phase_gamma_intensity,shared_fig_iv2_intensity_cases,hhg_intensity_prediction,quantum_light_hhg_bsv_threshold_tdse_dipole_acceleration,shared_normalized_raw_spectrum_for_log_display
BSV - 2e13 W/cm^2,20000000000000.0,30.039269991153542,31.0,0.00015405286684640063,5.644285175505849e-05,5.644285175505849,100000.0,0.01,16.366816709067592,23.430389465091444,30.495271637492333,0.999,tdse_dipole_acceleration,raw_fft_harmonic_order_grid,single_mode_bsv_random_phase_gamma_intensity,shared_fig_iv2_intensity_cases,hhg_intensity_prediction,quantum_light_hhg_bsv_threshold_tdse_dipole_acceleration,shared_normalized_raw_spectrum_for_log_display
BSV - 2e13 W/cm^2,20000000000000.0,30.07926901910448,31.0,0.00026453653066668356,9.692254671965531e-05,9.69225467196553,100000.0,0.01,16.366816709067592,23.430389465091444,30.495271637492333,0.999,tdse_dipole_acceleration,raw_fft_harmonic_order_grid,single_mode_bsv_random_phase_gamma_intensity,shared_fig_iv2_intensity_cases,hhg_intensity_prediction,quantum_light_hhg_bsv_threshold_tdse_dipole_acceleration,shared_normalized_raw_spectrum_for_log_display
BSV - 2e13 W/cm^2,20000000000000.0,30.11926804705542,31.0,0.0002838215526279756,0.0001039883135433234,10.39883135433234,100000.0,0.01,16.366816709067592,23.430389465091444,30.495271637492333,0.999,tdse_dipole_acceleration,raw_fft_harmonic_order_grid,single_mode_bsv_random_phase_gamma_intensity,shared_fig_iv2_intensity_cases,hhg_intensity_prediction,quantum_light_hhg_bsv_threshold_tdse_dipole_acceleration,shared_normalized_raw_spectrum_for_log_display
BSV - 2e13 W/cm^2,20000000000000.0,30.159267075006355,31.0,0.000295973059569527,0.0001084404585695266,10.84404585695266,100000.0,0.01,16.366816709067592,23.430389465091444,30.495271637492333,0.999,tdse_dipole_acceleration,raw_fft_harmonic_order_grid,single_mode_bsv_random_phase_gamma_intensity,shared_fig_iv2_intensity_cases,hhg_intensity_prediction,quantum_light_hhg_bsv_threshold_tdse_dipole_acceleration,shared_normalized_raw_spectrum_for_log_display
BSV - 2e13 W/cm^2,20000000000000.0,30.199266102957296,31.0,7.830577678232645e-05,2.8690159689766393e-05,2.8690159689766395,100000.0,0.01,16.366816709067592,23.430389465091444,30.495271637492333,0.999,tdse_dipole_acceleration,raw_fft_harmonic_order_grid,single_mode_bsv_random_phase_gamma_intensity,shared_fig_iv2_intensity_cases,hhg_intensity_prediction,quantum_light_hhg_bsv_threshold_tdse_dipole_acceleration,shared_normalized_raw_spectrum_for_log_display
BSV - 2e13 W/cm^2,20000000000000.0,30.23926513090823,31.0,9.182528284030263e-05,3.364352077841655e-05,3.3643520778416547,100000.0,0.01,16.366816709067592,23.430389465091444,30.495271637492333,0.999,tdse_dipole_acceleration,raw_fft_harmonic_order_grid,single_mode_bsv_random_phase_gamma_intensity,shared_fig_iv2_intensity_cases,hhg_intensity_prediction,quantum_light_hhg_bsv_threshold_tdse_dipole_acceleration,shared_normalized_raw_spectrum_for_log_display
BSV - 2e13 W/cm^2,20000000000000.0,30.279264158859167,31.0,0.00015615052414346217,5.7211404540051514e-05,5.721140454005152,100000.0,0.01,16.366816709067592,23.430389465091444,30.495271637492333,0.999,tdse_dipole_acceleration,raw_fft_harmonic_order_grid,single_mode_bsv_random_phase_gamma_intensity,shared_fig_iv2_intensity_cases,hhg_intensity_prediction,quantum_light_hhg_bsv_threshold_tdse_dipole_acceleration,shared_normalized_raw_spectrum_for_log_display
BSV - 2e13 W/cm^2,20000000000000.0,30.319263186810108,31.0,0.00013397620839428396,4.908704020836646e-05,4.908704020836646,100000.0,0.01,16.366816709067592,23.430389465091444,30.495271637492333,0.999,tdse_dipole_acceleration,raw_fft_harmonic_order_grid,single_mode_bsv_random_phase_gamma_intensity,shared_fig_iv2_intensity_cases,hhg_intensity_prediction,quantum_light_hhg_bsv_threshold_tdse_dipole_acceleration,shared_normalized_raw_spectrum_for_log_display
BSV - 2e13 W/cm^2,20000000000000.0,30.35926221476104,31.0,0.00016070728330608945,5.888093842906454e-05,5.8880938429064535,100000.0,0.01,16.366816709067592,23.430389465091444,30.495271637492333,0.999,tdse_dipole_acceleration,raw_fft_harmonic_order_grid,single_mode_bsv_random_phase_gamma_intensity,shared_fig_iv2_intensity_cases,hhg_intensity_prediction,quantum_light_hhg_bsv_threshold_tdse_dipole_acceleration,shared_normalized_raw_spectrum_for_log_display
BSV - 2e13 W/cm^2,20000000000000.0,30.399261242711976,31.0,0.00043807907184117804,0.00016050614711103606,16.050614711103606,100000.0,0.01,16.366816709067592,23.430389465091444,30.495271637492333,0.999,tdse_dipole_acceleration,raw_fft_harmonic_order_grid,single_mode_bsv_random_phase_gamma_intensity,shared_fig_iv2_intensity_cases,hhg_intensity_prediction,quantum_light_hhg_bsv_threshold_tdse_dipole_acceleration,shared_normalized_raw_spectrum_for_log_display
BSV - 2e13 W/cm^2,20000000000000.0,30.43926027066291,31.0,0.0002524316904970554,9.248749975688622e-05,9.248749975688622,100000.0,0.01,16.366816709067592,23.430389465091444,30.495271637492333,0.999,tdse_dipole_acceleration,raw_fft_harmonic_order_grid,single_mode_bsv_random_phase_gamma_intensity,shared_fig_iv2_intensity_cases,hhg_intensity_prediction,quantum_light_hhg_bsv_threshold_tdse_dipole_acceleration,shared_normalized_raw_spectrum_for_log_display
BSV - 2e13 W/cm^2,20000000000000.0,30.47925929861385,31.0,0.0003753847995170532,0.00013753582795293775,13.753582795293775,100000.0,0.01,16.366816709067592,23.430389465091444,30.495271637492333,0.999,tdse_dipole_acceleration,raw_fft_harmonic_order_grid,single_mode_bsv_random_phase_gamma_intensity,shared_fig_iv2_intensity_cases,hhg_intensity_prediction,quantum_light_hhg_bsv_threshold_tdse_dipole_acceleration,shared_normalized_raw_spectrum_for_log_display
BSV - 2e13 W/cm^2,20000000000000.0,30.51925832656479,31.0,4.827940927398797e-05,1.768891158118144e-05,1.7688911581181441,100000.0,0.01,16.366816709067592,23.430389465091444,30.495271637492333,0.999,tdse_dipole_acceleration,raw_fft_harmonic_order_grid,single_mode_bsv_random_phase_gamma_intensity,shared_fig_iv2_intensity_cases,hhg_intensity_prediction,quantum_light_hhg_bsv_threshold_tdse_dipole_acceleration,shared_normalized_raw_spectrum_for_log_display
BSV - 2e13 W/cm^2,20000000000000.0,30.559257354515726,31.0,0.00035991066428603396,0.0001318663176168985,13.186631761689851,100000.0,0.01,16.366816709067592,23.430389465091444,30.495271637492333,0.999,tdse_dipole_acceleration,raw_fft_harmonic_order_grid,single_mode_bsv_random_phase_gamma_intensity,shared_fig_iv2_intensity_cases,hhg_intensity_prediction,quantum_light_hhg_bsv_threshold_tdse_dipole_acceleration,shared_normalized_raw_spectrum_for_log_display
BSV - 2e13 W/cm^2,20000000000000.0,30.599256382466663,31.0,0.00022202137192541766,8.134557725910861e-05,8.134557725910861,100000.0,0.01,16.366816709067592,23.430389465091444,30.495271637492333,0.999,tdse_dipole_acceleration,raw_fft_harmonic_order_grid,single_mode_bsv_random_phase_gamma_intensity,shared_fig_iv2_intensity_cases,hhg_intensity_prediction,quantum_light_hhg_bsv_threshold_tdse_dipole_acceleration,shared_normalized_raw_spectrum_for_log_display
BSV - 2e13 W/cm^2,20000000000000.0,30.6392554104176,31.0,0.00016522886768697128,6.053758476179757e-05,6.053758476179757,100000.0,0.01,16.366816709067592,23.430389465091444,30.495271637492333,0.999,tdse_dipole_acceleration,raw_fft_harmonic_order_grid,single_mode_bsv_random_phase_gamma_intensity,shared_fig_iv2_intensity_cases,hhg_intensity_prediction,quantum_light_hhg_bsv_threshold_tdse_dipole_acceleration,shared_normalized_raw_spectrum_for_log_display
BSV - 2e13 W/cm^2,20000000000000.0,30.67925443836853,31.0,0.0007543197171784069,0.0002763723703699009,27.63723703699009,100000.0,0.01,16.366816709067592,23.430389465091444,30.495271637492333,0.999,tdse_dipole_acceleration,raw_fft_harmonic_order_grid,single_mode_bsv_random_phase_gamma_intensity,shared_fig_iv2_intensity_cases,hhg_intensity_prediction,quantum_light_hhg_bsv_threshold_tdse_dipole_acceleration,shared_normalized_raw_spectrum_for_log_display
BSV - 2e13 W/cm^2,20000000000000.0,30.719253466319472,31.0,6.91482354496037e-05,2.5334962487243394e-05,2.5334962487243393,100000.0,0.01,16.366816709067592,23.430389465091444,30.495271637492333,0.999,tdse_dipole_acceleration,raw_fft_harmonic_order_grid,single_mode_bsv_random_phase_gamma_intensity,shared_fig_iv2_intensity_cases,hhg_intensity_prediction,quantum_light_hhg_bsv_threshold_tdse_dipole_acceleration,shared_normalized_raw_spectrum_for_log_display
BSV - 2e13 W/cm^2,20000000000000.0,30.759252494270406,31.0,0.0011377936899062274,0.00041687196013852476,41.68719601385248,100000.0,0.01,16.366816709067592,23.430389465091444,30.495271637492333,0.999,tdse_dipole_acceleration,raw_fft_harmonic_order_grid,single_mode_bsv_random_phase_gamma_intensity,shared_fig_iv2_intensity_cases,hhg_intensity_prediction,quantum_light_hhg_bsv_threshold_tdse_dipole_acceleration,shared_normalized_raw_spectrum_for_log_display
BSV - 2e13 W/cm^2,20000000000000.0,30.799251522221343,31.0,8.783575394984403e-05,3.218181226012461e-05,3.2181812260124607,100000.0,0.01,16.366816709067592,23.430389465091444,30.495271637492333,0.999,tdse_dipole_acceleration,raw_fft_harmonic_order_grid,single_mode_bsv_random_phase_gamma_intensity,shared_fig_iv2_intensity_cases,hhg_intensity_prediction,quantum_light_hhg_bsv_threshold_tdse_dipole_acceleration,shared_normalized_raw_spectrum_for_log_display
BSV - 2e13 W/cm^2,20000000000000.0,30.839250550172284,31.0,0.000634774236051323,0.00023257255016940595,23.257255016940594,100000.0,0.01,16.366816709067592,23.430389465091444,30.495271637492333,0.999,tdse_dipole_acceleration,raw_fft_harmonic_order_grid,single_mode_bsv_random_phase_gamma_intensity,shared_fig_iv2_intensity_cases,hhg_intensity_prediction,quantum_light_hhg_bsv_threshold_tdse_dipole_acceleration,shared_normalized_raw_spectrum_for_log_display
BSV - 2e13 W/cm^2,20000000000000.0,30.87924957812322,31.0,0.0013079780337219504,0.0004792251632022507,47.92251632022507,100000.0,0.01,16.366816709067592,23.430389465091444,30.495271637492333,0.999,tdse_dipole_acceleration,raw_fft_harmonic_order_grid,single_mode_bsv_random_phase_gamma_intensity,shared_fig_iv2_intensity_cases,hhg_intensity_prediction,quantum_light_hhg_bsv_threshold_tdse_dipole_acceleration,shared_normalized_raw_spectrum_for_log_display
BSV - 2e13 W/cm^2,20000000000000.0,30.91924860607416,31.0,0.0005188507792038186,0.00019009978985199235,19.009978985199236,100000.0,0.01,16.366816709067592,23.430389465091444,30.495271637492333,0.999,tdse_dipole_acceleration,raw_fft_harmonic_order_grid,single_mode_bsv_random_phase_gamma_intensity,shared_fig_iv2_intensity_cases,hhg_intensity_prediction,quantum_light_hhg_bsv_threshold_tdse_dipole_acceleration,shared_normalized_raw_spectrum_for_log_display
BSV - 2e13 W/cm^2,20000000000000.0,30.95924763402509,31.0,0.05220644087973196,0.01912772195386628,1912.772195386628,100000.0,0.01,16.366816709067592,23.430389465091444,30.495271637492333,0.999,tdse_dipole_acceleration,raw_fft_harmonic_order_grid,single_mode_bsv_random_phase_gamma_intensity,shared_fig_iv2_intensity_cases,hhg_intensity_prediction,quantum_light_hhg_bsv_threshold_tdse_dipole_acceleration,shared_normalized_raw_spectrum_for_log_display
BSV - 2e13 W/cm^2,20000000000000.0,30.999246661976027,31.0,0.12414635157270983,0.04548551585694526,4548.551585694526,100000.0,0.01,16.366816709067592,23.430389465091444,30.495271637492333,0.999,tdse_dipole_acceleration,raw_fft_harmonic_order_grid,single_mode_bsv_random_phase_gamma_intensity,shared_fig_iv2_intensity_cases,hhg_intensity_prediction,quantum_light_hhg_bsv_threshold_tdse_dipole_acceleration,shared_normalized_raw_spectrum_for_log_display
BSV - 2e13 W/cm^2,20000000000000.0,31.039245689926965,31.0,0.050904374757858015,0.01865066283385983,1865.066283385983,100000.0,0.01,16.366816709067592,23.430389465091444,30.495271637492333,0.999,tdse_dipole_acceleration,raw_fft_harmonic_order_grid,single_mode_bsv_random_phase_gamma_intensity,shared_fig_iv2_intensity_cases,hhg_intensity_prediction,quantum_light_hhg_bsv_threshold_tdse_dipole_acceleration,shared_normalized_raw_spectrum_for_log_display
BSV - 2e13 W/cm^2,20000000000000.0,31.079244717877902,31.0,0.0014544800851023177,0.0005329015000153702,53.290150001537015,100000.0,0.01,16.366816709067592,23.430389465091444,30.495271637492333,0.999,tdse_dipole_acceleration,raw_fft_harmonic_order_grid,single_mode_bsv_random_phase_gamma_intensity,shared_fig_iv2_intensity_cases,hhg_intensity_prediction,quantum_light_hhg_bsv_threshold_tdse_dipole_acceleration,shared_normalized_raw_spectrum_for_log_display
BSV - 2e13 W/cm^2,20000000000000.0,31.11924374582884,31.0,0.00040998011584682275,0.00015021107607387954,15.021107607387954,100000.0,0.01,16.366816709067592,23.430389465091444,30.495271637492333,0.999,tdse_dipole_acceleration,raw_fft_harmonic_order_grid,single_mode_bsv_random_phase_gamma_intensity,shared_fig_iv2_intensity_cases,hhg_intensity_prediction,quantum_light_hhg_bsv_threshold_tdse_dipole_acceleration,shared_normalized_raw_spectrum_for_log_display
BSV - 2e13 W/cm^2,20000000000000.0,31.15924277377978,31.0,0.00016406785730181312,6.0112206523813184e-05,6.0112206523813185,100000.0,0.01,16.366816709067592,23.430389465091444,30.495271637492333,0.999,tdse_dipole_acceleration,raw_fft_harmonic_order_grid,single_mode_bsv_random_phase_gamma_intensity,shared_fig_iv2_intensity_cases,hhg_intensity_prediction,quantum_light_hhg_bsv_threshold_tdse_dipole_acceleration,shared_normalized_raw_spectrum_for_log_display
BSV - 2e13 W/cm^2,20000000000000.0,31.199241801730714,31.0,8.211606526862534e-05,3.008619698903071e-05,3.008619698903071,100000.0,0.01,16.366816709067592,23.430389465091444,30.495271637492333,0.999,tdse_dipole_acceleration,raw_fft_harmonic_order_grid,single_mode_bsv_random_phase_gamma_intensity,shared_fig_iv2_intensity_cases,hhg_intensity_prediction,quantum_light_hhg_bsv_threshold_tdse_dipole_acceleration,shared_normalized_raw_spectrum_for_log_display
BSV - 2e13 W/cm^2,20000000000000.0,31.239240829681652,31.0,0.0004622507754107715,0.00016936232687045648,16.93623268704565,100000.0,0.01,16.366816709067592,23.430389465091444,30.495271637492333,0.999,tdse_dipole_acceleration,raw_fft_harmonic_order_grid,single_mode_bsv_random_phase_gamma_intensity,shared_fig_iv2_intensity_cases,hhg_intensity_prediction,quantum_light_hhg_bsv_threshold_tdse_dipole_acceleration,shared_normalized_raw_spectrum_for_log_display
BSV - 2e13 W/cm^2,20000000000000.0,31.279239857632582,31.0,0.0007088719795909582,0.0002597209443512679,25.972094435126788,100000.0,0.01,16.366816709067592,23.430389465091444,30.495271637492333,0.999,tdse_dipole_acceleration,raw_fft_harmonic_order_grid,single_mode_bsv_random_phase_gamma_intensity,shared_fig_iv2_intensity_cases,hhg_intensity_prediction,quantum_light_hhg_bsv_threshold_tdse_dipole_acceleration,shared_normalized_raw_spectrum_for_log_display
BSV - 2e13 W/cm^2,20000000000000.0,31.319238885583523,31.0,0.001617535535204763,0.0005926427744647634,59.264277446476335,100000.0,0.01,16.366816709067592,23.430389465091444,30.495271637492333,0.999,tdse_dipole_acceleration,raw_fft_harmonic_order_grid,single_mode_bsv_random_phase_gamma_intensity,shared_fig_iv2_intensity_cases,hhg_intensity_prediction,quantum_light_hhg_bsv_threshold_tdse_dipole_acceleration,shared_normalized_raw_spectrum_for_log_display
BSV - 2e13 W/cm^2,20000000000000.0,31.35923791353446,31.0,0.001398599048898998,0.0005124274568708967,51.242745687089666,100000.0,0.01,16.366816709067592,23.430389465091444,30.495271637492333,0.999,tdse_dipole_acceleration,raw_fft_harmonic_order_grid,single_mode_bsv_random_phase_gamma_intensity,shared_fig_iv2_intensity_cases,hhg_intensity_prediction,quantum_light_hhg_bsv_threshold_tdse_dipole_acceleration,shared_normalized_raw_spectrum_for_log_display
BSV - 2e13 W/cm^2,20000000000000.0,31.399236941485395,31.0,0.00021975635287455286,8.051570542921393e-05,8.051570542921393,100000.0,0.01,16.366816709067592,23.430389465091444,30.495271637492333,0.999,tdse_dipole_acceleration,raw_fft_harmonic_order_grid,single_mode_bsv_random_phase_gamma_intensity,shared_fig_iv2_intensity_cases,hhg_intensity_prediction,quantum_light_hhg_bsv_threshold_tdse_dipole_acceleration,shared_normalized_raw_spectrum_for_log_display
BSV - 2e13 W/cm^2,20000000000000.0,31.439235969436336,31.0,0.00023714825249285845,8.688785826213483e-05,8.688785826213483,100000.0,0.01,16.366816709067592,23.430389465091444,30.495271637492333,0.999,tdse_dipole_acceleration,raw_fft_harmonic_order_grid,single_mode_bsv_random_phase_gamma_intensity,shared_fig_iv2_intensity_cases,hhg_intensity_prediction,quantum_light_hhg_bsv_threshold_tdse_dipole_acceleration,shared_normalized_raw_spectrum_for_log_display
BSV - 2e13 W/cm^2,20000000000000.0,31.47923499738727,31.0,8.890275732894716e-05,3.2572747623949496e-05,3.2572747623949496,100000.0,0.01,16.366816709067592,23.430389465091444,30.495271637492333,0.999,tdse_dipole_acceleration,raw_fft_harmonic_order_grid,single_mode_bsv_random_phase_gamma_intensity,shared_fig_iv2_intensity_cases,hhg_intensity_prediction,quantum_light_hhg_bsv_threshold_tdse_dipole_acceleration,shared_normalized_raw_spectrum_for_log_display
BSV - 2e13 W/cm^2,20000000000000.0,31.51923402533821,31.0,0.00015624183977858372,5.724486133291486e-05,5.724486133291486,100000.0,0.01,16.366816709067592,23.430389465091444,30.495271637492333,0.999,tdse_dipole_acceleration,raw_fft_harmonic_order_grid,single_mode_bsv_random_phase_gamma_intensity,shared_fig_iv2_intensity_cases,hhg_intensity_prediction,quantum_light_hhg_bsv_threshold_tdse_dipole_acceleration,shared_normalized_raw_spectrum_for_log_display
BSV - 2e13 W/cm^2,20000000000000.0,31.559233053289148,31.0,7.627546364831038e-05,2.7946280879942768e-05,2.7946280879942766,100000.0,0.01,16.366816709067592,23.430389465091444,30.495271637492333,0.999,tdse_dipole_acceleration,raw_fft_harmonic_order_grid,single_mode_bsv_random_phase_gamma_intensity,shared_fig_iv2_intensity_cases,hhg_intensity_prediction,quantum_light_hhg_bsv_threshold_tdse_dipole_acceleration,shared_normalized_raw_spectrum_for_log_display
BSV - 2e13 W/cm^2,20000000000000.0,31.59923208124008,31.0,4.1394886907359936e-05,1.5166517267472184e-05,1.5166517267472184,100000.0,0.01,16.366816709067592,23.430389465091444,30.495271637492333,0.999,tdse_dipole_acceleration,raw_fft_harmonic_order_grid,single_mode_bsv_random_phase_gamma_intensity,shared_fig_iv2_intensity_cases,hhg_intensity_prediction,quantum_light_hhg_bsv_threshold_tdse_dipole_acceleration,shared_normalized_raw_spectrum_for_log_display
BSV - 2e13 W/cm^2,20000000000000.0,31.639231109191016,31.0,5.458752875040523e-05,2.0000119803068133e-05,2.0000119803068133,100000.0,0.01,16.366816709067592,23.430389465091444,30.495271637492333,0.999,tdse_dipole_acceleration,raw_fft_harmonic_order_grid,single_mode_bsv_random_phase_gamma_intensity,shared_fig_iv2_intensity_cases,hhg_intensity_prediction,quantum_light_hhg_bsv_threshold_tdse_dipole_acceleration,shared_normalized_raw_spectrum_for_log_display
BSV - 2e13 W/cm^2,20000000000000.0,31.679230137141957,31.0,2.919278108410167e-05,1.0695833506887603e-05,1.0695833506887602,100000.0,0.01,16.366816709067592,23.430389465091444,30.495271637492333,0.999,tdse_dipole_acceleration,raw_fft_harmonic_order_grid,single_mode_bsv_random_phase_gamma_intensity,shared_fig_iv2_intensity_cases,hhg_intensity_prediction,quantum_light_hhg_bsv_threshold_tdse_dipole_acceleration,shared_normalized_raw_spectrum_for_log_display
BSV - 2e13 W/cm^2,20000000000000.0,31.71922916509289,31.0,5.1894373238486783e-05,1.9013384661916275e-05,1.9013384661916275,100000.0,0.01,16.366816709067592,23.430389465091444,30.495271637492333,0.999,tdse_dipole_acceleration,raw_fft_harmonic_order_grid,single_mode_bsv_random_phase_gamma_intensity,shared_fig_iv2_intensity_cases,hhg_intensity_prediction,quantum_light_hhg_bsv_threshold_tdse_dipole_acceleration,shared_normalized_raw_spectrum_for_log_display
BSV - 2e13 W/cm^2,20000000000000.0,31.759228193043832,31.0,3.146833098394949e-05,1.1529563695021063e-05,1.1529563695021063,100000.0,0.01,16.366816709067592,23.430389465091444,30.495271637492333,0.999,tdse_dipole_acceleration,raw_fft_harmonic_order_grid,single_mode_bsv_random_phase_gamma_intensity,shared_fig_iv2_intensity_cases,hhg_intensity_prediction,quantum_light_hhg_bsv_threshold_tdse_dipole_acceleration,shared_normalized_raw_spectrum_for_log_display
BSV - 2e13 W/cm^2,20000000000000.0,31.799227220994766,31.0,6.0152086930189293e-05,2.2038897391914337e-05,2.2038897391914336,100000.0,0.01,16.366816709067592,23.430389465091444,30.495271637492333,0.999,tdse_dipole_acceleration,raw_fft_harmonic_order_grid,single_mode_bsv_random_phase_gamma_intensity,shared_fig_iv2_intensity_cases,hhg_intensity_prediction,quantum_light_hhg_bsv_threshold_tdse_dipole_acceleration,shared_normalized_raw_spectrum_for_log_display
BSV - 2e13 W/cm^2,20000000000000.0,31.839226248945703,31.0,4.6803378212990364e-05,1.714811409998419e-05,1.714811409998419,100000.0,0.01,16.366816709067592,23.430389465091444,30.495271637492333,0.999,tdse_dipole_acceleration,raw_fft_harmonic_order_grid,single_mode_bsv_random_phase_gamma_intensity,shared_fig_iv2_intensity_cases,hhg_intensity_prediction,quantum_light_hhg_bsv_threshold_tdse_dipole_acceleration,shared_normalized_raw_spectrum_for_log_display
BSV - 2e13 W/cm^2,20000000000000.0,31.879225276896637,31.0,5.069065735214241e-05,1.8572359715617252e-05,1.8572359715617253,100000.0,0.01,16.366816709067592,23.430389465091444,30.495271637492333,0.999,tdse_dipole_acceleration,raw_fft_harmonic_order_grid,single_mode_bsv_random_phase_gamma_intensity,shared_fig_iv2_intensity_cases,hhg_intensity_prediction,quantum_light_hhg_bsv_threshold_tdse_dipole_acceleration,shared_normalized_raw_spectrum_for_log_display
BSV - 2e13 W/cm^2,20000000000000.0,31.919224304847575,31.0,4.427048030909209e-05,1.6220095142420927e-05,1.6220095142420927,100000.0,0.01,16.366816709067592,23.430389465091444,30.495271637492333,0.999,tdse_dipole_acceleration,raw_fft_harmonic_order_grid,single_mode_bsv_random_phase_gamma_intensity,shared_fig_iv2_intensity_cases,hhg_intensity_prediction,quantum_light_hhg_bsv_threshold_tdse_dipole_acceleration,shared_normalized_raw_spectrum_for_log_display
BSV - 2e13 W/cm^2,20000000000000.0,31.959223332798512,31.0,8.686462101010582e-05,3.182600250679655e-05,3.182600250679655,100000.0,0.01,16.366816709067592,23.430389465091444,30.495271637492333,0.999,tdse_dipole_acceleration,raw_fft_harmonic_order_grid,single_mode_bsv_random_phase_gamma_intensity,shared_fig_iv2_intensity_cases,hhg_intensity_prediction,quantum_light_hhg_bsv_threshold_tdse_dipole_acceleration,shared_normalized_raw_spectrum_for_log_display
BSV - 2e13 W/cm^2,20000000000000.0,31.999222360749446,31.0,3.607375429043799e-05,1.321692745707685e-05,1.321692745707685,100000.0,0.01,16.366816709067592,23.430389465091444,30.495271637492333,0.999,tdse_dipole_acceleration,raw_fft_harmonic_order_grid,single_mode_bsv_random_phase_gamma_intensity,shared_fig_iv2_intensity_cases,hhg_intensity_prediction,quantum_light_hhg_bsv_threshold_tdse_dipole_acceleration,shared_normalized_raw_spectrum_for_log_display
BSV - 2e13 W/cm^2,20000000000000.0,32.03922138870039,33.0,0.00024812454482654056,9.090942081850008e-05,9.090942081850008,100000.0,0.01,16.366816709067592,23.430389465091444,30.495271637492333,0.999,tdse_dipole_acceleration,raw_fft_harmonic_order_grid,single_mode_bsv_random_phase_gamma_intensity,shared_fig_iv2_intensity_cases,hhg_intensity_prediction,quantum_light_hhg_bsv_threshold_tdse_dipole_acceleration,shared_normalized_raw_spectrum_for_log_display
BSV - 2e13 W/cm^2,20000000000000.0,32.079220416651324,33.0,4.636502636897725e-05,1.6987508012900733e-05,1.6987508012900734,100000.0,0.01,16.366816709067592,23.430389465091444,30.495271637492333,0.999,tdse_dipole_acceleration,raw_fft_harmonic_order_grid,single_mode_bsv_random_phase_gamma_intensity,shared_fig_iv2_intensity_cases,hhg_intensity_prediction,quantum_light_hhg_bsv_threshold_tdse_dipole_acceleration,shared_normalized_raw_spectrum_for_log_display
BSV - 2e13 W/cm^2,20000000000000.0,32.119219444602265,33.0,0.00043052413405677024,0.00015773812180833795,15.773812180833795,100000.0,0.01,16.366816709067592,23.430389465091444,30.495271637492333,0.999,tdse_dipole_acceleration,raw_fft_harmonic_order_grid,single_mode_bsv_random_phase_gamma_intensity,shared_fig_iv2_intensity_cases,hhg_intensity_prediction,quantum_light_hhg_bsv_threshold_tdse_dipole_acceleration,shared_normalized_raw_spectrum_for_log_display
BSV - 2e13 W/cm^2,20000000000000.0,32.1592184725532,33.0,5.840185994699489e-05,2.1397638295784424e-05,2.1397638295784422,100000.0,0.01,16.366816709067592,23.430389465091444,30.495271637492333,0.999,tdse_dipole_acceleration,raw_fft_harmonic_order_grid,single_mode_bsv_random_phase_gamma_intensity,shared_fig_iv2_intensity_cases,hhg_intensity_prediction,quantum_light_hhg_bsv_threshold_tdse_dipole_acceleration,shared_normalized_raw_spectrum_for_log_display
BSV - 2e13 W/cm^2,20000000000000.0,32.19921750050413,33.0,0.00012135550843592656,4.446298931352079e-05,4.446298931352079,100000.0,0.01,16.366816709067592,23.430389465091444,30.495271637492333,0.999,tdse_dipole_acceleration,raw_fft_harmonic_order_grid,single_mode_bsv_random_phase_gamma_intensity,shared_fig_iv2_intensity_cases,hhg_intensity_prediction,quantum_light_hhg_bsv_threshold_tdse_dipole_acceleration,shared_normalized_raw_spectrum_for_log_display
BSV - 2e13 W/cm^2,20000000000000.0,32.23921652845507,33.0,8.159196400409285e-05,2.9894173493563136e-05,2.9894173493563136,100000.0,0.01,16.366816709067592,23.430389465091444,30.495271637492333,0.999,tdse_dipole_acceleration,raw_fft_harmonic_order_grid,single_mode_bsv_random_phase_gamma_intensity,shared_fig_iv2_intensity_cases,hhg_intensity_prediction,quantum_light_hhg_bsv_threshold_tdse_dipole_acceleration,shared_normalized_raw_spectrum_for_log_display
BSV - 2e13 W/cm^2,20000000000000.0,32.27921555640601,33.0,2.2297327555902907e-05,8.169434165912851e-06,0.8169434165912851,100000.0,0.01,16.366816709067592,23.430389465091444,30.495271637492333,0.999,tdse_dipole_acceleration,raw_fft_harmonic_order_grid,single_mode_bsv_random_phase_gamma_intensity,shared_fig_iv2_intensity_cases,hhg_intensity_prediction,quantum_light_hhg_bsv_threshold_tdse_dipole_acceleration,shared_normalized_raw_spectrum_for_log_display
BSV - 2e13 W/cm^2,20000000000000.0,32.31921458435694,33.0,0.00019471709601163783,7.134166607440289e-05,7.134166607440289,100000.0,0.01,16.366816709067592,23.430389465091444,30.495271637492333,0.999,tdse_dipole_acceleration,raw_fft_harmonic_order_grid,single_mode_bsv_random_phase_gamma_intensity,shared_fig_iv2_intensity_cases,hhg_intensity_prediction,quantum_light_hhg_bsv_threshold_tdse_dipole_acceleration,shared_normalized_raw_spectrum_for_log_display
BSV - 2e13 W/cm^2,20000000000000.0,32.359213612307876,33.0,0.00014254566416782292,5.2226770949824526e-05,5.222677094982453,100000.0,0.01,16.366816709067592,23.430389465091444,30.495271637492333,0.999,tdse_dipole_acceleration,raw_fft_harmonic_order_grid,single_mode_bsv_random_phase_gamma_intensity,shared_fig_iv2_intensity_cases,hhg_intensity_prediction,quantum_light_hhg_bsv_threshold_tdse_dipole_acceleration,shared_normalized_raw_spectrum_for_log_display
BSV - 2e13 W/cm^2,20000000000000.0,32.39921264025882,33.0,0.0002551393151801947,9.347953620338186e-05,9.347953620338187,100000.0,0.01,16.366816709067592,23.430389465091444,30.495271637492333,0.999,tdse_dipole_acceleration,raw_fft_harmonic_order_grid,single_mode_bsv_random_phase_gamma_intensity,shared_fig_iv2_intensity_cases,hhg_intensity_prediction,quantum_light_hhg_bsv_threshold_tdse_dipole_acceleration,shared_normalized_raw_spectrum_for_log_display
BSV - 2e13 W/cm^2,20000000000000.0,32.43921166820976,33.0,0.0004432390984148331,0.00016239670988283677,16.239670988283677,100000.0,0.01,16.366816709067592,23.430389465091444,30.495271637492333,0.999,tdse_dipole_acceleration,raw_fft_harmonic_order_grid,single_mode_bsv_random_phase_gamma_intensity,shared_fig_iv2_intensity_cases,hhg_intensity_prediction,quantum_light_hhg_bsv_threshold_tdse_dipole_acceleration,shared_normalized_raw_spectrum_for_log_display
BSV - 2e13 W/cm^2,20000000000000.0,32.47921069616069,33.0,0.00012638270697806783,4.630488572133149e-05,4.6304885721331495,100000.0,0.01,16.366816709067592,23.430389465091444,30.495271637492333,0.999,tdse_dipole_acceleration,raw_fft_harmonic_order_grid,single_mode_bsv_random_phase_gamma_intensity,shared_fig_iv2_intensity_cases,hhg_intensity_prediction,quantum_light_hhg_bsv_threshold_tdse_dipole_acceleration,shared_normalized_raw_spectrum_for_log_display
BSV - 2e13 W/cm^2,20000000000000.0,32.519209724111626,33.0,0.00032631735194660306,0.00011955818997766154,11.955818997766155,100000.0,0.01,16.366816709067592,23.430389465091444,30.495271637492333,0.999,tdse_dipole_acceleration,raw_fft_harmonic_order_grid,single_mode_bsv_random_phase_gamma_intensity,shared_fig_iv2_intensity_cases,hhg_intensity_prediction,quantum_light_hhg_bsv_threshold_tdse_dipole_acceleration,shared_normalized_raw_spectrum_for_log_display
BSV - 2e13 W/cm^2,20000000000000.0,32.55920875206257,33.0,0.00018918250219485537,6.931386701606673e-05,6.931386701606673,100000.0,0.01,16.366816709067592,23.430389465091444,30.495271637492333,0.999,tdse_dipole_acceleration,raw_fft_harmonic_order_grid,single_mode_bsv_random_phase_gamma_intensity,shared_fig_iv2_intensity_cases,hhg_intensity_prediction,quantum_light_hhg_bsv_threshold_tdse_dipole_acceleration,shared_normalized_raw_spectrum_for_log_display
BSV - 2e13 W/cm^2,20000000000000.0,32.5992077800135,33.0,0.00030790668036939,0.0001128127731099586,11.28127731099586,100000.0,0.01,16.366816709067592,23.430389465091444,30.495271637492333,0.999,tdse_dipole_acceleration,raw_fft_harmonic_order_grid,single_mode_bsv_random_phase_gamma_intensity,shared_fig_iv2_intensity_cases,hhg_intensity_prediction,quantum_light_hhg_bsv_threshold_tdse_dipole_acceleration,shared_normalized_raw_spectrum_for_log_display
BSV - 2e13 W/cm^2,20000000000000.0,32.63920680796444,33.0,0.00038117291255809776,0.00013965651296844568,13.965651296844568,100000.0,0.01,16.366816709067592,23.430389465091444,30.495271637492333,0.999,tdse_dipole_acceleration,raw_fft_harmonic_order_grid,single_mode_bsv_random_phase_gamma_intensity,shared_fig_iv2_intensity_cases,hhg_intensity_prediction,quantum_light_hhg_bsv_threshold_tdse_dipole_acceleration,shared_normalized_raw_spectrum_for_log_display
BSV - 2e13 W/cm^2,20000000000000.0,32.679205835915376,33.0,0.000564705909437507,0.00020690047893342017,20.69004789334202,100000.0,0.01,16.366816709067592,23.430389465091444,30.495271637492333,0.999,tdse_dipole_acceleration,raw_fft_harmonic_order_grid,single_mode_bsv_random_phase_gamma_intensity,shared_fig_iv2_intensity_cases,hhg_intensity_prediction,quantum_light_hhg_bsv_threshold_tdse_dipole_acceleration,shared_normalized_raw_spectrum_for_log_display
BSV - 2e13 W/cm^2,20000000000000.0,32.71920486386632,33.0,0.0008757582397340598,0.0003208657749152133,32.08657749152133,100000.0,0.01,16.366816709067592,23.430389465091444,30.495271637492333,0.999,tdse_dipole_acceleration,raw_fft_harmonic_order_grid,single_mode_bsv_random_phase_gamma_intensity,shared_fig_iv2_intensity_cases,hhg_intensity_prediction,quantum_light_hhg_bsv_threshold_tdse_dipole_acceleration,shared_normalized_raw_spectrum_for_log_display
BSV - 2e13 W/cm^2,20000000000000.0,32.75920389181725,33.0,0.000508609162514758,0.00018634740234797304,18.634740234797302,100000.0,0.01,16.366816709067592,23.430389465091444,30.495271637492333,0.999,tdse_dipole_acceleration,raw_fft_harmonic_order_grid,single_mode_bsv_random_phase_gamma_intensity,shared_fig_iv2_intensity_cases,hhg_intensity_prediction,quantum_light_hhg_bsv_threshold_tdse_dipole_acceleration,shared_normalized_raw_spectrum_for_log_display
BSV - 2e13 W/cm^2,20000000000000.0,32.799202919768184,33.0,0.00020844808601501292,7.637251197215191e-05,7.637251197215191,100000.0,0.01,16.366816709067592,23.430389465091444,30.495271637492333,0.999,tdse_dipole_acceleration,raw_fft_harmonic_order_grid,single_mode_bsv_random_phase_gamma_intensity,shared_fig_iv2_intensity_cases,hhg_intensity_prediction,quantum_light_hhg_bsv_threshold_tdse_dipole_acceleration,shared_normalized_raw_spectrum_for_log_display
BSV - 2e13 W/cm^2,20000000000000.0,32.83920194771912,33.0,0.0003331502813485915,0.0001220616813386743,12.20616813386743,100000.0,0.01,16.366816709067592,23.430389465091444,30.495271637492333,0.999,tdse_dipole_acceleration,raw_fft_harmonic_order_grid,single_mode_bsv_random_phase_gamma_intensity,shared_fig_iv2_intensity_cases,hhg_intensity_prediction,quantum_light_hhg_bsv_threshold_tdse_dipole_acceleration,shared_normalized_raw_spectrum_for_log_display
BSV - 2e13 W/cm^2,20000000000000.0,32.87920097567006,33.0,0.0004973580766838091,0.00018222515923338784,18.222515923338783,100000.0,0.01,16.366816709067592,23.430389465091444,30.495271637492333,0.999,tdse_dipole_acceleration,raw_fft_harmonic_order_grid,single_mode_bsv_random_phase_gamma_intensity,shared_fig_iv2_intensity_cases,hhg_intensity_prediction,quantum_light_hhg_bsv_threshold_tdse_dipole_acceleration,shared_normalized_raw_spectrum_for_log_display
BSV - 2e13 W/cm^2,20000000000000.0,32.91920000362099,33.0,0.0003404485453379602,0.00012473566489285212,12.473566489285213,100000.0,0.01,16.366816709067592,23.430389465091444,30.495271637492333,0.999,tdse_dipole_acceleration,raw_fft_harmonic_order_grid,single_mode_bsv_random_phase_gamma_intensity,shared_fig_iv2_intensity_cases,hhg_intensity_prediction,quantum_light_hhg_bsv_threshold_tdse_dipole_acceleration,shared_normalized_raw_spectrum_for_log_display
BSV - 2e13 W/cm^2,20000000000000.0,32.959199031571934,33.0,0.03689304240578488,0.013517103355038636,1351.7103355038637,100000.0,0.01,16.366816709067592,23.430389465091444,30.495271637492333,0.999,tdse_dipole_acceleration,raw_fft_harmonic_order_grid,single_mode_bsv_random_phase_gamma_intensity,shared_fig_iv2_intensity_cases,hhg_intensity_prediction,quantum_light_hhg_bsv_threshold_tdse_dipole_acceleration,shared_normalized_raw_spectrum_for_log_display
BSV - 2e13 W/cm^2,20000000000000.0,32.99919805952287,33.0,0.1020597371393286,0.03739328408123003,3739.3284081230026,100000.0,0.01,16.366816709067592,23.430389465091444,30.495271637492333,0.999,tdse_dipole_acceleration,raw_fft_harmonic_order_grid,single_mode_bsv_random_phase_gamma_intensity,shared_fig_iv2_intensity_cases,hhg_intensity_prediction,quantum_light_hhg_bsv_threshold_tdse_dipole_acceleration,shared_normalized_raw_spectrum_for_log_display
BSV - 2e13 W/cm^2,20000000000000.0,33.03919708747381,33.0,0.037361325044016035,0.01368867567349151,1368.867567349151,100000.0,0.01,16.366816709067592,23.430389465091444,30.495271637492333,0.999,tdse_dipole_acceleration,raw_fft_harmonic_order_grid,single_mode_bsv_random_phase_gamma_intensity,shared_fig_iv2_intensity_cases,hhg_intensity_prediction,quantum_light_hhg_bsv_threshold_tdse_dipole_acceleration,shared_normalized_raw_spectrum_for_log_display
BSV - 2e13 W/cm^2,20000000000000.0,33.07919611542475,33.0,0.0003708221725352865,0.00013586414417569097,13.586414417569097,100000.0,0.01,16.366816709067592,23.430389465091444,30.495271637492333,0.999,tdse_dipole_acceleration,raw_fft_harmonic_order_grid,single_mode_bsv_random_phase_gamma_intensity,shared_fig_iv2_intensity_cases,hhg_intensity_prediction,quantum_light_hhg_bsv_threshold_tdse_dipole_acceleration,shared_normalized_raw_spectrum_for_log_display
BSV - 2e13 W/cm^2,20000000000000.0,33.11919514337568,33.0,0.00016519961974347267,6.052686871754065e-05,6.052686871754065,100000.0,0.01,16.366816709067592,23.430389465091444,30.495271637492333,0.999,tdse_dipole_acceleration,raw_fft_harmonic_order_grid,single_mode_bsv_random_phase_gamma_intensity,shared_fig_iv2_intensity_cases,hhg_intensity_prediction,quantum_light_hhg_bsv_threshold_tdse_dipole_acceleration,shared_normalized_raw_spectrum_for_log_display
BSV - 2e13 W/cm^2,20000000000000.0,33.15919417132662,33.0,0.00011207662314586277,4.106333335384658e-05,4.106333335384658,100000.0,0.01,16.366816709067592,23.430389465091444,30.495271637492333,0.999,tdse_dipole_acceleration,raw_fft_harmonic_order_grid,single_mode_bsv_random_phase_gamma_intensity,shared_fig_iv2_intensity_cases,hhg_intensity_prediction,quantum_light_hhg_bsv_threshold_tdse_dipole_acceleration,shared_normalized_raw_spectrum_for_log_display
BSV - 2e13 W/cm^2,20000000000000.0,33.19919319927755,33.0,3.318549175702108e-05,1.2158707786514781e-05,1.2158707786514782,100000.0,0.01,16.366816709067592,23.430389465091444,30.495271637492333,0.999,tdse_dipole_acceleration,raw_fft_harmonic_order_grid,single_mode_bsv_random_phase_gamma_intensity,shared_fig_iv2_intensity_cases,hhg_intensity_prediction,quantum_light_hhg_bsv_threshold_tdse_dipole_acceleration,shared_normalized_raw_spectrum_for_log_display
BSV - 2e13 W/cm^2,20000000000000.0,33.23919222722849,33.0,0.00013770084412739197,5.045169551682637e-05,5.045169551682637,100000.0,0.01,16.366816709067592,23.430389465091444,30.495271637492333,0.999,tdse_dipole_acceleration,raw_fft_harmonic_order_grid,single_mode_bsv_random_phase_gamma_intensity,shared_fig_iv2_intensity_cases,hhg_intensity_prediction,quantum_light_hhg_bsv_threshold_tdse_dipole_acceleration,shared_normalized_raw_spectrum_for_log_display
BSV - 2e13 W/cm^2,20000000000000.0,33.27919125517943,33.0,0.00016595116941101287,6.080222617981903e-05,6.080222617981903,100000.0,0.01,16.366816709067592,23.430389465091444,30.495271637492333,0.999,tdse_dipole_acceleration,raw_fft_harmonic_order_grid,single_mode_bsv_random_phase_gamma_intensity,shared_fig_iv2_intensity_cases,hhg_intensity_prediction,quantum_light_hhg_bsv_threshold_tdse_dipole_acceleration,shared_normalized_raw_spectrum_for_log_display
BSV - 2e13 W/cm^2,20000000000000.0,33.31919028313036,33.0,0.00026771127777667185,9.808573039910954e-05,9.808573039910954,100000.0,0.01,16.366816709067592,23.430389465091444,30.495271637492333,0.999,tdse_dipole_acceleration,raw_fft_harmonic_order_grid,single_mode_bsv_random_phase_gamma_intensity,shared_fig_iv2_intensity_cases,hhg_intensity_prediction,quantum_light_hhg_bsv_threshold_tdse_dipole_acceleration,shared_normalized_raw_spectrum_for_log_display
BSV - 2e13 W/cm^2,20000000000000.0,33.3591893110813,33.0,0.00022711817928480098,8.321297738024102e-05,8.321297738024102,100000.0,0.01,16.366816709067592,23.430389465091444,30.495271637492333,0.999,tdse_dipole_acceleration,raw_fft_harmonic_order_grid,single_mode_bsv_random_phase_gamma_intensity,shared_fig_iv2_intensity_cases,hhg_intensity_prediction,quantum_light_hhg_bsv_threshold_tdse_dipole_acceleration,shared_normalized_raw_spectrum_for_log_display
BSV - 2e13 W/cm^2,20000000000000.0,33.39918833903224,33.0,2.032496036316381e-05,7.446785952054475e-06,0.7446785952054474,100000.0,0.01,16.366816709067592,23.430389465091444,30.495271637492333,0.999,tdse_dipole_acceleration,raw_fft_harmonic_order_grid,single_mode_bsv_random_phase_gamma_intensity,shared_fig_iv2_intensity_cases,hhg_intensity_prediction,quantum_light_hhg_bsv_threshold_tdse_dipole_acceleration,shared_normalized_raw_spectrum_for_log_display
BSV - 2e13 W/cm^2,20000000000000.0,33.43918736698317,33.0,5.7812647934872545e-05,2.118175911785468e-05,2.118175911785468,100000.0,0.01,16.366816709067592,23.430389465091444,30.495271637492333,0.999,tdse_dipole_acceleration,raw_fft_harmonic_order_grid,single_mode_bsv_random_phase_gamma_intensity,shared_fig_iv2_intensity_cases,hhg_intensity_prediction,quantum_light_hhg_bsv_threshold_tdse_dipole_acceleration,shared_normalized_raw_spectrum_for_log_display
BSV - 2e13 W/cm^2,20000000000000.0,33.47918639493411,33.0,2.517612724499749e-05,9.224186780455774e-06,0.9224186780455773,100000.0,0.01,16.366816709067592,23.430389465091444,30.495271637492333,0.999,tdse_dipole_acceleration,raw_fft_harmonic_order_grid,single_mode_bsv_random_phase_gamma_intensity,shared_fig_iv2_intensity_cases,hhg_intensity_prediction,quantum_light_hhg_bsv_threshold_tdse_dipole_acceleration,shared_normalized_raw_spectrum_for_log_display
BSV - 2e13 W/cm^2,20000000000000.0,33.519185422885045,33.0,8.114710581209808e-05,2.9731183570059676e-05,2.973118357005968,100000.0,0.01,16.366816709067592,23.430389465091444,30.495271637492333,0.999,tdse_dipole_acceleration,raw_fft_harmonic_order_grid,single_mode_bsv_random_phase_gamma_intensity,shared_fig_iv2_intensity_cases,hhg_intensity_prediction,quantum_light_hhg_bsv_threshold_tdse_dipole_acceleration,shared_normalized_raw_spectrum_for_log_display
BSV - 2e13 W/cm^2,20000000000000.0,33.559184450835986,33.0,4.085313150773142e-05,1.4968025539699128e-05,1.4968025539699128,100000.0,0.01,16.366816709067592,23.430389465091444,30.495271637492333,0.999,tdse_dipole_acceleration,raw_fft_harmonic_order_grid,single_mode_bsv_random_phase_gamma_intensity,shared_fig_iv2_intensity_cases,hhg_intensity_prediction,quantum_light_hhg_bsv_threshold_tdse_dipole_acceleration,shared_normalized_raw_spectrum_for_log_display
BSV - 2e13 W/cm^2,20000000000000.0,33.59918347878693,33.0,5.126668327998255e-05,1.8783407693611506e-05,1.8783407693611505,100000.0,0.01,16.366816709067592,23.430389465091444,30.495271637492333,0.999,tdse_dipole_acceleration,raw_fft_harmonic_order_grid,single_mode_bsv_random_phase_gamma_intensity,shared_fig_iv2_intensity_cases,hhg_intensity_prediction,quantum_light_hhg_bsv_threshold_tdse_dipole_acceleration,shared_normalized_raw_spectrum_for_log_display
BSV - 2e13 W/cm^2,20000000000000.0,33.63918250673786,33.0,4.6387951857192765e-05,1.6995907596493365e-05,1.6995907596493365,100000.0,0.01,16.366816709067592,23.430389465091444,30.495271637492333,0.999,tdse_dipole_acceleration,raw_fft_harmonic_order_grid,single_mode_bsv_random_phase_gamma_intensity,shared_fig_iv2_intensity_cases,hhg_intensity_prediction,quantum_light_hhg_bsv_threshold_tdse_dipole_acceleration,shared_normalized_raw_spectrum_for_log_display
BSV - 2e13 W/cm^2,20000000000000.0,33.6791815346888,33.0,1.835194588408074e-05,6.7239005813816625e-06,0.6723900581381662,100000.0,0.01,16.366816709067592,23.430389465091444,30.495271637492333,0.999,tdse_dipole_acceleration,raw_fft_harmonic_order_grid,single_mode_bsv_random_phase_gamma_intensity,shared_fig_iv2_intensity_cases,hhg_intensity_prediction,quantum_light_hhg_bsv_threshold_tdse_dipole_acceleration,shared_normalized_raw_spectrum_for_log_display
BSV - 2e13 W/cm^2,20000000000000.0,33.719180562639735,33.0,4.056680174872111e-05,1.4863118253832163e-05,1.4863118253832164,100000.0,0.01,16.366816709067592,23.430389465091444,30.495271637492333,0.999,tdse_dipole_acceleration,raw_fft_harmonic_order_grid,single_mode_bsv_random_phase_gamma_intensity,shared_fig_iv2_intensity_cases,hhg_intensity_prediction,quantum_light_hhg_bsv_threshold_tdse_dipole_acceleration,shared_normalized_raw_spectrum_for_log_display
BSV - 2e13 W/cm^2,20000000000000.0,33.75917959059067,33.0,6.380256156875487e-05,2.337638109525622e-05,2.337638109525622,100000.0,0.01,16.366816709067592,23.430389465091444,30.495271637492333,0.999,tdse_dipole_acceleration,raw_fft_harmonic_order_grid,single_mode_bsv_random_phase_gamma_intensity,shared_fig_iv2_intensity_cases,hhg_intensity_prediction,quantum_light_hhg_bsv_threshold_tdse_dipole_acceleration,shared_normalized_raw_spectrum_for_log_display
BSV - 2e13 W/cm^2,20000000000000.0,33.7991786185416,33.0,1.142831392020072e-05,4.187177049105541e-06,0.41871770491055404,100000.0,0.01,16.366816709067592,23.430389465091444,30.495271637492333,0.999,tdse_dipole_acceleration,raw_fft_harmonic_order_grid,single_mode_bsv_random_phase_gamma_intensity,shared_fig_iv2_intensity_cases,hhg_intensity_prediction,quantum_light_hhg_bsv_threshold_tdse_dipole_acceleration,shared_normalized_raw_spectrum_for_log_display
BSV - 2e13 W/cm^2,20000000000000.0,33.839177646492544,33.0,9.965150147414532e-05,3.651093965347775e-05,3.651093965347775,100000.0,0.01,16.366816709067592,23.430389465091444,30.495271637492333,0.999,tdse_dipole_acceleration,raw_fft_harmonic_order_grid,single_mode_bsv_random_phase_gamma_intensity,shared_fig_iv2_intensity_cases,hhg_intensity_prediction,quantum_light_hhg_bsv_threshold_tdse_dipole_acceleration,shared_normalized_raw_spectrum_for_log_display
BSV - 2e13 W/cm^2,20000000000000.0,33.87917667444348,33.0,6.54685153724115e-05,2.3986763657395234e-05,2.3986763657395236,100000.0,0.01,16.366816709067592,23.430389465091444,30.495271637492333,0.999,tdse_dipole_acceleration,raw_fft_harmonic_order_grid,single_mode_bsv_random_phase_gamma_intensity,shared_fig_iv2_intensity_cases,hhg_intensity_prediction,quantum_light_hhg_bsv_threshold_tdse_dipole_acceleration,shared_normalized_raw_spectrum_for_log_display
BSV - 2e13 W/cm^2,20000000000000.0,33.91917570239441,33.0,3.360367543554107e-05,1.2311924535130197e-05,1.2311924535130196,100000.0,0.01,16.366816709067592,23.430389465091444,30.495271637492333,0.999,tdse_dipole_acceleration,raw_fft_harmonic_order_grid,single_mode_bsv_random_phase_gamma_intensity,shared_fig_iv2_intensity_cases,hhg_intensity_prediction,quantum_light_hhg_bsv_threshold_tdse_dipole_acceleration,shared_normalized_raw_spectrum_for_log_display
BSV - 2e13 W/cm^2,20000000000000.0,33.95917473034535,33.0,0.0001477077815234847,5.4118099755398385e-05,5.411809975539838,100000.0,0.01,16.366816709067592,23.430389465091444,30.495271637492333,0.999,tdse_dipole_acceleration,raw_fft_harmonic_order_grid,single_mode_bsv_random_phase_gamma_intensity,shared_fig_iv2_intensity_cases,hhg_intensity_prediction,quantum_light_hhg_bsv_threshold_tdse_dipole_acceleration,shared_normalized_raw_spectrum_for_log_display
BSV - 2e13 W/cm^2,20000000000000.0,33.999173758296294,33.0,6.297881191794965e-05,2.307457055206108e-05,2.307457055206108,100000.0,0.01,16.366816709067592,23.430389465091444,30.495271637492333,0.999,tdse_dipole_acceleration,raw_fft_harmonic_order_grid,single_mode_bsv_random_phase_gamma_intensity,shared_fig_iv2_intensity_cases,hhg_intensity_prediction,quantum_light_hhg_bsv_threshold_tdse_dipole_acceleration,shared_normalized_raw_spectrum_for_log_display
BSV - 2e13 W/cm^2,20000000000000.0,34.03917278624722,35.0,0.0001368333389616181,5.0133853554707345e-05,5.013385355470734,100000.0,0.01,16.366816709067592,23.430389465091444,30.495271637492333,0.999,tdse_dipole_acceleration,raw_fft_harmonic_order_grid,single_mode_bsv_random_phase_gamma_intensity,shared_fig_iv2_intensity_cases,hhg_intensity_prediction,quantum_light_hhg_bsv_threshold_tdse_dipole_acceleration,shared_normalized_raw_spectrum_for_log_display
BSV - 2e13 W/cm^2,20000000000000.0,34.07917181419816,35.0,0.0001779997266693985,6.521665185795618e-05,6.5216651857956185,100000.0,0.01,16.366816709067592,23.430389465091444,30.495271637492333,0.999,tdse_dipole_acceleration,raw_fft_harmonic_order_grid,single_mode_bsv_random_phase_gamma_intensity,shared_fig_iv2_intensity_cases,hhg_intensity_prediction,quantum_light_hhg_bsv_threshold_tdse_dipole_acceleration,shared_normalized_raw_spectrum_for_log_display
BSV - 2e13 W/cm^2,20000000000000.0,34.1191708421491,35.0,0.00016598911690332495,6.081612961911811e-05,6.0816129619118104,100000.0,0.01,16.366816709067592,23.430389465091444,30.495271637492333,0.999,tdse_dipole_acceleration,raw_fft_harmonic_order_grid,single_mode_bsv_random_phase_gamma_intensity,shared_fig_iv2_intensity_cases,hhg_intensity_prediction,quantum_light_hhg_bsv_threshold_tdse_dipole_acceleration,shared_normalized_raw_spectrum_for_log_display
BSV - 2e13 W/cm^2,20000000000000.0,34.15916987010004,35.0,6.920566486755581e-05,2.535600383616605e-05,2.5356003836166052,100000.0,0.01,16.366816709067592,23.430389465091444,30.495271637492333,0.999,tdse_dipole_acceleration,raw_fft_harmonic_order_grid,single_mode_bsv_random_phase_gamma_intensity,shared_fig_iv2_intensity_cases,hhg_intensity_prediction,quantum_light_hhg_bsv_threshold_tdse_dipole_acceleration,shared_normalized_raw_spectrum_for_log_display
BSV - 2e13 W/cm^2,20000000000000.0,34.19916889805098,35.0,0.00012543612123154012,4.595806972200325e-05,4.595806972200325,100000.0,0.01,16.366816709067592,23.430389465091444,30.495271637492333,0.999,tdse_dipole_acceleration,raw_fft_harmonic_order_grid,single_mode_bsv_random_phase_gamma_intensity,shared_fig_iv2_intensity_cases,hhg_intensity_prediction,quantum_light_hhg_bsv_threshold_tdse_dipole_acceleration,shared_normalized_raw_spectrum_for_log_display
BSV - 2e13 W/cm^2,20000000000000.0,34.23916792600191,35.0,8.578803904629979e-05,3.143155768126883e-05,3.143155768126883,100000.0,0.01,16.366816709067592,23.430389465091444,30.495271637492333,0.999,tdse_dipole_acceleration,raw_fft_harmonic_order_grid,single_mode_bsv_random_phase_gamma_intensity,shared_fig_iv2_intensity_cases,hhg_intensity_prediction,quantum_light_hhg_bsv_threshold_tdse_dipole_acceleration,shared_normalized_raw_spectrum_for_log_display
BSV - 2e13 W/cm^2,20000000000000.0,34.27916695395285,35.0,8.306760906623165e-05,3.0434829550087087e-05,3.0434829550087086,100000.0,0.01,16.366816709067592,23.430389465091444,30.495271637492333,0.999,tdse_dipole_acceleration,raw_fft_harmonic_order_grid,single_mode_bsv_random_phase_gamma_intensity,shared_fig_iv2_intensity_cases,hhg_intensity_prediction,quantum_light_hhg_bsv_threshold_tdse_dipole_acceleration,shared_normalized_raw_spectrum_for_log_display
BSV - 2e13 W/cm^2,20000000000000.0,34.31916598190379,35.0,0.00018015796766952512,6.600740167855703e-05,6.600740167855703,100000.0,0.01,16.366816709067592,23.430389465091444,30.495271637492333,0.999,tdse_dipole_acceleration,raw_fft_harmonic_order_grid,single_mode_bsv_random_phase_gamma_intensity,shared_fig_iv2_intensity_cases,hhg_intensity_prediction,quantum_light_hhg_bsv_threshold_tdse_dipole_acceleration,shared_normalized_raw_spectrum_for_log_display
BSV - 2e13 W/cm^2,20000000000000.0,34.35916500985472,35.0,4.11398618760861e-05,1.507307960332037e-05,1.507307960332037,100000.0,0.01,16.366816709067592,23.430389465091444,30.495271637492333,0.999,tdse_dipole_acceleration,raw_fft_harmonic_order_grid,single_mode_bsv_random_phase_gamma_intensity,shared_fig_iv2_intensity_cases,hhg_intensity_prediction,quantum_light_hhg_bsv_threshold_tdse_dipole_acceleration,shared_normalized_raw_spectrum_for_log_display
BSV - 2e13 W/cm^2,20000000000000.0,34.399164037805654,35.0,0.00028157343341053275,0.00010316463357997457,10.316463357997456,100000.0,0.01,16.366816709067592,23.430389465091444,30.495271637492333,0.999,tdse_dipole_acceleration,raw_fft_harmonic_order_grid,single_mode_bsv_random_phase_gamma_intensity,shared_fig_iv2_intensity_cases,hhg_intensity_prediction,quantum_light_hhg_bsv_threshold_tdse_dipole_acceleration,shared_normalized_raw_spectrum_for_log_display
BSV - 2e13 W/cm^2,20000000000000.0,34.439163065756595,35.0,7.188601435117086e-05,2.6338047024666222e-05,2.6338047024666222,100000.0,0.01,16.366816709067592,23.430389465091444,30.495271637492333,0.999,tdse_dipole_acceleration,raw_fft_harmonic_order_grid,single_mode_bsv_random_phase_gamma_intensity,shared_fig_iv2_intensity_cases,hhg_intensity_prediction,quantum_light_hhg_bsv_threshold_tdse_dipole_acceleration,shared_normalized_raw_spectrum_for_log_display
BSV - 2e13 W/cm^2,20000000000000.0,34.47916209370753,35.0,0.00016940644206936816,6.206819056218465e-05,6.206819056218465,100000.0,0.01,16.366816709067592,23.430389465091444,30.495271637492333,0.999,tdse_dipole_acceleration,raw_fft_harmonic_order_grid,single_mode_bsv_random_phase_gamma_intensity,shared_fig_iv2_intensity_cases,hhg_intensity_prediction,quantum_light_hhg_bsv_threshold_tdse_dipole_acceleration,shared_normalized_raw_spectrum_for_log_display
BSV - 2e13 W/cm^2,20000000000000.0,34.51916112165847,35.0,0.00013476012637637198,4.9374256975940376e-05,4.937425697594038,100000.0,0.01,16.366816709067592,23.430389465091444,30.495271637492333,0.999,tdse_dipole_acceleration,raw_fft_harmonic_order_grid,single_mode_bsv_random_phase_gamma_intensity,shared_fig_iv2_intensity_cases,hhg_intensity_prediction,quantum_light_hhg_bsv_threshold_tdse_dipole_acceleration,shared_normalized_raw_spectrum_for_log_display
BSV - 2e13 W/cm^2,20000000000000.0,34.559160149609404,35.0,6.132570763078536e-05,2.2468895876048095e-05,2.2468895876048096,100000.0,0.01,16.366816709067592,23.430389465091444,30.495271637492333,0.999,tdse_dipole_acceleration,raw_fft_harmonic_order_grid,single_mode_bsv_random_phase_gamma_intensity,shared_fig_iv2_intensity_cases,hhg_intensity_prediction,quantum_light_hhg_bsv_threshold_tdse_dipole_acceleration,shared_normalized_raw_spectrum_for_log_display
BSV - 2e13 W/cm^2,20000000000000.0,34.599159177560345,35.0,0.0003134348785495262,0.00011483822889498543,11.483822889498542,100000.0,0.01,16.366816709067592,23.430389465091444,30.495271637492333,0.999,tdse_dipole_acceleration,raw_fft_harmonic_order_grid,single_mode_bsv_random_phase_gamma_intensity,shared_fig_iv2_intensity_cases,hhg_intensity_prediction,quantum_light_hhg_bsv_threshold_tdse_dipole_acceleration,shared_normalized_raw_spectrum_for_log_display
BSV - 2e13 W/cm^2,20000000000000.0,34.639158205511286,35.0,5.030735596991816e-05,1.8431923360635534e-05,1.8431923360635534,100000.0,0.01,16.366816709067592,23.430389465091444,30.495271637492333,0.999,tdse_dipole_acceleration,raw_fft_harmonic_order_grid,single_mode_bsv_random_phase_gamma_intensity,shared_fig_iv2_intensity_cases,hhg_intensity_prediction,quantum_light_hhg_bsv_threshold_tdse_dipole_acceleration,shared_normalized_raw_spectrum_for_log_display
BSV - 2e13 W/cm^2,20000000000000.0,34.67915723346221,35.0,0.0011092277379431191,0.00040640578820091684,40.64057882009168,100000.0,0.01,16.366816709067592,23.430389465091444,30.495271637492333,0.999,tdse_dipole_acceleration,raw_fft_harmonic_order_grid,single_mode_bsv_random_phase_gamma_intensity,shared_fig_iv2_intensity_cases,hhg_intensity_prediction,quantum_light_hhg_bsv_threshold_tdse_dipole_acceleration,shared_normalized_raw_spectrum_for_log_display
BSV - 2e13 W/cm^2,20000000000000.0,34.719156261413154,35.0,0.0010018209056081983,0.0003670534019775247,36.70534019775247,100000.0,0.01,16.366816709067592,23.430389465091444,30.495271637492333,0.999,tdse_dipole_acceleration,raw_fft_harmonic_order_grid,single_mode_bsv_random_phase_gamma_intensity,shared_fig_iv2_intensity_cases,hhg_intensity_prediction,quantum_light_hhg_bsv_threshold_tdse_dipole_acceleration,shared_normalized_raw_spectrum_for_log_display
BSV - 2e13 W/cm^2,20000000000000.0,34.75915528936409,35.0,0.0024708092629101763,0.0009052705333975602,90.52705333975602,100000.0,0.01,16.366816709067592,23.430389465091444,30.495271637492333,0.999,tdse_dipole_acceleration,raw_fft_harmonic_order_grid,single_mode_bsv_random_phase_gamma_intensity,shared_fig_iv2_intensity_cases,hhg_intensity_prediction,quantum_light_hhg_bsv_threshold_tdse_dipole_acceleration,shared_normalized_raw_spectrum_for_log_display
BSV - 2e13 W/cm^2,20000000000000.0,34.79915431731503,35.0,0.000403794840682967,0.00014794487631866277,14.794487631866277,100000.0,0.01,16.366816709067592,23.430389465091444,30.495271637492333,0.999,tdse_dipole_acceleration,raw_fft_harmonic_order_grid,single_mode_bsv_random_phase_gamma_intensity,shared_fig_iv2_intensity_cases,hhg_intensity_prediction,quantum_light_hhg_bsv_threshold_tdse_dipole_acceleration,shared_normalized_raw_spectrum_for_log_display
BSV - 2e13 W/cm^2,20000000000000.0,34.83915334526596,35.0,0.0008691521751212554,0.00031844540369293264,31.844540369293263,100000.0,0.01,16.366816709067592,23.430389465091444,30.495271637492333,0.999,tdse_dipole_acceleration,raw_fft_harmonic_order_grid,single_mode_bsv_random_phase_gamma_intensity,shared_fig_iv2_intensity_cases,hhg_intensity_prediction,quantum_light_hhg_bsv_threshold_tdse_dipole_acceleration,shared_normalized_raw_spectrum_for_log_display
BSV - 2e13 W/cm^2,20000000000000.0,34.8791523732169,35.0,0.0010518709920953229,0.0003853910653378391,38.53910653378391,100000.0,0.01,16.366816709067592,23.430389465091444,30.495271637492333,0.999,tdse_dipole_acceleration,raw_fft_harmonic_order_grid,single_mode_bsv_random_phase_gamma_intensity,shared_fig_iv2_intensity_cases,hhg_intensity_prediction,quantum_light_hhg_bsv_threshold_tdse_dipole_acceleration,shared_normalized_raw_spectrum_for_log_display
BSV - 2e13 W/cm^2,20000000000000.0,34.91915140116784,35.0,0.0016281403194990309,0.0005965282215847611,59.65282215847611,100000.0,0.01,16.366816709067592,23.430389465091444,30.495271637492333,0.999,tdse_dipole_acceleration,raw_fft_harmonic_order_grid,single_mode_bsv_random_phase_gamma_intensity,shared_fig_iv2_intensity_cases,hhg_intensity_prediction,quantum_light_hhg_bsv_threshold_tdse_dipole_acceleration,shared_normalized_raw_spectrum_for_log_display
BSV - 2e13 W/cm^2,20000000000000.0,34.95915042911877,35.0,0.0421746123402124,0.015452197942665466,1545.2197942665466,100000.0,0.01,16.366816709067592,23.430389465091444,30.495271637492333,0.999,tdse_dipole_acceleration,raw_fft_harmonic_order_grid,single_mode_bsv_random_phase_gamma_intensity,shared_fig_iv2_intensity_cases,hhg_intensity_prediction,quantum_light_hhg_bsv_threshold_tdse_dipole_acceleration,shared_normalized_raw_spectrum_for_log_display
BSV - 2e13 W/cm^2,20000000000000.0,34.999149457069706,35.0,0.09336638001891608,0.03420815759026728,3420.8157590267283,100000.0,0.01,16.366816709067592,23.430389465091444,30.495271637492333,0.999,tdse_dipole_acceleration,raw_fft_harmonic_order_grid,single_mode_bsv_random_phase_gamma_intensity,shared_fig_iv2_intensity_cases,hhg_intensity_prediction,quantum_light_hhg_bsv_threshold_tdse_dipole_acceleration,shared_normalized_raw_spectrum_for_log_display
BSV - 2e13 W/cm^2,20000000000000.0,35.03914848502065,35.0,0.03846152820533835,0.014091774980931716,1409.1774980931716,100000.0,0.01,16.366816709067592,23.430389465091444,30.495271637492333,0.999,tdse_dipole_acceleration,raw_fft_harmonic_order_grid,single_mode_bsv_random_phase_gamma_intensity,shared_fig_iv2_intensity_cases,hhg_intensity_prediction,quantum_light_hhg_bsv_threshold_tdse_dipole_acceleration,shared_normalized_raw_spectrum_for_log_display
BSV - 2e13 W/cm^2,20000000000000.0,35.07914751297158,35.0,0.00022745190210945204,8.333524883357165e-05,8.333524883357166,100000.0,0.01,16.366816709067592,23.430389465091444,30.495271637492333,0.999,tdse_dipole_acceleration,raw_fft_harmonic_order_grid,single_mode_bsv_random_phase_gamma_intensity,shared_fig_iv2_intensity_cases,hhg_intensity_prediction,quantum_light_hhg_bsv_threshold_tdse_dipole_acceleration,shared_normalized_raw_spectrum_for_log_display
BSV - 2e13 W/cm^2,20000000000000.0,35.11914654092252,35.0,0.0007717138952435481,0.0002827453579944074,28.274535799440738,100000.0,0.01,16.366816709067592,23.430389465091444,30.495271637492333,0.999,tdse_dipole_acceleration,raw_fft_harmonic_order_grid,single_mode_bsv_random_phase_gamma_intensity,shared_fig_iv2_intensity_cases,hhg_intensity_prediction,quantum_light_hhg_bsv_threshold_tdse_dipole_acceleration,shared_normalized_raw_spectrum_for_log_display
BSV - 2e13 W/cm^2,20000000000000.0,35.15914556887346,35.0,0.0003384056621380583,0.00012398718058376148,12.398718058376147,100000.0,0.01,16.366816709067592,23.430389465091444,30.495271637492333,0.999,tdse_dipole_acceleration,raw_fft_harmonic_order_grid,single_mode_bsv_random_phase_gamma_intensity,shared_fig_iv2_intensity_cases,hhg_intensity_prediction,quantum_light_hhg_bsv_threshold_tdse_dipole_acceleration,shared_normalized_raw_spectrum_for_log_display
BSV - 2e13 W/cm^2,20000000000000.0,35.1991445968244,35.0,8.937846509609209e-05,3.27470404075201e-05,3.27470404075201,100000.0,0.01,16.366816709067592,23.430389465091444,30.495271637492333,0.999,tdse_dipole_acceleration,raw_fft_harmonic_order_grid,single_mode_bsv_random_phase_gamma_intensity,shared_fig_iv2_intensity_cases,hhg_intensity_prediction,quantum_light_hhg_bsv_threshold_tdse_dipole_acceleration,shared_normalized_raw_spectrum_for_log_display
BSV - 2e13 W/cm^2,20000000000000.0,35.23914362477533,35.0,0.0002540438697102796,9.307818004864172e-05,9.307818004864172,100000.0,0.01,16.366816709067592,23.430389465091444,30.495271637492333,0.999,tdse_dipole_acceleration,raw_fft_harmonic_order_grid,single_mode_bsv_random_phase_gamma_intensity,shared_fig_iv2_intensity_cases,hhg_intensity_prediction,quantum_light_hhg_bsv_threshold_tdse_dipole_acceleration,shared_normalized_raw_spectrum_for_log_display
BSV - 2e13 W/cm^2,20000000000000.0,35.279142652726264,35.0,1.9904775521733245e-05,7.292836004870208e-06,0.7292836004870208,100000.0,0.01,16.366816709067592,23.430389465091444,30.495271637492333,0.999,tdse_dipole_acceleration,raw_fft_harmonic_order_grid,single_mode_bsv_random_phase_gamma_intensity,shared_fig_iv2_intensity_cases,hhg_intensity_prediction,quantum_light_hhg_bsv_threshold_tdse_dipole_acceleration,shared_normalized_raw_spectrum_for_log_display
BSV - 2e13 W/cm^2,20000000000000.0,35.319141680677205,35.0,9.942892643802026e-06,3.642939122127032e-06,0.36429391221270324,100000.0,0.01,16.366816709067592,23.430389465091444,30.495271637492333,0.999,tdse_dipole_acceleration,raw_fft_harmonic_order_grid,single_mode_bsv_random_phase_gamma_intensity,shared_fig_iv2_intensity_cases,hhg_intensity_prediction,quantum_light_hhg_bsv_threshold_tdse_dipole_acceleration,shared_normalized_raw_spectrum_for_log_display
BSV - 2e13 W/cm^2,20000000000000.0,35.35914070862814,35.0,0.0001631229823705673,5.976601734367574e-05,5.976601734367574,100000.0,0.01,16.366816709067592,23.430389465091444,30.495271637492333,0.999,tdse_dipole_acceleration,raw_fft_harmonic_order_grid,single_mode_bsv_random_phase_gamma_intensity,shared_fig_iv2_intensity_cases,hhg_intensity_prediction,quantum_light_hhg_bsv_threshold_tdse_dipole_acceleration,shared_normalized_raw_spectrum_for_log_display
BSV - 2e13 W/cm^2,20000000000000.0,35.39913973657907,35.0,1.0793186829725869e-05,3.954475217928088e-06,0.39544752179280884,100000.0,0.01,16.366816709067592,23.430389465091444,30.495271637492333,0.999,tdse_dipole_acceleration,raw_fft_harmonic_order_grid,single_mode_bsv_random_phase_gamma_intensity,shared_fig_iv2_intensity_cases,hhg_intensity_prediction,quantum_light_hhg_bsv_threshold_tdse_dipole_acceleration,shared_normalized_raw_spectrum_for_log_display
BSV - 2e13 W/cm^2,20000000000000.0,35.43913876453002,35.0,5.273087565661842e-05,1.931986764367362e-05,1.9319867643673618,100000.0,0.01,16.366816709067592,23.430389465091444,30.495271637492333,0.999,tdse_dipole_acceleration,raw_fft_harmonic_order_grid,single_mode_bsv_random_phase_gamma_intensity,shared_fig_iv2_intensity_cases,hhg_intensity_prediction,quantum_light_hhg_bsv_threshold_tdse_dipole_acceleration,shared_normalized_raw_spectrum_for_log_display
BSV - 2e13 W/cm^2,20000000000000.0,35.479137792480955,35.0,5.1287859798813715e-05,1.879116647887493e-05,1.879116647887493,100000.0,0.01,16.366816709067592,23.430389465091444,30.495271637492333,0.999,tdse_dipole_acceleration,raw_fft_harmonic_order_grid,single_mode_bsv_random_phase_gamma_intensity,shared_fig_iv2_intensity_cases,hhg_intensity_prediction,quantum_light_hhg_bsv_threshold_tdse_dipole_acceleration,shared_normalized_raw_spectrum_for_log_display
BSV - 2e13 W/cm^2,20000000000000.0,35.51913682043189,35.0,3.2786239469756356e-05,1.2012427239295758e-05,1.2012427239295758,100000.0,0.01,16.366816709067592,23.430389465091444,30.495271637492333,0.999,tdse_dipole_acceleration,raw_fft_harmonic_order_grid,single_mode_bsv_random_phase_gamma_intensity,shared_fig_iv2_intensity_cases,hhg_intensity_prediction,quantum_light_hhg_bsv_threshold_tdse_dipole_acceleration,shared_normalized_raw_spectrum_for_log_display
BSV - 2e13 W/cm^2,20000000000000.0,35.55913584838283,35.0,6.46554917532894e-05,2.3688882984695883e-05,2.3688882984695883,100000.0,0.01,16.366816709067592,23.430389465091444,30.495271637492333,0.999,tdse_dipole_acceleration,raw_fft_harmonic_order_grid,single_mode_bsv_random_phase_gamma_intensity,shared_fig_iv2_intensity_cases,hhg_intensity_prediction,quantum_light_hhg_bsv_threshold_tdse_dipole_acceleration,shared_normalized_raw_spectrum_for_log_display
BSV - 2e13 W/cm^2,20000000000000.0,35.599134876333764,35.0,2.712096675050611e-05,9.936749228295537e-06,0.9936749228295537,100000.0,0.01,16.366816709067592,23.430389465091444,30.495271637492333,0.999,tdse_dipole_acceleration,raw_fft_harmonic_order_grid,single_mode_bsv_random_phase_gamma_intensity,shared_fig_iv2_intensity_cases,hhg_intensity_prediction,quantum_light_hhg_bsv_threshold_tdse_dipole_acceleration,shared_normalized_raw_spectrum_for_log_display
BSV - 2e13 W/cm^2,20000000000000.0,35.6391339042847,35.0,1.5422733888602628e-05,5.650677591089917e-06,0.5650677591089918,100000.0,0.01,16.366816709067592,23.430389465091444,30.495271637492333,0.999,tdse_dipole_acceleration,raw_fft_harmonic_order_grid,single_mode_bsv_random_phase_gamma_intensity,shared_fig_iv2_intensity_cases,hhg_intensity_prediction,quantum_light_hhg_bsv_threshold_tdse_dipole_acceleration,shared_normalized_raw_spectrum_for_log_display
BSV - 2e13 W/cm^2,20000000000000.0,35.67913293223564,35.0,4.0522057537456464e-06,1.4846724590182753e-06,0.14846724590182753,100000.0,0.01,16.366816709067592,23.430389465091444,30.495271637492333,0.999,tdse_dipole_acceleration,raw_fft_harmonic_order_grid,single_mode_bsv_random_phase_gamma_intensity,shared_fig_iv2_intensity_cases,hhg_intensity_prediction,quantum_light_hhg_bsv_threshold_tdse_dipole_acceleration,shared_normalized_raw_spectrum_for_log_display
BSV - 2e13 W/cm^2,20000000000000.0,35.71913196018657,35.0,2.804895173891705e-06,1.0276750165662203e-06,0.10276750165662203,100000.0,0.01,16.366816709067592,23.430389465091444,30.495271637492333,0.999,tdse_dipole_acceleration,raw_fft_harmonic_order_grid,single_mode_bsv_random_phase_gamma_intensity,shared_fig_iv2_intensity_cases,hhg_intensity_prediction,quantum_light_hhg_bsv_threshold_tdse_dipole_acceleration,shared_normalized_raw_spectrum_for_log_display
BSV - 2e13 W/cm^2,20000000000000.0,35.75913098813751,35.0,4.141269304405586e-05,1.5173041191073429e-05,1.5173041191073429,100000.0,0.01,16.366816709067592,23.430389465091444,30.495271637492333,0.999,tdse_dipole_acceleration,raw_fft_harmonic_order_grid,single_mode_bsv_random_phase_gamma_intensity,shared_fig_iv2_intensity_cases,hhg_intensity_prediction,quantum_light_hhg_bsv_threshold_tdse_dipole_acceleration,shared_normalized_raw_spectrum_for_log_display
BSV - 2e13 W/cm^2,20000000000000.0,35.799130016088455,35.0,1.934442588303487e-05,7.087531603624708e-06,0.7087531603624708,100000.0,0.01,16.366816709067592,23.430389465091444,30.495271637492333,0.999,tdse_dipole_acceleration,raw_fft_harmonic_order_grid,single_mode_bsv_random_phase_gamma_intensity,shared_fig_iv2_intensity_cases,hhg_intensity_prediction,quantum_light_hhg_bsv_threshold_tdse_dipole_acceleration,shared_normalized_raw_spectrum_for_log_display
BSV - 2e13 W/cm^2,20000000000000.0,35.83912904403939,35.0,6.341077773677242e-05,2.3232836887340488e-05,2.323283688734049,100000.0,0.01,16.366816709067592,23.430389465091444,30.495271637492333,0.999,tdse_dipole_acceleration,raw_fft_harmonic_order_grid,single_mode_bsv_random_phase_gamma_intensity,shared_fig_iv2_intensity_cases,hhg_intensity_prediction,quantum_light_hhg_bsv_threshold_tdse_dipole_acceleration,shared_normalized_raw_spectrum_for_log_display
BSV - 2e13 W/cm^2,20000000000000.0,35.879128071990316,35.0,9.140971974797407e-06,3.3491264176541287e-06,0.33491264176541286,100000.0,0.01,16.366816709067592,23.430389465091444,30.495271637492333,0.999,tdse_dipole_acceleration,raw_fft_harmonic_order_grid,single_mode_bsv_random_phase_gamma_intensity,shared_fig_iv2_intensity_cases,hhg_intensity_prediction,quantum_light_hhg_bsv_threshold_tdse_dipole_acceleration,shared_normalized_raw_spectrum_for_log_display
BSV - 2e13 W/cm^2,20000000000000.0,35.91912709994125,35.0,1.2500870165162235e-05,4.5801469066135145e-06,0.4580146906613515,100000.0,0.01,16.366816709067592,23.430389465091444,30.495271637492333,0.999,tdse_dipole_acceleration,raw_fft_harmonic_order_grid,single_mode_bsv_random_phase_gamma_intensity,shared_fig_iv2_intensity_cases,hhg_intensity_prediction,quantum_light_hhg_bsv_threshold_tdse_dipole_acceleration,shared_normalized_raw_spectrum_for_log_display
BSV - 2e13 W/cm^2,20000000000000.0,35.9591261278922,35.0,4.8103434401694286e-05,1.7624436808119344e-05,1.7624436808119344,100000.0,0.01,16.366816709067592,23.430389465091444,30.495271637492333,0.999,tdse_dipole_acceleration,raw_fft_harmonic_order_grid,single_mode_bsv_random_phase_gamma_intensity,shared_fig_iv2_intensity_cases,hhg_intensity_prediction,quantum_light_hhg_bsv_threshold_tdse_dipole_acceleration,shared_normalized_raw_spectrum_for_log_display
BSV - 2e13 W/cm^2,20000000000000.0,35.99912515584313,35.0,1.5793528502199753e-05,5.786531638049678e-06,0.5786531638049678,100000.0,0.01,16.366816709067592,23.430389465091444,30.495271637492333,0.999,tdse_dipole_acceleration,raw_fft_harmonic_order_grid,single_mode_bsv_random_phase_gamma_intensity,shared_fig_iv2_intensity_cases,hhg_intensity_prediction,quantum_light_hhg_bsv_threshold_tdse_dipole_acceleration,shared_normalized_raw_spectrum_for_log_display
BSV - 2e13 W/cm^2,20000000000000.0,36.039124183794065,37.0,7.51124307660951e-05,2.752016162685164e-05,2.752016162685164,100000.0,0.01,16.366816709067592,23.430389465091444,30.495271637492333,0.999,tdse_dipole_acceleration,raw_fft_harmonic_order_grid,single_mode_bsv_random_phase_gamma_intensity,shared_fig_iv2_intensity_cases,hhg_intensity_prediction,quantum_light_hhg_bsv_threshold_tdse_dipole_acceleration,shared_normalized_raw_spectrum_for_log_display
BSV - 2e13 W/cm^2,20000000000000.0,36.07912321174501,37.0,0.00015018843004877973,5.50269752592164e-05,5.50269752592164,100000.0,0.01,16.366816709067592,23.430389465091444,30.495271637492333,0.999,tdse_dipole_acceleration,raw_fft_harmonic_order_grid,single_mode_bsv_random_phase_gamma_intensity,shared_fig_iv2_intensity_cases,hhg_intensity_prediction,quantum_light_hhg_bsv_threshold_tdse_dipole_acceleration,shared_normalized_raw_spectrum_for_log_display
BSV - 2e13 W/cm^2,20000000000000.0,36.11912223969594,37.0,0.00017479916803135882,6.404401118960457e-05,6.404401118960457,100000.0,0.01,16.366816709067592,23.430389465091444,30.495271637492333,0.999,tdse_dipole_acceleration,raw_fft_harmonic_order_grid,single_mode_bsv_random_phase_gamma_intensity,shared_fig_iv2_intensity_cases,hhg_intensity_prediction,quantum_light_hhg_bsv_threshold_tdse_dipole_acceleration,shared_normalized_raw_spectrum_for_log_display
BSV - 2e13 W/cm^2,20000000000000.0,36.15912126764688,37.0,1.951918803519595e-05,7.1515620527085145e-06,0.7151562052708514,100000.0,0.01,16.366816709067592,23.430389465091444,30.495271637492333,0.999,tdse_dipole_acceleration,raw_fft_harmonic_order_grid,single_mode_bsv_random_phase_gamma_intensity,shared_fig_iv2_intensity_cases,hhg_intensity_prediction,quantum_light_hhg_bsv_threshold_tdse_dipole_acceleration,shared_normalized_raw_spectrum_for_log_display
BSV - 2e13 W/cm^2,20000000000000.0,36.199120295597815,37.0,4.409991671156692e-05,1.6157602986013857e-05,1.6157602986013857,100000.0,0.01,16.366816709067592,23.430389465091444,30.495271637492333,0.999,tdse_dipole_acceleration,raw_fft_harmonic_order_grid,single_mode_bsv_random_phase_gamma_intensity,shared_fig_iv2_intensity_cases,hhg_intensity_prediction,quantum_light_hhg_bsv_threshold_tdse_dipole_acceleration,shared_normalized_raw_spectrum_for_log_display
BSV - 2e13 W/cm^2,20000000000000.0,36.23911932354875,37.0,1.2639235603942597e-05,4.630842100471156e-06,0.4630842100471156,100000.0,0.01,16.366816709067592,23.430389465091444,30.495271637492333,0.999,tdse_dipole_acceleration,raw_fft_harmonic_order_grid,single_mode_bsv_random_phase_gamma_intensity,shared_fig_iv2_intensity_cases,hhg_intensity_prediction,quantum_light_hhg_bsv_threshold_tdse_dipole_acceleration,shared_normalized_raw_spectrum_for_log_display
BSV - 2e13 W/cm^2,20000000000000.0,36.27911835149968,37.0,3.271802383917935e-05,1.198743397040791e-05,1.198743397040791,100000.0,0.01,16.366816709067592,23.430389465091444,30.495271637492333,0.999,tdse_dipole_acceleration,raw_fft_harmonic_order_grid,single_mode_bsv_random_phase_gamma_intensity,shared_fig_iv2_intensity_cases,hhg_intensity_prediction,quantum_light_hhg_bsv_threshold_tdse_dipole_acceleration,shared_normalized_raw_spectrum_for_log_display
BSV - 2e13 W/cm^2,20000000000000.0,36.31911737945063,37.0,2.0228709343893238e-05,7.411520902314252e-06,0.7411520902314251,100000.0,0.01,16.366816709067592,23.430389465091444,30.495271637492333,0.999,tdse_dipole_acceleration,raw_fft_harmonic_order_grid,single_mode_bsv_random_phase_gamma_intensity,shared_fig_iv2_intensity_cases,hhg_intensity_prediction,quantum_light_hhg_bsv_threshold_tdse_dipole_acceleration,shared_normalized_raw_spectrum_for_log_display
BSV - 2e13 W/cm^2,20000000000000.0,36.359116407401565,37.0,2.4518183869201414e-05,8.983125376124315e-06,0.8983125376124315,100000.0,0.01,16.366816709067592,23.430389465091444,30.495271637492333,0.999,tdse_dipole_acceleration,raw_fft_harmonic_order_grid,single_mode_bsv_random_phase_gamma_intensity,shared_fig_iv2_intensity_cases,hhg_intensity_prediction,quantum_light_hhg_bsv_threshold_tdse_dipole_acceleration,shared_normalized_raw_spectrum_for_log_display
BSV - 2e13 W/cm^2,20000000000000.0,36.3991154353525,37.0,3.390377564511988e-05,1.2421877124703276e-05,1.2421877124703276,100000.0,0.01,16.366816709067592,23.430389465091444,30.495271637492333,0.999,tdse_dipole_acceleration,raw_fft_harmonic_order_grid,single_mode_bsv_random_phase_gamma_intensity,shared_fig_iv2_intensity_cases,hhg_intensity_prediction,quantum_light_hhg_bsv_threshold_tdse_dipole_acceleration,shared_normalized_raw_spectrum_for_log_display
BSV - 2e13 W/cm^2,20000000000000.0,36.43911446330343,37.0,1.1902693967146688e-05,4.3609833742551105e-06,0.4360983374255111,100000.0,0.01,16.366816709067592,23.430389465091444,30.495271637492333,0.999,tdse_dipole_acceleration,raw_fft_harmonic_order_grid,single_mode_bsv_random_phase_gamma_intensity,shared_fig_iv2_intensity_cases,hhg_intensity_prediction,quantum_light_hhg_bsv_threshold_tdse_dipole_acceleration,shared_normalized_raw_spectrum_for_log_display
BSV - 2e13 W/cm^2,20000000000000.0,36.479113491254374,37.0,6.187707944778493e-05,2.267091092689329e-05,2.2670910926893293,100000.0,0.01,16.366816709067592,23.430389465091444,30.495271637492333,0.999,tdse_dipole_acceleration,raw_fft_harmonic_order_grid,single_mode_bsv_random_phase_gamma_intensity,shared_fig_iv2_intensity_cases,hhg_intensity_prediction,quantum_light_hhg_bsv_threshold_tdse_dipole_acceleration,shared_normalized_raw_spectrum_for_log_display
BSV - 2e13 W/cm^2,20000000000000.0,36.51911251920531,37.0,7.991150568147e-07,2.927847667515257e-07,0.029278476675152567,100000.0,0.01,16.366816709067592,23.430389465091444,30.495271637492333,0.999,tdse_dipole_acceleration,raw_fft_harmonic_order_grid,single_mode_bsv_random_phase_gamma_intensity,shared_fig_iv2_intensity_cases,hhg_intensity_prediction,quantum_light_hhg_bsv_threshold_tdse_dipole_acceleration,shared_normalized_raw_spectrum_for_log_display
BSV - 2e13 W/cm^2,20000000000000.0,36.55911154715624,37.0,8.672350386432298e-05,3.1774299125336863e-05,3.1774299125336865,100000.0,0.01,16.366816709067592,23.430389465091444,30.495271637492333,0.999,tdse_dipole_acceleration,raw_fft_harmonic_order_grid,single_mode_bsv_random_phase_gamma_intensity,shared_fig_iv2_intensity_cases,hhg_intensity_prediction,quantum_light_hhg_bsv_threshold_tdse_dipole_acceleration,shared_normalized_raw_spectrum_for_log_display
BSV - 2e13 W/cm^2,20000000000000.0,36.59911057510718,37.0,4.4756406670309125e-05,1.6398131878325325e-05,1.6398131878325326,100000.0,0.01,16.366816709067592,23.430389465091444,30.495271637492333,0.999,tdse_dipole_acceleration,raw_fft_harmonic_order_grid,single_mode_bsv_random_phase_gamma_intensity,shared_fig_iv2_intensity_cases,hhg_intensity_prediction,quantum_light_hhg_bsv_threshold_tdse_dipole_acceleration,shared_normalized_raw_spectrum_for_log_display
BSV - 2e13 W/cm^2,20000000000000.0,36.63910960305812,37.0,8.077253314896338e-05,2.9593945297708084e-05,2.959394529770808,100000.0,0.01,16.366816709067592,23.430389465091444,30.495271637492333,0.999,tdse_dipole_acceleration,raw_fft_harmonic_order_grid,single_mode_bsv_random_phase_gamma_intensity,shared_fig_iv2_intensity_cases,hhg_intensity_prediction,quantum_light_hhg_bsv_threshold_tdse_dipole_acceleration,shared_normalized_raw_spectrum_for_log_display
BSV - 2e13 W/cm^2,20000000000000.0,36.67910863100906,37.0,0.0005184514697359817,0.00018995348835459808,18.995348835459808,100000.0,0.01,16.366816709067592,23.430389465091444,30.495271637492333,0.999,tdse_dipole_acceleration,raw_fft_harmonic_order_grid,single_mode_bsv_random_phase_gamma_intensity,shared_fig_iv2_intensity_cases,hhg_intensity_prediction,quantum_light_hhg_bsv_threshold_tdse_dipole_acceleration,shared_normalized_raw_spectrum_for_log_display
BSV - 2e13 W/cm^2,20000000000000.0,36.71910765896,37.0,0.00081962207352034,0.0003002982556436799,30.02982556436799,100000.0,0.01,16.366816709067592,23.430389465091444,30.495271637492333,0.999,tdse_dipole_acceleration,raw_fft_harmonic_order_grid,single_mode_bsv_random_phase_gamma_intensity,shared_fig_iv2_intensity_cases,hhg_intensity_prediction,quantum_light_hhg_bsv_threshold_tdse_dipole_acceleration,shared_normalized_raw_spectrum_for_log_display
BSV - 2e13 W/cm^2,20000000000000.0,36.75910668691093,37.0,0.00119675798329532,0.0004384756663124621,43.84756663124621,100000.0,0.01,16.366816709067592,23.430389465091444,30.495271637492333,0.999,tdse_dipole_acceleration,raw_fft_harmonic_order_grid,single_mode_bsv_random_phase_gamma_intensity,shared_fig_iv2_intensity_cases,hhg_intensity_prediction,quantum_light_hhg_bsv_threshold_tdse_dipole_acceleration,shared_normalized_raw_spectrum_for_log_display
BSV - 2e13 W/cm^2,20000000000000.0,36.79910571486187,37.0,0.000250023090628873,9.160502189016388e-05,9.160502189016388,100000.0,0.01,16.366816709067592,23.430389465091444,30.495271637492333,0.999,tdse_dipole_acceleration,raw_fft_harmonic_order_grid,single_mode_bsv_random_phase_gamma_intensity,shared_fig_iv2_intensity_cases,hhg_intensity_prediction,quantum_light_hhg_bsv_threshold_tdse_dipole_acceleration,shared_normalized_raw_spectrum_for_log_display
BSV - 2e13 W/cm^2,20000000000000.0,36.8391047428128,37.0,0.00020411971617770652,7.478665679094494e-05,7.478665679094494,100000.0,0.01,16.366816709067592,23.430389465091444,30.495271637492333,0.999,tdse_dipole_acceleration,raw_fft_harmonic_order_grid,single_mode_bsv_random_phase_gamma_intensity,shared_fig_iv2_intensity_cases,hhg_intensity_prediction,quantum_light_hhg_bsv_threshold_tdse_dipole_acceleration,shared_normalized_raw_spectrum_for_log_display
BSV - 2e13 W/cm^2,20000000000000.0,36.87910377076374,37.0,0.0005199209625616845,0.00019049189031630233,19.049189031630235,100000.0,0.01,16.366816709067592,23.430389465091444,30.495271637492333,0.999,tdse_dipole_acceleration,raw_fft_harmonic_order_grid,single_mode_bsv_random_phase_gamma_intensity,shared_fig_iv2_intensity_cases,hhg_intensity_prediction,quantum_light_hhg_bsv_threshold_tdse_dipole_acceleration,shared_normalized_raw_spectrum_for_log_display
BSV - 2e13 W/cm^2,20000000000000.0,36.919102798714675,37.0,0.0004884077737097951,0.0001789458913153891,17.89458913153891,100000.0,0.01,16.366816709067592,23.430389465091444,30.495271637492333,0.999,tdse_dipole_acceleration,raw_fft_harmonic_order_grid,single_mode_bsv_random_phase_gamma_intensity,shared_fig_iv2_intensity_cases,hhg_intensity_prediction,quantum_light_hhg_bsv_threshold_tdse_dipole_acceleration,shared_normalized_raw_spectrum_for_log_display
BSV - 2e13 W/cm^2,20000000000000.0,36.95910182666561,37.0,0.04452927609972303,0.016314914360942706,1631.4914360942705,100000.0,0.01,16.366816709067592,23.430389465091444,30.495271637492333,0.999,tdse_dipole_acceleration,raw_fft_harmonic_order_grid,single_mode_bsv_random_phase_gamma_intensity,shared_fig_iv2_intensity_cases,hhg_intensity_prediction,quantum_light_hhg_bsv_threshold_tdse_dipole_acceleration,shared_normalized_raw_spectrum_for_log_display
BSV - 2e13 W/cm^2,20000000000000.0,36.99910085461655,37.0,0.11406048809163183,0.0417901941862889,4179.01941862889,100000.0,0.01,16.366816709067592,23.430389465091444,30.495271637492333,0.999,tdse_dipole_acceleration,raw_fft_harmonic_order_grid,single_mode_bsv_random_phase_gamma_intensity,shared_fig_iv2_intensity_cases,hhg_intensity_prediction,quantum_light_hhg_bsv_threshold_tdse_dipole_acceleration,shared_normalized_raw_spectrum_for_log_display
BSV - 2e13 W/cm^2,20000000000000.0,37.03909988256749,37.0,0.044116647810906906,0.016163733030712654,1616.3733030712654,100000.0,0.01,16.366816709067592,23.430389465091444,30.495271637492333,0.999,tdse_dipole_acceleration,raw_fft_harmonic_order_grid,single_mode_bsv_random_phase_gamma_intensity,shared_fig_iv2_intensity_cases,hhg_intensity_prediction,quantum_light_hhg_bsv_threshold_tdse_dipole_acceleration,shared_normalized_raw_spectrum_for_log_display
BSV - 2e13 W/cm^2,20000000000000.0,37.079098910518425,37.0,0.00020294318887728585,7.435559336860931e-05,7.435559336860931,100000.0,0.01,16.366816709067592,23.430389465091444,30.495271637492333,0.999,tdse_dipole_acceleration,raw_fft_harmonic_order_grid,single_mode_bsv_random_phase_gamma_intensity,shared_fig_iv2_intensity_cases,hhg_intensity_prediction,quantum_light_hhg_bsv_threshold_tdse_dipole_acceleration,shared_normalized_raw_spectrum_for_log_display
BSV - 2e13 W/cm^2,20000000000000.0,37.11909793846936,37.0,0.0005676462540340691,0.00020797778075564466,20.797778075564466,100000.0,0.01,16.366816709067592,23.430389465091444,30.495271637492333,0.999,tdse_dipole_acceleration,raw_fft_harmonic_order_grid,single_mode_bsv_random_phase_gamma_intensity,shared_fig_iv2_intensity_cases,hhg_intensity_prediction,quantum_light_hhg_bsv_threshold_tdse_dipole_acceleration,shared_normalized_raw_spectrum_for_log_display
BSV - 2e13 W/cm^2,20000000000000.0,37.1590969664203,37.0,0.0003093572443787136,0.00011334423981366563,11.334423981366564,100000.0,0.01,16.366816709067592,23.430389465091444,30.495271637492333,0.999,tdse_dipole_acceleration,raw_fft_harmonic_order_grid,single_mode_bsv_random_phase_gamma_intensity,shared_fig_iv2_intensity_cases,hhg_intensity_prediction,quantum_light_hhg_bsv_threshold_tdse_dipole_acceleration,shared_normalized_raw_spectrum_for_log_display
BSV - 2e13 W/cm^2,20000000000000.0,37.199095994371234,37.0,6.174691671581642e-05,2.262322109200137e-05,2.262322109200137,100000.0,0.01,16.366816709067592,23.430389465091444,30.495271637492333,0.999,tdse_dipole_acceleration,raw_fft_harmonic_order_grid,single_mode_bsv_random_phase_gamma_intensity,shared_fig_iv2_intensity_cases,hhg_intensity_prediction,quantum_light_hhg_bsv_threshold_tdse_dipole_acceleration,shared_normalized_raw_spectrum_for_log_display
BSV - 2e13 W/cm^2,20000000000000.0,37.239095022322175,37.0,9.75276959452941e-05,3.573280651596825e-05,3.573280651596825,100000.0,0.01,16.366816709067592,23.430389465091444,30.495271637492333,0.999,tdse_dipole_acceleration,raw_fft_harmonic_order_grid,single_mode_bsv_random_phase_gamma_intensity,shared_fig_iv2_intensity_cases,hhg_intensity_prediction,quantum_light_hhg_bsv_threshold_tdse_dipole_acceleration,shared_normalized_raw_spectrum_for_log_display
BSV - 2e13 W/cm^2,20000000000000.0,37.27909405027311,37.0,5.884658368205048e-05,2.156057895611453e-05,2.156057895611453,100000.0,0.01,16.366816709067592,23.430389465091444,30.495271637492333,0.999,tdse_dipole_acceleration,raw_fft_harmonic_order_grid,single_mode_bsv_random_phase_gamma_intensity,shared_fig_iv2_intensity_cases,hhg_intensity_prediction,quantum_light_hhg_bsv_threshold_tdse_dipole_acceleration,shared_normalized_raw_spectrum_for_log_display
BSV - 2e13 W/cm^2,20000000000000.0,37.31909307822404,37.0,4.5051092468203226e-05,1.6506100701920423e-05,1.6506100701920423,100000.0,0.01,16.366816709067592,23.430389465091444,30.495271637492333,0.999,tdse_dipole_acceleration,raw_fft_harmonic_order_grid,single_mode_bsv_random_phase_gamma_intensity,shared_fig_iv2_intensity_cases,hhg_intensity_prediction,quantum_light_hhg_bsv_threshold_tdse_dipole_acceleration,shared_normalized_raw_spectrum_for_log_display
BSV - 2e13 W/cm^2,20000000000000.0,37.35909210617499,37.0,4.3745550323487e-05,1.6027768014949588e-05,1.6027768014949588,100000.0,0.01,16.366816709067592,23.430389465091444,30.495271637492333,0.999,tdse_dipole_acceleration,raw_fft_harmonic_order_grid,single_mode_bsv_random_phase_gamma_intensity,shared_fig_iv2_intensity_cases,hhg_intensity_prediction,quantum_light_hhg_bsv_threshold_tdse_dipole_acceleration,shared_normalized_raw_spectrum_for_log_display
BSV - 2e13 W/cm^2,20000000000000.0,37.399091134125925,37.0,2.5841069455861153e-05,9.467812461702456e-06,0.9467812461702456,100000.0,0.01,16.366816709067592,23.430389465091444,30.495271637492333,0.999,tdse_dipole_acceleration,raw_fft_harmonic_order_grid,single_mode_bsv_random_phase_gamma_intensity,shared_fig_iv2_intensity_cases,hhg_intensity_prediction,quantum_light_hhg_bsv_threshold_tdse_dipole_acceleration,shared_normalized_raw_spectrum_for_log_display
BSV - 2e13 W/cm^2,20000000000000.0,37.43909016207685,37.0,2.566217242002748e-05,9.402267048107219e-06,0.9402267048107219,100000.0,0.01,16.366816709067592,23.430389465091444,30.495271637492333,0.999,tdse_dipole_acceleration,raw_fft_harmonic_order_grid,single_mode_bsv_random_phase_gamma_intensity,shared_fig_iv2_intensity_cases,hhg_intensity_prediction,quantum_light_hhg_bsv_threshold_tdse_dipole_acceleration,shared_normalized_raw_spectrum_for_log_display
BSV - 2e13 W/cm^2,20000000000000.0,37.479089190027786,37.0,3.6833184933450455e-05,1.3495172400382836e-05,1.3495172400382835,100000.0,0.01,16.366816709067592,23.430389465091444,30.495271637492333,0.999,tdse_dipole_acceleration,raw_fft_harmonic_order_grid,single_mode_bsv_random_phase_gamma_intensity,shared_fig_iv2_intensity_cases,hhg_intensity_prediction,quantum_light_hhg_bsv_threshold_tdse_dipole_acceleration,shared_normalized_raw_spectrum_for_log_display
BSV - 2e13 W/cm^2,20000000000000.0,37.519088217978734,37.0,1.3370462025182059e-05,4.898753404806387e-06,0.4898753404806387,100000.0,0.01,16.366816709067592,23.430389465091444,30.495271637492333,0.999,tdse_dipole_acceleration,raw_fft_harmonic_order_grid,single_mode_bsv_random_phase_gamma_intensity,shared_fig_iv2_intensity_cases,hhg_intensity_prediction,quantum_light_hhg_bsv_threshold_tdse_dipole_acceleration,shared_normalized_raw_spectrum_for_log_display
BSV - 2e13 W/cm^2,20000000000000.0,37.55908724592967,37.0,2.573223271936592e-05,9.427936178259903e-06,0.9427936178259904,100000.0,0.01,16.366816709067592,23.430389465091444,30.495271637492333,0.999,tdse_dipole_acceleration,raw_fft_harmonic_order_grid,single_mode_bsv_random_phase_gamma_intensity,shared_fig_iv2_intensity_cases,hhg_intensity_prediction,quantum_light_hhg_bsv_threshold_tdse_dipole_acceleration,shared_normalized_raw_spectrum_for_log_display
BSV - 2e13 W/cm^2,20000000000000.0,37.5990862738806,37.0,1.8315925356745744e-05,6.71070315554904e-06,0.6710703155549039,100000.0,0.01,16.366816709067592,23.430389465091444,30.495271637492333,0.999,tdse_dipole_acceleration,raw_fft_harmonic_order_grid,single_mode_bsv_random_phase_gamma_intensity,shared_fig_iv2_intensity_cases,hhg_intensity_prediction,quantum_light_hhg_bsv_threshold_tdse_dipole_acceleration,shared_normalized_raw_spectrum_for_log_display
BSV - 2e13 W/cm^2,20000000000000.0,37.63908530183154,37.0,1.643571848596409e-05,6.021821216193876e-06,0.6021821216193876,100000.0,0.01,16.366816709067592,23.430389465091444,30.495271637492333,0.999,tdse_dipole_acceleration,raw_fft_harmonic_order_grid,single_mode_bsv_random_phase_gamma_intensity,shared_fig_iv2_intensity_cases,hhg_intensity_prediction,quantum_light_hhg_bsv_threshold_tdse_dipole_acceleration,shared_normalized_raw_spectrum_for_log_display
BSV - 2e13 W/cm^2,20000000000000.0,37.67908432978248,37.0,1.821615020256578e-05,6.674146911244721e-06,0.6674146911244722,100000.0,0.01,16.366816709067592,23.430389465091444,30.495271637492333,0.999,tdse_dipole_acceleration,raw_fft_harmonic_order_grid,single_mode_bsv_random_phase_gamma_intensity,shared_fig_iv2_intensity_cases,hhg_intensity_prediction,quantum_light_hhg_bsv_threshold_tdse_dipole_acceleration,shared_normalized_raw_spectrum_for_log_display
BSV - 2e13 W/cm^2,20000000000000.0,37.71908335773342,37.0,1.5256581137764808e-05,5.589801508247624e-06,0.5589801508247625,100000.0,0.01,16.366816709067592,23.430389465091444,30.495271637492333,0.999,tdse_dipole_acceleration,raw_fft_harmonic_order_grid,single_mode_bsv_random_phase_gamma_intensity,shared_fig_iv2_intensity_cases,hhg_intensity_prediction,quantum_light_hhg_bsv_threshold_tdse_dipole_acceleration,shared_normalized_raw_spectrum_for_log_display
BSV - 2e13 W/cm^2,20000000000000.0,37.75908238568435,37.0,1.7626260579869474e-05,6.458019466119716e-06,0.6458019466119717,100000.0,0.01,16.366816709067592,23.430389465091444,30.495271637492333,0.999,tdse_dipole_acceleration,raw_fft_harmonic_order_grid,single_mode_bsv_random_phase_gamma_intensity,shared_fig_iv2_intensity_cases,hhg_intensity_prediction,quantum_light_hhg_bsv_threshold_tdse_dipole_acceleration,shared_normalized_raw_spectrum_for_log_display
BSV - 2e13 W/cm^2,20000000000000.0,37.799081413635285,37.0,1.7966823898847032e-05,6.582797182495659e-06,0.6582797182495659,100000.0,0.01,16.366816709067592,23.430389465091444,30.495271637492333,0.999,tdse_dipole_acceleration,raw_fft_harmonic_order_grid,single_mode_bsv_random_phase_gamma_intensity,shared_fig_iv2_intensity_cases,hhg_intensity_prediction,quantum_light_hhg_bsv_threshold_tdse_dipole_acceleration,shared_normalized_raw_spectrum_for_log_display
BSV - 2e13 W/cm^2,20000000000000.0,37.83908044158622,37.0,1.3859909107906543e-05,5.078080084651355e-06,0.5078080084651355,100000.0,0.01,16.366816709067592,23.430389465091444,30.495271637492333,0.999,tdse_dipole_acceleration,raw_fft_harmonic_order_grid,single_mode_bsv_random_phase_gamma_intensity,shared_fig_iv2_intensity_cases,hhg_intensity_prediction,quantum_light_hhg_bsv_threshold_tdse_dipole_acceleration,shared_normalized_raw_spectrum_for_log_display
BSV - 2e13 W/cm^2,20000000000000.0,37.87907946953717,37.0,1.4925714953595262e-05,5.468576688702632e-06,0.5468576688702632,100000.0,0.01,16.366816709067592,23.430389465091444,30.495271637492333,0.999,tdse_dipole_acceleration,raw_fft_harmonic_order_grid,single_mode_bsv_random_phase_gamma_intensity,shared_fig_iv2_intensity_cases,hhg_intensity_prediction,quantum_light_hhg_bsv_threshold_tdse_dipole_acceleration,shared_normalized_raw_spectrum_for_log_display
BSV - 2e13 W/cm^2,20000000000000.0,37.9190784974881,37.0,1.3900445147048877e-05,5.092931931909278e-06,0.5092931931909278,100000.0,0.01,16.366816709067592,23.430389465091444,30.495271637492333,0.999,tdse_dipole_acceleration,raw_fft_harmonic_order_grid,single_mode_bsv_random_phase_gamma_intensity,shared_fig_iv2_intensity_cases,hhg_intensity_prediction,quantum_light_hhg_bsv_threshold_tdse_dipole_acceleration,shared_normalized_raw_spectrum_for_log_display
BSV - 2e13 W/cm^2,20000000000000.0,37.959077525439035,37.0,9.784531021412082e-06,3.5849176015982505e-06,0.35849176015982503,100000.0,0.01,16.366816709067592,23.430389465091444,30.495271637492333,0.999,tdse_dipole_acceleration,raw_fft_harmonic_order_grid,single_mode_bsv_random_phase_gamma_intensity,shared_fig_iv2_intensity_cases,hhg_intensity_prediction,quantum_light_hhg_bsv_threshold_tdse_dipole_acceleration,shared_normalized_raw_spectrum_for_log_display
BSV - 2e13 W/cm^2,20000000000000.0,37.99907655338997,37.0,2.4170432296032532e-05,8.855713982271257e-06,0.8855713982271257,100000.0,0.01,16.366816709067592,23.430389465091444,30.495271637492333,0.999,tdse_dipole_acceleration,raw_fft_harmonic_order_grid,single_mode_bsv_random_phase_gamma_intensity,shared_fig_iv2_intensity_cases,hhg_intensity_prediction,quantum_light_hhg_bsv_threshold_tdse_dipole_acceleration,shared_normalized_raw_spectrum_for_log_display
BSV - 2e13 W/cm^2,20000000000000.0,38.03907558134091,39.0,5.0412302064015815e-06,1.847037416621082e-06,0.1847037416621082,100000.0,0.01,16.366816709067592,23.430389465091444,30.495271637492333,0.999,tdse_dipole_acceleration,raw_fft_harmonic_order_grid,single_mode_bsv_random_phase_gamma_intensity,shared_fig_iv2_intensity_cases,hhg_intensity_prediction,quantum_light_hhg_bsv_threshold_tdse_dipole_acceleration,shared_normalized_raw_spectrum_for_log_display
BSV - 2e13 W/cm^2,20000000000000.0,38.079074609291844,39.0,0.00010412995603347532,3.8151783812749786e-05,3.8151783812749787,100000.0,0.01,16.366816709067592,23.430389465091444,30.495271637492333,0.999,tdse_dipole_acceleration,raw_fft_harmonic_order_grid,single_mode_bsv_random_phase_gamma_intensity,shared_fig_iv2_intensity_cases,hhg_intensity_prediction,quantum_light_hhg_bsv_threshold_tdse_dipole_acceleration,shared_normalized_raw_spectrum_for_log_display
BSV - 2e13 W/cm^2,20000000000000.0,38.11907363724278,39.0,4.6532840757253776e-05,1.7048992896848412e-05,1.7048992896848412,100000.0,0.01,16.366816709067592,23.430389465091444,30.495271637492333,0.999,tdse_dipole_acceleration,raw_fft_harmonic_order_grid,single_mode_bsv_random_phase_gamma_intensity,shared_fig_iv2_intensity_cases,hhg_intensity_prediction,quantum_light_hhg_bsv_threshold_tdse_dipole_acceleration,shared_normalized_raw_spectrum_for_log_display
BSV - 2e13 W/cm^2,20000000000000.0,38.15907266519372,39.0,9.735761595917112e-05,3.5670491548127935e-05,3.5670491548127936,100000.0,0.01,16.366816709067592,23.430389465091444,30.495271637492333,0.999,tdse_dipole_acceleration,raw_fft_harmonic_order_grid,single_mode_bsv_random_phase_gamma_intensity,shared_fig_iv2_intensity_cases,hhg_intensity_prediction,quantum_light_hhg_bsv_threshold_tdse_dipole_acceleration,shared_normalized_raw_spectrum_for_log_display
BSV - 2e13 W/cm^2,20000000000000.0,38.19907169314465,39.0,2.127829003794785e-06,7.796072833947974e-07,0.07796072833947974,100000.0,0.01,16.366816709067592,23.430389465091444,30.495271637492333,0.999,tdse_dipole_acceleration,raw_fft_harmonic_order_grid,single_mode_bsv_random_phase_gamma_intensity,shared_fig_iv2_intensity_cases,hhg_intensity_prediction,quantum_light_hhg_bsv_threshold_tdse_dipole_acceleration,shared_normalized_raw_spectrum_for_log_display
BSV - 2e13 W/cm^2,20000000000000.0,38.239070721095594,39.0,1.99403686226239e-05,7.305876827531932e-06,0.7305876827531932,100000.0,0.01,16.366816709067592,23.430389465091444,30.495271637492333,0.999,tdse_dipole_acceleration,raw_fft_harmonic_order_grid,single_mode_bsv_random_phase_gamma_intensity,shared_fig_iv2_intensity_cases,hhg_intensity_prediction,quantum_light_hhg_bsv_threshold_tdse_dipole_acceleration,shared_normalized_raw_spectrum_for_log_display
BSV - 2e13 W/cm^2,20000000000000.0,38.279069749046535,39.0,1.4864775615938021e-05,5.446249353471223e-06,0.5446249353471223,100000.0,0.01,16.366816709067592,23.430389465091444,30.495271637492333,0.999,tdse_dipole_acceleration,raw_fft_harmonic_order_grid,single_mode_bsv_random_phase_gamma_intensity,shared_fig_iv2_intensity_cases,hhg_intensity_prediction,quantum_light_hhg_bsv_threshold_tdse_dipole_acceleration,shared_normalized_raw_spectrum_for_log_display
BSV - 2e13 W/cm^2,20000000000000.0,38.31906877699747,39.0,1.1300313425648232e-05,4.140279428266042e-06,0.4140279428266042,100000.0,0.01,16.366816709067592,23.430389465091444,30.495271637492333,0.999,tdse_dipole_acceleration,raw_fft_harmonic_order_grid,single_mode_bsv_random_phase_gamma_intensity,shared_fig_iv2_intensity_cases,hhg_intensity_prediction,quantum_light_hhg_bsv_threshold_tdse_dipole_acceleration,shared_normalized_raw_spectrum_for_log_display
BSV - 2e13 W/cm^2,20000000000000.0,38.359067804948396,39.0,1.0532741262496939e-05,3.859051543949845e-06,0.3859051543949845,100000.0,0.01,16.366816709067592,23.430389465091444,30.495271637492333,0.999,tdse_dipole_acceleration,raw_fft_harmonic_order_grid,single_mode_bsv_random_phase_gamma_intensity,shared_fig_iv2_intensity_cases,hhg_intensity_prediction,quantum_light_hhg_bsv_threshold_tdse_dipole_acceleration,shared_normalized_raw_spectrum_for_log_display
BSV - 2e13 W/cm^2,20000000000000.0,38.39906683289934,39.0,5.136225234023594e-05,1.8818422882946676e-05,1.8818422882946677,100000.0,0.01,16.366816709067592,23.430389465091444,30.495271637492333,0.999,tdse_dipole_acceleration,raw_fft_harmonic_order_grid,single_mode_bsv_random_phase_gamma_intensity,shared_fig_iv2_intensity_cases,hhg_intensity_prediction,quantum_light_hhg_bsv_threshold_tdse_dipole_acceleration,shared_normalized_raw_spectrum_for_log_display
BSV - 2e13 W/cm^2,20000000000000.0,38.43906586085028,39.0,4.322520387005605e-06,1.5837120230630475e-06,0.15837120230630475,100000.0,0.01,16.366816709067592,23.430389465091444,30.495271637492333,0.999,tdse_dipole_acceleration,raw_fft_harmonic_order_grid,single_mode_bsv_random_phase_gamma_intensity,shared_fig_iv2_intensity_cases,hhg_intensity_prediction,quantum_light_hhg_bsv_threshold_tdse_dipole_acceleration,shared_normalized_raw_spectrum_for_log_display
BSV - 2e13 W/cm^2,20000000000000.0,38.47906488880121,39.0,4.858815190377193e-05,1.780203063466026e-05,1.7802030634660262,100000.0,0.01,16.366816709067592,23.430389465091444,30.495271637492333,0.999,tdse_dipole_acceleration,raw_fft_harmonic_order_grid,single_mode_bsv_random_phase_gamma_intensity,shared_fig_iv2_intensity_cases,hhg_intensity_prediction,quantum_light_hhg_bsv_threshold_tdse_dipole_acceleration,shared_normalized_raw_spectrum_for_log_display
BSV - 2e13 W/cm^2,20000000000000.0,38.519063916752145,39.0,8.92354557020349e-06,3.2694643732316394e-06,0.3269464373231639,100000.0,0.01,16.366816709067592,23.430389465091444,30.495271637492333,0.999,tdse_dipole_acceleration,raw_fft_harmonic_order_grid,single_mode_bsv_random_phase_gamma_intensity,shared_fig_iv2_intensity_cases,hhg_intensity_prediction,quantum_light_hhg_bsv_threshold_tdse_dipole_acceleration,shared_normalized_raw_spectrum_for_log_display
BSV - 2e13 W/cm^2,20000000000000.0,38.559062944703086,39.0,2.0184068379486564e-05,7.395165066893669e-06,0.7395165066893669,100000.0,0.01,16.366816709067592,23.430389465091444,30.495271637492333,0.999,tdse_dipole_acceleration,raw_fft_harmonic_order_grid,single_mode_bsv_random_phase_gamma_intensity,shared_fig_iv2_intensity_cases,hhg_intensity_prediction,quantum_light_hhg_bsv_threshold_tdse_dipole_acceleration,shared_normalized_raw_spectrum_for_log_display
BSV - 2e13 W/cm^2,20000000000000.0,38.59906197265403,39.0,4.8020078288338456e-05,1.7593896274565286e-05,1.7593896274565286,100000.0,0.01,16.366816709067592,23.430389465091444,30.495271637492333,0.999,tdse_dipole_acceleration,raw_fft_harmonic_order_grid,single_mode_bsv_random_phase_gamma_intensity,shared_fig_iv2_intensity_cases,hhg_intensity_prediction,quantum_light_hhg_bsv_threshold_tdse_dipole_acceleration,shared_normalized_raw_spectrum_for_log_display
BSV - 2e13 W/cm^2,20000000000000.0,38.63906100060496,39.0,6.720737918721696e-07,2.462385944490276e-07,0.024623859444902762,100000.0,0.01,16.366816709067592,23.430389465091444,30.495271637492333,0.999,tdse_dipole_acceleration,raw_fft_harmonic_order_grid,single_mode_bsv_random_phase_gamma_intensity,shared_fig_iv2_intensity_cases,hhg_intensity_prediction,quantum_light_hhg_bsv_threshold_tdse_dipole_acceleration,shared_normalized_raw_spectrum_for_log_display
BSV - 2e13 W/cm^2,20000000000000.0,38.679060028555895,39.0,0.00012815589305267117,4.695455671280197e-05,4.695455671280197,100000.0,0.01,16.366816709067592,23.430389465091444,30.495271637492333,0.999,tdse_dipole_acceleration,raw_fft_harmonic_order_grid,single_mode_bsv_random_phase_gamma_intensity,shared_fig_iv2_intensity_cases,hhg_intensity_prediction,quantum_light_hhg_bsv_threshold_tdse_dipole_acceleration,shared_normalized_raw_spectrum_for_log_display
BSV - 2e13 W/cm^2,20000000000000.0,38.719059056506836,39.0,3.392100501231433e-05,1.2428189727891372e-05,1.2428189727891372,100000.0,0.01,16.366816709067592,23.430389465091444,30.495271637492333,0.999,tdse_dipole_acceleration,raw_fft_harmonic_order_grid,single_mode_bsv_random_phase_gamma_intensity,shared_fig_iv2_intensity_cases,hhg_intensity_prediction,quantum_light_hhg_bsv_threshold_tdse_dipole_acceleration,shared_normalized_raw_spectrum_for_log_display
BSV - 2e13 W/cm^2,20000000000000.0,38.75905808445777,39.0,0.0002665605279413792,9.766411148548464e-05,9.766411148548464,100000.0,0.01,16.366816709067592,23.430389465091444,30.495271637492333,0.999,tdse_dipole_acceleration,raw_fft_harmonic_order_grid,single_mode_bsv_random_phase_gamma_intensity,shared_fig_iv2_intensity_cases,hhg_intensity_prediction,quantum_light_hhg_bsv_threshold_tdse_dipole_acceleration,shared_normalized_raw_spectrum_for_log_display
BSV - 2e13 W/cm^2,20000000000000.0,38.79905711240871,39.0,0.00010267249983588532,3.7617791906048795e-05,3.7617791906048796,100000.0,0.01,16.366816709067592,23.430389465091444,30.495271637492333,0.999,tdse_dipole_acceleration,raw_fft_harmonic_order_grid,single_mode_bsv_random_phase_gamma_intensity,shared_fig_iv2_intensity_cases,hhg_intensity_prediction,quantum_light_hhg_bsv_threshold_tdse_dipole_acceleration,shared_normalized_raw_spectrum_for_log_display
BSV - 2e13 W/cm^2,20000000000000.0,38.839056140359645,39.0,0.00038740989253841293,0.00014194165665732745,14.194165665732745,100000.0,0.01,16.366816709067592,23.430389465091444,30.495271637492333,0.999,tdse_dipole_acceleration,raw_fft_harmonic_order_grid,single_mode_bsv_random_phase_gamma_intensity,shared_fig_iv2_intensity_cases,hhg_intensity_prediction,quantum_light_hhg_bsv_threshold_tdse_dipole_acceleration,shared_normalized_raw_spectrum_for_log_display
BSV - 2e13 W/cm^2,20000000000000.0,38.87905516831058,39.0,0.00042696415040149925,0.0001564337927567713,15.643379275677129,100000.0,0.01,16.366816709067592,23.430389465091444,30.495271637492333,0.999,tdse_dipole_acceleration,raw_fft_harmonic_order_grid,single_mode_bsv_random_phase_gamma_intensity,shared_fig_iv2_intensity_cases,hhg_intensity_prediction,quantum_light_hhg_bsv_threshold_tdse_dipole_acceleration,shared_normalized_raw_spectrum_for_log_display
BSV - 2e13 W/cm^2,20000000000000.0,38.91905419626153,39.0,0.0006059321974516916,0.00022200522388513886,22.200522388513885,100000.0,0.01,16.366816709067592,23.430389465091444,30.495271637492333,0.999,tdse_dipole_acceleration,raw_fft_harmonic_order_grid,single_mode_bsv_random_phase_gamma_intensity,shared_fig_iv2_intensity_cases,hhg_intensity_prediction,quantum_light_hhg_bsv_threshold_tdse_dipole_acceleration,shared_normalized_raw_spectrum_for_log_display
BSV - 2e13 W/cm^2,20000000000000.0,38.959053224212454,39.0,0.002686865775989206,0.0009844306684088319,98.44306684088319,100000.0,0.01,16.366816709067592,23.430389465091444,30.495271637492333,0.999,tdse_dipole_acceleration,raw_fft_harmonic_order_grid,single_mode_bsv_random_phase_gamma_intensity,shared_fig_iv2_intensity_cases,hhg_intensity_prediction,quantum_light_hhg_bsv_threshold_tdse_dipole_acceleration,shared_normalized_raw_spectrum_for_log_display
BSV - 2e13 W/cm^2,20000000000000.0,38.99905225216339,39.0,0.0030522924029767096,0.0011183179588996458,111.83179588996458,100000.0,0.01,16.366816709067592,23.430389465091444,30.495271637492333,0.999,tdse_dipole_acceleration,raw_fft_harmonic_order_grid,single_mode_bsv_random_phase_gamma_intensity,shared_fig_iv2_intensity_cases,hhg_intensity_prediction,quantum_light_hhg_bsv_threshold_tdse_dipole_acceleration,shared_normalized_raw_spectrum_for_log_display
BSV - 2e13 W/cm^2,20000000000000.0,39.03905128011432,39.0,0.0013966182089615012,0.000511701704359883,51.1701704359883,100000.0,0.01,16.366816709067592,23.430389465091444,30.495271637492333,0.999,tdse_dipole_acceleration,raw_fft_harmonic_order_grid,single_mode_bsv_random_phase_gamma_intensity,shared_fig_iv2_intensity_cases,hhg_intensity_prediction,quantum_light_hhg_bsv_threshold_tdse_dipole_acceleration,shared_normalized_raw_spectrum_for_log_display
BSV - 2e13 W/cm^2,20000000000000.0,39.07905030806527,39.0,6.419759170256871e-06,2.3521114703517247e-06,0.23521114703517246,100000.0,0.01,16.366816709067592,23.430389465091444,30.495271637492333,0.999,tdse_dipole_acceleration,raw_fft_harmonic_order_grid,single_mode_bsv_random_phase_gamma_intensity,shared_fig_iv2_intensity_cases,hhg_intensity_prediction,quantum_light_hhg_bsv_threshold_tdse_dipole_acceleration,shared_normalized_raw_spectrum_for_log_display
BSV - 2e13 W/cm^2,20000000000000.0,39.119049336016204,39.0,0.00014986916990717463,5.49100027340515e-05,5.49100027340515,100000.0,0.01,16.366816709067592,23.430389465091444,30.495271637492333,0.999,tdse_dipole_acceleration,raw_fft_harmonic_order_grid,single_mode_bsv_random_phase_gamma_intensity,shared_fig_iv2_intensity_cases,hhg_intensity_prediction,quantum_light_hhg_bsv_threshold_tdse_dipole_acceleration,shared_normalized_raw_spectrum_for_log_display
BSV - 2e13 W/cm^2,20000000000000.0,39.15904836396714,39.0,9.066070044879265e-05,3.321683380642992e-05,3.3216833806429924,100000.0,0.01,16.366816709067592,23.430389465091444,30.495271637492333,0.999,tdse_dipole_acceleration,raw_fft_harmonic_order_grid,single_mode_bsv_random_phase_gamma_intensity,shared_fig_iv2_intensity_cases,hhg_intensity_prediction,quantum_light_hhg_bsv_threshold_tdse_dipole_acceleration,shared_normalized_raw_spectrum_for_log_display
BSV - 2e13 W/cm^2,20000000000000.0,39.19904739191808,39.0,0.0001001604161554517,3.669739899370924e-05,3.669739899370924,100000.0,0.01,16.366816709067592,23.430389465091444,30.495271637492333,0.999,tdse_dipole_acceleration,raw_fft_harmonic_order_grid,single_mode_bsv_random_phase_gamma_intensity,shared_fig_iv2_intensity_cases,hhg_intensity_prediction,quantum_light_hhg_bsv_threshold_tdse_dipole_acceleration,shared_normalized_raw_spectrum_for_log_display
BSV - 2e13 W/cm^2,20000000000000.0,39.23904641986901,39.0,7.422717727666205e-05,2.719581692303294e-05,2.719581692303294,100000.0,0.01,16.366816709067592,23.430389465091444,30.495271637492333,0.999,tdse_dipole_acceleration,raw_fft_harmonic_order_grid,single_mode_bsv_random_phase_gamma_intensity,shared_fig_iv2_intensity_cases,hhg_intensity_prediction,quantum_light_hhg_bsv_threshold_tdse_dipole_acceleration,shared_normalized_raw_spectrum_for_log_display
BSV - 2e13 W/cm^2,20000000000000.0,39.279045447819946,39.0,4.565095241242589e-05,1.6725881135732896e-05,1.6725881135732896,100000.0,0.01,16.366816709067592,23.430389465091444,30.495271637492333,0.999,tdse_dipole_acceleration,raw_fft_harmonic_order_grid,single_mode_bsv_random_phase_gamma_intensity,shared_fig_iv2_intensity_cases,hhg_intensity_prediction,quantum_light_hhg_bsv_threshold_tdse_dipole_acceleration,shared_normalized_raw_spectrum_for_log_display
BSV - 2e13 W/cm^2,20000000000000.0,39.31904447577089,39.0,0.00015994015057569356,5.859987154686649e-05,5.859987154686649,100000.0,0.01,16.366816709067592,23.430389465091444,30.495271637492333,0.999,tdse_dipole_acceleration,raw_fft_harmonic_order_grid,single_mode_bsv_random_phase_gamma_intensity,shared_fig_iv2_intensity_cases,hhg_intensity_prediction,quantum_light_hhg_bsv_threshold_tdse_dipole_acceleration,shared_normalized_raw_spectrum_for_log_display
BSV - 2e13 W/cm^2,20000000000000.0,39.35904350372182,39.0,7.528148669081418e-05,2.7582101392677275e-05,2.7582101392677276,100000.0,0.01,16.366816709067592,23.430389465091444,30.495271637492333,0.999,tdse_dipole_acceleration,raw_fft_harmonic_order_grid,single_mode_bsv_random_phase_gamma_intensity,shared_fig_iv2_intensity_cases,hhg_intensity_prediction,quantum_light_hhg_bsv_threshold_tdse_dipole_acceleration,shared_normalized_raw_spectrum_for_log_display
BSV - 2e13 W/cm^2,20000000000000.0,39.399042531672755,39.0,5.504784056204181e-05,2.0168771720277895e-05,2.0168771720277894,100000.0,0.01,16.366816709067592,23.430389465091444,30.495271637492333,0.999,tdse_dipole_acceleration,raw_fft_harmonic_order_grid,single_mode_bsv_random_phase_gamma_intensity,shared_fig_iv2_intensity_cases,hhg_intensity_prediction,quantum_light_hhg_bsv_threshold_tdse_dipole_acceleration,shared_normalized_raw_spectrum_for_log_display
BSV - 2e13 W/cm^2,20000000000000.0,39.4390415596237,39.0,0.00010245712517808723,3.753888159343504e-05,3.753888159343504,100000.0,0.01,16.366816709067592,23.430389465091444,30.495271637492333,0.999,tdse_dipole_acceleration,raw_fft_harmonic_order_grid,single_mode_bsv_random_phase_gamma_intensity,shared_fig_iv2_intensity_cases,hhg_intensity_prediction,quantum_light_hhg_bsv_threshold_tdse_dipole_acceleration,shared_normalized_raw_spectrum_for_log_display
BSV - 2e13 W/cm^2,20000000000000.0,39.47904058757464,39.0,1.0566112968122168e-05,3.87127847793671e-06,0.38712784779367104,100000.0,0.01,16.366816709067592,23.430389465091444,30.495271637492333,0.999,tdse_dipole_acceleration,raw_fft_harmonic_order_grid,single_mode_bsv_random_phase_gamma_intensity,shared_fig_iv2_intensity_cases,hhg_intensity_prediction,quantum_light_hhg_bsv_threshold_tdse_dipole_acceleration,shared_normalized_raw_spectrum_for_log_display
BSV - 2e13 W/cm^2,20000000000000.0,39.51903961552557,39.0,9.754926340539982e-05,3.574070853673814e-05,3.5740708536738137,100000.0,0.01,16.366816709067592,23.430389465091444,30.495271637492333,0.999,tdse_dipole_acceleration,raw_fft_harmonic_order_grid,single_mode_bsv_random_phase_gamma_intensity,shared_fig_iv2_intensity_cases,hhg_intensity_prediction,quantum_light_hhg_bsv_threshold_tdse_dipole_acceleration,shared_normalized_raw_spectrum_for_log_display
BSV - 2e13 W/cm^2,20000000000000.0,39.559038643476505,39.0,5.651251975735222e-05,2.0705410034007242e-05,2.070541003400724,100000.0,0.01,16.366816709067592,23.430389465091444,30.495271637492333,0.999,tdse_dipole_acceleration,raw_fft_harmonic_order_grid,single_mode_bsv_random_phase_gamma_intensity,shared_fig_iv2_intensity_cases,hhg_intensity_prediction,quantum_light_hhg_bsv_threshold_tdse_dipole_acceleration,shared_normalized_raw_spectrum_for_log_display
BSV - 2e13 W/cm^2,20000000000000.0,39.599037671427446,39.0,4.41755338912599e-05,1.6185308080705812e-05,1.6185308080705811,100000.0,0.01,16.366816709067592,23.430389465091444,30.495271637492333,0.999,tdse_dipole_acceleration,raw_fft_harmonic_order_grid,single_mode_bsv_random_phase_gamma_intensity,shared_fig_iv2_intensity_cases,hhg_intensity_prediction,quantum_light_hhg_bsv_threshold_tdse_dipole_acceleration,shared_normalized_raw_spectrum_for_log_display
BSV - 2e13 W/cm^2,20000000000000.0,39.63903669937838,39.0,6.799102352988347e-05,2.491097595475595e-05,2.491097595475595,100000.0,0.01,16.366816709067592,23.430389465091444,30.495271637492333,0.999,tdse_dipole_acceleration,raw_fft_harmonic_order_grid,single_mode_bsv_random_phase_gamma_intensity,shared_fig_iv2_intensity_cases,hhg_intensity_prediction,quantum_light_hhg_bsv_threshold_tdse_dipole_acceleration,shared_normalized_raw_spectrum_for_log_display
BSV - 2e13 W/cm^2,20000000000000.0,39.679035727329314,39.0,3.115055710578524e-05,1.1413135716340617e-05,1.1413135716340617,100000.0,0.01,16.366816709067592,23.430389465091444,30.495271637492333,0.999,tdse_dipole_acceleration,raw_fft_harmonic_order_grid,single_mode_bsv_random_phase_gamma_intensity,shared_fig_iv2_intensity_cases,hhg_intensity_prediction,quantum_light_hhg_bsv_threshold_tdse_dipole_acceleration,shared_normalized_raw_spectrum_for_log_display
BSV - 2e13 W/cm^2,20000000000000.0,39.719034755280255,39.0,4.171969126383359e-05,1.5285521116716473e-05,1.5285521116716474,100000.0,0.01,16.366816709067592,23.430389465091444,30.495271637492333,0.999,tdse_dipole_acceleration,raw_fft_harmonic_order_grid,single_mode_bsv_random_phase_gamma_intensity,shared_fig_iv2_intensity_cases,hhg_intensity_prediction,quantum_light_hhg_bsv_threshold_tdse_dipole_acceleration,shared_normalized_raw_spectrum_for_log_display
BSV - 2e13 W/cm^2,20000000000000.0,39.75903378323119,39.0,8.641861318817935e-05,3.166259137469673e-05,3.166259137469673,100000.0,0.01,16.366816709067592,23.430389465091444,30.495271637492333,0.999,tdse_dipole_acceleration,raw_fft_harmonic_order_grid,single_mode_bsv_random_phase_gamma_intensity,shared_fig_iv2_intensity_cases,hhg_intensity_prediction,quantum_light_hhg_bsv_threshold_tdse_dipole_acceleration,shared_normalized_raw_spectrum_for_log_display
BSV - 2e13 W/cm^2,20000000000000.0,39.79903281118213,39.0,1.2255148670260204e-05,4.490117930238702e-06,0.44901179302387023,100000.0,0.01,16.366816709067592,23.430389465091444,30.495271637492333,0.999,tdse_dipole_acceleration,raw_fft_harmonic_order_grid,single_mode_bsv_random_phase_gamma_intensity,shared_fig_iv2_intensity_cases,hhg_intensity_prediction,quantum_light_hhg_bsv_threshold_tdse_dipole_acceleration,shared_normalized_raw_spectrum_for_log_display
BSV - 2e13 W/cm^2,20000000000000.0,39.83903183913307,39.0,9.317182111829693e-05,3.413687388480906e-05,3.413687388480906,100000.0,0.01,16.366816709067592,23.430389465091444,30.495271637492333,0.999,tdse_dipole_acceleration,raw_fft_harmonic_order_grid,single_mode_bsv_random_phase_gamma_intensity,shared_fig_iv2_intensity_cases,hhg_intensity_prediction,quantum_light_hhg_bsv_threshold_tdse_dipole_acceleration,shared_normalized_raw_spectrum_for_log_display
BSV - 2e13 W/cm^2,20000000000000.0,39.879030867084005,39.0,4.438867161425277e-05,1.6263398811171035e-05,1.6263398811171035,100000.0,0.01,16.366816709067592,23.430389465091444,30.495271637492333,0.999,tdse_dipole_acceleration,raw_fft_harmonic_order_grid,single_mode_bsv_random_phase_gamma_intensity,shared_fig_iv2_intensity_cases,hhg_intensity_prediction,quantum_light_hhg_bsv_threshold_tdse_dipole_acceleration,shared_normalized_raw_spectrum_for_log_display
BSV - 2e13 W/cm^2,20000000000000.0,39.91902989503493,39.0,2.266159076718226e-05,8.302895196888415e-06,0.8302895196888416,100000.0,0.01,16.366816709067592,23.430389465091444,30.495271637492333,0.999,tdse_dipole_acceleration,raw_fft_harmonic_order_grid,single_mode_bsv_random_phase_gamma_intensity,shared_fig_iv2_intensity_cases,hhg_intensity_prediction,quantum_light_hhg_bsv_threshold_tdse_dipole_acceleration,shared_normalized_raw_spectrum_for_log_display
BSV - 2e13 W/cm^2,20000000000000.0,39.95902892298587,39.0,6.276500983300431e-05,2.2996236408513308e-05,2.2996236408513306,100000.0,0.01,16.366816709067592,23.430389465091444,30.495271637492333,0.999,tdse_dipole_acceleration,raw_fft_harmonic_order_grid,single_mode_bsv_random_phase_gamma_intensity,shared_fig_iv2_intensity_cases,hhg_intensity_prediction,quantum_light_hhg_bsv_threshold_tdse_dipole_acceleration,shared_normalized_raw_spectrum_for_log_display
BSV - 2e13 W/cm^2,20000000000000.0,39.999027950936814,39.0,8.162639452765444e-05,2.9906788363880177e-05,2.990678836388018,100000.0,0.01,16.366816709067592,23.430389465091444,30.495271637492333,0.999,tdse_dipole_acceleration,raw_fft_harmonic_order_grid,single_mode_bsv_random_phase_gamma_intensity,shared_fig_iv2_intensity_cases,hhg_intensity_prediction,quantum_light_hhg_bsv_threshold_tdse_dipole_acceleration,shared_normalized_raw_spectrum_for_log_display
