state,harmonic_order,intensity
Coherent state,0.5000117128283593,4.380716278538045
Coherent state,0.6000140553940811,0.1574957961064207
Coherent state,0.7000163979596782,38.97194825655434
Coherent state,0.8000187405253999,0.15958425877873056
Coherent state,0.9000210830909969,3358.357280614674
Coherent state,1.0000234256567186,2467410.6341743106
Coherent state,1.1000257682224406,3392.7796616857436
Coherent state,1.2000281107880375,0.1770983153589907
Coherent state,1.3000304533537592,41.253616601303264
Coherent state,1.4000327959193564,0.18143144429092395
Coherent state,1.500035138485078,5.334692705713255
Coherent state,1.6000374810507998,0.18244293330952122
Coherent state,1.700039823616397,1.4710394091738812
Coherent state,1.8000421661821187,0.1845621040604775
Coherent state,1.9000445087477158,0.6387872993460615
Coherent state,2.0000468513134373,0.18255585994897716
Coherent state,2.1000491938790344,0.37541124035421614
Coherent state,2.2000515364447564,0.1894350404711054
Coherent state,2.300053879010478,0.28641653439554543
Coherent state,2.400056221576075,0.1920403898616505
Coherent state,2.500058564141797,0.2504460181443364
Coherent state,2.600060906707394,0.1978341015625061
Coherent state,2.7000632492731156,0.2325378110628698
Coherent state,2.8000655918387127,0.20306101699260415
Coherent state,2.9000679344044347,0.20926700901353307
Coherent state,3.000070276970156,0.4165108233074919
Coherent state,3.1000726195357533,0.21333574750104245
Coherent state,3.2000749621014752,0.20630883551957938
Coherent state,3.300077304667072,0.22211705715091415
Coherent state,3.400079647232794,0.22728400586165184
Coherent state,3.500081989798516,0.23682221830113154
Coherent state,3.6000843323641125,0.2274748712991307
Coherent state,3.7000866749298345,0.23688805305148272
Coherent state,3.8000890174954316,0.23729421776144854
Coherent state,3.900091360061153,0.24608419357883765
Coherent state,4.00009370262675,0.260961645003337
Coherent state,4.100096045192472,0.250214207038375
Coherent state,4.200098387758194,0.26262423132400226
Coherent state,4.300100730323791,0.2601683714315763
Coherent state,4.400103072889513,0.289890263781936
Coherent state,4.50010541545511,0.2823310228367997
Coherent state,4.600107758020831,0.28770873153955906
Coherent state,4.7001101005864285,0.31410108256722713
Coherent state,4.80011244315215,0.30257199788734795
Coherent state,4.900114785717872,0.31780085664349345
Coherent state,5.000117128283469,0.3295968718253551
Coherent state,5.100119470849191,0.33660766845211365
Coherent state,5.200121813414788,0.3319084746493305
Coherent state,5.30012415598051,0.3597068110661379
Coherent state,5.400126498546107,0.3843034012657066
Coherent state,5.500128841111828,0.39069867748817017
Coherent state,5.60013118367755,0.4839362257251019
Coherent state,5.700133526243147,0.45283908863345673
Coherent state,5.800135868808869,0.4042326585914779
Coherent state,5.900138211374466,0.46781225609099364
Coherent state,6.000140553940188,0.28800832661036263
Coherent state,6.1001428965059095,0.7772037268085332
Coherent state,6.200145239071507,0.40487767188607937
Coherent state,6.300147581637228,1.0872566163862352
Coherent state,6.400149924202825,0.3288918805954167
Coherent state,6.500152266768547,0.5471073781272454
Coherent state,6.600154609334144,1.340214907016935
Coherent state,6.700156951899866,0.2864928522628975
Coherent state,6.800159294465588,0.8853637954190647
Coherent state,6.900161637031185,1.1856953659707663
Coherent state,7.000163979596906,1.0926720068508735
Coherent state,7.1001663221625035,1.0068373598829332
Coherent state,7.200168664728225,1.3476077170978655
Coherent state,7.300171007293822,1.38312406459179
Coherent state,7.400173349859544,1.3823480674002706
Coherent state,7.500175692425266,1.76788959436981
Coherent state,7.600178034990863,0.7863816404974273
Coherent state,7.700180377556585,1.6055672020761558
Coherent state,7.800182720122182,3.5735871039786162
Coherent state,7.900185062687903,3.016493588996362
Coherent state,8.000187405253625,17.87356141989426
Coherent state,8.100189747819222,0.6278108807514675
Coherent state,8.200192090384943,19.988873286047262
Coherent state,8.30019443295054,7.063093425373074
Coherent state,8.400196775516262,71.15193031819142
Coherent state,8.50019911808186,159.09489869380644
Coherent state,8.600201460647583,240.87851412070307
Coherent state,8.700203803213304,614.9758529019755
Coherent state,8.800206145778901,932.3356063275606
Coherent state,8.900208488344623,593.4414106201071
Coherent state,9.00021083091022,239.06023723805612
Coherent state,9.100213173475941,91.26107804352908
Coherent state,9.200215516041538,17.098879448811115
Coherent state,9.30021785860726,18.262060953318496
Coherent state,9.400220201172981,5.8094237215967395
Coherent state,9.500222543738579,5.651528109315659
Coherent state,9.6002248863043,11.944379153868661
Coherent state,9.700227228869897,2.081296379406924
Coherent state,9.800229571435619,2.055547478255031
Coherent state,9.90023191400134,2.664202443112994
Coherent state,10.000234256566937,5.354273596868847
Coherent state,10.10023659913266,8.546952344470418
Coherent state,10.200238941698256,3.767501135836848
Coherent state,10.30024128426398,9.623848647114354
Coherent state,10.400243626829576,3.1607310139258025
Coherent state,10.500245969395298,2.9975217784911696
Coherent state,10.60024831196102,13.928770734219297
Coherent state,10.700250654526617,3.6071791786851373
Coherent state,10.800252997092338,6.305339476979309
Coherent state,10.900255339657935,2.3240821937073615
Coherent state,11.000257682223657,0.44539522995223196
Coherent state,11.100260024789254,0.0615222798812166
Coherent state,11.200262367354975,1.0542532252011976
Coherent state,11.300264709920697,1.475850879753333
Coherent state,11.400267052486294,0.6022709401795078
Coherent state,11.500269395052015,0.10644095203003086
Coherent state,11.600271737617613,0.1835002368344211
Coherent state,11.700274080183334,0.5720311670730122
Coherent state,11.800276422749057,0.39624482719460485
Coherent state,11.900278765314654,0.20376402906381683
Coherent state,12.000281107880376,0.7794072253934383
Coherent state,12.100283450445973,1.6669404653329059
Coherent state,12.200285793011695,0.2982268244663613
Coherent state,12.300288135577292,0.17702847364187152
Coherent state,12.400290478143013,0.2342630954023404
Coherent state,12.500292820708735,7.379245310180479
Coherent state,12.600295163274332,0.6442734389845196
Coherent state,12.700297505840053,0.7847320688267916
Coherent state,12.80029984840565,1.7446808687859854
Coherent state,12.900302190971372,1.5744600032285638
Coherent state,13.00030453353697,0.7747614518871836
Coherent state,13.10030687610269,0.637249741329716
Coherent state,13.200309218668414,0.6907274097536763
Coherent state,13.30031156123401,0.606562931226497
Coherent state,13.400313903799733,0.1871590042053173
Coherent state,13.50031624636533,0.6399426158994566
Coherent state,13.600318588931051,0.7596282884039824
Coherent state,13.700320931496648,0.6594573276261919
Coherent state,13.80032327406237,0.16268791405335215
Coherent state,13.900325616628091,0.5246901620413746
Coherent state,14.000327959193688,1.115810273970463
Coherent state,14.10033030175941,0.04149292689637549
Coherent state,14.200332644325007,0.28685842825217206
Coherent state,14.300334986890729,0.08571750505338047
Coherent state,14.40033732945645,0.7204314461980909
Coherent state,14.500339672022047,0.8381443740543557
Coherent state,14.600342014587769,0.7321546930836149
Coherent state,14.700344357153366,0.6695088009310142
Coherent state,14.800346699719087,0.8245917361929318
Coherent state,14.900349042284684,0.306512402797732
Coherent state,15.000351384850408,0.542544388079318
Coherent state,15.10035372741613,0.17294525302946165
Coherent state,15.200356069981726,0.12757495564815874
Coherent state,15.300358412547448,2.8899926388619592
Coherent state,15.400360755113045,0.8971109841686419
Coherent state,15.500363097678767,1.0943093827533021
Coherent state,15.600365440244364,2.1369981758828436
Coherent state,15.700367782810085,0.23443117317145948
Coherent state,15.800370125375807,0.3471039576692196
Coherent state,15.900372467941404,0.17949909850353155
Coherent state,16.000374810507125,0.10635195971334711
Coherent state,16.100377153072724,5.3985870063643455
Coherent state,16.200379495638444,3.008217051671365
Coherent state,16.300381838204167,0.47781062459167517
Coherent state,16.400384180769763,0.8176156491175464
Coherent state,16.500386523335486,1.2254320749155536
Coherent state,16.60038886590108,0.36112385975775274
Coherent state,16.700391208466804,0.06514250824959726
Coherent state,16.8003935510324,0.3009312538272842
Coherent state,16.900395893598123,0.4850698587648629
Coherent state,17.000398236163843,0.1485720962979944
Coherent state,17.10040057872944,0.21742155474306943
Coherent state,17.200402921295165,1.5976703768007579
Coherent state,17.30040526386076,0.015647458028887184
Coherent state,17.400407606426484,0.14134774278812365
Coherent state,17.50040994899208,0.2974402136863527
Coherent state,17.600412291557802,0.0072123416684788146
Coherent state,17.700414634123522,0.33484128873639324
Coherent state,17.80041697668912,0.1774280204227752
Coherent state,17.90041931925484,0.5143455816439385
Coherent state,18.00042166182044,0.5707706378294927
Coherent state,18.10042400438616,1.0057725698034325
Coherent state,18.200426346951883,1.4723635671228372
Coherent state,18.300428689517478,0.6218229406460186
Coherent state,18.4004310320832,0.9631123847228578
Coherent state,18.500433374648797,1.958724812450736
Coherent state,18.60043571721452,1.1821680285136917
Coherent state,18.700438059780115,1.3535064630949567
Coherent state,18.80044040234584,0.8492116358008263
Coherent state,18.90044274491156,0.8107344674175934
Coherent state,19.000445087477157,0.5797070109257175
Coherent state,19.10044743004288,0.27929292319878746
Coherent state,19.200449772608476,1.4971634788614907
Coherent state,19.3004521151742,0.08847703584057738
Coherent state,19.400454457739794,0.05635887081181716
Coherent state,19.500456800305518,0.05600686900737134
Coherent state,19.600459142871237,0.6564347091542507
Coherent state,19.700461485436836,0.30840963242489927
Coherent state,19.800463828002556,0.030630292273690938
Coherent state,19.900466170568155,0.2486824169795655
Coherent state,20.000468513133875,0.18796015102274288
Coherent state,20.100470855699598,0.04592128213929775
Coherent state,20.200473198265193,0.2336111281136926
Coherent state,20.300475540830917,0.14017836963277244
Coherent state,20.400477883396512,0.40807302620893426
Coherent state,20.500480225962235,2.697406176728894
Coherent state,20.600482568527834,0.6992329972284111
Coherent state,20.700484911093554,0.18011284438988248
Coherent state,20.800487253659277,1.2274391134747447
Coherent state,20.900489596224872,0.2714474628483521
Coherent state,21.000491938790596,0.37413227814619326
Coherent state,21.10049428135619,0.17206241488564747
Coherent state,21.200496623921914,0.3899828468564267
Coherent state,21.30049896648751,0.15053922585105728
Coherent state,21.400501309053233,0.026661215838738296
Coherent state,21.500503651618953,0.0160579295293085
Coherent state,21.60050599418455,0.7812211698435397
Coherent state,21.70050833675027,0.1332293565137908
Coherent state,21.80051067931587,0.007706545318983628
Coherent state,21.90051302188159,0.08628449893685074
Coherent state,22.00051536444719,0.7357293666498549
Coherent state,22.100517707012912,0.012350063043738908
Coherent state,22.200520049578632,0.10135318852886852
Coherent state,22.30052239214423,0.10270995519202632
Coherent state,22.40052473470995,0.3469423986380547
Coherent state,22.50052707727555,0.30618051872698837
Coherent state,22.60052941984127,0.06811756409857643
Coherent state,22.700531762406992,0.010021942403850384
Coherent state,22.800534104972588,0.3919721582200299
Coherent state,22.90053644753831,0.024808803674042385
Coherent state,23.000538790103906,0.11917983855937231
Coherent state,23.10054113266963,0.10981949853928687
Coherent state,23.200543475235225,0.16026423171949536
Coherent state,23.30054581780095,0.050058414642043504
Coherent state,23.400548160366668,0.03425955485590576
Coherent state,23.500550502932267,0.00994901321777775
Coherent state,23.60055284549799,0.19709203515044058
Coherent state,23.700555188063586,0.03420048156202853
Coherent state,23.80055753062931,0.0006893294384334006
Coherent state,23.900559873194904,0.006176565351203563
Coherent state,24.000562215760628,0.3169328024728693
Coherent state,24.100564558326347,0.0036414857370167526
Coherent state,24.200566900891946,0.05485399911416009
Coherent state,24.300569243457666,0.014809487900504643
Coherent state,24.400571586023265,0.05666246717202659
Coherent state,24.500573928588985,0.01557861676343861
Coherent state,24.600576271154708,0.005266802855291512
Coherent state,24.700578613720303,0.016319778154671973
Coherent state,24.800580956286026,0.06576977788875189
Coherent state,24.900583298851622,0.007722464139841312
Coherent state,25.000585641417345,0.02438228766655273
Coherent state,25.10058798398294,0.054513722234578114
Coherent state,25.200590326548664,0.03746808746045183
Coherent state,25.300592669114387,0.006327033769678868
Coherent state,25.400595011679982,0.011099697091254631
Coherent state,25.500597354245706,0.01256731865901071
Coherent state,25.6005996968113,0.03287030305295957
Coherent state,25.700602039377024,0.004414838925519857
Coherent state,25.80060438194262,0.008684666101727297
Coherent state,25.900606724508343,0.0012621735153130697
Coherent state,26.000609067074063,0.03445665568005712
Coherent state,26.10061140963966,0.0028185104291420446
Coherent state,26.20061375220538,0.02105496712312668
Coherent state,26.30061609477098,0.0061625889642471276
Coherent state,26.4006184373367,0.007790644188447171
Coherent state,26.500620779902423,0.0013791725344278487
Coherent state,26.60062312246802,0.0038303534731088072
Coherent state,26.700625465033742,0.008718579228131367
Coherent state,26.800627807599337,0.012461388607726524
Coherent state,26.90063015016506,0.0076736314709620656
Coherent state,27.00063249273066,0.0068009235952512116
Coherent state,27.10063483529638,0.017017427364558524
Coherent state,27.200637177862102,0.004597646990072748
Coherent state,27.300639520427698,0.004293918301632745
Coherent state,27.40064186299342,0.008745227367613274
Coherent state,27.500644205559016,0.0077838618436184325
Coherent state,27.60064654812474,0.0028856847287333683
Coherent state,27.700648890690335,0.004746817622034624
Coherent state,27.80065123325606,0.006719390592199467
Coherent state,27.900653575821778,0.004169033858838284
Coherent state,28.000655918387377,0.004589146154307298
Coherent state,28.100658260953097,0.004339742311124953
Coherent state,28.200660603518696,0.007560248555773214
Coherent state,28.300662946084415,0.00426288371592349
Coherent state,28.40066528865014,0.004838648182354711
Coherent state,28.500667631215737,0.00414104143034549
Coherent state,28.600669973781457,0.004463771479982015
Coherent state,28.700672316347056,0.004682064516852165
Coherent state,28.800674658912776,0.005529325511902507
Coherent state,28.900677001478375,0.004505064246672124
Coherent state,29.000679344044094,0.00436950745357419
Coherent state,29.100681686609818,0.005578432830086955
Coherent state,29.200684029175413,0.002912012269685513
Coherent state,29.300686371741136,0.004064796226723293
Coherent state,29.40068871430673,0.005468547804177279
Coherent state,29.500691056872455,0.004993862694218862
Coherent state,29.60069339943805,0.0021759907996650027
Coherent state,29.700695742003774,0.0045083371086741
Coherent state,29.800698084569497,0.00426802284284609
Coherent state,29.900700427135092,0.004030265889241162
Coherent state,30.000702769700816,0.0044019532209100916
Coherent state,30.10070511226641,0.0041797534345023495
Coherent state,30.200707454832134,0.0038337965223880447
Coherent state,30.30070979739773,0.0037265701128301578
Coherent state,30.400712139963453,0.0038851795389836675
Coherent state,30.500714482529172,0.003319882601301399
Coherent state,30.60071682509477,0.003719901370151509
Coherent state,30.70071916766049,0.0034331050707862975
Coherent state,30.80072151022609,0.0039040695256026274
Coherent state,30.90072385279181,0.003427978948292175
Coherent state,31.000726195357533,0.003300741876109518
Coherent state,31.10072853792313,0.003246428767374164
Coherent state,31.20073088048885,0.0032322888591227203
Coherent state,31.300733223054447,0.0036668883489828193
Coherent state,31.40073556562017,0.0032175997547061208
Coherent state,31.500737908185766,0.003353877753705616
Coherent state,31.60074025075149,0.0031553470514534233
Coherent state,31.700742593317212,0.0032093464215264917
Coherent state,31.800744935882808,0.0032411026218323816
Coherent state,31.90074727844853,0.0030840718850774656
Coherent state,32.00074962101413,0.0032821063938520715
Coherent state,32.100751963579846,0.003301634838293065
Coherent state,32.20075430614545,0.0026638226760915293
Coherent state,32.300756648711165,0.0030426034129274245
Coherent state,32.40075899127689,0.0031156029489699593
Coherent state,32.50076133384248,0.0031299609006908862
Coherent state,32.60076367640821,0.002947591759419313
Coherent state,32.7007660189738,0.002843072161760816
Coherent state,32.800768361539525,0.0027844015755859926
Coherent state,32.90077070410525,0.0027941488295536395
Coherent state,33.000773046670844,0.0027088988408065346
Coherent state,33.10077538923657,0.002660669501812028
Coherent state,33.20077773180216,0.0024623926446858437
Coherent state,33.300780074367886,0.002831888441165086
Coherent state,33.40078241693348,0.0026957288876815855
Coherent state,33.500784759499204,0.002411059243903422
Coherent state,33.60078710206493,0.0026561971119965465
Coherent state,33.70078944463052,0.0025291303703665383
Coherent state,33.800791787196246,0.002444518312199337
Coherent state,33.90079412976184,0.0024591095597620684
Coherent state,34.000796472327565,0.0023549317770422285
Coherent state,34.10079881489316,0.0023803114343438005
Coherent state,34.20080115745888,0.0023250006942278786
Coherent state,34.30080350002461,0.0023165967992807295
Coherent state,34.4008058425902,0.0023128842197475234
Coherent state,34.500808185155925,0.0025068080784479588
Coherent state,34.60081052772152,0.002257263344427948
Coherent state,34.700812870287244,0.0022673084873890016
Coherent state,34.80081521285297,0.0021443746489852086
Coherent state,34.90081755541856,0.002170322201623628
Coherent state,35.000819897984286,0.002187932196253007
Coherent state,35.10082224054988,0.0022160580511041143
Coherent state,35.200824583115605,0.0020360544279805154
Coherent state,35.3008269256812,0.0020105127068961036
Coherent state,35.40082926824692,0.00219050409066249
Coherent state,35.50083161081264,0.0020264079504166994
Coherent state,35.60083395337824,0.0018996834374352132
Coherent state,35.70083629594396,0.0020317575040501414
Coherent state,35.80083863850956,0.0019305958312100175
Coherent state,35.90084098107528,0.0019868586699377986
Coherent state,36.00084332364088,0.0019269936695870823
Coherent state,36.100845666206595,0.0018514898302559992
Coherent state,36.20084800877232,0.0019746911044777665
Coherent state,36.300850351337914,0.0018674909976482761
Coherent state,36.40085269390364,0.0017795858832917572
Coherent state,36.50085503646924,0.001782845395572184
Coherent state,36.600857379034956,0.0017843770400596372
Coherent state,36.70085972160068,0.001776611144942687
Coherent state,36.800862064166274,0.0017662731160318274
Coherent state,36.900864406732,0.0017437479387109084
Coherent state,37.00086674929759,0.0016955180306626773
Coherent state,37.100869091863316,0.0017106125206286598
Coherent state,37.20087143442891,0.0017673788528555245
Coherent state,37.300873776994635,0.0015918988317279292
Coherent state,37.40087611956036,0.0016435776852096685
Coherent state,37.500878462125954,0.0016727227070226249
Coherent state,37.60088080469168,0.0015892055336836372
Coherent state,37.70088314725727,0.0015939517323734526
Coherent state,37.800885489822996,0.0015905546466237252
Coherent state,37.90088783238859,0.0015635952298078762
Coherent state,38.000890174954314,0.0015894190233527502
Coherent state,38.10089251752004,0.001536620759663508
Coherent state,38.20089486008563,0.0015191510577542376
Coherent state,38.300897202651356,0.001525133794639062
Coherent state,38.40089954521695,0.0014889135754884277
Coherent state,38.500901887782675,0.0014069704645223232
Coherent state,38.60090423034827,0.0014634240696904577
Coherent state,38.70090657291399,0.0014338256778747538
Coherent state,38.80090891547972,0.0014335905749087504
Coherent state,38.90091125804531,0.0014101046533507374
Coherent state,39.000913600611035,0.0013883226383438493
Coherent state,39.10091594317663,0.0013236378393714277
Coherent state,39.200918285742354,0.001424174191609946
Coherent state,39.30092062830808,0.001347785161602677
Coherent state,39.40092297087367,0.0013101676910740067
Coherent state,39.500925313439396,0.001319126937250512
Coherent state,39.60092765600499,0.001359159857368519
Coherent state,39.700929998570714,0.0012869719387533143
Coherent state,39.80093234113631,0.0012982438925535369
Coherent state,39.90093468370203,0.0012461883203526748
Coherent state,40.00093702626775,0.0012754425427683402
Coherent state,40.10093936883335,0.0012654574433273462
Coherent state,40.20094171139907,0.0012022602746030956
Coherent state,40.30094405396467,0.0012152791920675393
Coherent state,40.40094639653039,0.0012386980077666295
Coherent state,40.50094873909599,0.0011842698549224219
Coherent state,40.600951081661705,0.0011940927583341874
Coherent state,40.70095342422743,0.0011723128969248948
Coherent state,40.800955766793024,0.0011655842339248154
Coherent state,40.90095810935875,0.0011260244022966034
Coherent state,41.00096045192434,0.0011748367943694546
Coherent state,41.100962794490066,0.0010897562108815823
Coherent state,41.20096513705579,0.001113121342088417
Coherent state,41.300967479621384,0.0011221177666599874
Coherent state,41.40096982218711,0.0010894024218140908
Coherent state,41.5009721647527,0.0010751678241393168
Coherent state,41.600974507318426,0.0010843926950295376
Coherent state,41.70097684988402,0.0010674895309647579
Coherent state,41.800979192449745,0.0010576717161081637
Coherent state,41.90098153501547,0.0010295042838331934
Coherent state,42.00098387758106,0.0010312954195029083
Coherent state,42.10098622014679,0.001031530783776888
Coherent state,42.20098856271238,0.0010087021653375767
Coherent state,42.300990905278105,0.0009798034042435588
Coherent state,42.4009932478437,0.0010022339356926073
Coherent state,42.500995590409424,0.0009729764488271088
Coherent state,42.60099793297515,0.0009716745474925121
Coherent state,42.70100027554074,0.0009572537993367435
Coherent state,42.801002618106466,0.0009704658027294525
Coherent state,42.90100496067206,0.0009200654100341969
Coherent state,43.001007303237785,0.000968140788783862
Coherent state,43.10100964580351,0.0009281015795472039
Coherent state,43.2010119883691,0.0008988931677672059
Coherent state,43.30101433093483,0.0009280095756976916
Coherent state,43.40101667350042,0.0008926189484222043
Coherent state,43.501019016066145,0.0009082354466949965
Coherent state,43.60102135863174,0.000864876093922172
Coherent state,43.701023701197464,0.0008834389991003291
Coherent state,43.80102604376318,0.0008745344546833072
Coherent state,43.90102838632878,0.0008635449128717221
Coherent state,44.0010307288945,0.0008510574898710696
Coherent state,44.1010330714601,0.0008492165808625256
Coherent state,44.201035414025824,0.0008501955317231439
Coherent state,44.30103775659142,0.0008175436432854442
Coherent state,44.40104009915714,0.0008205402081334671
Coherent state,44.50104244172286,0.0007962443808804649
Coherent state,44.60104478428846,0.0008037675489951329
Coherent state,44.70104712685418,0.0007885269177931583
Coherent state,44.80104946941978,0.0008125356448706637
Coherent state,44.901051811985496,0.0007768743277011056
Coherent state,45.00105415455122,0.0007818937834119823
Coherent state,45.101056497116815,0.0007868536622433797
Coherent state,45.20105883968254,0.0007515540094341694
Coherent state,45.301061182248134,0.0007788993324635492
Coherent state,45.40106352481386,0.0007301628697173758
Coherent state,45.50106586737945,0.0007645470814105906
Coherent state,45.601068209945176,0.0007271304873095452
Coherent state,45.7010705525109,0.0007283999145036673
Coherent state,45.801072895076494,0.0007322529644226081
Coherent state,45.90107523764222,0.0007222587712628916
Coherent state,46.00107758020781,0.000710620310285442
Coherent state,46.101079922773536,0.0007074555527846031
Coherent state,46.20108226533913,0.0007049606122115292
Coherent state,46.301084607904855,0.0006930211546833409
Coherent state,46.40108695047058,0.0006903763364358263
Coherent state,46.50108929303617,0.000671684056294616
Coherent state,46.6010916356019,0.0006776458551470663
Coherent state,46.70109397816749,0.000662785343625224
Coherent state,46.801096320733215,0.0006776678542666744
Coherent state,46.90109866329881,0.0006639890710720802
Coherent state,47.001101005864534,0.0006405135757476286
Coherent state,47.10110334843026,0.0006582695600489983
Coherent state,47.20110569099585,0.0006332075412127484
Coherent state,47.301108033561576,0.0006576426475095215
Coherent state,47.40111037612717,0.0006104725765086336
Coherent state,47.501112718692895,0.000634676578371785
Coherent state,47.60111506125862,0.000631522994101105
Coherent state,47.70111740382421,0.0006079447448630221
Coherent state,47.801119746389936,0.0006187076878846535
Coherent state,47.90112208895553,0.0006052836644809206
Coherent state,48.001124431521255,0.000597862146230662
Coherent state,48.10112677408685,0.0005939448387875052
Coherent state,48.201129116652574,0.0005828165318897792
Coherent state,48.30113145921829,0.0005853727448275802
Coherent state,48.40113380178389,0.000586578744381857
Coherent state,48.50113614434961,0.0005787963487177309
Coherent state,48.60113848691521,0.0005750006308036281
Coherent state,48.70114082948093,0.0005653395487321942
Coherent state,48.80114317204653,0.0005668004977307789
Coherent state,48.901145514612246,0.0005671618188175683
Coherent state,49.00114785717797,0.0005414118634305862
Coherent state,49.10115019974357,0.000551626735558972
Coherent state,49.20115254230929,0.0005347239835732592
Coherent state,49.30115488487489,0.0005545923507004681
Coherent state,49.401157227440606,0.0005206811357358301
Coherent state,49.50115957000633,0.0005246520281227085
Coherent state,49.601161912571925,0.000544768032798196
Coherent state,49.70116425513765,0.0005131822777104721
Coherent state,49.801166597703244,0.0005240542122057583
Coherent state,49.90116894026897,0.0005115494010794659
Coherent state,50.00117128283456,0.0005076860893995226
Coherent state,50.101173625400286,0.0005051356099028929
Coherent state,50.20117596796601,0.0004905923500375442
Coherent state,50.301178310531604,0.0004957354943308604
Coherent state,50.40118065309733,0.0004987534433066399
Coherent state,50.50118299566292,0.0004992185328395539
Coherent state,50.601185338228646,0.00048614287016680646
Coherent state,50.70118768079424,0.0004823230095405899
Coherent state,50.801190023359965,0.0004755637240005392
Coherent state,50.90119236592569,0.0004818328437850903
Coherent state,51.00119470849128,0.00046561205719029006
Coherent state,51.10119705105701,0.0004676649568210003
Coherent state,51.2011993936226,0.0004558189814554813
Coherent state,51.301201736188325,0.00047074276204102784
Coherent state,51.40120407875405,0.00045005558318211375
Coherent state,51.501206421319644,0.00044039045522579665
Coherent state,51.60120876388537,0.0004647047026603627
Coherent state,51.70121110645096,0.0004364216910303912
Coherent state,51.801213449016686,0.00044353380959791423
Coherent state,51.90121579158228,0.00043393419352274267
Coherent state,52.001218134148004,0.0004315362622993507
Coherent state,52.10122047671373,0.0004320507975172466
Coherent state,52.20122281927932,0.000419246532536746
Coherent state,52.301225161845046,0.00042334449467649733
Coherent state,52.40122750441064,0.0004262947163412999
Coherent state,52.501229846976365,0.00043025890829380935
Coherent state,52.60123218954196,0.00041367917292739465
Coherent state,52.701234532107684,0.0004131393582307415
Coherent state,52.8012368746734,0.0004028751055591775
Coherent state,52.901239217239,0.00040948599667991076
Coherent state,53.00124155980472,0.000400121235678034
Coherent state,53.10124390237032,0.00039886711931934766
Coherent state,53.20124624493604,0.0003900746091123465
Coherent state,53.30124858750176,0.00040127535825711856
Coherent state,53.401250930067356,0.0003890599380245919
Coherent state,53.50125327263308,0.00037674631804857377
Coherent state,53.601255615198674,0.000396441284903575
Coherent state,53.7012579577644,0.0003749022013716888
Coherent state,53.80126030033,0.0003786392691603515
Coherent state,53.901262642895716,0.0003714213179728913
Coherent state,54.00126498546144,0.0003691124956367595
Coherent state,54.101267328027035,0.0003709695245506261
Coherent state,54.20126967059276,0.00036102463177925743
Coherent state,54.30127201315835,0.00036340995770104805
Coherent state,54.40127435572408,0.00036556043602549323
Coherent state,54.50127669828967,0.0003684597622518503
Coherent state,54.601279040855395,0.00035441412707100693
Coherent state,54.70128138342112,0.00035446677174735445
Coherent state,54.801283725986714,0.00034517044910630185
Coherent state,54.90128606855244,0.0003501710206166249
Coherent state,55.00128841111803,0.0003441085789214039
Coherent state,55.101290753683756,0.00034301369272565687
Coherent state,55.20129309624935,0.00033698387632765997
Coherent state,55.301295438815075,0.00034509390124514854
Coherent state,55.4012977813808,0.000336269648349215
Coherent state,55.50130012394639,0.00032716568266925617
Coherent state,55.60130246651212,0.0003392074479589684
Coherent state,55.70130480907771,0.00032345637284458107
Coherent state,55.801307151643435,0.00032449347806148615
Coherent state,55.90130949420916,0.0003187838581354545
Coherent state,56.001311836774754,0.0003169716621794433
Coherent state,56.10131417934048,0.00031858385979918757
Coherent state,56.20131652190607,0.00031251836945553915
Coherent state,56.301318864471796,0.0003146440917665884
Coherent state,56.40132120703739,0.00031676796692633373
Coherent state,56.501323549603114,0.00031721382356552155
Coherent state,56.60132589216883,0.0003084324423992903
Coherent state,56.70132823473443,0.00030631711737631403
Coherent state,56.801330577300156,0.0002994091171998392
Coherent state,56.90133291986575,0.00030024263578847405
Coherent state,57.001335262431475,0.0002952115427367176
Coherent state,57.10133760499707,0.00029368004536490513
Coherent state,57.20133994756279,0.0002906848699468798
Coherent state,57.30134229012851,0.00029604044904305504
Coherent state,57.40134463269411,0.0002904410160388021
Coherent state,57.50134697525983,0.0002870460167224542
Coherent state,57.60134931782543,0.0002935568650374906
Coherent state,57.70135166039115,0.0002838066722634137
Coherent state,57.80135400295687,0.000283120810275506
Coherent state,57.901356345522466,0.0002778950682808846
Coherent state,58.00135868808819,0.00027498644776100217
Coherent state,58.101361030653784,0.0002740240858310648
Coherent state,58.20136337321951,0.00026927825877961717
Coherent state,58.3013657157851,0.00027031903255525774
Coherent state,58.401368058350826,0.0002715703431494433
Coherent state,58.50137040091655,0.0002715434010872343
Coherent state,58.601372743482145,0.00026875632063332896
Coherent state,58.70137508604787,0.0002668972490520216
Coherent state,58.80137742861346,0.0002644060118628083
Coherent state,58.90137977117919,0.00026282391995624635
Coherent state,59.00138211374478,0.00025902452723664665
Coherent state,59.101384456310505,0.00025571172575493634
Coherent state,59.20138679887623,0.00025318057722289653
Coherent state,59.301389141441824,0.000253472482846521
Coherent state,59.40139148400755,0.0002492342528898721
Coherent state,59.50139382657314,0.00024797395554635853
Coherent state,59.601396169138866,0.0002509322810675947
Coherent state,59.70139851170459,0.00024693070408791397
Coherent state,59.801400854270184,0.00024745978829008095
Coherent state,59.90140319683591,0.0002449966335532535
Coherent state,60.0014055394015,0.00024287875926938107
Coherent state,60.101407881967226,0.00024179152696356335
Coherent state,60.20141022453282,0.00023741924186471302
Coherent state,60.301412567098545,0.0002361343182372611
Coherent state,60.40141490966427,0.00023410510926413165
Coherent state,60.501417252229864,0.00023258363960279162
Coherent state,60.60141959479559,0.00023078287056627325
Coherent state,60.70142193736118,0.00022945924850722362
Coherent state,60.801424279926906,0.0002296506993445192
Coherent state,60.9014266224925,0.0002287699719606019
Coherent state,61.001428965058224,0.00022804494893444947
Coherent state,61.10143130762394,0.0002261580182770934
Coherent state,61.20143365018954,0.00022491535547308002
Coherent state,61.30143599275526,0.00022293430301871588
Coherent state,61.40143833532086,0.0002195703568796345
Coherent state,61.50144067788658,0.0002168477041989557
Coherent state,61.6014430204523,0.00021613736782405987
Coherent state,61.7014453630179,0.0002129981690363584
Coherent state,61.80144770558362,0.00021304922894441533
Coherent state,61.90145004814922,0.0002117719931412388
Coherent state,62.00145239071494,0.00021110085226510726
Coherent state,62.10145473328054,0.0002121337419032905
Coherent state,62.20145707584626,0.00021048911053054455
Coherent state,62.30145941841198,0.00020980505318746875
Coherent state,62.401461760977575,0.00020768376808318094
Coherent state,62.5014641035433,0.0002058984950612371
Coherent state,62.601466446108894,0.00020284282660970013
Coherent state,62.70146878867462,0.00020058943595211877
Coherent state,62.80147113124021,0.00019890206782229226
Coherent state,62.901473473805936,0.00019698566353067035
Coherent state,63.00147581637166,0.00019635313263705363
Coherent state,63.101478158937255,0.0001955997572426395
Coherent state,63.20148050150298,0.0001957990550019229
Coherent state,63.30148284406857,0.00019567748505866818
Coherent state,63.4014851866343,0.00019529225602657859
Coherent state,63.50148752919989,0.00019402355740163874
Coherent state,63.601489871765615,0.00019317588313422587
Coherent state,63.70149221433134,0.0001902321510981964
Coherent state,63.801494556896934,0.0001885847952409116
Coherent state,63.90149689946266,0.0001855622187622937
Coherent state,64.00149924202826,0.00018329679517821112
Coherent state,64.10150158459398,0.0001825315587805331
Coherent state,64.20150392715969,0.00018115511356709527
Coherent state,64.3015062697253,0.00018075572608897361
Coherent state,64.40150861229101,0.0001806550680180023
Coherent state,64.50151095485661,0.0001810349148026562
Coherent state,64.60151329742233,0.00018048173985143117
Coherent state,64.70151563998793,0.00018037931081022496
Coherent state,64.80151798255365,0.00017909870911708836
Coherent state,64.90152032511938,0.00017722870916536053
Coherent state,65.00152266768497,0.0001751535079425817
Coherent state,65.1015250102507,0.00017258506461364698
Coherent state,65.20152735281629,0.00017042284504973767
Coherent state,65.30152969538202,0.0001687312580712774
Coherent state,65.4015320379476,0.00016759646727749987
Coherent state,65.50153438051333,0.00016693535667367042
Coherent state,65.60153672307905,0.00016719037904458704
Coherent state,65.70153906564465,0.00016698505977888058
Coherent state,65.80154140821037,0.0001674776280657396
Coherent state,65.90154375077597,0.00016696890219598624
Coherent state,66.00154609334169,0.0001663856789650388
Coherent state,66.10154843590742,0.000165289196224913
Coherent state,66.201550778473,0.00016333755684566569
Coherent state,66.30155312103874,0.0001610428286199281
Coherent state,66.40155546360432,0.00015894443538403707
Coherent state,66.50155780617006,0.00015696241318106284
Coherent state,66.60156014873564,0.00015531736529285855
Coherent state,66.70156249130137,0.00015466687328629872
Coherent state,66.80156483386709,0.00015413257378677967
Coherent state,66.90156717643269,0.00015429624894689657
Coherent state,67.00156951899841,0.00015458540689773217
Coherent state,67.10157186156401,0.00015466399476753747
Coherent state,67.20157420412973,0.00015451988133206637
Coherent state,67.30157654669533,0.0001538444201211735
Coherent state,67.40157888926105,0.0001525395247795055
Coherent state,67.50158123182676,0.00015080425608032889
Coherent state,67.60158357439236,0.00014882359832173086
Coherent state,67.70158591695808,0.00014666335568502213
Coherent state,67.80158825952368,0.00014491419651876993
Coherent state,67.90159060208941,0.00014346920080254963
Coherent state,68.00159294465513,0.0001427932593210878
Coherent state,68.10159528722073,0.000142553634199717
Coherent state,68.20159762978645,0.00014266546444748686
Coherent state,68.30159997235205,0.00014294161410460817
Coherent state,68.40160231491777,0.0001432336785016627
Coherent state,68.50160465748337,0.00014304482180108554
Coherent state,68.60160700004909,0.00014239652342748079
Coherent state,68.7016093426148,0.000141250497530286
Coherent state,68.8016116851804,0.0001394990887107201
Coherent state,68.90161402774612,0.00013766175203883374
Coherent state,69.00161637031172,0.00013568557365310833
Coherent state,69.10161871287744,0.00013398749051022214
Coherent state,69.20162105544304,0.00013276361674926965
Coherent state,69.30162339800876,0.00013201468553272085
Coherent state,69.40162574057449,0.00013181515814243157
Coherent state,69.50162808314008,0.00013201012992206134
Coherent state,69.6016304257058,0.0001323575449211565
Coherent state,69.7016327682714,0.00013261537980024403
Coherent state,69.80163511083713,0.00013256019717789314
Coherent state,69.90163745340284,0.000132009888018809
Coherent state,70.00163979596844,0.00013096211775246269
Coherent state,70.10164213853416,0.00012948022467609228
Coherent state,70.20164448109976,0.00012766014950849164
Coherent state,70.30164682366548,0.0001258420246287843
Coherent state,70.40164916623108,0.00012421269667713342
Coherent state,70.5016515087968,0.00012297003960051712
Coherent state,70.60165385136253,0.00012222302661932507
Coherent state,70.70165619392812,0.00012198277833578622
Coherent state,70.80165853649385,0.0001221298819058064
Coherent state,70.90166087905943,0.0001225445192062141
Coherent state,71.00166322162517,0.00012284518579039127
Coherent state,71.10166556419075,0.00012296235886706628
Coherent state,71.20166790675648,0.00012261621079758794
Coherent state,71.3016702493222,0.00012175731031410452
Coherent state,71.4016725918878,0.00012045648331948266
Coherent state,71.50167493445352,0.00011880728047909105
Coherent state,71.60167727701912,0.00011705074953778154
Coherent state,71.70167961958484,0.00011539442788074837
Coherent state,71.80168196215044,0.00011408467094462964
Coherent state,71.90168430471616,0.00011320823198024909
Coherent state,72.00168664728187,0.00011284538053381509
Coherent state,72.10168898984747,0.00011295771663874631
Coherent state,72.20169133241319,0.00011332239967073918
Coherent state,72.3016936749788,0.0001137870855407047
Coherent state,72.40169601754451,0.00011406275207963385
Coherent state,72.50169836011024,0.00011401357309036426
Coherent state,72.60170070267583,0.00011344397428312997
Coherent state,72.70170304524156,0.0001124174284342333
Coherent state,72.80170538780716,0.00011098001910187103
Coherent state,72.90170773037288,0.00010932346333574386
Coherent state,73.00171007293848,0.00010761589498118181
Coherent state,73.1017124155042,0.00010616601617935141
Coherent state,73.20171475806991,0.00010506356482472739
Coherent state,73.30171710063551,0.00010448247550235542
Coherent state,73.40171944320123,0.000104379629432234
Coherent state,73.50172178576683,0.00010466895392619312
Coherent state,73.60172412833255,0.00010516837389723353
Coherent state,73.70172647089815,0.00010564060690728726
Coherent state,73.80172881346387,0.00010590551662172444
Coherent state,73.9017311560296,0.0001057431842551733
Coherent state,74.00173349859519,0.00010511982591756324
Coherent state,74.10173584116092,0.00010400180022944777
Coherent state,74.2017381837265,0.00010254684078333846
Coherent state,74.30174052629224,0.00010091232704627236
Coherent state,74.40174286885795,9.93007737935986e-05
Coherent state,74.50174521142355,9.794821214288954e-05
Coherent state,74.60174755398927,9.698545904561559e-05
Coherent state,74.70174989655487,9.65463866808874e-05
Coherent state,74.80175223912059,9.656765459542777e-05
Coherent state,74.90175458168619,9.695616417673065e-05
Coherent state,75.00175692425191,9.751567687144548e-05
Coherent state,75.10175926681764,9.805078695307296e-05
Coherent state,75.20176160938323,9.831891710058527e-05
Coherent state,75.30176395194896,9.820368520570748e-05
Coherent state,75.40176629451454,9.759177529697248e-05
Coherent state,75.50176863708027,9.652850851006868e-05
Coherent state,75.60177097964586,9.510821785431934e-05
Coherent state,75.7017733222116,9.35096306177957e-05
Coherent state,75.80177566477731,9.19578885777406e-05
Coherent state,75.90177800734291,9.063494425775819e-05
Coherent state,76.00178034990863,8.973476011872787e-05
Coherent state,76.10178269247423,8.926025928221359e-05
Coherent state,76.20178503503995,8.930952636838082e-05
Coherent state,76.30178737760566,8.970716683330992e-05
Coherent state,76.40178972017127,9.03073564405258e-05
Coherent state,76.50179206273698,9.088649719332474e-05
Coherent state,76.60179440530258,9.126323926884758e-05
Coherent state,76.7017967478683,9.126856891588301e-05
Coherent state,76.8017990904339,9.079656519994285e-05
Coherent state,76.90180143299962,8.985953142857468e-05
Coherent state,77.00180377556535,8.855619417658582e-05
Coherent state,77.10180611813094,8.704015691396791e-05
Coherent state,77.20180846069667,8.551411215592454e-05
Coherent state,77.30181080326226,8.418208568864744e-05
Coherent state,77.40181314582799,8.319366151972625e-05
Coherent state,77.50181548839358,8.26619669222854e-05
Coherent state,77.6018178309593,8.258614053939197e-05
Coherent state,77.70182017352502,8.290796305853897e-05
Coherent state,77.80182251609062,8.347348190656597e-05
Coherent state,77.90182485865634,8.41128737060029e-05
Coherent state,78.00182720122194,8.461744012222292e-05
Coherent state,78.10182954378766,8.478648751183868e-05
Coherent state,78.20183188635326,8.455870892112047e-05
Coherent state,78.30183422891898,8.385839633646939e-05
Coherent state,78.40183657148471,8.275874490031233e-05
Coherent state,78.5018389140503,8.136938255599292e-05
Coherent state,78.60184125661603,7.990850298881245e-05
Coherent state,78.70184359918161,7.853493311584138e-05
Coherent state,78.80184594174735,7.742759709865015e-05
Coherent state,78.90184828431306,7.671623123054303e-05
Coherent state,79.00185062687866,7.644768922316649e-05
Coherent state,79.10185296944438,7.659277103592665e-05
Coherent state,79.20185531200998,7.705237754181909e-05
Coherent state,79.3018576545757,7.76683203126463e-05
Coherent state,79.4018599971413,7.825448227431914e-05
Coherent state,79.50186233970702,7.864459457403421e-05
Coherent state,79.60186468227275,7.868702320730647e-05
Coherent state,79.70186702483834,7.83147841102838e-05
Coherent state,79.80186936740407,7.751116441889614e-05
Coherent state,79.90187170996965,7.637912796937871e-05
Coherent state,80.00187405253538,7.503019046593268e-05
Coherent state,80.10187639510097,7.365942860900085e-05
Coherent state,80.2018787376667,7.243062925816207e-05
Coherent state,80.30188108023242,7.150500313142824e-05
Coherent state,80.40188342279802,7.097067776448111e-05
Coherent state,80.50188576536374,7.08516937664161e-05
Coherent state,80.60188810792934,7.110144711888915e-05
Coherent state,80.70189045049506,7.15958217120127e-05
Coherent state,80.80189279306077,7.219402834559132e-05
Coherent state,80.90189513562638,7.272255848622463e-05
Coherent state,81.00189747819209,7.303086972863942e-05
Coherent state,81.1018998207577,7.300066755098638e-05
Coherent state,81.20190216332341,7.258524475710564e-05
Coherent state,81.30190450588901,7.178717643174544e-05
Coherent state,81.40190684845473,7.069418092833057e-05
Coherent state,81.50190919102046,6.94359026893685e-05
Coherent state,81.60191153358605,6.817241432156903e-05
Coherent state,81.70191387615178,6.706974294018194e-05
Coherent state,81.80191621871737,6.625297451217904e-05
Coherent state,81.9019185612831,6.580606737041171e-05
Coherent state,82.00192090384868,6.573355523234571e-05
Coherent state,82.10192324641442,6.600555353945004e-05
Coherent state,82.20192558898013,6.648204084833408e-05
Coherent state,82.30192793154573,6.704067352915311e-05
Coherent state,82.40193027411145,6.752281930765301e-05
Coherent state,82.50193261667705,6.779736361241175e-05
Coherent state,82.60193495924277,6.775771365549464e-05
Coherent state,82.7019373018085,6.736416976384454e-05
Coherent state,82.80193964437409,6.663474724372393e-05
Coherent state,82.90194198693982,6.563969136920212e-05
Coherent state,83.0019443295054,6.449401506391128e-05
Coherent state,83.10194667207114,6.334155155944687e-05
Coherent state,83.20194901463672,6.232355187573255e-05
Coherent state,83.30195135720246,6.155942128820423e-05
Coherent state,83.40195369976817,6.112691168193094e-05
Coherent state,83.50195604233377,6.103789897051796e-05
Coherent state,83.60195838489949,6.125644225749686e-05
Coherent state,83.70196072746509,6.168383177244478e-05
Coherent state,83.80196307003081,6.21985771081778e-05
Coherent state,83.90196541259641,6.265263666131339e-05
Coherent state,84.00196775516213,6.292843903685554e-05
Coherent state,84.10197009772786,6.293391249579663e-05
Coherent state,84.20197244029345,6.261925617911628e-05
Coherent state,84.30197478285918,6.19956106209278e-05
Coherent state,84.40197712542476,6.112393226726721e-05
Coherent state,84.5019794679905,6.010479472697749e-05
Coherent state,84.60198181055621,5.905161616651397e-05
Coherent state,84.70198415312181,5.809986206817572e-05
Coherent state,84.80198649568753,5.7353073966317925e-05
Coherent state,84.90198883825313,5.688801645601306e-05
Coherent state,85.00199118081885,5.6730430638097394e-05
Coherent state,85.10199352338445,5.686103193904698e-05
Coherent state,85.20199586595017,5.720336209587509e-05
Coherent state,85.30199820851588,5.765804722181165e-05
Coherent state,85.40200055108149,5.8096254746302755e-05
Coherent state,85.5020028936472,5.8403010866047025e-05
Coherent state,85.6020052362128,5.8482526583843824e-05
Coherent state,85.70200757877852,5.82817500651572e-05
Coherent state,85.80200992134412,5.779560207005169e-05
Coherent state,85.90201226390984,5.7066158968729536e-05
Coherent state,86.00201460647557,5.617504579293339e-05
Coherent state,86.10201694904116,5.521852574724136e-05
Coherent state,86.20201929160689,5.4319141119108044e-05
Coherent state,86.30202163417248,5.3573824440320866e-05
Coherent state,86.4020239767382,5.305602073614066e-05
Coherent state,86.5020263193038,5.2804238090981756e-05
Coherent state,86.60202866186953,5.281938551546118e-05
Coherent state,86.70203100443524,5.305417780835936e-05
Coherent state,86.80203334700084,5.342669174838327e-05
Coherent state,86.90203568956656,5.383537337112709e-05
Coherent state,87.00203803213216,5.417286636532177e-05
Coherent state,87.10204037469788,5.434286470919963e-05
Coherent state,87.20204271726361,5.427987577405652e-05
Coherent state,87.3020450598292,5.395697802287323e-05
Coherent state,87.40204740239493,5.339086702240036e-05
Coherent state,87.50204974496052,5.2639827427001056e-05
Coherent state,87.60205208752625,5.178768411516687e-05
Coherent state,87.70205443009183,5.0936419733013796e-05
Coherent state,87.80205677265756,5.018043709715652e-05
Coherent state,87.90205911522328,4.960218812639469e-05
Coherent state,88.00206145778888,4.9248381629898297e-05
Coherent state,88.1020638003546,4.9136709552025756e-05
Coherent state,88.2020661429202,4.924308306452087e-05
Coherent state,88.30206848548592,4.95130812508841e-05
Coherent state,88.40207082805152,4.986640347357123e-05
Coherent state,88.50207317061724,5.021285012638276e-05
Coherent state,88.60207551318297,5.046075154163462e-05
Coherent state,88.70207785574856,5.053466631720389e-05
Coherent state,88.80208019831429,5.03879745428188e-05
Coherent state,88.90208254087987,5.001051069245178e-05
Coherent state,89.0020848834456,4.94282979313377e-05
Coherent state,89.10208722601132,4.870215358413724e-05
Coherent state,89.20208956857692,4.791506202562243e-05
Coherent state,89.30209191114264,4.715782689106559e-05
Coherent state,89.40209425370824,4.651536283718676e-05
Coherent state,89.50209659627396,4.605218818385131e-05
Coherent state,89.60209893883956,4.580255367168879e-05
Coherent state,89.70210128140528,4.576802580357906e-05
Coherent state,89.80210362397099,4.5916522636071376e-05
Coherent state,89.9021059665366,4.6190240931526835e-05
Coherent state,90.00210830910231,4.651382052055144e-05
Coherent state,90.10211065166791,4.680733942091034e-05
Coherent state,90.20211299423363,4.699271349735402e-05
Coherent state,90.30211533679923,4.701186744003641e-05
Coherent state,90.40211767936495,4.683100008744569e-05
Coherent state,90.50212002193068,4.64466494558514e-05
Coherent state,90.60212236449627,4.588634471694854e-05
Coherent state,90.702124707062,4.520793796864075e-05
Coherent state,90.80212704962759,4.44860982726707e-05
Coherent state,90.90212939219332,4.3803624865423016e-05
Coherent state,91.00213173475903,4.323494534293385e-05
Coherent state,91.10213407732464,4.283747934523662e-05
Coherent state,91.20213641989035,4.2638307660316407e-05
Coherent state,91.30213876245595,4.263564061319291e-05
Coherent state,91.40214110502167,4.279527560134914e-05
Coherent state,91.50214344758727,4.306099684148452e-05
Coherent state,91.60214579015299,4.336172540975059e-05
Coherent state,91.70214813271872,4.362369234280506e-05
Coherent state,91.80215047528431,4.378039561419609e-05
Coherent state,91.90215281785004,4.378247183565731e-05
Coherent state,92.00215516041563,4.360276678100867e-05
Coherent state,92.10215750298136,4.3241280823062376e-05
Coherent state,92.20215984554694,4.2724397445614024e-05
Coherent state,92.30216218811267,4.210240904031425e-05
Coherent state,92.40216453067839,4.144010035194234e-05
Coherent state,92.502166873244,4.081090511358932e-05
Coherent state,92.60216921580971,4.028257602803092e-05
Coherent state,92.70217155837531,3.990831569188662e-05
Coherent state,92.80217390094103,3.9716531048948574e-05
Coherent state,92.90217624350674,3.9708013480006967e-05
Coherent state,93.00217858607235,3.9854501052089896e-05
Coherent state,93.10218092863808,4.010485266644845e-05
Coherent state,93.20218327120367,4.0392851659671404e-05
Coherent state,93.3021856137694,4.06490108985294e-05
Coherent state,93.40218795633498,4.0809989073689075e-05
Coherent state,93.50219029890071,4.0829209389697175e-05
Coherent state,93.60219264146643,4.0680707927662126e-05
Coherent state,93.70219498403203,4.036425458087118e-05
Coherent state,93.80219732659775,3.990195587825029e-05
Coherent state,93.90219966916335,3.933726325439553e-05
Coherent state,94.00220201172907,3.872681160201053e-05
Coherent state,94.10220435429467,3.8134920018495894e-05
Coherent state,94.20220669686039,3.762291553516801e-05
Coherent state,94.3022090394261,3.724204020086817e-05
Coherent state,94.4022113819917,3.7024254960524206e-05
Coherent state,94.50221372455742,3.6978335722745025e-05
Coherent state,94.60221606712302,3.708626433182031e-05
Coherent state,94.70221840968874,3.7307591873402544e-05
Coherent state,94.80222075225434,3.7583857587460704e-05
Coherent state,94.90222309482006,3.7849811793525064e-05
Coherent state,95.00222543738579,3.804198205740506e-05
Coherent state,95.10222777995138,3.811040788803515e-05
Coherent state,95.20223012251711,3.8023907577396915e-05
Coherent state,95.3022324650827,3.777560472887399e-05
Coherent state,95.40223480764843,3.738108025232951e-05
Coherent state,95.50223715021414,3.687678993702778e-05
Coherent state,95.60223949277974,3.631257333114269e-05
Coherent state,95.70224183534546,3.5746393494617634e-05
Coherent state,95.80224417791106,3.523510131344784e-05
Coherent state,95.90224652047678,3.48289478829363e-05
Coherent state,96.00224886304238,3.456327425255572e-05
Coherent state,96.1022512056081,3.445533450889624e-05
Coherent state,96.20225354817383,3.449959763771038e-05
Coherent state,96.30225589073942,3.466958407309971e-05
Coherent state,96.40225823330515,3.491936862242666e-05
Coherent state,96.50226057587074,3.519158515020482e-05
Coherent state,96.60226291843647,3.5424629458214974e-05
Coherent state,96.70226526100205,3.5563668344294037e-05
Coherent state,96.80226760356778,3.5567751236877115e-05
Coherent state,96.9022699461335,3.5417413649852506e-05
Coherent state,97.0022722886991,3.511556001465081e-05
Coherent state,97.10227463126482,3.468771183204427e-05
Coherent state,97.20227697383042,3.417570349832814e-05
Coherent state,97.30227931639614,3.363264501806001e-05
Coherent state,97.40228165896185,3.3113581782513176e-05
Coherent state,97.50228400152746,3.266991725248968e-05
Coherent state,97.60228634409317,3.234155467162682e-05
Coherent state,97.70228868665878,3.215381358927597e-05
Coherent state,97.80229102922449,3.2112929781965186e-05
Coherent state,97.9022933717901,3.2206576668735885e-05
Coherent state,98.00229571435582,3.240360184494934e-05
Coherent state,98.10229805692154,3.265898223703965e-05
Coherent state,98.20230039948714,3.291818632269937e-05
Coherent state,98.30230274205286,3.312607476023904e-05
Coherent state,98.40230508461846,3.3233655948617816e-05
Coherent state,98.50230742718418,3.3207036763384135e-05
Coherent state,98.60230976974978,3.303130591577485e-05
Coherent state,98.7023121123155,3.271420343377892e-05
Coherent state,98.80231445488121,3.2283164074030704e-05
Coherent state,98.90231679744682,3.178213705479716e-05
Coherent state,99.00231914001253,3.1263146147857924e-05
Coherent state,99.10232148257813,3.0780001855313395e-05
Coherent state,99.20232382514385,3.0379486465992473e-05
Coherent state,99.30232616770958,3.0096956826474227e-05
Coherent state,99.40232851027517,2.9951058589296614e-05
Coherent state,99.5023308528409,2.9943398753654134e-05
Coherent state,99.60233319540649,3.0057445696345943e-05
Coherent state,99.70233553797222,3.0261958438914517e-05
Coherent state,99.8023378805378,3.0513383449423537e-05
Coherent state,99.90234022310354,3.0762293719583535e-05
Coherent state,100.00234256566925,3.0958329485099215e-05
Coherent state,100.10234490823485,3.105817070006116e-05
Coherent state,100.20234725080057,3.1030544765886745e-05
Coherent state,100.30234959336617,3.086231835606365e-05
Coherent state,100.40235193593189,3.055955096511398e-05
Coherent state,100.50235427849749,3.014812764030366e-05
Coherent state,100.60235662106321,2.966864585803744e-05
Coherent state,100.70235896362894,2.9171580400557502e-05
Coherent state,100.80236130619453,2.8708407938156688e-05
Coherent state,100.90236364876026,2.8325516555227087e-05
Coherent state,101.00236599132585,2.8056687697378336e-05
Coherent state,101.10236833389158,2.79203657163725e-05
Coherent state,101.20237067645729,2.79167938367962e-05
Coherent state,101.3023730190229,2.8029997908538337e-05
Coherent state,101.40237536158861,2.8229225584641133e-05
Coherent state,101.50237770415421,2.8474132575801217e-05
Coherent state,101.60238004671993,2.8718526105952062e-05
Coherent state,101.70238238928553,2.8916873113039173e-05
Coherent state,101.80238473185125,2.9028612237655312e-05
Coherent state,101.90238707441696,2.9024382534236196e-05
Coherent state,102.00238941698257,2.8888972932773394e-05
Coherent state,102.10239175954828,2.8625003514711936e-05
Coherent state,102.20239410211389,2.8251973845902432e-05
Coherent state,102.3023964446796,2.780520419476192e-05
Coherent state,102.4023987872452,2.7329882294905452e-05
Coherent state,102.50240112981092,2.6875822261175346e-05
Coherent state,102.60240347237665,2.6489050931976183e-05
Coherent state,102.70240581494225,2.6206396485300093e-05
Coherent state,102.80240815750797,2.6049371002032773e-05
Coherent state,102.90241050007357,2.602282786627293e-05
Coherent state,103.00241284263929,2.611397737842423e-05
Coherent state,103.10241518520489,2.629594293034897e-05
Coherent state,103.2024175277706,2.653082299535278e-05
Coherent state,103.30241987033632,2.6775750384874975e-05
Coherent state,103.40242221290193,2.6987059227112094e-05
Coherent state,103.50242455546764,2.71262146021742e-05
Coherent state,103.60242689803324,2.7163039963789538e-05
Coherent state,103.70242924059896,2.708017308012137e-05
Coherent state,103.80243158316469,2.6874274585431927e-05
Coherent state,103.90243392573028,2.6557947146781113e-05
Coherent state,104.00243626829601,2.6157674964514934e-05
Coherent state,104.1024386108616,2.5712016934494616e-05
Coherent state,104.20244095342733,2.5265708003099856e-05
Coherent state,104.30244329599292,2.4864692262801053e-05
Coherent state,104.40244563855865,2.454853552773135e-05
Coherent state,104.50244798112436,2.4345760973928275e-05
Coherent state,104.60245032368996,2.4268819346381116e-05
Coherent state,104.70245266625568,2.4313625158846856e-05
Coherent state,104.80245500882128,2.4459714772550434e-05
Coherent state,104.902457351387,2.467463650312797e-05
Coherent state,105.0024596939526,2.491790427313997e-05
Coherent state,105.10246203651832,2.514737556438631e-05
Coherent state,105.20246437908405,2.532347388400854e-05
Coherent state,105.30246672164964,2.5414415896970747e-05
Coherent state,105.40246906421537,2.5398455284169692e-05
Coherent state,105.50247140678096,2.5266872607505735e-05
Coherent state,105.60247374934669,2.502390300853359e-05
Coherent state,105.7024760919124,2.468745687866982e-05
Coherent state,105.802478434478,2.4286550278758352e-05
Coherent state,105.90248077704372,2.385933370690916e-05
Coherent state,106.00248311960932,2.3447728258995898e-05
Coherent state,106.10248546217504,2.309306846781352e-05
Coherent state,106.20248780474064,2.2829443723427347e-05
Coherent state,106.30249014730636,2.2679657155560486e-05
Coherent state,106.40249248987207,2.2650891467047495e-05
Coherent state,106.50249483243768,2.273457022675687e-05
Coherent state,106.60249717500339,2.2906964729105843e-05
Coherent state,106.702499517569,2.3133780725012417e-05
Coherent state,106.80250186013471,2.337445487809497e-05
Coherent state,106.90250420270031,2.35885644240356e-05
Coherent state,107.00250654526603,2.37400422273831e-05
Coherent state,107.10250888783176,2.380191706352579e-05
Coherent state,107.20251123039735,2.37579398459371e-05
Coherent state,107.30251357296308,2.3604579307037483e-05
Coherent state,107.40251591552867,2.335011867154333e-05
Coherent state,107.5025182580944,2.3014581098163027e-05
Coherent state,107.60252060066011,2.2626941964812408e-05
Coherent state,107.70252294322572,2.22232333526837e-05
Coherent state,107.80252528579143,2.1841858222277648e-05
Coherent state,107.90252762835703,2.1519963386768586e-05
Coherent state,108.00252997092275,2.1287712190235156e-05
Coherent state,108.10253231348835,2.116478264498952e-05
Coherent state,108.20253465605407,2.115644562333118e-05
Coherent state,108.3025369986198,2.125333532342011e-05
Coherent state,108.40253934118539,2.1431932998446105e-05
Coherent state,108.50254168375112,2.1658787787135237e-05
Coherent state,108.6025440263167,2.1894677535354617e-05
Coherent state,108.70254636888244,2.210082808408218e-05
Coherent state,108.80254871144803,2.2243173572664502e-05
Coherent state,108.90255105401376,2.2296958277370753e-05
Coherent state,109.00255339657947,2.2248261343926688e-05
Coherent state,109.10255573914507,2.209556233603402e-05
Coherent state,109.20255808171079,2.184845931181242e-05
Coherent state,109.3025604242764,2.1527073876996774e-05
Coherent state,109.40256276684211,2.1159120605744e-05
Coherent state,109.50256510940784,2.077803719249944e-05
Coherent state,109.60256745197343,2.0418881308715415e-05
Coherent state,109.70256979453916,2.011538562841835e-05
Coherent state,109.80257213710475,1.9895149601651713e-05
Coherent state,109.90257447967048,1.977669469603806e-05
Coherent state,110.00257682223607,1.9765873201174102e-05
Coherent state,110.1025791648018,1.9855345096008148e-05
Coherent state,110.20258150736751,2.0024546479884023e-05
Coherent state,110.30258384993311,2.0243071421326202e-05
Coherent state,110.40258619249883,2.047422517235041e-05
Coherent state,110.50258853506443,2.0680763863056645e-05
Coherent state,110.60259087763015,2.08291751446722e-05
Coherent state,110.70259322019575,2.0894428849902418e-05
Coherent state,110.80259556276147,2.0861909016167005e-05
Coherent state,110.90259790532718,2.0729151543661074e-05
Coherent state,111.00260024789279,2.050468933643678e-05
Coherent state,111.1026025904585,2.0207240784455635e-05
Coherent state,111.2026049330241,1.9862663889293567e-05
Coherent state,111.30260727558982,1.9501952149640167e-05
Coherent state,111.40260961815542,1.915743871112059e-05
Coherent state,111.50261196072114,1.8860322321174012e-05
Coherent state,111.60261430328687,1.8636665428333362e-05
Coherent state,111.70261664585246,1.850504922613323e-05
Coherent state,111.80261898841819,1.847339061668836e-05
Coherent state,111.90262133098378,1.8538178375707936e-05
Coherent state,112.00262367354951,1.8683807244941496e-05
Coherent state,112.10262601611522,1.8884853105573378e-05
Coherent state,112.20262835868083,1.910860344018053e-05
Coherent state,112.30263070124654,1.931992970716918e-05
Coherent state,112.40263304381214,1.9485328473959323e-05
Coherent state,112.50263538637786,1.9577841431298948e-05
Coherent state,112.60263772894346,1.9579686931964057e-05
Coherent state,112.70264007150918,1.9484689889447167e-05
Coherent state,112.80264241407491,1.9297827742329186e-05
Coherent state,112.9026447566405,1.9034675710304622e-05
Coherent state,113.00264709920623,1.8718463775222066e-05
Coherent state,113.10264944177182,1.8377877964543765e-05
Coherent state,113.20265178433755,1.804327281243689e-05
Coherent state,113.30265412690314,1.7744296060001396e-05
Coherent state,113.40265646946887,1.7506379085998704e-05
Coherent state,113.50265881203458,1.7348884188942458e-05
Coherent state,113.60266115460018,1.728241209336994e-05
Coherent state,113.7026634971659,1.730802779754646e-05
Coherent state,113.8026658397315,1.7416161680755587e-05
Coherent state,113.90266818229722,1.7587839096697486e-05
Coherent state,114.00267052486295,1.7796004839271647e-05
Coherent state,114.10267286742854,1.800915168500196e-05
Coherent state,114.20267520999427,1.8194653376859685e-05
Coherent state,114.30267755255986,1.832349110779448e-05
Coherent state,114.40267989512559,1.837346389176556e-05
Coherent state,114.50268223769118,1.8332525421565912e-05
Coherent state,114.6026845802569,1.8199513713001784e-05
Coherent state,114.70268692282262,1.798447123702058e-05
Coherent state,114.80268926538822,1.7706331109817772e-05
Coherent state,114.90269160795394,1.7390803035647274e-05
Coherent state,115.00269395051954,1.7066523331223208e-05
Coherent state,115.10269629308526,1.6762436624403767e-05
Coherent state,115.20269863565086,1.650430078038021e-05
Coherent state,115.30270097821658,1.631294757580987e-05
Coherent state,115.4027033207823,1.6201932768489658e-05
Coherent state,115.5027056633479,1.6176915156857703e-05
Coherent state,115.60270800591361,1.6234479316940082e-05
Coherent state,115.70271034847921,1.6362718404970654e-05
Coherent state,115.80271269104493,1.6541552489525853e-05
Coherent state,115.90271503361066,1.6745019422516384e-05
Coherent state,116.00271737617625,1.6943469314856885e-05
Coherent state,116.10271971874198,1.7107499142146964e-05
Coherent state,116.20272206130757,1.7211164437460856e-05
Coherent state,116.3027244038733,1.7235917599601947e-05
Coherent state,116.40272674643889,1.7172595598378628e-05
Coherent state,116.50272908900462,1.7023080115740993e-05
Coherent state,116.60273143157033,1.6799292957506435e-05
Coherent state,116.70273377413594,1.6521838161008094e-05
Coherent state,116.80273611670165,1.621650062767686e-05
Coherent state,116.90273845926725,1.5911422230893628e-05
Coherent state,117.00274080183297,1.5633288655292212e-05
Coherent state,117.10274314439857,1.540518979852103e-05
Coherent state,117.20274548696429,1.5244137668045697e-05
Coherent state,117.30274782953002,1.5160400091437264e-05
Coherent state,117.40275017209561,1.5156391534057292e-05
Coherent state,117.50275251466134,1.5227054260879146e-05
Coherent state,117.60275485722693,1.5359686575499294e-05
Coherent state,117.70275719979266,1.5535253050030304e-05
Coherent state,117.80275954235837,1.5729418643232034e-05
Coherent state,117.90276188492398,1.5915266276117613e-05
Coherent state,118.00276422748969,1.6065773864586957e-05
Coherent state,118.1027665700553,1.6157580833926394e-05
Coherent state,118.20276891262101,1.617368005539543e-05
Coherent state,118.30277125518661,1.6106308850740855e-05
Coherent state,118.40277359775233,1.5957621115922058e-05
Coherent state,118.50277594031806,1.5739814988400286e-05
Coherent state,118.60277828288365,1.5472805325694016e-05
Coherent state,118.70278062544938,1.5181837103096433e-05
Coherent state,118.80278296801497,1.4893601535877185e-05
Coherent state,118.9027853105807,1.4633511406512846e-05
Coherent state,119.00278765314629,1.4422589481558091e-05
Coherent state,119.10278999571202,1.427621038371878e-05
Coherent state,119.20279233827773,1.4202710638976539e-05
Coherent state,119.30279468084333,1.4203601745242135e-05
Coherent state,119.40279702340905,1.427329255716454e-05
Coherent state,119.50279936597465,1.4400004121210817e-05
Coherent state,119.60280170854037,1.4566122310379582e-05
Coherent state,119.70280405110597,1.4749846578255175e-05
Coherent state,119.80280639367169,1.4926586302325773e-05
Coherent state,119.9028087362374,1.5071808856968675e-05
Coherent state,120.002811078803,1.5163485094441514e-05
Coherent state,120.10281342136872,1.5185405929618853e-05
Coherent state,120.20281576393432,1.5129127331095344e-05
Coherent state,120.30281810650004,1.4995749930863908e-05
Coherent state,120.40282044906577,1.4795431701879327e-05
Coherent state,120.50282279163136,1.4546392887076442e-05
Coherent state,120.60282513419709,1.4271872321858249e-05
Coherent state,120.70282747676268,1.3997403726945873e-05
Coherent state,120.80282981932841,1.3747171227843091e-05
Coherent state,120.902832161894,1.3541814300526646e-05
Coherent state,121.00283450445973,1.339616787163101e-05
Coherent state,121.10283684702544,1.3318782250276937e-05
Coherent state,121.20283918959105,1.331131311785127e-05
Coherent state,121.30284153215676,1.3369237550823532e-05
Coherent state,121.40284387472236,1.3482029732248941e-05
Coherent state,121.50284621728808,1.3634330955336975e-05
Coherent state,121.60284855985368,1.3806606919184912e-05
Coherent state,121.7028509024194,1.3976973403959369e-05
Coherent state,121.80285324498513,1.4122760739918078e-05
Coherent state,121.90285558755072,1.4223273977595711e-05
Coherent state,122.00285793011645,1.4261962558566468e-05
Coherent state,122.10286027268204,1.4229108421195113e-05
Coherent state,122.20286261524777,1.4122986809049366e-05
Coherent state,122.30286495781348,1.3950707222706818e-05
Coherent state,122.40286730037909,1.3726951180093459e-05
Coherent state,122.5028696429448,1.3472382755104986e-05
Coherent state,122.6028719855104,1.3210445324118736e-05
Coherent state,122.70287432807612,1.2964755574996112e-05
Coherent state,122.80287667064172,1.2755950194671523e-05
Coherent state,122.90287901320744,1.260004067834696e-05
Coherent state,123.00288135577316,1.250681356720573e-05
Coherent state,123.10288369833876,1.2479828761974912e-05
Coherent state,123.20288604090449,1.2516258972498523e-05
Coherent state,123.30288838347008,1.2607854361967905e-05
Coherent state,123.4028907260358,1.2741393707466958e-05
Coherent state,123.5028930686014,1.2900017415871815e-05
Coherent state,123.60289541116713,1.3064098402404498e-05
Coherent state,123.70289775373284,1.321313060971911e-05
Coherent state,123.80290009629844,1.3327282683466409e-05
Coherent state,123.90290243886416,1.3389879077106674e-05
Coherent state,124.00290478142976,1.338914484397939e-05
Coherent state,124.10290712399548,1.3320248980608194e-05
Coherent state,124.2029094665612,1.3185836923814815e-05
Coherent state,124.3029118091268,1.2996262205068588e-05
Coherent state,124.40291415169251,1.2767981492751073e-05
Coherent state,124.50291649425812,1.2521811541336676e-05
Coherent state,124.60291883682383,1.227990089173098e-05
Coherent state,124.70292117938943,1.2063409185437545e-05
Coherent state,124.80292352195515,1.1889808368555583e-05
Coherent state,124.90292586452088,1.1771604576231678e-05
Coherent state,125.00292820708647,1.171511974173397e-05
Coherent state,125.1029305496522,1.172070809448521e-05
Coherent state,125.20293289221779,1.1782834944487501e-05
Coherent state,125.30293523478352,1.1891183374128343e-05
Coherent state,125.4029375773491,1.2031321466160661e-05
Coherent state,125.50293991991484,1.2186168204327362e-05
Coherent state,125.60294226248055,1.2337001294409603e-05
Coherent state,125.70294460504616,1.2465294985943008e-05
Coherent state,125.80294694761187,1.2554113925901858e-05
Coherent state,125.90294929017747,1.2590205191332822e-05
Coherent state,126.00295163274319,1.2565294769420804e-05
Coherent state,126.10295397530892,1.247760126628401e-05
Coherent state,126.20295631787451,1.233198299071025e-05
Coherent state,126.30295866044024,1.2139892703996769e-05
Coherent state,126.40296100300583,1.1917768164875289e-05
Coherent state,126.50296334557156,1.1685407060909784e-05
Coherent state,126.60296568813715,1.1463248949498294e-05
Coherent state,126.70296803070288,1.1270330686414777e-05
Coherent state,126.8029703732686,1.1121895798770681e-05
Coherent state,126.9029727158342,1.1028272016590054e-05
Coherent state,127.00297505839991,1.0993803864609646e-05
Coherent state,127.10297740096551,1.1017112294563994e-05
Coherent state,127.20297974353123,1.1091295615054478e-05
Coherent state,127.30298208609683,1.1205130389883835e-05
Coherent state,127.40298442866255,1.1343924253348958e-05
Coherent state,127.50298677122827,1.1491083689369244e-05
Coherent state,127.60298911379387,1.162919314510632e-05
Coherent state,127.70299145635958,1.1741721714982234e-05
Coherent state,127.80299379892519,1.181418383828079e-05
Coherent state,127.90299614149092,1.183582327198227e-05
Coherent state,128.00299848405652,1.1800522643257986e-05
Coherent state,128.10300082662224,1.1707939599007145e-05
Coherent state,128.20300316918795,1.1563486670773714e-05
Coherent state,128.30300551175355,1.1378252547260336e-05
Coherent state,128.40300785431927,1.1167599370312185e-05
Coherent state,128.50301019688487,1.0949795835378298e-05
Coherent state,128.6030125394506,1.074364463496931e-05
Coherent state,128.7030148820163,1.0566657605562725e-05
Coherent state,128.8030172245819,1.0432836332498006e-05
Coherent state,128.90301956714762,1.0351543597291573e-05
Coherent state,129.00302190971323,1.0326420748424327e-05
Coherent state,129.10302425227894,1.0355566186792583e-05
Coherent state,129.20302659484454,1.0431764190839927e-05
Coherent state,129.30302893741026,1.0543728663512158e-05
Coherent state,129.40303127997598,1.0677098887020991e-05
Coherent state,129.50303362254158,1.0816081375743562e-05
Coherent state,129.6030359651073,1.0944568022293407e-05
Coherent state,129.7030383076729,1.1047697351845412e-05
Coherent state,129.80304065023861,1.1112785811827023e-05
Coherent state,129.90304299280422,1.1130648956954887e-05
Coherent state,130.00304533536993,1.1096204744919014e-05
Coherent state,130.10304767793568,1.100935229661738e-05
Coherent state,130.20305002050125,1.08749189180003e-05
Coherent state,130.303052363067,1.0702685830945587e-05
Coherent state,130.40305470563257,1.050630049631381e-05
Coherent state,130.50305704819831,1.0302242088647713e-05
Coherent state,130.60305939076403,1.0107810924860609e-05
Coherent state,130.70306173332963,9.939498535657391e-06
Coherent state,130.80306407589535,9.810864104769228e-06
Coherent state,130.90306641846095,9.731305409383429e-06
Coherent state,131.00306876102667,9.70484222802182e-06
Coherent state,131.10307110359227,9.730102499782326e-06
Coherent state,131.203073446158,9.800467584048648e-06
Coherent state,131.3030757887237,9.905274745498161e-06
Coherent state,131.4030781312893,1.0030891982008015e-05
Coherent state,131.50308047385502,1.0162411840849564e-05
Coherent state,131.60308281642062,1.0284818256296704e-05
Coherent state,131.70308515898634,1.03844502357585e-05
Coherent state,131.80308750155194,1.0449770377908426e-05
Coherent state,131.90308984411766,1.0472401899404062e-05
Coherent state,132.00309218668338,1.0447496951823933e-05
Coherent state,132.10309452924898,1.0374419822523275e-05
Coherent state,132.2030968718147,1.0256707158621407e-05
Coherent state,132.3030992143803,1.0102238694047345e-05
Coherent state,132.403101556946,9.92249985684037e-06
Coherent state,132.50310389951173,9.7319204586352e-06
Coherent state,132.60310624207733,9.546262635945342e-06
Coherent state,132.70310858464305,9.38121866345782e-06
Coherent state,132.80311092720865,9.250389105751027e-06
Coherent state,132.90311326977437,9.163929737041258e-06
Coherent state,133.00311561233997,9.127128672226644e-06
Coherent state,133.10311795490568,9.140093998513462e-06
Coherent state,133.20312029747143,9.197679860585892e-06
Coherent state,133.303122640037,9.290521280545114e-06
Coherent state,133.40312498260275,9.406090800299738e-06
Coherent state,133.50312732516832,9.530410132854241e-06
Coherent state,133.60312966773407,9.649294036070298e-06
Coherent state,133.70313201029964,9.749803743204398e-06
Coherent state,133.80313435286538,9.820963876921286e-06
Coherent state,133.9031366954311,9.854622256743785e-06
Coherent state,134.0031390379967,9.845650852686202e-06
Coherent state,134.10314138056242,9.792454919097039e-06
Coherent state,134.20314372312802,9.696922288197763e-06
Coherent state,134.30314606569374,9.564699716786769e-06
Coherent state,134.40314840825945,9.40477316753191e-06
Coherent state,134.50315075082506,9.229187111715601e-06
Coherent state,134.60315309339077,9.05187773318294e-06
Coherent state,134.70315543595638,8.887584167081552e-06
Coherent state,134.8031577785221,8.750013486945775e-06
Coherent state,134.9031601210877,8.650424545806706e-06
Coherent state,135.0031624636534,8.595992522009495e-06
Coherent state,135.10316480621913,8.589125069800125e-06
Coherent state,135.20316714878473,8.627028004349327e-06
Coherent state,135.30316949135045,8.702410732513534e-06
Coherent state,135.40317183391605,8.804375995229034e-06
Coherent state,135.50317417648176,8.920069060844823e-06
Coherent state,135.60317651904737,9.035998891866244e-06
Coherent state,135.70317886161308,9.139568992091714e-06
Coherent state,135.80318120417883,9.219876246571053e-06
Coherent state,135.9031835467444,9.26853487273084e-06
Coherent state,136.00318588931015,9.279803412660317e-06
Coherent state,136.10318823187572,9.250944671098502e-06
Coherent state,136.20319057444146,9.182110840498602e-06
Coherent state,136.30319291700704,9.076629318234488e-06
Coherent state,136.40319525957278,8.940798551134319e-06
Coherent state,136.5031976021385,8.783934330805311e-06
Coherent state,136.6031999447041,8.617665292513014e-06
Coherent state,136.70320228726982,8.455255884574932e-06
Coherent state,136.80320462983542,8.310102041650007e-06
Coherent state,136.90320697240114,8.194401590568866e-06
Coherent state,137.00320931496685,8.117400103054368e-06
Coherent state,137.10321165753246,8.084344328630036e-06
Coherent state,137.20321400009817,8.09559209365361e-06
Coherent state,137.30321634266377,8.146821465594764e-06
Coherent state,137.4032186852295,8.229555746215613e-06
Coherent state,137.5032210277951,8.33259011095665e-06
Coherent state,137.6032233703608,8.443308589934776e-06
Coherent state,137.70322571292652,8.549319299849047e-06
Coherent state,137.80322805549213,8.639449394634703e-06
Coherent state,137.90323039805784,8.704696628261127e-06
Coherent state,138.00323274062345,8.738428421614597e-06
Coherent state,138.10323508318916,8.736673085022452e-06
Coherent state,138.20323742575476,8.697921650203813e-06
Coherent state,138.30323976832048,8.623318028054356e-06
Coherent state,138.4032421108862,8.516516111477094e-06
Coherent state,138.5032444534518,8.383915950671352e-06
Coherent state,138.60324679601752,8.234354851398297e-06
Coherent state,138.70324913858312,8.078884753059407e-06
Coherent state,138.80325148114883,7.929742439735594e-06
Coherent state,138.90325382371458,7.799316405670118e-06
Coherent state,139.00325616628015,7.698480035504466e-06
Coherent state,139.1032585088459,7.635323520372883e-06
Coherent state,139.20326085141147,7.6138304963082416e-06
Coherent state,139.30326319397722,7.633491190315482e-06
Coherent state,139.4032655365428,7.689261810840711e-06
Coherent state,139.50326787910853,7.772536017622128e-06
Coherent state,139.60327022167425,7.872256608966889e-06
Coherent state,139.70327256423985,7.976554737329975e-06
Coherent state,139.80327490680557,8.073959219678024e-06
Coherent state,139.90327724937117,8.154606114302224e-06
Coherent state,140.0032795919369,8.210690712402341e-06
Coherent state,140.1032819345025,8.236857398040118e-06
Coherent state,140.2032842770682,8.229998804038448e-06
Coherent state,140.30328661963392,8.189317260298135e-06
Coherent state,140.40328896219953,8.116099342197e-06
Coherent state,140.50329130476524,8.01394561941051e-06
Coherent state,140.60329364733084,7.88867797426765e-06
Coherent state,140.70329598989656,7.748487028245276e-06
Coherent state,140.80329833246228,7.603425755375533e-06
Coherent state,140.90330067502788,7.464857960818171e-06
Coherent state,141.0033030175936,7.344147782779202e-06
Coherent state,141.1033053601592,7.251449491662763e-06
Coherent state,141.2033077027249,7.194151002027203e-06
Coherent state,141.30331004529052,7.175955612219353e-06
Coherent state,141.40331238785623,7.196177185280138e-06
Coherent state,141.50331473042195,7.250031283709715e-06
Coherent state,141.60331707298755,7.329250396993747e-06
Coherent state,141.70331941555327,7.42346735257923e-06
Coherent state,141.80332175811887,7.5214793330582405e-06
Coherent state,141.90332410068459,7.612707517895051e-06
Coherent state,142.0033264432502,7.688027782401356e-06
Coherent state,142.1033287858159,7.740470130498264e-06
Coherent state,142.20333112838165,7.76521739970617e-06
Coherent state,142.30333347094722,7.759655245543914e-06
Coherent state,142.40333581351297,7.723039581896793e-06
Coherent state,142.50333815607854,7.656561634974023e-06
Coherent state,142.6033404986443,7.563230291827479e-06
Coherent state,142.70334284121,7.448159189054021e-06
Coherent state,142.8033451837756,7.318453178131748e-06
Coherent state,142.90334752634132,7.183171790443744e-06
Coherent state,143.00334986890692,7.052579106753341e-06
Coherent state,143.10335221147264,6.937319482447384e-06
Coherent state,143.20335455403824,6.8469869897703874e-06
Coherent state,143.30335689660396,6.788963904153695e-06
Coherent state,143.40335923916967,6.767179798736854e-06
Coherent state,143.50336158173528,6.781656248383286e-06
Coherent state,143.603363924301,6.8283789195880475e-06
Coherent state,143.7033662668666,6.900078892849064e-06
Coherent state,143.8033686094323,6.98720177907729e-06
Coherent state,143.9033709519979,7.079376271978648e-06
Coherent state,144.00337329456363,7.1665488489107985e-06
Coherent state,144.10337563712935,7.240102014089046e-06
Coherent state,144.20337797969495,7.2932832714722e-06
Coherent state,144.30338032226067,7.321505661567278e-06
Coherent state,144.40338266482627,7.322087004047687e-06
Coherent state,144.50338500739198,7.294175229757275e-06
Coherent state,144.6033873499576,7.238454384123345e-06
Coherent state,144.7033896925233,7.157298219018834e-06
Coherent state,144.80339203508902,7.054752439295126e-06
Coherent state,144.90339437765462,6.936810051082043e-06
Coherent state,145.00339672022034,6.8112002546843336e-06
Coherent state,145.10339906278594,6.6871418518098755e-06
Coherent state,145.20340140535166,6.574403627963638e-06
Coherent state,145.3034037479174,6.48234135790891e-06
Coherent state,145.403406090483,6.418513097756073e-06
Coherent state,145.50340843304872,6.38770959898453e-06
Coherent state,145.60341077561432,6.3910834782852274e-06
Coherent state,145.70341311818004,6.426101986740991e-06
Coherent state,145.80341546074564,6.486827555037228e-06
Coherent state,145.90341780331136,6.5649584759458e-06
Coherent state,146.00342014587707,6.650906659827994e-06
Coherent state,146.10342248844267,6.735160888736229e-06
Coherent state,146.2034248310084,6.809189441441826e-06
Coherent state,146.303427173574,6.866225164729613e-06
Coherent state,146.4034295161397,6.901391592515059e-06
Coherent state,146.5034318587053,6.911761693075474e-06
Coherent state,146.60343420127103,6.895999580646748e-06
Coherent state,146.70343654383674,6.854284545046578e-06
Coherent state,146.80343888640235,6.788110139995804e-06
Coherent state,146.90344122896806,6.700513350133289e-06
Coherent state,147.00344357153367,6.596100900545267e-06
Coherent state,147.10344591409938,6.481258898540092e-06
Coherent state,147.2034482566651,6.363829596136925e-06
Coherent state,147.3034505992307,6.252704078759726e-06
Coherent state,147.40345294179642,6.156793642681912e-06
Coherent state,147.50345528436202,6.084051279177201e-06
Coherent state,147.60345762692774,6.0402258264827475e-06
Coherent state,147.70345996949334,6.028114788153563e-06
Coherent state,147.80346231205905,6.047004441848178e-06
Coherent state,147.9034646546248,6.092899519932841e-06
Coherent state,148.00346699719037,6.159031954544845e-06
Coherent state,148.10346933975612,6.2369844423393805e-06
Coherent state,148.2034716823217,6.317738191955539e-06
Coherent state,148.30347402488744,6.392866611696076e-06
Coherent state,148.403476367453,6.4552186754328e-06
Coherent state,148.50347871001875,6.499453880509749e-06
Coherent state,148.60348105258447,6.521985552237732e-06
Coherent state,148.70348339515007,6.52092103386648e-06
Coherent state,148.8034857377158,6.495695893176048e-06
Coherent state,148.9034880802814,6.4470360608539034e-06
Coherent state,149.0034904228471,6.376837814328798e-06
Coherent state,149.10349276541282,6.288431627349095e-06
Coherent state,149.20349510797843,6.1866123142865425e-06
Coherent state,149.30349745054414,6.0777758070525225e-06
Coherent state,149.40349979310975,5.969520541565465e-06
Coherent state,149.50350213567546,5.87015751675099e-06
Coherent state,149.60350447824106,5.787681140570436e-06
Coherent state,149.70350682080678,5.728845858620783e-06
Coherent state,149.8035091633725,5.698075920803168e-06
Coherent state,149.9035115059381,5.696897261089149e-06
Coherent state,150.00351384850381,5.723583951280615e-06
Coherent state,150.10351619106942,5.773530601889949e-06
Coherent state,150.20351853363513,5.83985083731935e-06
Coherent state,150.30352087620074,5.914480179285027e-06
Coherent state,150.40352321876645,5.989141065294426e-06
Coherent state,150.50352556133217,6.056378310220522e-06
Coherent state,150.60352790389777,6.1100850215123126e-06
Coherent state,150.7035302464635,6.145881942330514e-06
Coherent state,150.8035325890291,6.160973347194709e-06
Coherent state,150.9035349315948,6.154041519761952e-06
Coherent state,151.00353727416055,6.124905526580199e-06
Coherent state,151.10353961672612,6.0745149229719844e-06
Coherent state,151.20354195929187,6.004878227522371e-06
Coherent state,151.30354430185744,5.9193297453886755e-06
Coherent state,151.4035466444232,5.822552698213125e-06
Number state,0.5000117128283593,40043.779140008766
Number state,0.6000140553940811,1620.6017252140264
Number state,0.7000163979596782,354785.1719130775
Number state,0.8000187405253999,1631.4211406497348
Number state,0.9000210830909969,30558805.93161585
Number state,1.0000234256567186,22448325999.468193
Number state,1.1000257682224406,30871144.541106798
Number state,1.2000281107880375,1811.9892044458097
Number state,1.3000304533537592,375571.2294183121
Number state,1.4000327959193564,1843.1088333645182
Number state,1.500035138485078,48735.52641434746
Number state,1.6000374810507998,1855.1474295425662
Number state,1.700039823616397,13571.455813175346
Number state,1.8000421661821187,1880.2043949360852
Number state,1.9000445087477158,6010.959663509294
Number state,2.0000468513134373,1871.381219299542
Number state,2.1000491938790344,3653.483482525113
Number state,2.2000515364447564,1911.15796947422
Number state,2.300053879010478,2786.5395454454515
Number state,2.400056221576075,1981.6012539589142
Number state,2.500058564141797,2497.5502526575324
Number state,2.600060906707394,2015.4823585076379
Number state,2.7000632492731156,2343.5723395043083
Number state,2.8000655918387127,2081.5703061627732
Number state,2.9000679344044347,2104.467854558948
Number state,3.000070276970156,3809.6990284932954
Number state,3.1000726195357533,2156.945085193224
Number state,3.2000749621014752,2107.7439198089014
Number state,3.300077304667072,2278.107322144992
Number state,3.400079647232794,2313.0580271462754
Number state,3.500081989798516,2393.2158084505954
Number state,3.6000843323641125,2337.192227942863
Number state,3.7000866749298345,2427.929595184414
Number state,3.8000890174954316,2427.7535450429687
Number state,3.900091360061153,2511.06349936775
Number state,4.00009370262675,2595.627520872737
Number state,4.100096045192472,2577.7224886431627
Number state,4.200098387758194,2682.5831775926595
Number state,4.300100730323791,2725.639161455714
Number state,4.400103072889513,2868.4863141818273
Number state,4.50010541545511,2914.1404642609546
Number state,4.600107758020831,2943.211834483648
Number state,4.7001101005864285,3170.954728125904
Number state,4.80011244315215,3117.4337770852826
Number state,4.900114785717872,3277.3832396257753
Number state,5.000117128283469,3398.607487942196
Number state,5.100119470849191,3595.329568177691
Number state,5.200121813414788,3490.218256289481
Number state,5.30012415598051,3687.8068893525747
Number state,5.400126498546107,3889.787236108931
Number state,5.500128841111828,3955.274351224778
Number state,5.60013118367755,4521.734601743449
Number state,5.700133526243147,4381.815830272244
Number state,5.800135868808869,4474.97908884042
Number state,5.900138211374466,5245.782548519833
Number state,6.000140553940188,3813.2003234889344
Number state,6.1001428965059095,6633.9564144197175
Number state,6.200145239071507,5436.082148970027
Number state,6.300147581637228,7556.5798839444105
Number state,6.400149924202825,5333.45991896269
Number state,6.500152266768547,5448.963457802906
Number state,6.600154609334144,12928.3686902758
Number state,6.700156951899866,3108.1294151253796
Number state,6.800159294465588,8648.50976098053
Number state,6.900161637031185,12004.110425990748
Number state,7.000163979596906,10603.721354363139
Number state,7.1001663221625035,8588.328569998239
Number state,7.200168664728225,12513.428164511472
Number state,7.300171007293822,13664.985339775678
Number state,7.400173349859544,14867.670755957048
Number state,7.500175692425266,18726.19477503757
Number state,7.600178034990863,13537.636642230715
Number state,7.700180377556585,21026.648792873846
Number state,7.800182720122182,27009.38303000207
Number state,7.900185062687903,21418.899288606735
Number state,8.000187405253625,96881.54933849571
Number state,8.100189747819222,9629.910780486349
Number state,8.200192090384943,72089.44654526318
Number state,8.30019443295054,17273.662334926943
Number state,8.400196775516262,268987.7070063198
Number state,8.50019911808186,1079208.5350323606
Number state,8.600201460647583,1096094.5887201524
Number state,8.700203803213304,6646372.353126602
Number state,8.800206145778901,9317991.731924532
Number state,8.900208488344623,6068004.791596843
Number state,9.00021083091022,2488619.184851608
Number state,9.100213173475941,1070260.0584246858
Number state,9.200215516041538,262634.9168360209
Number state,9.30021785860726,132822.07417796642
Number state,9.400220201172981,47891.91077992081
Number state,9.500222543738579,39004.029276423535
Number state,9.6002248863043,58771.7065690237
Number state,9.700227228869897,19803.746007607464
Number state,9.800229571435619,21223.104626408964
Number state,9.90023191400134,65091.96466071915
Number state,10.000234256566937,7608.589779713933
Number state,10.10023659913266,41599.92989053154
Number state,10.200238941698256,8962.180691340944
Number state,10.30024128426398,23825.978151916304
Number state,10.400243626829576,3121.8742268699366
Number state,10.500245969395298,17879.514060280424
Number state,10.60024831196102,112137.3844804916
Number state,10.700250654526617,10578.363809546756
Number state,10.800252997092338,51648.644876012215
Number state,10.900255339657935,28897.32641325519
Number state,11.000257682223657,5051.869920300595
Number state,11.100260024789254,922.7437793291937
Number state,11.200262367354975,1878.0196879980617
Number state,11.300264709920697,4214.424338492937
Number state,11.400267052486294,4150.399308937711
Number state,11.500269395052015,2373.693063493854
Number state,11.600271737617613,3184.4872210411886
Number state,11.700274080183334,3072.5434435932643
Number state,11.800276422749057,108.20554996332487
Number state,11.900278765314654,3945.338048672776
Number state,12.000281107880376,687.7804057028976
Number state,12.100283450445973,4389.3290321472705
Number state,12.200285793011695,397.57801613367195
Number state,12.300288135577292,327.5072559382939
Number state,12.400290478143013,210.0798483114513
Number state,12.500292820708735,40789.54884040356
Number state,12.600295163274332,1353.7981132312457
Number state,12.700297505840053,19497.293707779896
Number state,12.80029984840565,20736.60590226761
Number state,12.900302190971372,12794.447285948769
Number state,13.00030453353697,8520.05096809606
Number state,13.10030687610269,3410.754060050472
Number state,13.200309218668414,3751.612892394994
Number state,13.30031156123401,1544.7080118310962
Number state,13.400313903799733,1397.0698824945528
Number state,13.50031624636533,5447.751469929133
Number state,13.600318588931051,3658.813604527894
Number state,13.700320931496648,1333.9458954390125
Number state,13.80032327406237,206.55851594193086
Number state,13.900325616628091,627.2121932239666
Number state,14.000327959193688,3882.9578570191243
Number state,14.10033030175941,417.72968936716865
Number state,14.200332644325007,2953.5465448955574
Number state,14.300334986890729,314.7243187763396
Number state,14.40033732945645,1311.2424686388963
Number state,14.500339672022047,8150.283056070646
Number state,14.600342014587769,4290.70663334611
Number state,14.700344357153366,6152.259035884582
Number state,14.800346699719087,9574.724527011143
Number state,14.900349042284684,2408.649524256094
Number state,15.000351384850408,4600.163150737237
Number state,15.10035372741613,448.9612683773873
Number state,15.200356069981726,1490.4281298675653
Number state,15.300358412547448,8468.99241943111
Number state,15.400360755113045,2108.3104035088227
Number state,15.500363097678767,417.00226725073196
Number state,15.600365440244364,1994.3764593853248
Number state,15.700367782810085,1297.742050880765
Number state,15.800370125375807,2655.209661091597
Number state,15.900372467941404,171.74759039116393
Number state,16.000374810507125,326.3496365079981
Number state,16.100377153072724,12351.845934148978
Number state,16.200379495638444,6583.55491186344
Number state,16.300381838204167,536.2974795263553
Number state,16.400384180769763,3240.708381923585
Number state,16.500386523335486,5274.014042608584
Number state,16.60038886590108,4192.165352697045
Number state,16.700391208466804,2247.3047354162245
Number state,16.8003935510324,6865.988137232586
Number state,16.900395893598123,2007.7231984409946
Number state,17.000398236163843,42.91093585983747
Number state,17.10040057872944,2444.759737976755
Number state,17.200402921295165,4291.756501009382
Number state,17.30040526386076,107.1333173437067
Number state,17.400407606426484,871.3172219265022
Number state,17.50040994899208,756.2099829872884
Number state,17.600412291557802,404.71295647670917
Number state,17.700414634123522,690.9712842701537
Number state,17.80041697668912,269.20912848575176
Number state,17.90041931925484,920.0103717408707
Number state,18.00042166182044,931.057511764197
Number state,18.10042400438616,2237.6861639564663
Number state,18.200426346951883,3024.148679614324
Number state,18.300428689517478,86.26584005713683
Number state,18.4004310320832,913.6155243173343
Number state,18.500433374648797,7225.260784319604
Number state,18.60043571721452,4933.429655332094
Number state,18.700438059780115,16390.571800112546
Number state,18.80044040234584,5317.10236927032
Number state,18.90044274491156,3064.554999885789
Number state,19.000445087477157,1694.473623896823
Number state,19.10044743004288,1867.982653957932
Number state,19.200449772608476,9361.547160084358
Number state,19.3004521151742,404.7375231895801
Number state,19.400454457739794,1183.976502509013
Number state,19.500456800305518,121.6508751355365
Number state,19.600459142871237,826.7275677914082
Number state,19.700461485436836,1227.0541327248397
Number state,19.800463828002556,83.91433105542133
Number state,19.900466170568155,741.8793925219837
Number state,20.000468513133875,955.0265069509026
Number state,20.100470855699598,160.56234498546078
Number state,20.200473198265193,33.17197090239068
Number state,20.300475540830917,960.9123317625271
Number state,20.400477883396512,4253.952813654129
Number state,20.500480225962235,10729.855871552647
Number state,20.600482568527834,3980.6622564531317
Number state,20.700484911093554,2914.2762796701177
Number state,20.800487253659277,3574.293976864468
Number state,20.900489596224872,1673.1727872510937
Number state,21.000491938790596,1266.016952334016
Number state,21.10049428135619,1450.988500568522
Number state,21.200496623921914,3380.556147978687
Number state,21.30049896648751,1.6591705916018409
Number state,21.400501309053233,8.867922621130276
Number state,21.500503651618953,43.524214797376736
Number state,21.60050599418455,1013.290740508966
Number state,21.70050833675027,726.206440689855
Number state,21.80051067931587,78.51037470484219
Number state,21.90051302188159,160.24523935921127
Number state,22.00051536444719,1871.2248659040765
Number state,22.100517707012912,251.9209006469232
Number state,22.200520049578632,469.2821454876079
Number state,22.30052239214423,463.57812833209516
Number state,22.40052473470995,2401.9322618336937
Number state,22.50052707727555,945.3475631271064
Number state,22.60052941984127,961.1137212734094
Number state,22.700531762406992,9.480567686170266
Number state,22.800534104972588,1208.6355017219666
Number state,22.90053644753831,99.90233070026832
Number state,23.000538790103906,689.7314539880917
Number state,23.10054113266963,694.2493594863923
Number state,23.200543475235225,793.4744441907568
Number state,23.30054581780095,236.88702300642996
Number state,23.400548160366668,108.64655585182928
Number state,23.500550502932267,74.38710969142086
Number state,23.60055284549799,420.00086351898887
Number state,23.700555188063586,327.84962535416867
Number state,23.80055753062931,15.682557358066612
Number state,23.900559873194904,56.41070490704098
Number state,24.000562215760628,480.97285685535013
Number state,24.100564558326347,203.4504249934159
Number state,24.200566900891946,244.23492943802108
Number state,24.300569243457666,50.95043161001516
Number state,24.400571586023265,362.70732495465273
Number state,24.500573928588985,21.103615654229536
Number state,24.600576271154708,215.190193916975
Number state,24.700578613720303,132.3473873277379
Number state,24.800580956286026,286.55787610869436
Number state,24.900583298851622,104.7420118858712
Number state,25.000585641417345,229.06092397129336
Number state,25.10058798398294,420.7666159870456
Number state,25.200590326548664,142.61015254219046
Number state,25.300592669114387,131.9455260873216
Number state,25.400595011679982,87.5032556228859
Number state,25.500597354245706,100.66476853091784
Number state,25.6005996968113,108.40209096397558
Number state,25.700602039377024,113.12272772006058
Number state,25.80060438194262,56.4965144109603
Number state,25.900606724508343,42.8057086869747
Number state,26.000609067074063,22.728123905013963
Number state,26.10061140963966,79.72065687195811
Number state,26.20061375220538,49.846835875885446
Number state,26.30061609477098,37.97931642835131
Number state,26.4006184373367,84.6497578853567
Number state,26.500620779902423,46.994849844984785
Number state,26.60062312246802,81.57240829402207
Number state,26.700625465033742,84.33999967356613
Number state,26.800627807599337,96.9662682279378
Number state,26.90063015016506,81.87754063731987
Number state,27.00063249273066,80.21486772663117
Number state,27.10063483529638,142.5199891060582
Number state,27.200637177862102,33.73119228664115
Number state,27.300639520427698,76.18282814917505
Number state,27.40064186299342,67.69055696978268
Number state,27.500644205559016,62.14060440049198
Number state,27.60064654812474,33.42189259673848
Number state,27.700648890690335,57.667524501502676
Number state,27.80065123325606,49.991418205383994
Number state,27.900653575821778,49.07790475974967
Number state,28.000655918387377,35.598347985591595
Number state,28.100658260953097,49.68944417811684
Number state,28.200660603518696,37.863274182139556
Number state,28.300662946084415,40.40084738514179
Number state,28.40066528865014,53.43567923361269
Number state,28.500667631215737,48.51980433981831
Number state,28.600669973781457,47.47717010469914
Number state,28.700672316347056,44.94044009991561
Number state,28.800674658912776,53.05436992185687
Number state,28.900677001478375,47.58568913161184
Number state,29.000679344044094,45.569490513731566
Number state,29.100681686609818,52.8919659190008
Number state,29.200684029175413,36.08822438162094
Number state,29.300686371741136,46.54241562284543
Number state,29.40068871430673,46.762149221760545
Number state,29.500691056872455,44.399678744215436
Number state,29.60069339943805,31.504483717631814
Number state,29.700695742003774,42.92535506809376
Number state,29.800698084569497,41.895041875630696
Number state,29.900700427135092,41.220844656816475
Number state,30.000702769700816,40.12074915328307
Number state,30.10070511226641,41.864966696890484
Number state,30.200707454832134,37.49226368756718
Number state,30.30070979739773,38.734225638255296
Number state,30.400712139963453,39.59692813818705
Number state,30.500714482529172,35.433416400745614
Number state,30.60071682509477,35.45726866986213
Number state,30.70071916766049,35.51831063209761
Number state,30.80072151022609,38.79370924390302
Number state,30.90072385279181,35.83568177928755
Number state,31.000726195357533,33.64121278463712
Number state,31.10072853792313,32.708700166819675
Number state,31.20073088048885,34.48307478890593
Number state,31.300733223054447,35.06544078071032
Number state,31.40073556562017,32.8016312785123
Number state,31.500737908185766,33.62069092647861
Number state,31.60074025075149,31.841373339768335
Number state,31.700742593317212,32.367350642485334
Number state,31.800744935882808,32.86211284046631
Number state,31.90074727844853,31.40860819686454
Number state,32.00074962101413,31.790021319267503
Number state,32.100751963579846,32.281192074831125
Number state,32.20075430614545,29.006246689272796
Number state,32.300756648711165,30.840486828875857
Number state,32.40075899127689,31.386580932502127
Number state,32.50076133384248,30.08712711889398
Number state,32.60076367640821,28.52823912056119
Number state,32.7007660189738,28.911465270977228
Number state,32.800768361539525,28.22715353007289
Number state,32.90077070410525,28.299679118383672
Number state,33.000773046670844,27.62627842532282
Number state,33.10077538923657,26.67745520077362
Number state,33.20077773180216,26.24218172071652
Number state,33.300780074367886,27.771053047600525
Number state,33.40078241693348,26.8332196352412
Number state,33.500784759499204,25.547652445505427
Number state,33.60078710206493,25.989389307756635
Number state,33.70078944463052,25.459482004138426
Number state,33.800791787196246,25.331033684087924
Number state,33.90079412976184,25.08677737104031
Number state,34.000796472327565,24.47504425286801
Number state,34.10079881489316,24.21007858015211
Number state,34.20080115745888,23.655102240639206
Number state,34.30080350002461,23.078159847131047
Number state,34.4008058425902,23.349011957087377
Number state,34.500808185155925,24.308951650003717
Number state,34.60081052772152,22.395201815003354
Number state,34.700812870287244,22.491848563279433
Number state,34.80081521285297,21.72960735685322
Number state,34.90081755541856,21.740838343126306
Number state,35.000819897984286,22.057953744024633
Number state,35.10082224054988,22.505680920926846
Number state,35.200824583115605,20.778986527645177
Number state,35.3008269256812,21.000710817835373
Number state,35.40082926824692,21.33880385162447
Number state,35.50083161081264,20.587794330743026
Number state,35.60083395337824,20.011386517847118
Number state,35.70083629594396,20.237648981054072
Number state,35.80083863850956,20.068387576892313
Number state,35.90084098107528,19.78598118718229
Number state,36.00084332364088,19.385653556688005
Number state,36.100845666206595,19.191944197170553
Number state,36.20084800877232,19.507863433641003
Number state,36.300850351337914,18.627669434293242
Number state,36.40085269390364,17.906788001131265
Number state,36.50085503646924,18.31437945889907
Number state,36.600857379034956,18.027084305974867
Number state,36.70085972160068,17.880422458658508
Number state,36.800862064166274,17.924661394251657
Number state,36.900864406732,17.546221701888978
Number state,37.00086674929759,17.082675010507028
Number state,37.100869091863316,17.49087046108802
Number state,37.20087143442891,17.25732790163168
Number state,37.300873776994635,16.428930975813053
Number state,37.40087611956036,16.493247502818555
Number state,37.500878462125954,16.617412141029067
Number state,37.60088080469168,16.373509653065376
Number state,37.70088314725727,16.060015468974065
Number state,37.800885489822996,16.02386389276186
Number state,37.90088783238859,15.67167119436187
Number state,38.000890174954314,15.586444769628581
Number state,38.10089251752004,15.551549502535776
Number state,38.20089486008563,15.43734930725386
Number state,38.300897202651356,15.407728270923407
Number state,38.40089954521695,14.87456289098912
Number state,38.500901887782675,14.456396704905163
Number state,38.60090423034827,14.788165654914055
Number state,38.70090657291399,14.53622051548174
Number state,38.80090891547972,14.593262412951658
Number state,38.90091125804531,14.402408606465247
Number state,39.000913600611035,13.897285043240641
Number state,39.10091594317663,13.418993530162393
Number state,39.200918285742354,14.03099845587371
Number state,39.30092062830808,13.490215902760875
Number state,39.40092297087367,13.351980248057925
Number state,39.500925313439396,13.250912394975664
Number state,39.60092765600499,13.49284987980578
Number state,39.700929998570714,13.066248065460345
Number state,39.80093234113631,12.89604407659381
Number state,39.90093468370203,12.802213373534139
Number state,40.00093702626775,12.72510947672559
Number state,40.10093936883335,12.580914626851984
Number state,40.20094171139907,12.334067018230408
Number state,40.30094405396467,12.454022724316207
Number state,40.40094639653039,12.39115505781004
Number state,40.50094873909599,11.935062596106345
Number state,40.600951081661705,12.041582645814675
Number state,40.70095342422743,11.82332437959781
Number state,40.800955766793024,11.724377984795606
Number state,40.90095810935875,11.65723643878859
Number state,41.00096045192434,11.656471817619053
Number state,41.100962794490066,10.982518692945707
Number state,41.20096513705579,11.289945061682955
Number state,41.300967479621384,11.178779338480995
Number state,41.40096982218711,11.097144665382222
Number state,41.5009721647527,10.813552978714895
Number state,41.600974507318426,10.841597009380312
Number state,41.70097684988402,10.813994577778661
Number state,41.800979192449745,10.584263175216844
Number state,41.90098153501547,10.620717403690827
Number state,42.00098387758106,10.496345706943021
Number state,42.10098622014679,10.300168315737855
Number state,42.20098856271238,10.170950977070314
Number state,42.300990905278105,10.072450136748886
Number state,42.4009932478437,10.085710589914552
Number state,42.500995590409424,9.864791567261484
Number state,42.60099793297515,9.816219805063936
Number state,42.70100027554074,9.64588758182782
Number state,42.801002618106466,9.577958182107457
Number state,42.90100496067206,9.51257231183397
Number state,43.001007303237785,9.64691417249014
Number state,43.10100964580351,9.363352111043502
Number state,43.2010119883691,9.242554396533908
Number state,43.30101433093483,9.270761971435844
Number state,43.40101667350042,9.144335603632959
Number state,43.501019016066145,9.048418174324542
Number state,43.60102135863174,8.799597846035171
Number state,43.701023701197464,8.937196372675531
Number state,43.80102604376318,8.795564009079378
Number state,43.90102838632878,8.791270254388623
Number state,44.0010307288945,8.673260898962644
Number state,44.1010330714601,8.561786530974617
Number state,44.201035414025824,8.494013739585329
Number state,44.30103775659142,8.331027577211525
Number state,44.40104009915714,8.257694899442848
Number state,44.50104244172286,8.165886790171045
Number state,44.60104478428846,8.123088064225929
Number state,44.70104712685418,7.984887412060069
Number state,44.80104946941978,7.960497970253153
Number state,44.901051811985496,7.914931071914532
Number state,45.00105415455122,7.899724662887768
Number state,45.101056497116815,7.948619267584504
Number state,45.20105883968254,7.701912492442492
Number state,45.301061182248134,7.753820624205784
Number state,45.40106352481386,7.527991600252569
Number state,45.50106586737945,7.602632835103617
Number state,45.601068209945176,7.385089764800838
Number state,45.7010705525109,7.388625258070975
Number state,45.801072895076494,7.337398548436743
Number state,45.90107523764222,7.268355410880513
Number state,46.00107758020781,7.191658742468076
Number state,46.101079922773536,7.154254569970526
Number state,46.20108226533913,7.085541565094918
Number state,46.301084607904855,6.994570206756245
Number state,46.40108695047058,6.903827998613681
Number state,46.50108929303617,6.853568308342624
Number state,46.6010916356019,6.8249370084049765
Number state,46.70109397816749,6.7295813668745215
Number state,46.801096320733215,6.681736429307489
Number state,46.90109866329881,6.660444398094438
Number state,47.001101005864534,6.5383837463051275
Number state,47.10110334843026,6.6551128315134145
Number state,47.20110569099585,6.4519137762588095
Number state,47.301108033561576,6.516970042151106
Number state,47.40111037612717,6.279997196309581
Number state,47.501112718692895,6.357376899162667
Number state,47.60111506125862,6.3249579952528965
Number state,47.70111740382421,6.180553478342956
Number state,47.801119746389936,6.166916083469947
Number state,47.90112208895553,6.067613434130996
Number state,48.001124431521255,6.028540506913792
Number state,48.10112677408685,5.994657921080233
Number state,48.201129116652574,5.915876556002047
Number state,48.30113145921829,5.890001299820742
Number state,48.40113380178389,5.837952540028979
Number state,48.50113614434961,5.814298974164695
Number state,48.60113848691521,5.771154132228136
Number state,48.70114082948093,5.725574160397146
Number state,48.80114317204653,5.6479509550088896
Number state,48.901145514612246,5.63483420230528
Number state,49.00114785717797,5.525275125328641
Number state,49.10115019974357,5.576742860529837
Number state,49.20115254230929,5.436057232520385
Number state,49.30115488487489,5.494140784963488
Number state,49.401157227440606,5.315469347763791
Number state,49.50115957000633,5.310009391651183
Number state,49.601161912571925,5.40307841854003
Number state,49.70116425513765,5.219724967138356
Number state,49.801166597703244,5.218024793721723
Number state,49.90116894026897,5.129079630110799
Number state,50.00117128283456,5.118071967998856
Number state,50.101173625400286,5.0753505694900385
Number state,50.20117596796601,4.997059490296218
Number state,50.301178310531604,4.991808952116955
Number state,50.40118065309733,4.964707450935144
Number state,50.50118299566292,4.957047341131033
Number state,50.601185338228646,4.885227236678479
Number state,50.70118768079424,4.86871379868561
Number state,50.801190023359965,4.784002048326338
Number state,50.90119236592569,4.776018102184485
Number state,51.00119470849128,4.7214030433483485
Number state,51.10119705105701,4.713827793494425
Number state,51.2011993936226,4.624572974082712
Number state,51.301201736188325,4.665713289149711
Number state,51.40120407875405,4.556157124578305
Number state,51.501206421319644,4.485693406723456
Number state,51.60120876388537,4.6012717642221475
Number state,51.70121110645096,4.4417545869922685
Number state,51.801213449016686,4.43755844928206
Number state,51.90121579158228,4.3666200141674105
Number state,52.001218134148004,4.359911950513903
Number state,52.10122047671373,4.325883542524971
Number state,52.20122281927932,4.25742171018472
Number state,52.301225161845046,4.259405975894598
Number state,52.40122750441064,4.244497977999958
Number state,52.501229846976365,4.2504926638786085
Number state,52.60123218954196,4.167107596963207
Number state,52.701234532107684,4.159569224447985
Number state,52.8012368746734,4.08063562795661
Number state,52.901239217239,4.076709215737108
Number state,53.00124155980472,4.043616803548972
Number state,53.10124390237032,4.01036430985449
Number state,53.20124624493604,3.9516819908911964
Number state,53.30124858750176,3.9751544989411967
Number state,53.401250930067356,3.9133983381477777
Number state,53.50125327263308,3.830286591928934
Number state,53.601255615198674,3.925537380001998
Number state,53.7012579577644,3.809538741463702
Number state,53.80126030033,3.8093485959111586
Number state,53.901262642895716,3.755134140393664
Number state,54.00126498546144,3.741287236052372
Number state,54.101267328027035,3.7187985993633674
Number state,54.20126967059276,3.6560697786047016
Number state,54.30127201315835,3.6526252044040897
Number state,54.40127435572408,3.636923993419368
Number state,54.50127669828967,3.6398342645542523
Number state,54.601279040855395,3.5653655916605023
Number state,54.70128138342112,3.5563474164799174
Number state,54.801283725986714,3.499697218014536
Number state,54.90128606855244,3.5059019235455384
Number state,55.00128841111803,3.4781763079883943
Number state,55.101290753683756,3.452030403383415
Number state,55.20129309624935,3.414565521208687
Number state,55.301295438815075,3.4235432300848943
Number state,55.4012977813808,3.3784638388191395
Number state,55.50130012394639,3.3046984244245534
Number state,55.60130246651212,3.3577628963040254
Number state,55.70130480907771,3.2704275421788886
Number state,55.801307151643435,3.2700070840254707
Number state,55.90130949420916,3.2267266787167137
Number state,56.001311836774754,3.2146713978434094
Number state,56.10131417934048,3.2069282812941236
Number state,56.20131652190607,3.165104972631811
Number state,56.301318864471796,3.1651919147815013
Number state,56.40132120703739,3.1554410632397
Number state,56.501323549603114,3.1474583241737957
Number state,56.60132589216883,3.0894719627442173
Number state,56.70132823473443,3.0623277552319017
Number state,56.801330577300156,3.019407039557745
Number state,56.90133291986575,3.0126171970505253
Number state,57.001335262431475,2.981083077013098
Number state,57.10133760499707,2.964769715351818
Number state,57.20133994756279,2.9474766062025743
Number state,57.30134229012851,2.9542122003333007
Number state,57.40134463269411,2.9304208115586623
Number state,57.50134697525983,2.888126426721345
Number state,57.60134931782543,2.9123078109223837
Number state,57.70135166039115,2.8518217196921922
Number state,57.80135400295687,2.8438855610554366
Number state,57.901356345522466,2.797516272393858
Number state,58.00135868808819,2.774843333625659
Number state,58.101361030653784,2.7611955308789975
Number state,58.20136337321951,2.7278499456696164
Number state,58.3013657157851,2.7268639471254392
Number state,58.401368058350826,2.723945271244716
Number state,58.50137040091655,2.7198858078830828
Number state,58.601372743482145,2.693343598317964
Number state,58.70137508604787,2.6704255961315377
Number state,58.80137742861346,2.6489152453582583
Number state,58.90137977117919,2.6300395316751093
Number state,59.00138211374478,2.5967586356736936
Number state,59.101384456310505,2.573860888137905
Number state,59.20138679887623,2.553461321742201
Number state,59.301389141441824,2.5418885616364477
Number state,59.40139148400755,2.524871485106598
Number state,59.50139382657314,2.5026630153933227
Number state,59.601396169138866,2.5131632212064763
Number state,59.70139851170459,2.48673462130638
Number state,59.801400854270184,2.487963009746142
Number state,59.90140319683591,2.4564282070999397
Number state,60.0014055394015,2.4358274950392023
Number state,60.101407881967226,2.4211253898044443
Number state,60.20141022453282,2.3857949985518054
Number state,60.301412567098545,2.370710724670077
Number state,60.40141490966427,2.3529744436688755
Number state,60.501417252229864,2.342310252384202
Number state,60.60141959479559,2.325356517293375
Number state,60.70142193736118,2.313643425348122
Number state,60.801424279926906,2.309860892934127
Number state,60.9014266224925,2.2997055110181224
Number state,61.001428965058224,2.283893953355786
Number state,61.10143130762394,2.269410970639024
Number state,61.20143365018954,2.249853640558824
Number state,61.30143599275526,2.2275903547407774
Number state,61.40143833532086,2.2056274074505953
Number state,61.50144067788658,2.1785866470177546
Number state,61.6014430204523,2.1692904297111952
Number state,61.7014453630179,2.150556702503371
Number state,61.80144770558362,2.1522398731921437
Number state,61.90145004814922,2.136283334893291
Number state,62.00145239071494,2.130291481984413
Number state,62.10145473328054,2.130593114013245
Number state,62.20145707584626,2.111514434468031
Number state,62.30145941841198,2.099625897109022
Number state,62.401461760977575,2.0777253255566137
Number state,62.5014641035433,2.0590544883204345
Number state,62.601466446108894,2.0318737083181597
Number state,62.70146878867462,2.0134198604095848
Number state,62.80147113124021,1.9986293942743147
Number state,62.901473473805936,1.9857949932232608
Number state,63.00147581637166,1.977849068137383
Number state,63.101478158937255,1.975905852801385
Number state,63.20148050150298,1.971012202775622
Number state,63.30148284406857,1.9670257879058077
Number state,63.4014851866343,1.9595576741660028
Number state,63.50148752919989,1.9427556026527408
Number state,63.601489871765615,1.9287362175874871
Number state,63.70149221433134,1.9042952319747266
Number state,63.801494556896934,1.8882046955704723
Number state,63.90149689946266,1.8614438299484313
Number state,64.00149924202826,1.844900333553792
Number state,64.10150158459398,1.8360887877922756
Number state,64.20150392715969,1.8256090056598662
Number state,64.3015062697253,1.8230395132746229
Number state,64.40150861229101,1.8209266108229667
Number state,64.50151095485661,1.820207476240624
Number state,64.60151329742233,1.8121431495157774
Number state,64.70151563998793,1.8058726669170782
Number state,64.80151798255365,1.7905182683114673
Number state,64.90152032511938,1.7712276268843423
Number state,65.00152266768497,1.7500243043967905
Number state,65.1015250102507,1.7300233440825918
Number state,65.20152735281629,1.709490149719356
Number state,65.30152969538202,1.697267049294702
Number state,65.4015320379476,1.68793861894972
Number state,65.50153438051333,1.6828538911059883
Number state,65.60153672307905,1.683887976859881
Number state,65.70153906564465,1.681554530013831
Number state,65.80154140821037,1.682759574818575
Number state,65.90154375077597,1.6745616837983501
Number state,66.00154609334169,1.6652256032585917
Number state,66.10154843590742,1.6506711629308233
Number state,66.201550778473,1.6319863200702647
Number state,66.30155312103874,1.6101060203275988
Number state,66.40155546360432,1.5920035357914097
Number state,66.50155780617006,1.5747004411000878
Number state,66.60156014873564,1.5620546398303834
Number state,66.70156249130137,1.5569866080517119
Number state,66.80156483386709,1.5536224813149238
Number state,66.90156717643269,1.5538910913642798
Number state,67.00156951899841,1.5547419335561075
Number state,67.10157186156401,1.5535947898812872
Number state,67.20157420412973,1.5477498983268212
Number state,67.30157654669533,1.5390542409326247
Number state,67.40157888926105,1.5235155497337631
Number state,67.50158123182676,1.5061679565551764
Number state,67.60158357439236,1.4872715482021324
Number state,67.70158591695808,1.4680304513917202
Number state,67.80158825952368,1.4541697154573057
Number state,67.90159060208941,1.4421878957761052
Number state,68.00159294465513,1.436968763104199
Number state,68.10159528722073,1.4360297075529342
Number state,68.20159762978645,1.4375459788039984
Number state,68.30159997235205,1.4372116871590512
Number state,68.40160231491777,1.4380363203422242
Number state,68.50160465748337,1.432530924028617
Number state,68.60160700004909,1.423583626479793
Number state,68.7016093426148,1.4101905183774475
Number state,68.8016116851804,1.3930330054261737
Number state,68.90161402774612,1.3747140329060559
Number state,69.00161637031172,1.357667020334077
Number state,69.10161871287744,1.3431558109667459
Number state,69.20162105544304,1.3333316780300708
Number state,69.30162339800876,1.3283820572690288
Number state,69.40162574057449,1.3268404520059125
Number state,69.50162808314008,1.3291321023401177
Number state,69.6016304257058,1.3306918875893048
Number state,69.7016327682714,1.3311659401579492
Number state,69.80163511083713,1.3285248904147788
Number state,69.90163745340284,1.3197692925066902
Number state,70.00163979596844,1.3078257808919178
Number state,70.10164213853416,1.2928306121384936
Number state,70.20164448109976,1.2752702248764982
Number state,70.30164682366548,1.257881106904668
Number state,70.40164916623108,1.2441302354268893
Number state,70.5016515087968,1.2336507509786974
Number state,70.60165385136253,1.2283146254043322
Number state,70.70165619392812,1.226964887468107
Number state,70.80165853649385,1.229061130522099
Number state,70.90166087905943,1.2316899176175196
Number state,71.00166322162517,1.2337845006373438
Number state,71.10166556419075,1.2322618388624496
Number state,71.20166790675648,1.2267200255575248
Number state,71.3016702493222,1.216232436857079
Number state,71.4016725918878,1.2021041821516927
Number state,71.50167493445352,1.1858869121468125
Number state,71.60167727701912,1.1687232671316803
Number state,71.70167961958484,1.1544433588092975
Number state,71.80168196215044,1.1432955713554829
Number state,71.90168430471616,1.1361628666361774
Number state,72.00168664728187,1.1344024803618178
Number state,72.10168898984747,1.136229148431634
Number state,72.20169133241319,1.139503673775643
Number state,72.3016936749788,1.1429719467548483
Number state,72.40169601754451,1.143962934043192
Number state,72.50169836011024,1.1413613833013583
Number state,72.60170070267583,1.1339311381086832
Number state,72.70170304524156,1.1220831962322728
Number state,72.80170538780716,1.107275945229753
Number state,72.90170773037288,1.0906454185100747
Number state,73.00171007293848,1.0751656096206652
Number state,73.1017124155042,1.062049438941091
Number state,73.20171475806991,1.0530190114636784
Number state,73.30171710063551,1.0485873450445606
Number state,73.40171944320123,1.048887600856344
Number state,73.50172178576683,1.0520675070327836
Number state,73.60172412833255,1.0564578261095303
Number state,73.70172647089815,1.0604154670219184
Number state,73.80172881346387,1.0611933092048615
Number state,73.9017311560296,1.0578638871310124
Number state,74.00173349859519,1.0500957223964231
Number state,74.10173584116092,1.03788376285929
Number state,74.2017381837265,1.0228702774469143
Number state,74.30174052629224,1.0068871697542188
Number state,74.40174286885795,0.9916842870673103
Number state,74.50174521142355,0.979685687874418
Number state,74.60174755398927,0.9717420906794967
Number state,74.70174989655487,0.968668064835378
Number state,74.80175223912059,0.969785113887825
Number state,74.90175458168619,0.9738493053982593
Number state,75.00175692425191,0.9791882167747374
Number state,75.10175926681764,0.9834555183937722
Number state,75.20176160938323,0.9848026371684045
Number state,75.30176395194896,0.9819942883904257
Number state,75.40176629451454,0.9746708618121167
Number state,75.50176863708027,0.9629565139869956
Number state,75.60177097964586,0.9484391812908997
Number state,75.7017733222116,0.9327665659422798
Number state,75.80177566477731,0.9179839223137042
Number state,75.90177800734291,0.9060509752965447
Number state,76.00178034990863,0.898347592612765
Number state,76.10178269247423,0.8950969724755303
Number state,76.20178503503995,0.896369743628072
Number state,76.30178737760566,0.9006640532407538
Number state,76.40178972017127,0.9062821004550196
Number state,76.50179206273698,0.9113064405573112
Number state,76.60179440530258,0.9138692108899682
Number state,76.7017967478683,0.91257350571657
Number state,76.8017990904339,0.9065816210484001
Number state,76.90180143299962,0.8963495816265161
Number state,77.00180377556535,0.8829081546582966
Number state,77.10180611813094,0.8678566039915196
Number state,77.20180846069667,0.8532493796412473
Number state,77.30181080326226,0.8408993681225495
Number state,77.40181314582799,0.8322427806672601
Number state,77.50181548839358,0.8280103888644554
Number state,77.6018178309593,0.8282020902400278
Number state,77.70182017352502,0.8318118446198979
Number state,77.80182251609062,0.8374140341731167
Number state,77.90182485865634,0.8431745808244776
Number state,78.00182720122194,0.847247849336421
Number state,78.10182954378766,0.8479049359735757
Number state,78.20183188635326,0.8443879800799963
Number state,78.30183422891898,0.8365284464868689
Number state,78.40183657148471,0.8249604522649736
Number state,78.5018389140503,0.8110853403887477
Number state,78.60184125661603,0.7967791464040237
Number state,78.70184359918161,0.783810140464028
Number state,78.80184594174735,0.7736852312943702
Number state,78.90184828431306,0.7676046614321271
Number state,79.00185062687866,0.7657817299202915
Number state,79.10185296944438,0.7678031956015714
Number state,79.20185531200998,0.7725943086915984
Number state,79.3018576545757,0.778491188694062
Number state,79.4018599971413,0.7837015568659428
Number state,79.50186233970702,0.7866374081563238
Number state,79.60186468227275,0.7860515860091615
Number state,79.70186702483834,0.7813555839263882
Number state,79.80186936740407,0.7726933138284515
Number state,79.90187170996965,0.7610154997236215
Number state,80.00187405253538,0.7477114591440988
Number state,80.10187639510097,0.7344445016573877
Number state,80.2018787376667,0.7228710017022565
Number state,80.30188108023242,0.7145236936671474
Number state,80.40188342279802,0.7100182879478125
Number state,80.50188576536374,0.7095088379952643
Number state,80.60188810792934,0.7123573189415362
Number state,80.70189045049506,0.717394607549156
Number state,80.80189279306077,0.7230311667229066
Number state,80.90189513562638,0.7277166525916992
Number state,81.00189747819209,0.7299300869336007
Number state,81.1018998207577,0.7287333507275626
Number state,81.20190216332341,0.7237976482938658
Number state,81.30190450588901,0.715296531381898
Number state,81.40190684845473,0.7041607588490358
Number state,81.50190919102046,0.6917396323969988
Number state,81.60191153358605,0.6795845082468187
Number state,81.70191387615178,0.6692387564014233
Number state,81.80191621871737,0.661840124034313
Number state,81.9019185612831,0.6580787972243657
Number state,82.00192090384868,0.6579558639814964
Number state,82.10192324641442,0.6608625327410713
Number state,82.20192558898013,0.6656217943754618
Number state,82.30192793154573,0.6709288275810459
Number state,82.40193027411145,0.6752298979846895
Number state,82.50193261667705,0.6772510594750425
Number state,82.60193495924277,0.6761108904817628
Number state,82.7019373018085,0.6715330481495081
Number state,82.80193964437409,0.6637639286111454
Number state,82.90194198693982,0.6536385582491461
Number state,83.0019443295054,0.6422845807494082
Number state,83.10194667207114,0.6311545722965386
Number state,83.20194901463672,0.6215793129642662
Number state,83.30195135720246,0.6146139340328235
Number state,83.40195369976817,0.6109087225780112
Number state,83.50195604233377,0.6105095065622465
Number state,83.60195838489949,0.6129386332364012
Number state,83.70196072746509,0.6172170874792333
Number state,83.80196307003081,0.6220969513601317
Number state,83.90196541259641,0.6262162664400097
Number state,84.00196775516213,0.628383320317949
Number state,84.10197009772786,0.6277791230066688
Number state,84.20197244029345,0.6240815697489063
Number state,84.30197478285918,0.617430466613304
Number state,84.40197712542476,0.6085357080994739
Number state,84.5019794679905,0.5983584632314172
Number state,84.60198181055621,0.5881259712710536
Number state,84.70198415312181,0.5790596428928847
Number state,84.80198649568753,0.5721653007176193
Number state,84.90198883825313,0.5680727798707265
Number state,85.00199118081885,0.5669649907698305
Number state,85.10199352338445,0.5685457460483552
Number state,85.20199586595017,0.5720301087942529
Number state,85.30199820851588,0.5763971087047055
Number state,85.40200055108149,0.5804262913724975
Number state,85.5020028936472,0.583010996545597
Number state,85.6020052362128,0.583282158490967
Number state,85.70200757877852,0.5807878105686343
Number state,85.80200992134412,0.5755486830324987
Number state,85.90201226390984,0.5680423778102803
Number state,86.00201460647557,0.55906036108928
Number state,86.10201694904116,0.5496826957969594
Number state,86.20201929160689,0.5410233762599334
Number state,86.30202163417248,0.533986832081734
Number state,86.4020239767382,0.5292851267199912
Number state,86.5020263193038,0.5272096156707523
Number state,86.60202866186953,0.5276801097651789
Number state,86.70203100443524,0.5301542530428464
Number state,86.80203334700084,0.5338323996505303
Number state,86.90203568956656,0.5376762267933483
Number state,87.00203803213216,0.5406826022200253
Number state,87.10204037469788,0.5419489709621583
Number state,87.20204271726361,0.5408644149798882
Number state,87.3020450598292,0.5372703243183952
Number state,87.40204740239493,0.531363162863386
Number state,87.50204974496052,0.5237549204036694
Number state,87.60205208752625,0.5152965584657591
Number state,87.70205443009183,0.506981857638801
Number state,87.80205677265756,0.49973926081186304
Number state,87.90205911522328,0.49432007872460987
Number state,88.00206145778888,0.4911583505907553
Number state,88.1020638003546,0.49037765474329437
Number state,88.2020661429202,0.4916553267356309
Number state,88.30206848548592,0.4944164273958016
Number state,88.40207082805152,0.4978405048349109
Number state,88.50207317061724,0.5010668129316038
Number state,88.60207551318297,0.5031990816720237
Number state,88.70207785574856,0.5035531532309415
Number state,88.80208019831429,0.5017250140227772
Number state,88.90208254087987,0.497666928984084
Number state,89.0020848834456,0.49168611467131484
Number state,89.10208722601132,0.48440027489363124
Number state,89.20208956857692,0.47662734818780333
Number state,89.30209191114264,0.46926709025044805
Number state,89.40209425370824,0.46312014979495514
Number state,89.50209659627396,0.4587992038870714
Number state,89.60209893883956,0.4565939268167448
Number state,89.70210128140528,0.45648431802420103
Number state,89.80210362397099,0.45810536862992146
Number state,89.9021059665366,0.46085860116974503
Number state,90.00210830910231,0.46400375665487614
Number state,90.10211065166791,0.4667190210562672
Number state,90.20211299423363,0.4682752658505029
Number state,90.30211533679923,0.4681493484709307
Number state,90.40211767936495,0.4660377630972321
Number state,90.50212002193068,0.4619707716525158
Number state,90.60212236449627,0.4562496260049308
Number state,90.702124707062,0.44947098724044954
Number state,90.80212704962759,0.4423629504968824
Number state,90.90212939219332,0.435736957150604
Number state,91.00213173475903,0.43029413532665095
Number state,91.10213407732464,0.42657126794873546
Number state,91.20213641989035,0.42481844688120246
Number state,91.30213876245595,0.4249629506024602
Number state,91.40214110502167,0.426653048729058
Number state,91.50214344758727,0.4293098222142433
Number state,91.60214579015299,0.43222050976093795
Number state,91.70214813271872,0.43466155436885817
Number state,91.80215047528431,0.4359892630410571
Number state,91.90215281785004,0.43575210269853343
Number state,92.00215516041563,0.43371244866878195
Number state,92.10215750298136,0.4299053305587801
Number state,92.20215984554694,0.4246349134043766
Number state,92.30216218811267,0.41841444446212617
Number state,92.40216453067839,0.41189572040871947
Number state,92.502166873244,0.4057743606986849
Number state,92.60216921580971,0.4007067113932908
Number state,92.70217155837531,0.39718753872059165
Number state,92.80217390094103,0.39546491657588484
Number state,92.90217624350674,0.3955201970871917
Number state,93.00217858607235,0.39705187988799834
Number state,93.10218092863808,0.39954341796524145
Number state,93.20218327120367,0.40233770476768493
Number state,93.3021856137694,0.40474898324203956
Number state,93.40218795633498,0.4061678937952698
Number state,93.50219029890071,0.40614889735844667
Number state,93.60219264146643,0.40446812884493344
Number state,93.70219498403203,0.40114506309178594
Number state,93.80219732659775,0.3964327437756959
Number state,93.90219966916335,0.39077461592604845
Number state,94.00220201172907,0.38473434793016026
Number state,94.10220435429467,0.3789556036963718
Number state,94.20220669686039,0.3740200518444407
Number state,94.3022090394261,0.37040814486184237
Number state,94.4022113819917,0.3684086948791524
Number state,94.50221372455742,0.36807896897241676
Number state,94.60221606712302,0.3692237030437477
Number state,94.70221840968874,0.3714277301102923
Number state,94.80222075225434,0.37411475715045656
Number state,94.90222309482006,0.3766437143293909
Number state,95.00222543738579,0.3784029447366668
Number state,95.10222777995138,0.37891331862903227
Number state,95.20223012251711,0.37788160531225307
Number state,95.3022324650827,0.37526650358607544
Number state,95.40223480764843,0.37123733699794653
Number state,95.50223715021414,0.3661709565603475
Number state,95.60223949277974,0.3605707243704431
Number state,95.70224183534546,0.35501104958938484
Number state,95.80224417791106,0.3500446532786542
Number state,95.90224652047678,0.34615063788909245
Number state,96.00224886304238,0.3436599787360761
Number state,96.1022512056081,0.3427139602239619
Number state,96.20225354817383,0.3432365586154682
Number state,96.30225589073942,0.3449489990075183
Number state,96.40225823330515,0.34739066680776326
Number state,96.50226057587074,0.3500040816872694
Number state,96.60226291843647,0.3521883237719426
Number state,96.70226526100205,0.35341828200775993
Number state,96.80226760356778,0.35330819321361523
Number state,96.9022699461335,0.3516818573805649
Number state,97.0022722886991,0.3485825816833748
Number state,97.10227463126482,0.3442732785247519
Number state,97.20227697383042,0.33917675252171875
Number state,97.30227931639614,0.33381813699633883
Number state,97.40228165896185,0.32874092015619427
Number state,97.50228400152746,0.3244447654291441
Number state,97.60228634409317,0.32130869752589025
Number state,97.70228868665878,0.319564062186874
Number state,97.80229102922449,0.3192516831878609
Number state,97.9022933717901,0.32023173428932517
Number state,98.00229571435582,0.32218526655200247
Number state,98.10229805692154,0.32466109775346824
Number state,98.20230039948714,0.3271295781152046
Number state,98.30230274205286,0.32905939096393505
Number state,98.40230508461846,0.32998520200670084
Number state,98.50230742718418,0.329587780504035
Number state,98.60230976974978,0.32773673613045945
Number state,98.7023121123155,0.32451899221920427
Number state,98.80231445488121,0.32021225073417114
Number state,98.90231679744682,0.3152521346306555
Number state,99.00231914001253,0.3101517870176815
Number state,99.10232148257813,0.30543746449265075
Number state,99.20232382514385,0.30156371310298113
Number state,99.30232616770958,0.2988670987921805
Number state,99.40232851027517,0.2975167539803065
Number state,99.5023308528409,0.2975118640447542
Number state,99.60233319540649,0.2986743062292485
Number state,99.70233553797222,0.3006859449443189
Number state,99.8023378805378,0.3031156159332673
Number state,99.90234022310354,0.3054805408397711
Number state,100.00234256566925,0.3072957614024235
Number state,100.10234490823485,0.3081517891961353
Number state,100.20234725080057,0.30775668814580703
Number state,100.30234959336617,0.30599474731855175
Number state,100.40235193593189,0.3029365863520458
Number state,100.50235427849749,0.2988411924703227
Number state,100.60235662106321,0.29411044264172986
Number state,100.70235896362894,0.2892383124103917
Number state,100.80236130619453,0.2847268029874045
Number state,100.90236364876026,0.2810244808271715
Number state,101.00236599132585,0.27845435521964884
Number state,101.10236833389158,0.2771852837357089
Number state,101.20237067645729,0.2772071629364823
Number state,101.3023730190229,0.2783504259122133
Number state,101.40237536158861,0.2803048610804674
Number state,101.50237770415421,0.282669432166336
Number state,101.60238004671993,0.28499461386390595
Number state,101.70238238928553,0.28684069642410837
Number state,101.80238473185125,0.28782235410003026
Number state,101.90238707441696,0.28766509378249283
Number state,102.00238941698257,0.2862335511888364
Number state,102.10239175954828,0.28356330054817697
Number state,102.20239410211389,0.2798522602686395
Number state,102.3023964446796,0.27544906746615483
Number state,102.4023987872452,0.2707958590086505
Number state,102.50240112981092,0.2663769668054724
Number state,102.60240347237665,0.2626369486355114
Number state,102.70240581494225,0.2599275529974345
Number state,102.80240815750797,0.2584496157126035
Number state,102.90241050007357,0.25823961514492444
Number state,103.00241284263929,0.25916245803611
Number state,103.10241518520489,0.2609468359212849
Number state,103.2024175277706,0.2632179332530367
Number state,103.30241987033632,0.26555631777334526
Number state,103.40242221290193,0.2675400096204576
Number state,103.50242455546764,0.26880050144669215
Number state,103.60242689803324,0.26905378566230836
Number state,103.70242924059896,0.2681411048816634
Number state,103.80243158316469,0.26604058553451815
Number state,103.90243392573028,0.26288302538140107
Number state,104.00243626829601,0.2589328713174956
Number state,104.1024386108616,0.25456761405073247
Number state,104.20244095342733,0.25022317247096926
Number state,104.30244329599292,0.2463426928546872
Number state,104.40244563855865,0.24330520186586113
Number state,104.50244798112436,0.24137924821687864
Number state,104.60245032368996,0.2406766009926629
Number state,104.70245266625568,0.24114751981392205
Number state,104.80245500882128,0.24258536445367337
Number state,104.902457351387,0.24466840121845446
Number state,105.0024596939526,0.2470010518761121
Number state,105.10246203651832,0.2491742987837868
Number state,105.20246437908405,0.2508079257103939
Number state,105.30246672164964,0.25159924061576167
Number state,105.40246906421537,0.25134540796755667
Number state,105.50247140678096,0.24997041877593457
Number state,105.60247374934669,0.24752431255346669
Number state,105.7024760919124,0.24418857105332403
Number state,105.802478434478,0.24025088871628966
Number state,105.90248077704372,0.2360840161363594
Number state,106.00248311960932,0.23209422605984975
Number state,106.10248546217504,0.22867815104553413
Number state,106.20248780474064,0.22615946344724003
Number state,106.30249014730636,0.22474991198817376
Number state,106.40249248987207,0.22451005689086956
Number state,106.50249483243768,0.2253478908619503
Number state,106.60249717500339,0.22702740911927663
Number state,106.702499517569,0.22921228075140235
Number state,106.80250186013471,0.23150869067287136
Number state,106.90250420270031,0.23352620661190854
Number state,107.00250654526603,0.23491922202931678
Number state,107.10250888783176,0.23543135194338521
Number state,107.20251123039735,0.2349121785797147
Number state,107.30251357296308,0.23333487498506966
Number state,107.40251591552867,0.23078817953355066
Number state,107.5025182580944,0.22747316728930048
Number state,107.60252060066011,0.22367668904194737
Number state,107.70252294322572,0.21975002477218095
Number state,107.80252528579143,0.21606434785158704
Number state,107.90252762835703,0.21297425245056528
Number state,108.00252997092275,0.21076436547782423
Number state,108.10253231348835,0.2096156756967669
Number state,108.20253465605407,0.20957042989003638
Number state,108.3025369986198,0.21053027498132762
Number state,108.40253934118539,0.21226282894491477
Number state,108.50254168375112,0.21444171684201663
Number state,108.6025440263167,0.2166875429813077
Number state,108.70254636888244,0.21862648808203244
Number state,108.80254871144803,0.21993233906573137
Number state,108.90255105401376,0.22036976318128831
Number state,109.00255339657947,0.2198101743957787
Number state,109.10255573914507,0.21824568674945521
Number state,109.20255808171079,0.21577721125519173
Number state,109.3025604242764,0.21260657888408763
Number state,109.40256276684211,0.20900784112732265
Number state,109.50256510940784,0.20530686126940137
Number state,109.60256745197343,0.20184180036834168
Number state,109.70256979453916,0.19893375843713804
Number state,109.80257213710475,0.19684223378262797
Number state,109.90257447967048,0.1957371570998715
Number state,110.00257682223607,0.19566691990357926
Number state,110.1025791648018,0.19655352482636473
Number state,110.20258150736751,0.19819403775625902
Number state,110.30258384993311,0.20029217729937043
Number state,110.40258619249883,0.20249328998464985
Number state,110.50258853506443,0.20443836957862185
Number state,110.60259087763015,0.20580620857784138
Number state,110.70259322019575,0.20635843681445068
Number state,110.80259556276147,0.20595935938746066
Number state,110.90259790532718,0.20459166541409235
Number state,111.00260024789279,0.20234575447449948
Number state,111.1026025904585,0.19940972422468276
Number state,111.2026049330241,0.1960395258721781
Number state,111.30260727558982,0.19253724907963443
Number state,111.40260961815542,0.18921470432256082
Number state,111.50261196072114,0.18636864356989527
Number state,111.60261430328687,0.18424402534966725
Number state,111.70261664585246,0.18301190795812294
Number state,111.80261898841819,0.18274116305280055
Number state,111.90262133098378,0.1833913106529085
Number state,112.00262367354951,0.1848074983878085
Number state,112.10262601611522,0.18674152407356256
Number state,112.20262835868083,0.188876786272209
Number state,112.30263070124654,0.19087414926063168
Number state,112.40263304381214,0.19241185226471494
Number state,112.50263538637786,0.19323235622791318
Number state,112.60263772894346,0.19316896370222592
Number state,112.70264007150918,0.1921683351795629
Number state,112.80264241407491,0.19028642387180317
Number state,112.9026447566405,0.18768107037335688
Number state,113.00264709920623,0.18458299970661085
Number state,113.10264944177182,0.18127237130938567
Number state,113.20265178433755,0.1780423384110474
Number state,113.30265412690314,0.17517532017401002
Number state,113.40265646946887,0.17291087793856566
Number state,113.50265881203458,0.1714283168510898
Number state,113.60266115460018,0.17082296143807257
Number state,113.7026634971659,0.17109882334761206
Number state,113.8026658397315,0.17215926718284025
Number state,113.90266818229722,0.1738179742019565
Number state,114.00267052486295,0.17581224258949885
Number state,114.10267286742854,0.17783700537309063
Number state,114.20267520999427,0.17957793630064578
Number state,114.30267755255986,0.18075666876259164
Number state,114.40267989512559,0.18116301417705546
Number state,114.50268223769118,0.18068645798702174
Number state,114.6026845802569,0.17932351196089236
Number state,114.70268692282262,0.17717886377466527
Number state,114.80268926538822,0.17444237057312384
Number state,114.90269160795394,0.17136640940662182
Number state,115.00269395051954,0.16822863515954203
Number state,115.10269629308526,0.16530581349902881
Number state,115.20269863565086,0.16284161219966675
Number state,115.30270097821658,0.16103026939728388
Number state,115.4027033207823,0.15999603182307506
Number state,115.5027056633479,0.15978740474861391
Number state,115.60270800591361,0.16036700046623295
Number state,115.70271034847921,0.1616163577672361
Number state,115.80271269104493,0.1633394552683488
Number state,115.90271503361066,0.16528386469114975
Number state,116.00271737617625,0.16716279449118593
Number state,116.10271971874198,0.1686927935147729
Number state,116.20272206130757,0.16962608806184495
Number state,116.3027244038733,0.1697882027792649
Number state,116.40272674643889,0.16909768105055883
Number state,116.50272908900462,0.16758047080453103
Number state,116.60273143157033,0.16535955224872975
Number state,116.70273377413594,0.16263954031045116
Number state,116.80273611670165,0.15967242840179963
Number state,116.90273845926725,0.15672911469074874
Number state,117.00274080183297,0.15406369925945373
Number state,117.10274314439857,0.15189314712514573
Number state,117.20274548696429,0.15037537398600204
Number state,117.30274782953002,0.14960326868180285
Number state,117.40275017209561,0.14959536195972153
Number state,117.50275251466134,0.15029892408691753
Number state,117.60275485722693,0.1515887120790308
Number state,117.70275719979266,0.15327860509853275
Number state,117.80275954235837,0.15513218208701338
Number state,117.90276188492398,0.1568886108480627
Number state,118.00276422748969,0.15828785492302722
Number state,118.1027665700553,0.15910698932666764
Number state,118.20276891262101,0.1591871024585676
Number state,118.30277125518661,0.15846014246607287
Number state,118.40277359775233,0.156955022208086
Number state,118.50277594031806,0.1547966924518979
Number state,118.60277828288365,0.15218286410327392
Number state,118.70278062544938,0.14935926392718107
Number state,118.80278296801497,0.14658253800348187
Number state,118.9027853105807,0.14409381846611646
Number state,119.00278765314629,0.1420904538467663
Number state,119.10278999571202,0.14071450019876863
Number state,119.20279233827773,0.14004098666908454
Number state,119.30279468084333,0.14007986924702348
Number state,119.40279702340905,0.14077397347963486
Number state,119.50279936597465,0.14200687766431588
Number state,119.60280170854037,0.1436066075775988
Number state,119.70280405110597,0.1453609047046435
Number state,119.80280639367169,0.14703167370288853
Number state,119.9028087362374,0.1483824968710128
Number state,120.002811078803,0.1492034545937245
Number state,120.10281342136872,0.14934276141428854
Number state,120.20281576393432,0.14872578500949937
Number state,120.30281810650004,0.147370619977905
Number state,120.40282044906577,0.14538261024276622
Number state,120.50282279163136,0.14294272494255741
Number state,120.60282513419709,0.14027779034461577
Number state,120.70282747676268,0.13763327166428185
Number state,120.80282981932841,0.13523913481466807
Number state,120.902832161894,0.13328905317216655
Number state,121.00283450445973,0.13192039109450887
Number state,121.10283684702544,0.1312100075812003
Number state,121.20283918959105,0.13116952822228112
Number state,121.30284153215676,0.13175176726715085
Number state,121.40284387472236,0.1328527341554597
Number state,121.50284621728808,0.13432205346727005
Number state,121.60284855985368,0.13596976396870936
Number state,121.7028509024194,0.1375836203063687
Number state,121.80285324498513,0.13894525372334368
Number state,121.90285558755072,0.13985680728983288
Number state,122.00285793011645,0.14016272722702738
Number state,122.10286027268204,0.13977496455124158
Number state,122.20286261524777,0.1386839965844063
Number state,122.30286495781348,0.1369652261796718
Number state,122.40286730037909,0.13476606934938218
Number state,122.5028696429448,0.1322890042792751
Number state,122.6028719855104,0.12976067984729336
Number state,122.70287432807612,0.12740634733751643
Number state,122.80287667064172,0.12542068550343208
Number state,122.90287901320744,0.12395242775466556
Number state,123.00288135577316,0.12309049436534662
Number state,123.10288369833876,0.1228642043500887
Number state,123.20288604090449,0.12324257301998551
Number state,123.30288838347008,0.12414305978779801
Number state,123.4028907260358,0.12543619159382188
Number state,123.5028930686014,0.12695772691001367
Number state,123.60289541116713,0.12851758071210947
Number state,123.70289775373284,0.12991781515989909
Number state,123.80290009629844,0.130968540581213
Number state,123.90290243886416,0.13151169147373332
Number state,124.00290478142976,0.13143841518121388
Number state,124.10290712399548,0.1307079086789471
Number state,124.2029094665612,0.1293522668143444
Number state,124.3029118091268,0.12747715205832139
Number state,124.40291415169251,0.1252457546974182
Number state,124.50291649425812,0.1228606925131625
Number state,124.60291883682383,0.12053500761889568
Number state,124.70292117938943,0.11846954601448734
Number state,124.80292352195515,0.11682813359495223
Number state,124.90292586452088,0.11572570421183676
Number state,125.00292820708647,0.11521793249534076
Number state,125.1029305496522,0.11530349508983626
Number state,125.20293289221779,0.11592559976025395
Number state,125.30293523478352,0.1169821858383982
Number state,125.4029375773491,0.11833264939750023
Number state,125.50293991991484,0.11981135961451017
Number state,125.60294226248055,0.12123781138943138
Number state,125.70294460504616,0.12243403780497607
Number state,125.80294694761187,0.12323875114558559
Number state,125.90294929017747,0.12352724913808273
Number state,126.00295163274319,0.1232243530882132
Number state,126.10295397530892,0.12231820017724737
Number state,126.20295631787451,0.12086145292061845
Number state,126.30295866044024,0.11896952443292769
Number state,126.40296100300583,0.11680463247551401
Number state,126.50296334557156,0.1145590086510777
Number state,126.60296568813715,0.11242887983923337
Number state,126.70296803070288,0.11059450871004214
Number state,126.8029703732686,0.10919819983719947
Number state,126.9029727158342,0.10833388652834577
Number state,127.00297505839991,0.10803814170338993
Number state,127.10297740096551,0.10829294183946916
Number state,127.20297974353123,0.10902842120856389
Number state,127.30298208609683,0.11013411500808232
Number state,127.40298442866255,0.11146745992572135
Number state,127.50298677122827,0.11286827217087667
Number state,127.60298911379387,0.11416939446486125
Number state,127.70299145635958,0.11521269756663514
Number state,127.80299379892519,0.11586076897363592
Number state,127.90299614149092,0.11601285360629611
Number state,128.00299848405652,0.11561405903819616
Number state,128.10300082662224,0.11466569476931204
Number state,128.20300316918795,0.11322502552461246
Number state,128.30300551175355,0.11140340381071094
Number state,128.40300785431927,0.10935238859327871
Number state,128.50301019688487,0.10724949508075447
Number state,128.6030125394506,0.10527537035817583
Number state,128.7030148820163,0.10359584285776219
Number state,128.8030172245819,0.10234139345195127
Number state,128.90301956714762,0.10159664911244268
Number state,129.00302190971323,0.10139123313591161
Number state,129.10302425227894,0.10170190070384592
Number state,129.20302659484454,0.10245567575324768
Number state,129.30302893741026,0.10354166215967228
Number state,129.40303127997598,0.1048209109992458
Number state,129.50303362254158,0.10614155993032841
Number state,129.6030359651073,0.10734964386282103
Number state,129.7030383076729,0.10830352761780729
Number state,129.80304065023861,0.10888319648947553
Number state,129.90304299280422,0.10900269167300254
Number state,130.00304533536993,0.10861641567133182
Number state,130.10304767793568,0.10772721687964687
Number state,130.20305002050125,0.10638602410536416
Number state,130.303052363067,0.10469121794369414
Number state,130.40305470563257,0.10277784671113208
Number state,130.50305704819831,0.10080657740662834
Number state,130.60305939076403,0.09894417246081498
Number state,130.70306173332963,0.09734723882777539
Number state,130.80306407589535,0.09614239291968295
Number state,130.90306641846095,0.09541471055903543
Number state,131.00306876102667,0.09519726767644063
Number state,131.10307110359227,0.09547158231620628
Number state,131.203073446158,0.09617009870040259
Number state,131.3030757887237,0.09718780092473185
Number state,131.4030781312893,0.09839288988671391
Number state,131.50308047385502,0.09964241509400527
Number state,131.60308281642062,0.10079337094981075
Number state,131.70308515898634,0.10171601962451254
Number state,131.80308750155194,0.10230140178903543
Number state,131.90308984411766,0.10247098815712086
Number state,132.00309218668338,0.1021807422404318
Number state,132.10309452924898,0.10142753514357315
Number state,132.2030968718147,0.10024912145503612
Number state,132.3030992143803,0.09872517703259943
Number state,132.403101556946,0.09696999544762029
Number state,132.50310389951173,0.09512506590454134
Number state,132.60310624207733,0.09334320725078254
Number state,132.70310858464305,0.09177429907777135
Number state,132.80311092720865,0.09054612990942618
Number state,132.90311326977437,0.08975148901539698
Number state,133.00311561233997,0.08943562042813041
Number state,133.10311795490568,0.08959389913073937
Number state,133.20312029747143,0.09017236233431747
Number state,133.303122640037,0.09107796876046693
Number state,133.40312498260275,0.09218925339553422
Number state,133.50312732516832,0.09337223239823282
Number state,133.60312966773407,0.09449214345105586
Number state,133.70313201029964,0.09542652269250008
Number state,133.80313435286538,0.09607197155349685
Number state,133.9031366954311,0.09635196509324305
Number state,134.0031390379967,0.09621922741394348
Number state,134.10314138056242,0.09566060606587355
Number state,134.20314372312802,0.09469714173889895
Number state,134.30314606569374,0.09338643068984408
Number state,134.40314840825945,0.09181858288686554
Number state,134.50315075082506,0.0901125964579795
Number state,134.60315309339077,0.08840468242662976
Number state,134.70315543595638,0.08683681635386176
Number state,134.8031577785221,0.0855390422408118
Number state,134.9031601210877,0.08461567305541559
Number state,135.0031624636534,0.08413046250689854
Number state,135.10316480621913,0.08410068563374463
Number state,135.20316714878473,0.08449430525185067
Number state,135.30316949135045,0.08523734265398683
Number state,135.40317183391605,0.08622319433878252
Number state,135.50317417648176,0.08732818928817747
Number state,135.60317651904737,0.08842413173007847
Number state,135.70317886161308,0.08939206468168401
Number state,135.80318120417883,0.09012958435832746
Number state,135.9031835467444,0.09055807397404049
Number state,136.00318588931015,0.09062415004566662
Number state,136.10318823187572,0.09030308506468056
Number state,136.20319057444146,0.0895983668597031
Number state,136.30319291700704,0.08854445114022741
Number state,136.40319525957278,0.08720508633640514
Number state,136.5031976021385,0.08567311349601921
Number state,136.6031999447041,0.08406330511666504
Number state,136.70320228726982,0.08250479159788303
Number state,136.80320462983542,0.08112622747619758
Number state,136.90320697240114,0.08004245762102619
Number state,137.00320931496685,0.07933814949386465
Number state,137.10321165753246,0.07905817005375387
Number state,137.20321400009817,0.07920031269453053
Number state,137.30321634266377,0.07971810422741885
Number state,137.4032186852295,0.08052692754536953
Number state,137.5032210277951,0.08151784036675778
Number state,137.6032233703608,0.08257034164149409
Number state,137.70322571292652,0.0835672692252333
Number state,137.80322805549213,0.08440386839734762
Number state,137.90323039805784,0.08499601134558898
Number state,138.00323274062345,0.08528199323203328
Number state,138.10323508318916,0.08522508153746594
Number state,138.20323742575476,0.08481218981976936
Number state,138.30323976832048,0.08405588858793561
Number state,138.4032421108862,0.08299361259534944
Number state,138.5032444534518,0.08168968495324476
Number state,138.60324679601752,0.08023223083802705
Number state,138.70324913858312,0.07873010013745757
Number state,138.80325148114883,0.07730243350396866
Number state,138.90325382371458,0.07606784547120228
Number state,139.00325616628015,0.07512840270125187
Number state,139.1032585088459,0.07455744635000347
Number state,139.20326085141147,0.07438785072719353
Number state,139.30326319397722,0.07460909268875728
Number state,139.4032655365428,0.07516815107077084
Number state,139.50326787910853,0.07597939128838123
Number state,139.60327022167425,0.07693580552182233
Number state,139.70327256423985,0.07792433038442674
Number state,139.80327490680557,0.0788370925839685
Number state,139.90327724937117,0.07958201002459372
Number state,140.0032795919369,0.08008667804971001
Number state,140.1032819345025,0.08030150054546799
Number state,140.2032842770682,0.08019801337150574
Number state,140.30328661963392,0.07976958290756116
Number state,140.40328896219953,0.07902995194184285
Number state,140.50329130476524,0.07801557751677304
Number state,140.60329364733084,0.07678503435187321
Number state,140.70329598989656,0.07541986815252999
Number state,140.80329833246228,0.07401931374675745
Number state,140.90330067502788,0.07269398829602347
Number state,141.0033030175936,0.07155288106906275
Number state,141.1033053601592,0.07069121041980629
Number state,141.2033077027249,0.07017589794482434
Number state,141.30331004529052,0.07003720204249395
Number state,141.40331238785623,0.0702631579053751
Number state,141.50331473042195,0.07080319492295563
Number state,141.60331707298755,0.07157506947040407
Number state,141.70331941555327,0.07247829989845042
Number state,141.80332175811887,0.07340636763398949
Number state,141.90332410068459,0.07425994221059465
Number state,142.0033264432502,0.07495428478054286
Number state,142.1033287858159,0.07542502604523707
Number state,142.20333112838165,0.07562793147055485
Number state,142.30333347094722,0.07553912654667184
Number state,142.40333581351297,0.07515242606217959
Number state,142.50333815607854,0.07448022639125748
Number state,142.6033404986443,0.07355301006530428
Number state,142.70334284121,0.07242204007624146
Number state,142.8033451837756,0.07115825935231831
Number state,142.90334752634132,0.06985116615210515
Number state,143.00334986890692,0.06860108191530782
Number state,143.10335221147264,0.06751034938029946
Number state,143.20335455403824,0.0666694192973957
Number state,143.30335689660396,0.06614556017946759
Number state,143.40335923916967,0.06597168755793249
Number state,143.50336158173528,0.06614268623427431
Number state,143.603363924301,0.06661539669105444
Number state,143.7033662668666,0.0673167808309366
Number state,143.8033686094323,0.06815390039448825
Number state,143.9033709519979,0.06902780205417855
Number state,144.00337329456363,0.06984413355954487
Number state,144.10337563712935,0.07052293913986882
Number state,144.20337797969495,0.07100221059904409
Number state,144.30338032226067,0.07124004009515923
Number state,144.40338266482627,0.0712121449563434
Number state,144.50338500739198,0.07091115928314187
Number state,144.6033873499576,0.07034445022029805
Number state,144.7033896925233,0.06953586230912863
Number state,144.80339203508902,0.06852601524931046
Number state,144.90339437765462,0.06737469120983641
Number state,145.00339672022034,0.06615858932793588
Number state,145.10339906278594,0.0649681125370889
Number state,145.20340140535166,0.06389784743221087
Number state,145.3034037479174,0.0630366309330249
Number state,145.403406090483,0.062454322142201674
Number state,145.50340843304872,0.06219263872520867
Number state,145.60341077561432,0.06225770932211919
Number state,145.70341311818004,0.06262038239798808
Number state,145.80341546074564,0.06322001329492699
Number state,145.90341780331136,0.06397490751639463
Number state,146.00342014587707,0.0647930379521104
Number state,146.10342248844267,0.06558467492357486
Number state,146.2034248310084,0.06627059917252894
Number state,146.303427173574,0.0667886959296261
Number state,146.4034295161397,0.06709469411149735
Number state,146.5034318587053,0.06716220326424016
Number state,146.60343420127103,0.06697947798120246
Number state,146.70343654383674,0.06654883971192525
Number state,146.80343888640235,0.06588539223000399
Number state,146.90344122896806,0.0650194297552802
Number state,147.00344357153367,0.06399700160328185
Number state,147.10344591409938,0.06288154583895277
Number state,147.2034482566651,0.06175046612965629
Number state,147.3034505992307,0.06069040022198383
Number state,147.40345294179642,0.059786929950985716
Number state,147.50345528436202,0.05911468469948058
Number state,147.60345762692774,0.05872561469047023
Number state,147.70345996949334,0.05864212606941294
Number state,147.80346231205905,0.058852664007549814
Number state,147.9034646546248,0.05931465404066462
Number state,148.00346699719037,0.05996032708503235
Number state,148.10346933975612,0.060707783527944745
Number state,148.2034716823217,0.061471217091243674
Number state,148.30347402488744,0.06217179891728555
Number state,148.403476367453,0.06274372596958705
Number state,148.50347871001875,0.06313847761433496
Number state,148.60348105258447,0.06332389712841907
Number state,148.70348339515007,0.0632832361077072
Number state,148.8034857377158,0.06301193170077887
Number state,148.9034880802814,0.06251744871439538
Number state,149.0034904228471,0.061818728856395284
Number state,149.10349276541282,0.06094887341294608
Number state,149.20349510797843,0.059955644029635824
Number state,149.30349745054414,0.05890235246773433
Number state,149.40349979310975,0.057863689504194356
Number state,149.50350213567546,0.056920264260683494
Number state,149.60350447824106,0.05614838799016796
Number state,149.70350682080678,0.055610833221098596
Number state,149.8035091633725,0.055346681489721876
Number state,149.9035115059381,0.055366241121069956
Number state,150.00351384850381,0.0556485840422566
Number state,150.10351619106942,0.05614579820952276
Number state,150.20351853363513,0.05678954826914702
Number state,150.30352087620074,0.05750183639169007
Number state,150.40352321876645,0.05820432827646902
Number state,150.50352556133217,0.05882769237827198
Number state,150.60352790389777,0.059316140719930764
Number state,150.7035302464635,0.059630263485054055
Number state,150.8035325890291,0.05974533175787235
Number state,150.9035349315948,0.05964997576800778
Number state,151.00353727416055,0.05934321112259943
Number state,151.10353961672612,0.05883458675984669
Number state,151.20354195929187,0.05814405051248723
Number state,151.30354430185744,0.05730463269076145
Number state,151.4035466444232,0.05636284056980502
Thermal light,0.5000117128283593,4259505.470800396
Thermal light,0.6000140553940811,538031.6880909625
Thermal light,0.7000163979596782,35959637.25457183
Thermal light,0.8000187405253999,1393158.8124934414
Thermal light,0.9000210830909969,3039356453.631013
Thermal light,1.0000234256567186,2226830849810.95
Thermal light,1.1000257682224406,3069790321.1753125
Thermal light,1.2000281107880375,1113957.8389873076
Thermal light,1.3000304533537592,37817839.74063224
Thermal light,1.4000327959193564,397327.2284787639
Thermal light,1.500035138485078,4991994.564557188
Thermal light,1.6000374810507998,274055.0467122609
Thermal light,1.700039823616397,1422717.497484193
Thermal light,1.8000421661821187,235354.23030392945
Thermal light,1.9000445087477158,638598.1834962183
Thermal light,2.0000468513134373,219915.48616268352
Thermal light,2.1000491938790344,391796.52810136025
Thermal light,2.2000515364447564,212561.1733543481
Thermal light,2.300053879010478,299088.6961818371
Thermal light,2.400056221576075,212680.96474841583
Thermal light,2.500058564141797,261678.600148311
Thermal light,2.600060906707394,217979.28547280733
Thermal light,2.7000632492731156,246371.50538672862
Thermal light,2.8000655918387127,214403.43603773668
Thermal light,2.9000679344044347,224337.5298160497
Thermal light,3.000070276970156,1831656.5010839964
Thermal light,3.1000726195357533,230051.9223304699
Thermal light,3.2000749621014752,228784.62065554186
Thermal light,3.300077304667072,237329.26437368794
Thermal light,3.400079647232794,233211.22802040546
Thermal light,3.500081989798516,245753.77227835834
Thermal light,3.6000843323641125,246930.25968307216
Thermal light,3.7000866749298345,252108.27833274874
Thermal light,3.8000890174954316,250779.13858054296
Thermal light,3.900091360061153,260036.77336615662
Thermal light,4.00009370262675,262974.8983827833
Thermal light,4.100096045192472,269778.10410381237
Thermal light,4.200098387758194,274538.58424926084
Thermal light,4.300100730323791,283369.08470950695
Thermal light,4.400103072889513,292551.7976036243
Thermal light,4.50010541545511,300533.28652171756
Thermal light,4.600107758020831,306919.6575161488
Thermal light,4.7001101005864285,319165.5077447429
Thermal light,4.80011244315215,342983.4525018536
Thermal light,4.900114785717872,331674.5909917236
Thermal light,5.000117128283469,854774.3974355066
Thermal light,5.100119470849191,356300.6873966481
Thermal light,5.200121813414788,380540.0772054435
Thermal light,5.30012415598051,388450.0097884376
Thermal light,5.400126498546107,399938.0316754077
Thermal light,5.500128841111828,408207.7307275868
Thermal light,5.60013118367755,439337.13237769774
Thermal light,5.700133526243147,446082.6240969392
Thermal light,5.800135868808869,475515.8789284462
Thermal light,5.900138211374466,521463.7899538667
Thermal light,6.000140553940188,482398.0662156524
Thermal light,6.1001428965059095,600465.5049936571
Thermal light,6.200145239071507,607615.9664203933
Thermal light,6.300147581637228,636209.3280611028
Thermal light,6.400149924202825,688256.9784677271
Thermal light,6.500152266768547,764808.1324270869
Thermal light,6.600154609334144,859705.7093036887
Thermal light,6.700156951899866,589243.8299856398
Thermal light,6.800159294465588,902683.3442848397
Thermal light,6.900161637031185,1330228.3049361361
Thermal light,7.000163979596906,3699757.9193659173
Thermal light,7.1001663221625035,1035993.9693812325
Thermal light,7.200168664728225,1252855.8252653996
Thermal light,7.300171007293822,1290200.828442512
Thermal light,7.400173349859544,1580812.9579676322
Thermal light,7.500175692425266,1881540.1574664186
Thermal light,7.600178034990863,1876735.587923958
Thermal light,7.700180377556585,2392693.721084359
Thermal light,7.800182720122182,2697111.5521694934
Thermal light,7.900185062687903,2611598.288671882
Thermal light,8.000187405253625,5633804.224022288
Thermal light,8.100189747819222,3914476.775877253
Thermal light,8.200192090384943,7927724.09526119
Thermal light,8.30019443295054,11971476.547700878
Thermal light,8.400196775516262,21708621.41143403
Thermal light,8.50019911808186,43767712.03988245
Thermal light,8.600201460647583,121128997.73116942
Thermal light,8.700203803213304,433103889.87483543
Thermal light,8.800206145778901,799421200.9890244
Thermal light,8.900208488344623,873409321.08325
Thermal light,9.00021083091022,249218978.61013934
Thermal light,9.100213173475941,89431598.20460172
Thermal light,9.200215516041538,32261639.038663447
Thermal light,9.30021785860726,15073268.586577086
Thermal light,9.400220201172981,10019934.497832352
Thermal light,9.500222543738579,4691523.730018863
Thermal light,9.6002248863043,4412609.93428476
Thermal light,9.700227228869897,3343950.954122306
Thermal light,9.800229571435619,2908351.712598324
Thermal light,9.90023191400134,3301478.61724885
Thermal light,10.000234256566937,1186695.7010513977
Thermal light,10.10023659913266,2069253.429713393
Thermal light,10.200238941698256,1509106.7732487386
Thermal light,10.30024128426398,1285064.689470663
Thermal light,10.400243626829576,1634981.7775409669
Thermal light,10.500245969395298,2438625.0581689444
Thermal light,10.60024831196102,3658649.0376885463
Thermal light,10.700250654526617,2766905.6062918347
Thermal light,10.800252997092338,4867566.81055681
Thermal light,10.900255339657935,2561879.925100823
Thermal light,11.000257682223657,5517600.817577792
Thermal light,11.100260024789254,442054.2376418842
Thermal light,11.200262367354975,286305.84930222057
Thermal light,11.300264709920697,325788.6260100574
Thermal light,11.400267052486294,168251.99416761674
Thermal light,11.500269395052015,463270.8694016794
Thermal light,11.600271737617613,315489.02492816374
Thermal light,11.700274080183334,151997.20818352952
Thermal light,11.800276422749057,115973.34565460024
Thermal light,11.900278765314654,325169.6901217153
Thermal light,12.000281107880376,243731.9549746885
Thermal light,12.100283450445973,302213.95475764724
Thermal light,12.200285793011695,365169.8254408068
Thermal light,12.300288135577292,358938.58975094615
Thermal light,12.400290478143013,403600.31643151824
Thermal light,12.500292820708735,1196619.2357442428
Thermal light,12.600295163274332,1336682.0362667902
Thermal light,12.700297505840053,2914033.843181144
Thermal light,12.80029984840565,1772542.6264329553
Thermal light,12.900302190971372,1415625.7122242092
Thermal light,13.00030453353697,4807959.839893877
Thermal light,13.10030687610269,440381.49589635344
Thermal light,13.200309218668414,375056.35606817016
Thermal light,13.30031156123401,188923.88042071206
Thermal light,13.400313903799733,449251.0255057389
Thermal light,13.50031624636533,481032.83506219013
Thermal light,13.600318588931051,277919.1095723066
Thermal light,13.700320931496648,280840.79592254694
Thermal light,13.80032327406237,180795.39228112035
Thermal light,13.900325616628091,73841.76408279786
Thermal light,14.000327959193688,263028.76068191195
Thermal light,14.10033030175941,144186.37458744037
Thermal light,14.200332644325007,332665.2097682819
Thermal light,14.300334986890729,138487.00678247854
Thermal light,14.40033732945645,297586.56249719724
Thermal light,14.500339672022047,728858.4525516346
Thermal light,14.600342014587769,446076.15642875416
Thermal light,14.700344357153366,959569.6295114589
Thermal light,14.800346699719087,840028.5055617926
Thermal light,14.900349042284684,140295.10656277626
Thermal light,15.000351384850408,2685576.391667869
Thermal light,15.10035372741613,203381.5762070086
Thermal light,15.200356069981726,127702.7787297485
Thermal light,15.300358412547448,190302.05229145705
Thermal light,15.400360755113045,178927.09580326272
Thermal light,15.500363097678767,110098.93690301751
Thermal light,15.600365440244364,111177.81510673482
Thermal light,15.700367782810085,75257.9357034483
Thermal light,15.800370125375807,204690.6731268253
Thermal light,15.900372467941404,76280.06410220319
Thermal light,16.000374810507125,146072.96947394568
Thermal light,16.100377153072724,318310.08493033884
Thermal light,16.200379495638444,207592.0106936566
Thermal light,16.300381838204167,152403.87850384254
Thermal light,16.400384180769763,161442.98944395082
Thermal light,16.500386523335486,388812.7073783599
Thermal light,16.60038886590108,387455.13177583646
Thermal light,16.700391208466804,335538.5234742965
Thermal light,16.8003935510324,624872.486976371
Thermal light,16.900395893598123,376812.0209584578
Thermal light,17.000398236163843,1416848.2064731112
Thermal light,17.10040057872944,194665.55255332787
Thermal light,17.200402921295165,263449.00502666534
Thermal light,17.30040526386076,225622.74990373215
Thermal light,17.400407606426484,133877.53154938298
Thermal light,17.50040994899208,208195.36332140744
Thermal light,17.600412291557802,137731.77491274028
Thermal light,17.700414634123522,83145.5268955178
Thermal light,17.80041697668912,37346.44048973991
Thermal light,17.90041931925484,117500.35852954144
Thermal light,18.00042166182044,44174.16810268671
Thermal light,18.10042400438616,105752.57623399766
Thermal light,18.200426346951883,145799.4756314808
Thermal light,18.300428689517478,132860.6701622907
Thermal light,18.4004310320832,175138.4007365322
Thermal light,18.500433374648797,342081.37109290686
Thermal light,18.60043571721452,362524.47841158765
Thermal light,18.700438059780115,546290.4756898006
Thermal light,18.80044040234584,188450.39447425524
Thermal light,18.90044274491156,281069.6948460898
Thermal light,19.000445087477157,5195210.8989101
Thermal light,19.10044743004288,279790.06811448553
Thermal light,19.200449772608476,395591.21656296717
Thermal light,19.3004521151742,120649.84869470261
Thermal light,19.400454457739794,77243.7685173754
Thermal light,19.500456800305518,142711.81699369854
Thermal light,19.600459142871237,35668.502503376534
Thermal light,19.700461485436836,72263.90269520324
Thermal light,19.800463828002556,34492.10097846257
Thermal light,19.900466170568155,83853.40726702967
Thermal light,20.000468513133875,51943.35523200142
Thermal light,20.100470855699598,40617.889668388154
Thermal light,20.200473198265193,109148.22704198238
Thermal light,20.300475540830917,39740.19497056525
Thermal light,20.400477883396512,137456.4571418682
Thermal light,20.500480225962235,270367.3145986517
Thermal light,20.600482568527834,186278.08102456917
Thermal light,20.700484911093554,196458.99816948146
Thermal light,20.800487253659277,191100.4180927274
Thermal light,20.900489596224872,199861.13891831163
Thermal light,21.000491938790596,2142400.9655626127
Thermal light,21.10049428135619,157544.50158726887
Thermal light,21.200496623921914,278314.6321168836
Thermal light,21.30049896648751,66661.45137266694
Thermal light,21.400501309053233,31565.19458151908
Thermal light,21.500503651618953,29459.040443601716
Thermal light,21.60050599418455,59412.72259566321
Thermal light,21.70050833675027,44538.3590372358
Thermal light,21.80051067931587,25775.900724198655
Thermal light,21.90051302188159,30615.698465702277
Thermal light,22.00051536444719,62287.828419931335
Thermal light,22.100517707012912,70302.29579074419
Thermal light,22.200520049578632,44065.75351179707
Thermal light,22.30052239214423,30038.977259938423
Thermal light,22.40052473470995,93471.03359704334
Thermal light,22.50052707727555,78224.34326547073
Thermal light,22.60052941984127,77191.50625922036
Thermal light,22.700531762406992,49326.16420530413
Thermal light,22.800534104972588,93654.77990710463
Thermal light,22.90053644753831,46349.96700786
Thermal light,23.000538790103906,769849.2347354859
Thermal light,23.10054113266963,132311.18472894529
Thermal light,23.200543475235225,46661.5484562383
Thermal light,23.30054581780095,47846.093734395836
Thermal light,23.400548160366668,14507.032458563417
Thermal light,23.500550502932267,21075.041080402465
Thermal light,23.60055284549799,58400.92324971066
Thermal light,23.700555188063586,28305.41439912098
Thermal light,23.80055753062931,18990.41791519001
Thermal light,23.900559873194904,19314.896179023275
Thermal light,24.000562215760628,33122.30391293702
Thermal light,24.100564558326347,43068.11282349956
Thermal light,24.200566900891946,39385.352746925215
Thermal light,24.300569243457666,18332.056421772453
Thermal light,24.400571586023265,50132.281971068755
Thermal light,24.500573928588985,30527.99440272829
Thermal light,24.600576271154708,28952.206610324683
Thermal light,24.700578613720303,35488.80635658127
Thermal light,24.800580956286026,31449.473757016247
Thermal light,24.900583298851622,33989.77352463592
Thermal light,25.000585641417345,1870030.310899013
Thermal light,25.10058798398294,52579.07529198489
Thermal light,25.200590326548664,69010.2647858238
Thermal light,25.300592669114387,23295.86257279399
Thermal light,25.400595011679982,16220.690063358079
Thermal light,25.500597354245706,12524.728412518776
Thermal light,25.6005996968113,13386.215511634753
Thermal light,25.700602039377024,13383.783318655458
Thermal light,25.80060438194262,14919.757478385598
Thermal light,25.900606724508343,13065.039794447304
Thermal light,26.000609067074063,11561.902680472784
Thermal light,26.10061140963966,20125.063839831146
Thermal light,26.20061375220538,16768.569220397574
Thermal light,26.30061609477098,15551.120655837887
Thermal light,26.4006184373367,11981.349585952477
Thermal light,26.500620779902423,14265.950124383338
Thermal light,26.60062312246802,12064.318048222603
Thermal light,26.700625465033742,19827.997595554392
Thermal light,26.800627807599337,22651.618583502597
Thermal light,26.90063015016506,25026.41837149406
Thermal light,27.00063249273066,1496527.4690504794
Thermal light,27.10063483529638,46675.674740184135
Thermal light,27.200637177862102,22950.393711777793
Thermal light,27.300639520427698,16192.049000353994
Thermal light,27.40064186299342,24244.712735537174
Thermal light,27.500644205559016,12542.898285425224
Thermal light,27.60064654812474,14748.17864147572
Thermal light,27.700648890690335,11241.870022903953
Thermal light,27.80065123325606,10432.652404909915
Thermal light,27.900653575821778,7415.04699499974
Thermal light,28.000655918387377,9502.008692902544
Thermal light,28.100658260953097,7850.242796257329
Thermal light,28.200660603518696,9449.598905602483
Thermal light,28.300662946084415,10822.186029126691
Thermal light,28.40066528865014,14255.67658186655
Thermal light,28.500667631215737,18888.64460831773
Thermal light,28.600669973781457,11650.536489467413
Thermal light,28.700672316347056,13980.81415874458
Thermal light,28.800674658912776,24345.81308389902
Thermal light,28.900677001478375,23089.791305337043
Thermal light,29.000679344044094,555714.2926167739
Thermal light,29.100681686609818,37837.50137846985
Thermal light,29.200684029175413,15645.357835506715
Thermal light,29.300686371741136,12154.825337836442
Thermal light,29.40068871430673,17296.73194623943
Thermal light,29.500691056872455,8867.45554222922
Thermal light,29.60069339943805,15568.53772836367
Thermal light,29.700695742003774,10189.60594423155
Thermal light,29.800698084569497,9609.881731096379
Thermal light,29.900700427135092,6908.418725933637
Thermal light,30.000702769700816,7253.636708883296
Thermal light,30.10070511226641,7335.311412389093
Thermal light,30.200707454832134,8724.460811457697
Thermal light,30.30070979739773,7802.284360604082
Thermal light,30.400712139963453,9632.061845261662
Thermal light,30.500714482529172,9957.3197406641
Thermal light,30.60071682509477,8013.252857897142
Thermal light,30.70071916766049,11227.262539502472
Thermal light,30.80072151022609,23569.212818725384
Thermal light,30.90072385279181,18736.99848227105
Thermal light,31.000726195357533,946469.5199245688
Thermal light,31.10072853792313,18509.89967092527
Thermal light,31.20073088048885,15977.007300582092
Thermal light,31.300733223054447,8080.404573370169
Thermal light,31.40073556562017,8584.452158711509
Thermal light,31.500737908185766,6102.4673466599625
Thermal light,31.60074025075149,7338.513968117953
Thermal light,31.700742593317212,5936.513456599361
Thermal light,31.800744935882808,5332.280092852579
Thermal light,31.90074727844853,5376.116165537049
Thermal light,32.00074962101413,6080.883681655937
Thermal light,32.100751963579846,7496.483986990888
Thermal light,32.20075430614545,5631.247372025325
Thermal light,32.300756648711165,4602.739567265492
Thermal light,32.40075899127689,7558.23978131427
Thermal light,32.50076133384248,7754.074711901384
Thermal light,32.60076367640821,4478.104807575375
Thermal light,32.7007660189738,11761.193581218644
Thermal light,32.800768361539525,10826.594299188184
Thermal light,32.90077070410525,21001.007952252403
Thermal light,33.000773046670844,508612.22030747944
Thermal light,33.10077538923657,7479.97473123614
Thermal light,33.20077773180216,12121.555830433883
Thermal light,33.300780074367886,5150.689922674172
Thermal light,33.40078241693348,6069.796181194727
Thermal light,33.500784759499204,5033.743411175975
Thermal light,33.60078710206493,3939.7691363449467
Thermal light,33.70078944463052,4240.94356804759
Thermal light,33.800791787196246,4150.192078801454
Thermal light,33.90079412976184,6526.095734688028
Thermal light,34.000796472327565,5892.075462841275
Thermal light,34.10079881489316,7097.539436935717
Thermal light,34.20080115745888,5887.515043706186
Thermal light,34.30080350002461,6833.804178302433
Thermal light,34.4008058425902,5095.751893205589
Thermal light,34.500808185155925,7515.301757406045
Thermal light,34.60081052772152,7282.704068760896
Thermal light,34.700812870287244,11894.026547981211
Thermal light,34.80081521285297,16819.880799530496
Thermal light,34.90081755541856,23449.321214975465
Thermal light,35.000819897984286,1285712.5147323995
Thermal light,35.10082224054988,9678.87797660466
Thermal light,35.200824583115605,12113.149289979674
Thermal light,35.3008269256812,5253.218513704291
Thermal light,35.40082926824692,5798.275261622166
Thermal light,35.50083161081264,3939.772759113131
Thermal light,35.60083395337824,3337.316992410158
Thermal light,35.70083629594396,2770.1729487928474
Thermal light,35.80083863850956,2960.2164854968178
Thermal light,35.90084098107528,4650.325058859508
Thermal light,36.00084332364088,3298.9500756492594
Thermal light,36.100845666206595,3931.124111631472
Thermal light,36.20084800877232,4121.623426201902
Thermal light,36.300850351337914,4312.95680623078
Thermal light,36.40085269390364,3806.345764987581
Thermal light,36.50085503646924,4538.088365045437
Thermal light,36.600857379034956,6516.953549861298
Thermal light,36.70085972160068,11354.332104134233
Thermal light,36.800862064166274,17057.64018295517
Thermal light,36.900864406732,13428.294348884683
Thermal light,37.00086674929759,1700769.9458102416
Thermal light,37.100869091863316,4422.630698769718
Thermal light,37.20087143442891,5278.931093672062
Thermal light,37.300873776994635,3986.5120321573986
Thermal light,37.40087611956036,3604.599479378494
Thermal light,37.500878462125954,2663.5759401196924
Thermal light,37.60088080469168,3098.605902035479
Thermal light,37.70088314725727,2208.8327523446887
Thermal light,37.800885489822996,2807.977746442484
Thermal light,37.90088783238859,3030.755957790615
Thermal light,38.000890174954314,3048.5485669011473
Thermal light,38.10089251752004,3146.849209793845
Thermal light,38.20089486008563,3152.4401807966283
Thermal light,38.300897202651356,2562.4324091421718
Thermal light,38.40089954521695,4413.893413585354
Thermal light,38.500901887782675,3570.8625402207326
Thermal light,38.60090423034827,2996.685331213209
Thermal light,38.70090657291399,4788.005674200826
Thermal light,38.80090891547972,6238.692193356288
Thermal light,38.90091125804531,5066.982774111955
Thermal light,39.000913600611035,1325802.2998602227
Thermal light,39.10091594317663,10030.925674191267
Thermal light,39.200918285742354,5463.410586483778
Thermal light,39.30092062830808,4045.389148811
Thermal light,39.40092297087367,3256.257516258727
Thermal light,39.500925313439396,3295.056751022913
Thermal light,39.60092765600499,2680.7623967335544
Thermal light,39.700929998570714,2465.9411246598943
Thermal light,39.80093234113631,3006.372347184692
Thermal light,39.90093468370203,2923.233694043762
Thermal light,40.00093702626775,3536.322113002666
Thermal light,40.10093936883335,3053.361510573526
Thermal light,40.20094171139907,2717.387762000223
Thermal light,40.30094405396467,2800.8703792303404
Thermal light,40.40094639653039,5486.870499589942
Thermal light,40.50094873909599,3168.6533122446194
Thermal light,40.600951081661705,2755.940157449357
Thermal light,40.70095342422743,3438.3804276352344
Thermal light,40.800955766793024,4731.350759987148
Thermal light,40.90095810935875,7661.475094721539
Thermal light,41.00096045192434,1131541.8047101316
Thermal light,41.100962794490066,20651.3427192778
Thermal light,41.20096513705579,5941.214655688828
Thermal light,41.300967479621384,3642.16552253659
Thermal light,41.40096982218711,2348.489889437205
Thermal light,41.5009721647527,2444.1885357432625
Thermal light,41.600974507318426,1558.5318899294612
Thermal light,41.70097684988402,2008.2339620003117
Thermal light,41.800979192449745,1983.7007796846976
Thermal light,41.90098153501547,2060.8885909013547
Thermal light,42.00098387758106,2953.943949200565
Thermal light,42.10098622014679,2574.019567759398
Thermal light,42.20098856271238,2255.2531778330886
Thermal light,42.300990905278105,1955.9089284808688
Thermal light,42.4009932478437,5025.533856878726
Thermal light,42.500995590409424,2560.9945919060006
Thermal light,42.60099793297515,2458.529874760296
Thermal light,42.70100027554074,2994.8623102219744
Thermal light,42.801002618106466,5889.58154212044
Thermal light,42.90100496067206,12861.652400780138
Thermal light,43.001007303237785,563180.4352083077
Thermal light,43.10100964580351,17293.24351362719
Thermal light,43.2010119883691,5489.418134067602
Thermal light,43.30101433093483,2628.887126020676
Thermal light,43.40101667350042,1826.5935373615343
Thermal light,43.501019016066145,1903.538192882963
Thermal light,43.60102135863174,1461.437686568694
Thermal light,43.701023701197464,1602.7546005103106
Thermal light,43.80102604376318,1650.6226662830074
Thermal light,43.90102838632878,1812.6547399356227
Thermal light,44.0010307288945,2293.0000500926403
Thermal light,44.1010330714601,1478.4028180913513
Thermal light,44.201035414025824,1846.522965281485
Thermal light,44.30103775659142,1570.3947864026566
Thermal light,44.40104009915714,2484.4137685580945
Thermal light,44.50104244172286,2034.9619815763879
Thermal light,44.60104478428846,2345.329364255688
Thermal light,44.70104712685418,3339.653613082436
Thermal light,44.80104946941978,5279.779648739719
Thermal light,44.901051811985496,10650.62463827978
Thermal light,45.00105415455122,469603.8492562133
Thermal light,45.101056497116815,13595.869682594934
Thermal light,45.20105883968254,4031.1334577656153
Thermal light,45.301061182248134,1941.6008238791696
Thermal light,45.40106352481386,1460.5092618044637
Thermal light,45.50106586737945,1585.8305749206454
Thermal light,45.601068209945176,1304.0768696504615
Thermal light,45.7010705525109,1454.7574021739952
Thermal light,45.801072895076494,1384.8358094546331
Thermal light,45.90107523764222,1637.9811437804776
Thermal light,46.00107758020781,2112.92412046047
Thermal light,46.101079922773536,1189.291629644243
Thermal light,46.20108226533913,1342.4235093205582
Thermal light,46.301084607904855,1453.5794417764102
Thermal light,46.40108695047058,1336.7832775929464
Thermal light,46.50108929303617,1589.2335395914176
Thermal light,46.6010916356019,2108.5175222539383
Thermal light,46.70109397816749,2290.014258709487
Thermal light,46.801096320733215,3200.2764069778027
Thermal light,46.90109866329881,4914.129018827157
Thermal light,47.001101005864534,628626.3110112312
Thermal light,47.10110334843026,6375.321407128418
Thermal light,47.20110569099585,2734.304448616963
Thermal light,47.301108033561576,1686.0554847950743
Thermal light,47.40111037612717,1129.0281584553427
Thermal light,47.501112718692895,1122.106415421008
Thermal light,47.60111506125862,1104.3351004186554
Thermal light,47.70111740382421,1248.7406656147477
Thermal light,47.801119746389936,999.3688712273636
Thermal light,47.90112208895553,1155.9132418658783
Thermal light,48.001124431521255,1213.4884641479189
Thermal light,48.10112677408685,959.5060603033762
Thermal light,48.201129116652574,1017.9521228825138
Thermal light,48.30113145921829,1058.9042355519923
Thermal light,48.40113380178389,1392.3323524909513
Thermal light,48.50113614434961,1178.3897258250815
Thermal light,48.60113848691521,1451.5437132072266
Thermal light,48.70114082948093,1463.6033714079604
Thermal light,48.80114317204653,1705.6447403110303
Thermal light,48.901145514612246,2017.7209748081987
Thermal light,49.00114785717797,587765.8505111979
Thermal light,49.10115019974357,4300.61896679963
Thermal light,49.20115254230929,2083.917080072412
Thermal light,49.30115488487489,1292.4829505991631
Thermal light,49.401157227440606,874.5870424390168
Thermal light,49.50115957000633,885.0323798704412
Thermal light,49.601161912571925,839.4033981569353
Thermal light,49.70116425513765,998.9343865959878
Thermal light,49.801166597703244,746.1568891984846
Thermal light,49.90116894026897,849.0318446459597
Thermal light,50.00117128283456,766.2219235014588
Thermal light,50.101173625400286,734.3516690624707
Thermal light,50.20117596796601,806.0506545362733
Thermal light,50.301178310531604,908.5746789332148
Thermal light,50.40118065309733,991.2127135152965
Thermal light,50.50118299566292,901.9072926361123
Thermal light,50.601185338228646,1039.6034342292012
Thermal light,50.70118768079424,1662.3386095718547
Thermal light,50.801190023359965,1352.4675350903988
Thermal light,50.90119236592569,1199.7426633161194
Thermal light,51.00119470849128,349406.11560981686
Thermal light,51.10119705105701,1852.8268883978687
Thermal light,51.2011993936226,1459.7079777663432
Thermal light,51.301201736188325,953.4113619460699
Thermal light,51.40120407875405,703.1943237572041
Thermal light,51.501206421319644,682.3631098052394
Thermal light,51.60120876388537,657.6669689887437
Thermal light,51.70121110645096,711.5048872394957
Thermal light,51.801213449016686,624.4671819301825
Thermal light,51.90121579158228,693.6663155613861
Thermal light,52.001218134148004,641.0043774800642
Thermal light,52.10122047671373,592.8309898909886
Thermal light,52.20122281927932,691.0270460758074
Thermal light,52.301225161845046,774.252063746883
Thermal light,52.40122750441064,891.0943926095532
Thermal light,52.501229846976365,652.8076368175003
Thermal light,52.60123218954196,688.9246605230777
Thermal light,52.701234532107684,1287.1400070592276
Thermal light,52.8012368746734,1107.3106143046077
Thermal light,52.901239217239,802.1977941821158
Thermal light,53.00124155980472,233346.8754209179
Thermal light,53.10124390237032,990.8566551506755
Thermal light,53.20124624493604,1030.8855878509905
Thermal light,53.30124858750176,682.9018671565498
Thermal light,53.401250930067356,574.6185223922668
Thermal light,53.50125327263308,572.8338373244744
Thermal light,53.601255615198674,589.1292714865599
Thermal light,53.7012579577644,603.5173650094753
Thermal light,53.80126030033,536.90457854937
Thermal light,53.901262642895716,619.9465952342186
Thermal light,54.00126498546144,613.4813612832166
Thermal light,54.101267328027035,569.322615214448
Thermal light,54.20126967059276,578.122906156918
Thermal light,54.30127201315835,618.6449756550486
Thermal light,54.40127435572408,857.6990992546978
Thermal light,54.50127669828967,537.0908865159823
Thermal light,54.601279040855395,570.2228789261845
Thermal light,54.70128138342112,725.4150862034089
Thermal light,54.801283725986714,663.0026132380742
Thermal light,54.90128606855244,574.7834976472071
Thermal light,55.00128841111803,246732.71048689057
Thermal light,55.101290753683756,678.745249167783
Thermal light,55.20129309624935,664.5548463787167
Thermal light,55.301295438815075,579.1499329090462
Thermal light,55.4012977813808,482.2987928372293
Thermal light,55.50130012394639,500.62304075230657
Thermal light,55.60130246651212,502.2874425571706
Thermal light,55.70130480907771,495.12931570842824
Thermal light,55.801307151643435,476.66800755068505
Thermal light,55.90130949420916,579.4956767558035
Thermal light,56.001311836774754,527.7666550247645
Thermal light,56.10131417934048,495.5078963829624
Thermal light,56.20131652190607,477.45609890854837
Thermal light,56.301318864471796,512.3150404360413
Thermal light,56.40132120703739,748.3513719376024
Thermal light,56.501323549603114,544.35766431245
Thermal light,56.60132589216883,583.8774591889854
Thermal light,56.70132823473443,540.6174294176718
Thermal light,56.801330577300156,765.0371952620832
Thermal light,56.90133291986575,668.837893720597
Thermal light,57.001335262431475,181994.01798451212
Thermal light,57.10133760499707,951.0134370173236
Thermal light,57.20133994756279,577.2395611138555
Thermal light,57.30134229012851,495.3483305453981
Thermal light,57.40134463269411,421.04192219922646
Thermal light,57.50134697525983,435.18823975111513
Thermal light,57.60134931782543,429.82106596886
Thermal light,57.70135166039115,425.4534411744603
Thermal light,57.80135400295687,417.43107028047024
Thermal light,57.901356345522466,490.1930167818509
Thermal light,58.00135868808819,429.97916703782244
Thermal light,58.101361030653784,403.22842102858334
Thermal light,58.20136337321951,397.4173974901327
Thermal light,58.3013657157851,429.818759714335
Thermal light,58.401368058350826,534.7744603922572
Thermal light,58.50137040091655,471.89465218518967
Thermal light,58.601372743482145,478.9312174215292
Thermal light,58.70137508604787,505.5926902429598
Thermal light,58.80137742861346,856.2999543395536
Thermal light,58.90137977117919,743.086472319095
Thermal light,59.00138211374478,64327.62517377702
Thermal light,59.101384456310505,707.1042298521915
Thermal light,59.20138679887623,486.2402421018237
Thermal light,59.301389141441824,402.37122203083857
Thermal light,59.40139148400755,387.79717665405485
Thermal light,59.50139382657314,383.6874118607014
Thermal light,59.601396169138866,397.65589471804276
Thermal light,59.70139851170459,407.8631353161479
Thermal light,59.801400854270184,365.1339753987073
Thermal light,59.90140319683591,392.8065288430586
Thermal light,60.0014055394015,371.9269280218548
Thermal light,60.101407881967226,357.0942308277294
Thermal light,60.20141022453282,346.56261452707395
Thermal light,60.301412567098545,399.73675817838125
Thermal light,60.40141490966427,424.39742778647474
Thermal light,60.501417252229864,378.72377385464927
Thermal light,60.60141959479559,387.40015584943563
Thermal light,60.70142193736118,457.5288260986139
Thermal light,60.801424279926906,659.2415727509215
Thermal light,60.9014266224925,799.367436361569
Thermal light,61.001428965058224,66256.09439405434
Thermal light,61.10143130762394,426.367007936321
Thermal light,61.20143365018954,377.43198823480014
Thermal light,61.30143599275526,348.17114110691176
Thermal light,61.40143833532086,351.5958899026795
Thermal light,61.50144067788658,341.90332822582633
Thermal light,61.6014430204523,359.20549785689354
Thermal light,61.7014453630179,367.8750037681874
Thermal light,61.80144770558362,328.786401907181
Thermal light,61.90145004814922,333.23925704511174
Thermal light,62.00145239071494,329.36449176417017
Thermal light,62.10145473328054,323.862694149505
Thermal light,62.20145707584626,315.01778932274084
Thermal light,62.30145941841198,377.226257840135
Thermal light,62.401461760977575,366.4250523823412
Thermal light,62.5014641035433,318.7173218322004
Thermal light,62.601466446108894,326.08951912381565
Thermal light,62.70146878867462,376.89197802085323
Thermal light,62.80147113124021,447.4663835133137
Thermal light,62.901473473805936,675.8234775735809
Thermal light,63.00147581637166,92253.17832969151
Thermal light,63.101478158937255,506.81844399338866
Thermal light,63.20148050150298,341.584195111946
Thermal light,63.30148284406857,318.50778649673333
Thermal light,63.4014851866343,307.59997385738666
Thermal light,63.50148752919989,296.2490490361218
Thermal light,63.601489871765615,306.6552748802347
Thermal light,63.70149221433134,304.32594624393437
Thermal light,63.801494556896934,290.9259580526642
Thermal light,63.90149689946266,287.5802909435529
Thermal light,64.00149924202826,288.3807489259277
Thermal light,64.10150158459398,282.09152689860946
Thermal light,64.20150392715969,285.82498211733264
Thermal light,64.3015062697253,341.79218065305713
Thermal light,64.40150861229101,313.02083205644095
Thermal light,64.50151095485661,296.5003367971167
Thermal light,64.60151329742233,290.8787692007978
Thermal light,64.70151563998793,315.6736550870736
Thermal light,64.80151798255365,359.16277438841394
Thermal light,64.90152032511938,525.1267552083426
Thermal light,65.00152266768497,76430.10963504642
Thermal light,65.1015250102507,679.1035681148416
Thermal light,65.20152735281629,377.93286358479116
Thermal light,65.30152969538202,289.23656873778987
Thermal light,65.4015320379476,269.4722929070425
Thermal light,65.50153438051333,263.44550769274065
Thermal light,65.60153672307905,269.1682434284579
Thermal light,65.70153906564465,263.7683514656633
Thermal light,65.80154140821037,261.06620944553254
Thermal light,65.90154375077597,258.01826369039185
Thermal light,66.00154609334169,261.81342277122945
Thermal light,66.10154843590742,257.0240323267914
Thermal light,66.201550778473,261.7455308556694
Thermal light,66.30155312103874,283.49566447966026
Thermal light,66.40155546360432,265.5201560548541
Thermal light,66.50155780617006,277.80602968836814
Thermal light,66.60156014873564,263.4402322126664
Thermal light,66.70156249130137,268.0791325031232
Thermal light,66.80156483386709,312.83676971902656
Thermal light,66.90156717643269,388.5771783406452
Thermal light,67.00156951899841,45543.68466549515
Thermal light,67.10157186156401,560.4016307016616
Thermal light,67.20157420412973,369.69611323383316
Thermal light,67.30157654669533,253.66868119493327
Thermal light,67.40157888926105,237.5144630574516
Thermal light,67.50158123182676,235.85443915821412
Thermal light,67.60158357439236,235.2613680107672
Thermal light,67.70158591695808,233.8085716152342
Thermal light,67.80158825952368,233.05468040912885
Thermal light,67.90159060208941,233.2505536416354
Thermal light,68.00159294465513,234.463969988782
Thermal light,68.10159528722073,237.89818340462813
Thermal light,68.20159762978645,239.4980078873179
Thermal light,68.30159997235205,245.79124193761666
Thermal light,68.40160231491777,231.80480630012298
Thermal light,68.50160465748337,249.68230659814247
Thermal light,68.60160700004909,237.80304351964548
Thermal light,68.7016093426148,247.2106255107022
Thermal light,68.8016116851804,293.96523867160204
Thermal light,68.90161402774612,330.46260247387374
Thermal light,69.00161637031172,26111.595469228017
Thermal light,69.10161871287744,372.2467819522124
Thermal light,69.20162105544304,320.0945300346466
Thermal light,69.30162339800876,226.5493751452975
Thermal light,69.40162574057449,217.39224017507402
Thermal light,69.50162808314008,218.19469586218275
Thermal light,69.6016304257058,215.2784626527952
Thermal light,69.7016327682714,214.07842946763913
Thermal light,69.80163511083713,212.20456688275667
Thermal light,69.90163745340284,212.18857090583373
Thermal light,70.00163979596844,210.42870798314814
Thermal light,70.10164213853416,212.5083477785189
Thermal light,70.20164448109976,211.5722384909748
Thermal light,70.30164682366548,217.0503915038106
Thermal light,70.40164916623108,205.32815927704536
Thermal light,70.5016515087968,219.23056343603184
Thermal light,70.60165385136253,216.10153748774314
Thermal light,70.70165619392812,240.71756826647902
Thermal light,70.80165853649385,282.4341820152641
Thermal light,70.90166087905943,323.7439662331505
Thermal light,71.00166322162517,17248.92415168796
Thermal light,71.10166556419075,284.7437943590291
Thermal light,71.20166790675648,264.2606990745356
Thermal light,71.3016702493222,204.09945934760114
Thermal light,71.4016725918878,197.45036003020633
Thermal light,71.50167493445352,196.87635465719504
Thermal light,71.60167727701912,194.50846035149706
Thermal light,71.70167961958484,192.21186613408724
Thermal light,71.80168196215044,190.60826605074496
Thermal light,71.90168430471616,191.31539315903984
Thermal light,72.00168664728187,192.09785919462013
Thermal light,72.10168898984747,191.81104753333742
Thermal light,72.20169133241319,192.35499311432235
Thermal light,72.3016936749788,194.50366076347564
Thermal light,72.40169601754451,189.83955899906783
Thermal light,72.50169836011024,196.56459215197617
Thermal light,72.60170070267583,194.02975956300054
Thermal light,72.70170304524156,211.95754428516722
Thermal light,72.80170538780716,248.86523097742747
Thermal light,72.90170773037288,304.1852489460654
Thermal light,73.00171007293848,11485.699270514473
Thermal light,73.1017124155042,280.5053881183216
Thermal light,73.20171475806991,218.53734039664837
Thermal light,73.30171710063551,184.12713775931172
Thermal light,73.40171944320123,180.4253643287404
Thermal light,73.50172178576683,181.0709143540286
Thermal light,73.60172412833255,182.16109049174082
Thermal light,73.70172647089815,180.92272504981426
Thermal light,73.80172881346387,178.53255888230265
Thermal light,73.9017311560296,177.84072537633693
Thermal light,74.00173349859519,178.034540609468
Thermal light,74.10173584116092,174.56533333692627
Thermal light,74.2017381837265,174.68345572566798
Thermal light,74.30174052629224,175.43842763912653
Thermal light,74.40174286885795,170.30829444127465
Thermal light,74.50174521142355,172.60573498203905
Thermal light,74.60174755398927,171.7658207826578
Thermal light,74.70174989655487,180.54875947616358
Thermal light,74.80175223912059,215.14197169862558
Thermal light,74.90175458168619,280.75912912003787
Thermal light,75.00175692425191,7343.123812524229
Thermal light,75.10175926681764,291.46642644729184
Thermal light,75.20176160938323,197.6355162925731
Thermal light,75.30176395194896,172.70724375827723
Thermal light,75.40176629451454,167.386805635397
Thermal light,75.50176863708027,166.14070025427935
Thermal light,75.60177097964586,165.94944021062616
Thermal light,75.7017733222116,164.56200512949744
Thermal light,75.80177566477731,161.4375847854583
Thermal light,75.90177800734291,160.4453305681231
Thermal light,76.00178034990863,160.35279030454984
Thermal light,76.10178269247423,158.16314058498168
Thermal light,76.20178503503995,160.2969319583105
Thermal light,76.30178737760566,165.89131741615859
Thermal light,76.40178972017127,159.35711495628001
Thermal light,76.50179206273698,160.11841142967714
Thermal light,76.60179440530258,161.1299328928648
Thermal light,76.7017967478683,164.94941357180932
Thermal light,76.8017990904339,188.10651679665585
Thermal light,76.90180143299962,249.55244555078983
Thermal light,77.00180377556535,4725.830366691032
Thermal light,77.10180611813094,262.84334232048144
Thermal light,77.20180846069667,177.1576194339965
Thermal light,77.30181080326226,156.52494034253203
Thermal light,77.40181314582799,150.92808162579402
Thermal light,77.50181548839358,150.01897137813324
Thermal light,77.6018178309593,150.7312930107683
Thermal light,77.70182017352502,151.3388569587373
Thermal light,77.80182251609062,151.11485116139085
Thermal light,77.90182485865634,152.0309498398676
Thermal light,78.00182720122194,152.0885960258186
Thermal light,78.10182954378766,150.19211166298967
Thermal light,78.20183188635326,151.00700838612588
Thermal light,78.30183422891898,155.75398440835824
Thermal light,78.40183657148471,148.10473792477256
Thermal light,78.5018389140503,146.35891648669286
Thermal light,78.60184125661603,146.11609465612912
Thermal light,78.70184359918161,149.14085800563694
Thermal light,78.80184594174735,164.22437582334413
Thermal light,78.90184828431306,215.73944390232808
Thermal light,79.00185062687866,3318.1308958784334
Thermal light,79.10185296944438,224.40841433647148
Thermal light,79.20185531200998,161.62197772634357
Thermal light,79.3018576545757,147.5695007939553
Thermal light,79.4018599971413,143.76728822946936
Thermal light,79.50186233970702,142.6962431051088
Thermal light,79.60186468227275,142.8173825694911
Thermal light,79.70186702483834,141.93013283699287
Thermal light,79.80186936740407,141.26366898089358
Thermal light,79.90187170996965,140.9730781590633
Thermal light,80.00187405253538,139.6010336919997
Thermal light,80.10187639510097,136.471613837403
Thermal light,80.2018787376667,135.74637400728213
Thermal light,80.30188108023242,138.54873355731908
Thermal light,80.40188342279802,134.07036647511222
Thermal light,80.50188576536374,133.9459519204069
Thermal light,80.60188810792934,134.59434936592436
Thermal light,80.70189045049506,140.10465041729276
Thermal light,80.80189279306077,153.11546371556724
Thermal light,80.90189513562638,191.76340051273988
Thermal light,81.00189747819209,2553.0053568126673
Thermal light,81.1018998207577,196.79391212558807
Thermal light,81.20190216332341,148.28870794902429
Thermal light,81.30190450588901,137.41334885206084
Thermal light,81.40190684845473,133.3310030647686
Thermal light,81.50190919102046,130.45354086568696
Thermal light,81.60191153358605,129.143752725344
Thermal light,81.70191387615178,127.26896877262367
Thermal light,81.80191621871737,126.81682276016927
Thermal light,81.9019185612831,127.19227304703931
Thermal light,82.00192090384868,127.48256938598942
Thermal light,82.10192324641442,126.17165700968549
Thermal light,82.20192558898013,126.71936951082758
Thermal light,82.30192793154573,129.04354709832563
Thermal light,82.40193027411145,127.57881034562057
Thermal light,82.50193261667705,128.19602531598
Thermal light,82.60193495924277,128.19264397548906
Thermal light,82.7019373018085,132.11997699556215
Thermal light,82.80193964437409,142.0625128198351
Thermal light,82.90194198693982,167.58977775277796
Thermal light,83.0019443295054,1924.943699884656
Thermal light,83.10194667207114,168.80180345851784
Thermal light,83.20194901463672,130.55746856138643
Thermal light,83.30195135720246,122.8322828258777
Thermal light,83.40195369976817,120.39153778463913
Thermal light,83.50195604233377,118.91306404107638
Thermal light,83.60195838489949,118.80271351099344
Thermal light,83.70196072746509,118.58884575131044
Thermal light,83.80196307003081,119.38202530022768
Thermal light,83.90196541259641,120.4745056779576
Thermal light,84.00196775516213,121.45150118144862
Thermal light,84.10197009772786,120.51875443876611
Thermal light,84.20197244029345,120.35941911454104
Thermal light,84.30197478285918,120.40129691937342
Thermal light,84.40197712542476,118.73813102305463
Thermal light,84.5019794679905,117.92227606164593
Thermal light,84.60198181055621,116.80398118514218
Thermal light,84.70198415312181,118.5146267374922
Thermal light,84.80198649568753,127.2124700618916
Thermal light,84.90198883825313,145.9406675721418
Thermal light,85.00199118081885,1337.6480119104442
Thermal light,85.10199352338445,146.92612437622446
Thermal light,85.20199586595017,119.22825762118629
Thermal light,85.30199820851588,114.83302180914507
Thermal light,85.40200055108149,113.95557507632145
Thermal light,85.5020028936472,113.53447076269393
Thermal light,85.6020052362128,113.29575407970862
Thermal light,85.70200757877852,112.81244796329807
Thermal light,85.80200992134412,112.61200087971069
Thermal light,85.90201226390984,112.21766243882146
Thermal light,86.00201460647557,111.87072323470052
Thermal light,86.10201694904116,110.32221260268416
Thermal light,86.20201929160689,109.41043443822602
Thermal light,86.30202163417248,108.61790842310994
Thermal light,86.4020239767382,107.72844858924651
Thermal light,86.5020263193038,107.41463172962558
Thermal light,86.60202866186953,107.27011404304783
Thermal light,86.70203100443524,109.0540554309065
Thermal light,86.80203334700084,117.91865587804284
Thermal light,86.90203568956656,133.18149077287063
Thermal light,87.00203803213216,878.6190976096839
Thermal light,87.10204037469788,133.4934282302728
Thermal light,87.20204271726361,112.32569601555429
Thermal light,87.3020450598292,108.52079827653611
Thermal light,87.40204740239493,106.927221329049
Thermal light,87.50204974496052,105.73133061657099
Thermal light,87.60205208752625,104.33492032833296
Thermal light,87.70205443009183,103.08519708927972
Thermal light,87.80205677265756,102.34546804756054
Thermal light,87.90205911522328,101.69252818556637
Thermal light,88.00206145778888,101.47605809630168
Thermal light,88.1020638003546,100.99216867938661
Thermal light,88.2020661429202,101.08265335153655
Thermal light,88.30206848548592,101.27993889315255
Thermal light,88.40207082805152,101.74175613805583
Thermal light,88.50207317061724,102.23009735055238
Thermal light,88.60207551318297,102.46871100132734
Thermal light,88.70207785574856,103.6715418838464
Thermal light,88.80208019831429,110.58454642413639
Thermal light,88.90208254087987,122.00394850182272
Thermal light,89.0020848834456,568.9705580003462
Thermal light,89.10208722601132,120.45580256534176
Thermal light,89.20208956857692,102.84915946257078
Thermal light,89.30209191114264,99.06731131901559
Thermal light,89.40209425370824,97.30705660197641
Thermal light,89.50209659627396,96.307611421409
Thermal light,89.60209893883956,95.39567401324145
Thermal light,89.70210128140528,94.9429402347225
Thermal light,89.80210362397099,95.10804581145064
Thermal light,89.9021059665366,95.40933312108048
Thermal light,90.00210830910231,95.84208538515196
Thermal light,90.10211065166791,96.17523187352641
Thermal light,90.20211299423363,96.53019706613244
Thermal light,90.30211533679923,96.71118227825657
Thermal light,90.40211767936495,96.86147026871697
Thermal light,90.50212002193068,96.75806855216418
Thermal light,90.60212236449627,96.12943180744466
Thermal light,90.702124707062,96.07477744036456
Thermal light,90.80212704962759,100.09229997318702
Thermal light,90.90212939219332,108.74516549323407
Thermal light,91.00213173475903,370.578610539583
Thermal light,91.10213407732464,107.65483666139257
Thermal light,91.20213641989035,94.02207880334126
Thermal light,91.30213876245595,91.43518559392115
Thermal light,91.40214110502167,90.64783869581699
Thermal light,91.50214344758727,90.55464292858709
Thermal light,91.60214579015299,90.5207847415935
Thermal light,91.70214813271872,90.67447122160763
Thermal light,91.80215047528431,91.03223097620912
Thermal light,91.90215281785004,91.29123880789402
Thermal light,92.00215516041563,91.21632006693868
Thermal light,92.10215750298136,91.00067261441409
Thermal light,92.20215984554694,90.54653866489522
Thermal light,92.30216218811267,89.95327313638522
Thermal light,92.40216453067839,89.40538183150461
Thermal light,92.502166873244,88.86801310073166
Thermal light,92.60216921580971,88.1014993928993
Thermal light,92.70217155837531,87.8727350773667
Thermal light,92.80217390094103,90.40373905209384
Thermal light,92.90217624350674,98.07101910285502
Thermal light,93.00217858607235,248.5814326834674
Thermal light,93.10218092863808,98.4997635739967
Thermal light,93.20218327120367,88.74129398039695
Thermal light,93.3021856137694,87.16377629469453
Thermal light,93.40218795633498,86.73333538404914
Thermal light,93.50219029890071,86.62284282521689
Thermal light,93.60219264146643,86.39630322226333
Thermal light,93.70219498403203,86.0909115503596
Thermal light,93.80219732659775,85.72597441468089
Thermal light,93.90219966916335,85.29696719014773
Thermal light,94.00220201172907,84.56000308278635
Thermal light,94.10220435429467,83.90940685693562
Thermal light,94.20220669686039,83.19203578120978
Thermal light,94.3022090394261,82.6147440424989
Thermal light,94.4022113819917,82.30295083487792
Thermal light,94.50221372455742,82.24506919293523
Thermal light,94.60221606712302,82.17931567846132
Thermal light,94.70221840968874,82.49256675950011
Thermal light,94.80222075225434,84.52738865054218
Thermal light,94.90222309482006,91.31391211218892
Thermal light,95.00222543738579,177.17644496260957
Thermal light,95.10222777995138,91.47610423888278
Thermal light,95.20223012251711,84.27452679746855
Thermal light,95.3022324650827,82.78554130879968
Thermal light,95.40223480764843,81.92715456487987
Thermal light,95.50223715021414,81.24685191628642
Thermal light,95.60223949277974,80.50629179828319
Thermal light,95.70224183534546,79.79448265658176
Thermal light,95.80224417791106,79.1040739108953
Thermal light,95.90224652047678,78.59501842002233
Thermal light,96.00224886304238,78.03804784249486
Thermal light,96.1022512056081,77.77033795337063
Thermal light,96.20225354817383,77.55812910084303
Thermal light,96.30225589073942,77.57301824712175
Thermal light,96.40225823330515,77.78932255149539
Thermal light,96.50226057587074,78.1609454522412
Thermal light,96.60226291843647,78.44861582145165
Thermal light,96.70226526100205,78.85825477964124
Thermal light,96.80226760356778,80.24974189687181
Thermal light,96.9022699461335,85.23084547577776
Thermal light,97.0022722886991,134.3489683464315
Thermal light,97.10227463126482,83.905690849632
Thermal light,97.20227697383042,78.44362027887344
Thermal light,97.30227931639614,76.92573198004543
Thermal light,97.40228165896185,75.87690393736193
Thermal light,97.50228400152746,75.09413111555723
Thermal light,97.60228634409317,74.43552228310875
Thermal light,97.70228868665878,73.98342878140278
Thermal light,97.80229102922449,73.6752936529552
Thermal light,97.9022933717901,73.61616482536814
Thermal light,98.00229571435582,73.6149968199931
Thermal light,98.10229805692154,73.81858965916857
Thermal light,98.20230039948714,73.99646076295582
Thermal light,98.30230274205286,74.24458216581809
Thermal light,98.40230508461846,74.47519669335941
Thermal light,98.50230742718418,74.65786998526065
Thermal light,98.60230976974978,74.65313047448102
Thermal light,98.7023121123155,74.67014150646946
Thermal light,98.80231445488121,75.2358289719111
Thermal light,98.90231679744682,78.28592680032443
Thermal light,99.00231914001253,106.66830019697345
Thermal light,99.10232148257813,76.16319719167966
Thermal light,99.20232382514385,72.31569491280561
Thermal light,99.30232616770958,71.1892187414257
Thermal light,99.40232851027517,70.51761603638813
Thermal light,99.5023308528409,70.15306934890039
Thermal light,99.60233319540649,69.97299272548187
Thermal light,99.70233553797222,69.98848606764614
Thermal light,99.8023378805378,70.09980774269184
Thermal light,99.90234022310354,70.32183829335158
Thermal light,100.00234256566925,70.51734046880787
Thermal light,100.10234490823485,70.72005194560727
Thermal light,100.20234725080057,70.76862556047206
Thermal light,100.30234959336617,70.7478475929635
Thermal light,100.40235193593189,70.60056073749968
Thermal light,100.50235427849749,70.3471520781157
Thermal light,100.60235662106321,69.96475732805584
Thermal light,100.70235896362894,69.66478017539092
Thermal light,100.80236130619453,69.73482309892493
Thermal light,100.90236364876026,71.61513631490874
Thermal light,101.00236599132585,88.61409403226881
Thermal light,101.10236833389158,69.91424313832199
Thermal light,101.20237067645729,67.4722781051093
Thermal light,101.3023730190229,66.92072688886424
Thermal light,101.40237536158861,66.74421754308294
Thermal light,101.50237770415421,66.78073061647545
Thermal light,101.60238004671993,66.90136312954269
Thermal light,101.70238238928553,67.07412781743406
Thermal light,101.80238473185125,67.20970101321679
Thermal light,101.90238707441696,67.30106009669875
Thermal light,102.00238941698257,67.27615079790215
Thermal light,102.10239175954828,67.15292103682586
Thermal light,102.20239410211389,66.85976255632909
Thermal light,102.3023964446796,66.5042873282957
Thermal light,102.4023987872452,66.0701847076541
Thermal light,102.50240112981092,65.61533756503336
Thermal light,102.60240347237665,65.17389591572112
Thermal light,102.70240581494225,64.89600589068786
Thermal light,102.80240815750797,64.92872519763178
Thermal light,102.90241050007357,66.35071227222605
Thermal light,103.00241284263929,76.95651025656655
Thermal light,103.10241518520489,65.50799717735798
Thermal light,103.2024175277706,64.06731403517993
Thermal light,103.30241987033632,63.88691976570066
Thermal light,103.40242221290193,63.93113423828872
Thermal light,103.50242455546764,64.03715243356257
Thermal light,103.60242689803324,64.10230373546464
Thermal light,103.70242924059896,64.09639016334062
Thermal light,103.80243158316469,63.98292410470016
Thermal light,103.90243392573028,63.771124817722765
Thermal light,104.00243626829601,63.45456334613121
Thermal light,104.1024386108616,63.05530956907773
Thermal light,104.20244095342733,62.58944064445862
Thermal light,104.30244329599292,62.138954631548025
Thermal light,104.40244563855865,61.71904097921142
Thermal light,104.50244798112436,61.37555121969479
Thermal light,104.60245032368996,61.141808201796
Thermal light,104.70245266625568,61.08805194555583
Thermal light,104.80245500882128,61.282491627018665
Thermal light,104.902457351387,62.488601825317204
Thermal light,105.0024596939526,68.99576162324142
Thermal light,105.10246203651832,62.19099599547186
Thermal light,105.20246437908405,61.32443485634798
Thermal light,105.30246672164964,61.20921742933633
Thermal light,105.40246906421537,61.183553267706294
Thermal light,105.50247140678096,61.108297784056596
Thermal light,105.60247374934669,60.94624935101048
Thermal light,105.7024760919124,60.67949916028598
Thermal light,105.802478434478,60.33241370394053
Thermal light,105.90248077704372,59.92587509788948
Thermal light,106.00248311960932,59.49107515788503
Thermal light,106.10248546217504,59.05345511689546
Thermal light,106.20248780474064,58.65833081288469
Thermal light,106.30249014730636,58.345380875757904
Thermal light,106.40249248987207,58.132471898528145
Thermal light,106.50249483243768,58.02651180766036
Thermal light,106.60249717500339,58.044148284285654
Thermal light,106.702499517569,58.185644585206184
Thermal light,106.80250186013471,58.48570389864516
Thermal light,106.90250420270031,59.43676411271247
Thermal light,107.00250654526603,63.11806815978544
Thermal light,107.10250888783176,59.22445228338275
Thermal light,107.20251123039735,58.579612298670256
Thermal light,107.30251357296308,58.35356966641021
Thermal light,107.40251591552867,58.14194813313452
Thermal light,107.5025182580944,57.85811689135726
Thermal light,107.60252060066011,57.511246983612374
Thermal light,107.70252294322572,57.10433011055373
Thermal light,107.80252528579143,56.684867067742886
Thermal light,107.90252762835703,56.27646799845341
Thermal light,108.00252997092275,55.91574849134116
Thermal light,108.10253231348835,55.619636141094915
Thermal light,108.20253465605407,55.41946756452294
Thermal light,108.3025369986198,55.32183739597348
Thermal light,108.40253934118539,55.323542482856304
Thermal light,108.50254168375112,55.40392509852515
Thermal light,108.6025440263167,55.56112170366856
Thermal light,108.70254636888244,55.75328520716456
Thermal light,108.80254871144803,56.022662668510144
Thermal light,108.90255105401376,56.64730746011628
Thermal light,109.00255339657947,58.50539529348908
Thermal light,109.10255573914507,56.25079796162667
Thermal light,109.20255808171079,55.643345699530066
Thermal light,109.3025604242764,55.29177338547844
Thermal light,109.40256276684211,54.93817493560804
Thermal light,109.50256510940784,54.552523243461806
Thermal light,109.60256745197343,54.15345050920647
Thermal light,109.70256979453916,53.760895381452634
Thermal light,109.80257213710475,53.41427292596822
Thermal light,109.90257447967048,53.132762834366204
Thermal light,110.00257682223607,52.93659440439882
Thermal light,110.1025791648018,52.82858159273891
Thermal light,110.20258150736751,52.81600890881513
Thermal light,110.30258384993311,52.88084315545463
Thermal light,110.40258619249883,53.00180899501198
Thermal light,110.50258853506443,53.147293278346936
Thermal light,110.60259087763015,53.30106565920976
Thermal light,110.70259322019575,53.42353536707945
Thermal light,110.80259556276147,53.55814509584135
Thermal light,110.90259790532718,53.86056006209537
Thermal light,111.00260024789279,54.652468895011204
Thermal light,111.1026025904585,53.229392903029655
Thermal light,111.2026049330241,52.64145637132227
Thermal light,111.30260727558982,52.23408727933813
Thermal light,111.40260961815542,51.84593714591794
Thermal light,111.50261196072114,51.47417534257595
Thermal light,111.60261430328687,51.134506436293485
Thermal light,111.70261664585246,50.85002472002934
Thermal light,111.80261898841819,50.642011469905064
Thermal light,111.90262133098378,50.51790583195011
Thermal light,112.00262367354951,50.47930030965369
Thermal light,112.10262601611522,50.51458240049395
Thermal light,112.20262835868083,50.61348716407889
Thermal light,112.30263070124654,50.74262235986224
Thermal light,112.40263304381214,50.877148439422406
Thermal light,112.50263538637786,50.982160927195444
Thermal light,112.60263772894346,51.046995291270086
Thermal light,112.70264007150918,51.04571877814436
Thermal light,112.80264241407491,51.02065776709553
Thermal light,112.9026447566405,51.069335979854
Thermal light,113.00264709920623,51.29425522174865
Thermal light,113.10264944177182,50.2951668858933
Thermal light,113.20265178433755,49.76822021227595
Thermal light,113.30265412690314,49.38516402027271
Thermal light,113.40265646946887,49.04617491057306
Thermal light,113.50265881203458,48.75652417586401
Thermal light,113.60266115460018,48.52755200840585
Thermal light,113.7026634971659,48.374194960826586
Thermal light,113.8026658397315,48.29968021506313
Thermal light,113.90266818229722,48.30170612146247
Thermal light,114.00267052486295,48.364881284998006
Thermal light,114.10267286742854,48.47219922926781
Thermal light,114.20267520999427,48.59756544101638
Thermal light,114.30267755255986,48.71255305648384
Thermal light,114.40267989512559,48.78872773694053
Thermal light,114.50268223769118,48.80620352785685
Thermal light,114.6026845802569,48.758066078411446
Thermal light,114.70268692282262,48.639742402368114
Thermal light,114.80268926538822,48.487970209039894
Thermal light,114.90269160795394,48.37567748802817
Thermal light,115.00269395051954,48.31747395145141
Thermal light,115.10269629308526,47.583775731664375
Thermal light,115.20269863565086,47.14999733646182
Thermal light,115.30270097821658,46.83630582689012
Thermal light,115.4027033207823,46.5835806960402
Thermal light,115.5027056633479,46.39617854584409
Thermal light,115.60270800591361,46.27881326909635
Thermal light,115.70271034847921,46.23440638632574
Thermal light,115.80271269104493,46.25587245908026
Thermal light,115.90271503361066,46.33122498223132
Thermal light,116.00271737617625,46.4371765250241
Thermal light,116.10271971874198,46.553310391694716
Thermal light,116.20272206130757,46.65043981694398
Thermal light,116.3027244038733,46.707877574885536
Thermal light,116.40272674643889,46.70220089248028
Thermal light,116.50272908900462,46.62942685645972
Thermal light,116.60273143157033,46.48655819848561
Thermal light,116.70273377413594,46.28696262176572
Thermal light,116.80273611670165,46.06005806423768
Thermal light,116.90273845926725,45.8680416244068
Thermal light,117.00274080183297,45.70291291206304
Thermal light,117.10274314439857,45.14931612187223
Thermal light,117.20274548696429,44.81413487381379
Thermal light,117.30274782953002,44.58227906464432
Thermal light,117.40275017209561,44.418619552053386
Thermal light,117.50275251466134,44.32275258910861
Thermal light,117.60275485722693,44.2915386275877
Thermal light,117.70275719979266,44.320323837093916
Thermal light,117.80275954235837,44.39480176484687
Thermal light,117.90276188492398,44.497038259737025
Thermal light,118.00276422748969,44.6026340216496
Thermal light,118.1027665700553,44.69026353059131
Thermal light,118.20276891262101,44.73665714852113
Thermal light,118.30277125518661,44.725926063704016
Thermal light,118.40277359775233,44.64728547381774
Thermal light,118.50277594031806,44.5032158357632
Thermal light,118.60277828288365,44.2999178619121
Thermal light,118.70278062544938,44.057034467909034
Thermal light,118.80278296801497,43.800577443430754
Thermal light,118.9027853105807,43.58136030620627
Thermal light,119.00278765314629,43.38925357997687
Thermal light,119.10278999571202,42.977128649640186
Thermal light,119.20279233827773,42.730341518340126
Thermal light,119.30279468084333,42.574299253978985
Thermal light,119.40279702340905,42.484567613721104
Thermal light,119.50279936597465,42.455941444156146
Thermal light,119.60280170854037,42.481349924616964
Thermal light,119.70280405110597,42.54961648594423
Thermal light,119.80280639367169,42.64339032149292
Thermal light,119.9028087362374,42.742939331763836
Thermal light,120.002811078803,42.82529448792538
Thermal light,120.10281342136872,42.87224815446039
Thermal light,120.20281576393432,42.866511811083875
Thermal light,120.30281810650004,42.79864119370414
Thermal light,120.40282044906577,42.666609578914944
Thermal light,120.50282279163136,42.477712053796104
Thermal light,120.60282513419709,42.24445818591834
Thermal light,120.70282747676268,41.98779642625649
Thermal light,120.80282981932841,41.73074846937014
Thermal light,120.902832161894,41.51413851664507
Thermal light,121.00283450445973,41.32792234339947
Thermal light,121.10283684702544,41.02638219682572
Thermal light,121.20283918959105,40.85187917115181
Thermal light,121.30284153215676,40.755696710036375
Thermal light,121.40284387472236,40.71915457330609
Thermal light,121.50284621728808,40.734044202624304
Thermal light,121.60284855985368,40.790820488398225
Thermal light,121.7028509024194,40.873966640328334
Thermal light,121.80285324498513,40.967286745914464
Thermal light,121.90285558755072,41.04980306803066
Thermal light,122.00285793011645,41.103565433628944
Thermal light,122.10286027268204,41.11224913019217
Thermal light,122.20286261524777,41.06477336787297
Thermal light,122.30286495781348,40.957362357276075
Thermal light,122.40286730037909,40.792931238775815
Thermal light,122.5028696429448,40.58206118207935
Thermal light,122.6028719855104,40.34032198513268
Thermal light,122.70287432807612,40.0876885867382
Thermal light,122.80287667064172,39.84476560662873
Thermal light,122.90287901320744,39.642775653969245
Thermal light,123.00288135577316,39.4780741707168
Thermal light,123.10288369833876,39.25447781078987
Thermal light,123.20288604090449,39.13332074298056
Thermal light,123.30288838347008,39.07934369052428
Thermal light,123.4028907260358,39.077075708107444
Thermal light,123.5028930686014,39.11684103295898
Thermal light,123.60289541116713,39.186745368993
Thermal light,123.70289775373284,39.27163473871824
Thermal light,123.80290009629844,39.355119385341254
Thermal light,123.90290243886416,39.41841652812529
Thermal light,124.00290478142976,39.44705936935559
Thermal light,124.10290712399548,39.426763715719574
Thermal light,124.2029094665612,39.352339858924886
Thermal light,124.3029118091268,39.22218880715922
Thermal light,124.40291415169251,39.04261589422894
Thermal light,124.50291649425812,38.82565638868241
Thermal light,124.60291883682383,38.58795259673247
Thermal light,124.70292117938943,38.34672784315539
Thermal light,124.80292352195515,38.122064375270654
Thermal light,124.90292586452088,37.93663249401278
Thermal light,125.00292820708647,37.79033932943799
Thermal light,125.1029305496522,37.62386364937435
Thermal light,125.20293289221779,37.539054972991686
Thermal light,125.30293523478352,37.512216019025836
Thermal light,125.4029375773491,37.52957181127071
Thermal light,125.50293991991484,37.580950401351174
Thermal light,125.60294226248055,37.65392085189226
Thermal light,125.70294460504616,37.73443045362073
Thermal light,125.80294694761187,37.80617738977138
Thermal light,125.90294929017747,37.85418381542499
Thermal light,126.00295163274319,37.864704365474466
Thermal light,126.10295397530892,37.82798043155562
Thermal light,126.20295631787451,37.7399389678816
Thermal light,126.30295866044024,37.600759235894635
Thermal light,126.40296100300583,37.418470585197156
Thermal light,126.50296334557156,37.20526797808537
Thermal light,126.60296568813715,36.9766154141684
Thermal light,126.70296803070288,36.748771078497896
Thermal light,126.8029703732686,36.540450018355365
Thermal light,126.9029727158342,36.368924954287415
Thermal light,127.00297505839991,36.237569883903085
Thermal light,127.10297740096551,36.10752646459582
Thermal light,127.20297974353123,36.0452052456934
Thermal light,127.30298208609683,36.033289807781415
Thermal light,127.40298442866255,36.05981473291141
Thermal light,127.50298677122827,36.11459859977749
Thermal light,127.60298911379387,36.18579937171578
Thermal light,127.70299145635958,36.25989031614587
Thermal light,127.80299379892519,36.322576674159286
Thermal light,127.90299614149092,36.3608192852879
Thermal light,128.00299848405652,36.362338023783
Thermal light,128.10300082662224,36.319776430238285
Thermal light,128.20300316918795,36.229023618897344
Thermal light,128.30300551175355,36.091746826290624
Thermal light,128.40300785431927,35.91540049080547
Thermal light,128.50301019688487,35.71123261595101
Thermal light,128.6030125394506,35.49354438973691
Thermal light,128.7030148820163,35.27865392149245
Thermal light,128.8030172245819,35.08242375375591
Thermal light,128.90301956714762,34.920165682163635
Thermal light,129.00302190971323,34.79825874533077
Thermal light,129.10302425227894,34.687517096013664
Thermal light,129.20302659484454,34.63660525125332
Thermal light,129.30302893741026,34.63028064371873
Thermal light,129.40303127997598,34.65862678774109
Thermal light,129.50303362254158,34.711960473169356
Thermal light,129.6030359651073,34.77890583695343
Thermal light,129.7030383076729,34.847293791787614
Thermal light,129.80304065023861,34.90461821655835
Thermal light,129.90304299280422,34.93876972782316
Thermal light,130.00304533536993,34.939394841695794
Thermal light,130.10304767793568,34.899582508825866
Thermal light,130.20305002050125,34.81520823484672
Thermal light,130.303052363067,34.68812154058738
Thermal light,130.40305470563257,34.523689260504966
Thermal light,130.50305704819831,34.332005425436215
Thermal light,130.60305939076403,34.12666773915105
Thermal light,130.70306173332963,33.922432936021465
Thermal light,130.80306407589535,33.733739156089065
Thermal light,130.90306641846095,33.57542751171347
Thermal light,131.00306876102667,33.45599256699272
Thermal light,131.10307110359227,33.35345321806087
Thermal light,131.203073446158,33.30440524486372
Thermal light,131.3030757887237,33.296415702730876
Thermal light,131.4030781312893,33.321384183380346
Thermal light,131.50308047385502,33.36968333583029
Thermal light,131.60308281642062,33.431394314037476
Thermal light,131.70308515898634,33.49527303206119
Thermal light,131.80308750155194,33.55011164561039
Thermal light,131.90308984411766,33.58501152103412
Thermal light,132.00309218668338,33.59098548149524
Thermal light,132.10309452924898,33.56055633822666
Thermal light,132.2030968718147,33.48978806121577
Thermal light,132.3030992143803,33.37886283451307
Thermal light,132.403101556946,33.23134702039592
Thermal light,132.50310389951173,33.05590086336749
Thermal light,132.60310624207733,32.86399464176976
Thermal light,132.70310858464305,32.668968741915286
Thermal light,132.80311092720865,32.48508914725184
Thermal light,132.90311326977437,32.32612228889703
Thermal light,133.00311561233997,32.19929068491579
Thermal light,133.10311795490568,32.09959228479889
Thermal light,133.20312029747143,32.044537872162806
Thermal light,133.303122640037,32.029227531435666
Thermal light,133.40312498260275,32.0457711468734
Thermal light,133.50312732516832,32.086362999991316
Thermal light,133.60312966773407,32.14162939248794
Thermal light,133.70313201029964,32.20130983385664
Thermal light,133.80313435286538,32.255518840470955
Thermal light,133.9031366954311,32.294329880124046
Thermal light,134.0031390379967,32.30936991637485
Thermal light,134.10314138056242,32.29292276695724
Thermal light,134.20314372312802,32.24091483956009
Thermal light,134.30314606569374,32.15101548985891
Thermal light,134.40314840825945,32.0256348072152
Thermal light,134.50315075082506,31.870283142637692
Thermal light,134.60315309339077,31.694351825978572
Thermal light,134.70315543595638,31.50957881799966
Thermal light,134.8031577785221,31.32978330109134
Thermal light,134.9031601210877,31.167213524825446
Thermal light,135.0031624636534,31.028741201784975
Thermal light,135.10316480621913,30.924487660786703
Thermal light,135.20316714878473,30.857333986002853
Thermal light,135.30316949135045,30.8286603838211
Thermal light,135.40317183391605,30.83198562267577
Thermal light,135.50317417648176,30.86175785879793
Thermal light,135.60317651904737,30.908159619912315
Thermal light,135.70317886161308,30.963131267124485
Thermal light,135.80318120417883,31.016624804981713
Thermal light,135.9031835467444,31.060357416766454
Thermal light,136.00318588931015,31.085723760659388
Thermal light,136.10318823187572,31.08591806454608
Thermal light,136.20319057444146,31.05537300173601
Thermal light,136.30319291700704,30.990730688386723
Thermal light,136.40319525957278,30.89174217776199
Thermal light,136.5031976021385,30.761271771830447
Thermal light,136.6031999447041,30.60588455207143
Thermal light,136.70320228726982,30.435126416496225
Thermal light,136.80320462983542,30.26092921258556
Thermal light,136.90320697240114,30.095479341013515
Thermal light,137.00320931496685,29.946151061536135
Thermal light,137.10321165753246,29.829812542905874
Thermal light,137.20321400009817,29.745587747802094
Thermal light,137.30321634266377,29.69745178707362
Thermal light,137.4032186852295,29.68300051987911
Thermal light,137.5032210277951,29.69689697691611
Thermal light,137.6032233703608,29.73151122431049
Thermal light,137.70322571292652,29.779006535235478
Thermal light,137.80322805549213,29.8301769673099
Thermal light,137.90323039805784,29.877500208551293
Thermal light,138.00323274062345,29.912552550861257
Thermal light,138.10323508318916,29.929099253909833
Thermal light,138.20323742575476,29.920640578195975
Thermal light,138.30323976832048,29.883185143002642
Thermal light,138.4032421108862,29.81385731464243
Thermal light,138.5032444534518,29.713241595639808
Thermal light,138.60324679601752,29.58420640602228
Thermal light,138.70324913858312,29.433808852722866
Thermal light,138.80325148114883,29.27073623209391
Thermal light,138.90325382371458,29.107331981025766
Thermal light,139.00325616628015,28.95464123713349
Thermal light,139.1032585088459,28.818823998627867
Thermal light,139.20326085141147,28.713859611890683
Thermal light,139.30326319397722,28.641821594449144
Thermal light,139.4032655365428,28.603905166947868
Thermal light,139.50326787910853,28.596327191602253
Thermal light,139.60327022167425,28.614174695515572
Thermal light,139.70327256423985,28.64949722094993
Thermal light,139.80327490680557,28.694880688655665
Thermal light,139.90327724937117,28.74221011359555
Thermal light,140.0032795919369,28.784183048176697
Thermal light,140.1032819345025,28.81414428368388
Thermal light,140.2032842770682,28.826049717296325
Thermal light,140.30328661963392,28.814808348574864
Thermal light,140.40328896219953,28.776471200943863
Thermal light,140.50329130476524,28.70888572029145
Thermal light,140.60329364733084,28.61222909172143
Thermal light,140.70329598989656,28.489542369743365
Thermal light,140.80329833246228,28.346809155276922
Thermal light,140.90330067502788,28.193065254049706
Thermal light,141.0033030175936,28.04100461415543
Thermal light,141.1033053601592,27.89266856527393
Thermal light,141.2033077027249,27.767119489074084
Thermal light,141.30331004529052,27.66931794982504
Thermal light,141.40331238785623,27.60282546489906
Thermal light,141.50331473042195,27.568033649363528
Thermal light,141.60331707298755,27.561933862678625
Thermal light,141.70331941555327,27.57890770028442
Thermal light,141.80332175811887,27.61232039988511
Thermal light,141.90332410068459,27.654375073792494
Thermal light,142.0033264432502,27.698109995582644
Thermal light,142.1033287858159,27.73677857212971
Thermal light,142.20333112838165,27.764462106698804
Thermal light,142.30333347094722,27.77582627251357
Thermal light,142.40333581351297,27.766252170618092
Thermal light,142.50333815607854,27.732071544331955
Thermal light,142.6033404986443,27.67100264529533
Thermal light,142.70334284121,27.58275175514977
Thermal light,142.8033451837756,27.469786481531788
Thermal light,142.90334752634132,27.337373741638107
Thermal light,143.00334986890692,27.19297345482414
Thermal light,143.10335221147264,27.04576073370525
Thermal light,143.20335455403824,26.906753548243667
Thermal light,143.30335689660396,26.785637556100205
Thermal light,143.40335923916967,26.68943852108386
Thermal light,143.50336158173528,26.622567861974396
Thermal light,143.603363924301,26.5854900738656
Thermal light,143.7033662668666,26.57605605191498
Thermal light,143.8033686094323,26.589067570465364
Thermal light,143.9033709519979,26.61813834808373
Thermal light,144.00337329456363,26.656388516738104
Thermal light,144.10337563712935,26.69696787635749
Thermal light,144.20337797969495,26.733811940663603
Thermal light,144.30338032226067,26.761500433817062
Thermal light,144.40338266482627,26.775177292156446
Thermal light,144.50338500739198,26.770608381195792
Thermal light,144.6033873499576,26.74413983840823
Thermal light,144.7033896925233,26.693262818129586
Thermal light,144.80339203508902,26.617196349920903
Thermal light,144.90339437765462,26.51721781236483
Thermal light,145.00339672022034,26.395658934445922
Thermal light,145.10339906278594,26.262786782788567
Thermal light,145.20340140535166,26.123872482135017
Thermal light,145.3034037479174,25.98967554682256
Thermal light,145.403406090483,25.869401642800238
Thermal light,145.50340843304872,25.77075134733722
Thermal light,145.60341077561432,25.69859968263363
Thermal light,145.70341311818004,25.654900995493374
Thermal light,145.80341546074564,25.637866381549966
Thermal light,145.90341780331136,25.643725954738347
Thermal light,146.00342014587707,25.666499743633516
Thermal light,146.10342248844267,25.6998366708309
Thermal light,146.2034248310084,25.737292904655646
Thermal light,146.303427173574,25.773047940231383
Thermal light,146.4034295161397,25.8020157271797
Thermal light,146.5034318587053,25.819709890586402
Thermal light,146.60343420127103,25.822100281335498
Thermal light,146.70343654383674,25.80574618921181
Thermal light,146.80343888640235,25.76783520044288
Thermal light,146.90344122896806,25.706501157059908
Thermal light,147.00344357153367,25.621567187940823
Thermal light,147.10344591409938,25.516953752879285
Thermal light,147.2034482566651,25.39587976511507
Thermal light,147.3034505992307,25.266236851394453
Thermal light,147.40345294179642,25.136453276099875
Thermal light,147.50345528436202,25.015673850718215
Thermal light,147.60345762692774,24.911943353974745
Thermal light,147.70345996949334,24.831266896322262
Thermal light,147.80346231205905,24.77673046530612
Thermal light,147.9034646546248,24.748494933766114
Thermal light,148.00346699719037,24.74363629749586
Thermal light,148.10346933975612,24.757574587561486
Thermal light,148.2034716823217,24.784221733238095
Thermal light,148.30347402488744,24.817654228458455
Thermal light,148.403476367453,24.85207641775414
Thermal light,148.50347871001875,24.882552477254077
Thermal light,148.60348105258447,24.904770754108576
Thermal light,148.70348339515007,24.91499565766786
Thermal light,148.8034857377158,24.909673848192323
Thermal light,148.9034880802814,24.885921318699673
Thermal light,149.0034904228471,24.84192744668979
Thermal light,149.10349276541282,24.77538575514726
Thermal light,149.20349510797843,24.688223371830926
Thermal light,149.30349745054414,24.583142708557858
Thermal light,149.40349979310975,24.465407035000744
Thermal light,149.50350213567546,24.34227368466238
Thermal light,149.60350447824106,24.221991005296925
Thermal light,149.70350682080678,24.112823063584298
Thermal light,149.8035091633725,24.021834238852065
Thermal light,149.9035115059381,23.95377179057012
Thermal light,150.00351384850381,23.910609952817847
Thermal light,150.10351619106942,23.891444486617022
Thermal light,150.20351853363513,23.892922910963605
Thermal light,150.30352087620074,23.910189591200595
Thermal light,150.40352321876645,23.937425758825196
Thermal light,150.50352556133217,23.969177798878572
Thermal light,150.60352790389777,24.000254973227396
Thermal light,150.7035302464635,24.026395245983053
Thermal light,150.8035325890291,24.043807859818546
Thermal light,150.9035349315948,24.049409314319632
Thermal light,151.00353727416055,24.04045984835652
Thermal light,151.10353961672612,24.012851315124056
Thermal light,151.20354195929187,23.96644247647752
Thermal light,151.30354430185744,23.89988611953187
Thermal light,151.4035466444232,23.814288557504245
Squeezed Vacuum,0.5000117128283593,1145797288.8644454
Squeezed Vacuum,0.6000140553940811,941099948.9354781
Squeezed Vacuum,0.7000163979596782,5348247363.616593
Squeezed Vacuum,0.8000187405253999,2799793898.831695
Squeezed Vacuum,0.9000210830909969,328259813531.1675
Squeezed Vacuum,1.0000234256567186,221048902869043.3
Squeezed Vacuum,1.1000257682224406,329022533862.6145
Squeezed Vacuum,1.2000281107880375,1926744687.0000257
Squeezed Vacuum,1.3000304533537592,4859639093.917331
Squeezed Vacuum,1.4000327959193564,452797850.3286035
Squeezed Vacuum,1.500035138485078,790601709.8021991
Squeezed Vacuum,1.6000374810507998,195175114.57549334
Squeezed Vacuum,1.700039823616397,265246426.71569026
Squeezed Vacuum,1.8000421661821187,110221253.96276286
Squeezed Vacuum,1.9000445087477158,129215825.92526957
Squeezed Vacuum,2.0000468513134373,71936444.22044823
Squeezed Vacuum,2.1000491938790344,77564536.94459869
Squeezed Vacuum,2.2000515364447564,53105246.93045533
Squeezed Vacuum,2.300053879010478,54585867.149813615
Squeezed Vacuum,2.400056221576075,40914780.21989247
Squeezed Vacuum,2.500058564141797,43210696.96258584
Squeezed Vacuum,2.600060906707394,35584745.13633878
Squeezed Vacuum,2.7000632492731156,37035558.61392483
Squeezed Vacuum,2.8000655918387127,28104405.470532857
Squeezed Vacuum,2.9000679344044347,39843228.290737055
Squeezed Vacuum,3.000070276970156,447990321.1358205
Squeezed Vacuum,3.1000726195357533,32748702.13859537
Squeezed Vacuum,3.2000749621014752,27783102.711486135
Squeezed Vacuum,3.300077304667072,28841326.448871724
Squeezed Vacuum,3.400079647232794,26452397.646352895
Squeezed Vacuum,3.500081989798516,27997072.87366541
Squeezed Vacuum,3.6000843323641125,27216711.63783647
Squeezed Vacuum,3.7000866749298345,26843983.73335819
Squeezed Vacuum,3.8000890174954316,26788249.124536518
Squeezed Vacuum,3.900091360061153,27843475.38022555
Squeezed Vacuum,4.00009370262675,27115992.68325456
Squeezed Vacuum,4.100096045192472,28987497.482290097
Squeezed Vacuum,4.200098387758194,27521844.931423895
Squeezed Vacuum,4.300100730323791,28792225.721956473
Squeezed Vacuum,4.400103072889513,29655396.75064417
Squeezed Vacuum,4.50010541545511,30045697.683440477
Squeezed Vacuum,4.600107758020831,29641177.510783944
Squeezed Vacuum,4.7001101005864285,31128546.45501425
Squeezed Vacuum,4.80011244315215,39964644.7480715
Squeezed Vacuum,4.900114785717872,29839631.90227901
Squeezed Vacuum,5.000117128283469,392989672.0241364
Squeezed Vacuum,5.100119470849191,35021168.382499024
Squeezed Vacuum,5.200121813414788,38533222.95399933
Squeezed Vacuum,5.30012415598051,37739815.90863877
Squeezed Vacuum,5.400126498546107,38383022.27184842
Squeezed Vacuum,5.500128841111828,38874576.944552615
Squeezed Vacuum,5.60013118367755,41576496.64250388
Squeezed Vacuum,5.700133526243147,44050487.17122132
Squeezed Vacuum,5.800135868808869,45789472.4986927
Squeezed Vacuum,5.900138211374466,48283013.87680733
Squeezed Vacuum,6.000140553940188,47273156.221124746
Squeezed Vacuum,6.1001428965059095,54229321.39216844
Squeezed Vacuum,6.200145239071507,58637160.55474222
Squeezed Vacuum,6.300147581637228,60715891.358892545
Squeezed Vacuum,6.400149924202825,66387677.88334414
Squeezed Vacuum,6.500152266768547,69749369.61004327
Squeezed Vacuum,6.600154609334144,76419325.30983688
Squeezed Vacuum,6.700156951899866,61860961.970985994
Squeezed Vacuum,6.800159294465588,89284764.20551011
Squeezed Vacuum,6.900161637031185,145223520.84840396
Squeezed Vacuum,7.000163979596906,1098557061.0932708
Squeezed Vacuum,7.1001663221625035,102590431.59551857
Squeezed Vacuum,7.200168664728225,131207212.07554041
Squeezed Vacuum,7.300171007293822,116886689.9984081
Squeezed Vacuum,7.400173349859544,157396515.61030504
Squeezed Vacuum,7.500175692425266,173755171.73976818
Squeezed Vacuum,7.600178034990863,181176688.60105506
Squeezed Vacuum,7.700180377556585,232704439.058915
Squeezed Vacuum,7.800182720122182,251624774.88127455
Squeezed Vacuum,7.900185062687903,274150823.50137585
Squeezed Vacuum,8.000187405253625,496975207.78817034
Squeezed Vacuum,8.100189747819222,461541751.7264235
Squeezed Vacuum,8.200192090384943,819690702.4123688
Squeezed Vacuum,8.30019443295054,1111680846.600675
Squeezed Vacuum,8.400196775516262,1906128235.9186325
Squeezed Vacuum,8.50019911808186,4025784804.6121006
Squeezed Vacuum,8.600201460647583,11112449990.025166
Squeezed Vacuum,8.700203803213304,33615865428.98333
Squeezed Vacuum,8.800206145778901,64207610553.71313
Squeezed Vacuum,8.900208488344623,83117115359.23926
Squeezed Vacuum,9.00021083091022,23279076537.43821
Squeezed Vacuum,9.100213173475941,7902009275.273293
Squeezed Vacuum,9.200215516041538,3009277593.4202824
Squeezed Vacuum,9.30021785860726,1446845682.0806048
Squeezed Vacuum,9.400220201172981,959658587.3431069
Squeezed Vacuum,9.500222543738579,498435194.701014
Squeezed Vacuum,9.6002248863043,418208809.06037825
Squeezed Vacuum,9.700227228869897,329421750.3402099
Squeezed Vacuum,9.800229571435619,286662178.3029428
Squeezed Vacuum,9.90023191400134,300994427.27838504
Squeezed Vacuum,10.000234256566937,130299013.27318665
Squeezed Vacuum,10.10023659913266,179898401.98720646
Squeezed Vacuum,10.200238941698256,143111149.81097588
Squeezed Vacuum,10.30024128426398,135204006.36642674
Squeezed Vacuum,10.400243626829576,189636984.62908033
Squeezed Vacuum,10.500245969395298,205516102.46168038
Squeezed Vacuum,10.60024831196102,283345388.5733161
Squeezed Vacuum,10.700250654526617,232128169.55743828
Squeezed Vacuum,10.800252997092338,490862691.7724437
Squeezed Vacuum,10.900255339657935,276157229.6350133
Squeezed Vacuum,11.000257682223657,2398466071.7290664
Squeezed Vacuum,11.100260024789254,57094244.622620985
Squeezed Vacuum,11.200262367354975,29873786.485188935
Squeezed Vacuum,11.300264709920697,37163777.88020807
Squeezed Vacuum,11.400267052486294,20955820.688830853
Squeezed Vacuum,11.500269395052015,42888387.87300688
Squeezed Vacuum,11.600271737617613,36002324.19567857
Squeezed Vacuum,11.700274080183334,18172765.652022623
Squeezed Vacuum,11.800276422749057,18574403.415831044
Squeezed Vacuum,11.900278765314654,40872900.90338071
Squeezed Vacuum,12.000281107880376,33093315.72366221
Squeezed Vacuum,12.100283450445973,46289794.65183929
Squeezed Vacuum,12.200285793011695,39050221.28948298
Squeezed Vacuum,12.300288135577292,52333118.84362864
Squeezed Vacuum,12.400290478143013,42952038.050137654
Squeezed Vacuum,12.500292820708735,98415595.76375751
Squeezed Vacuum,12.600295163274332,138300519.5730514
Squeezed Vacuum,12.700297505840053,309950515.3370315
Squeezed Vacuum,12.80029984840565,166579460.29996422
Squeezed Vacuum,12.900302190971372,138872640.8345488
Squeezed Vacuum,13.00030453353697,1455272814.593924
Squeezed Vacuum,13.10030687610269,55531183.938347675
Squeezed Vacuum,13.200309218668414,45948293.43573562
Squeezed Vacuum,13.30031156123401,22880171.46229613
Squeezed Vacuum,13.400313903799733,53954581.98184487
Squeezed Vacuum,13.50031624636533,57771974.722699046
Squeezed Vacuum,13.600318588931051,31409062.43038883
Squeezed Vacuum,13.700320931496648,27224990.74787302
Squeezed Vacuum,13.80032327406237,21829456.644047365
Squeezed Vacuum,13.900325616628091,10146022.57873788
Squeezed Vacuum,14.000327959193688,31168772.342909556
Squeezed Vacuum,14.10033030175941,20388373.21116688
Squeezed Vacuum,14.200332644325007,36874370.08245217
Squeezed Vacuum,14.300334986890729,14738283.72380612
Squeezed Vacuum,14.40033732945645,28792777.728760567
Squeezed Vacuum,14.500339672022047,62973943.31559071
Squeezed Vacuum,14.600342014587769,37243791.68930521
Squeezed Vacuum,14.700344357153366,90824031.19321896
Squeezed Vacuum,14.800346699719087,94976414.51963732
Squeezed Vacuum,14.900349042284684,20779440.483294606
Squeezed Vacuum,15.000351384850408,1081556199.5061238
Squeezed Vacuum,15.10035372741613,21620166.574885596
Squeezed Vacuum,15.200356069981726,18911906.85309072
Squeezed Vacuum,15.300358412547448,18074387.46584635
Squeezed Vacuum,15.400360755113045,16857027.90684929
Squeezed Vacuum,15.500363097678767,10750619.04728019
Squeezed Vacuum,15.600365440244364,10787657.95728469
Squeezed Vacuum,15.700367782810085,8717471.737169638
Squeezed Vacuum,15.800370125375807,18172366.139518373
Squeezed Vacuum,15.900372467941404,10364469.949005721
Squeezed Vacuum,16.000374810507125,14119828.395862602
Squeezed Vacuum,16.100377153072724,25417370.938269466
Squeezed Vacuum,16.200379495638444,22838084.761718597
Squeezed Vacuum,16.300381838204167,21129044.40542454
Squeezed Vacuum,16.400384180769763,18143892.78811318
Squeezed Vacuum,16.500386523335486,36858328.34047687
Squeezed Vacuum,16.60038886590108,31655373.302853744
Squeezed Vacuum,16.700391208466804,31155973.275299303
Squeezed Vacuum,16.8003935510324,52560967.40345976
Squeezed Vacuum,16.900395893598123,33729974.426299654
Squeezed Vacuum,17.000398236163843,316149241.69232637
Squeezed Vacuum,17.10040057872944,19637876.660513002
Squeezed Vacuum,17.200402921295165,24672805.00160656
Squeezed Vacuum,17.30040526386076,24217772.860128224
Squeezed Vacuum,17.400407606426484,19218325.050972693
Squeezed Vacuum,17.50040994899208,22043561.31976395
Squeezed Vacuum,17.600412291557802,16469328.299503133
Squeezed Vacuum,17.700414634123522,12794229.338477358
Squeezed Vacuum,17.80041697668912,6308943.910444263
Squeezed Vacuum,17.90041931925484,11213582.94448227
Squeezed Vacuum,18.00042166182044,7760499.664970462
Squeezed Vacuum,18.10042400438616,18464283.7929714
Squeezed Vacuum,18.200426346951883,16328051.926436584
Squeezed Vacuum,18.300428689517478,16999642.30460102
Squeezed Vacuum,18.4004310320832,21440209.20219647
Squeezed Vacuum,18.500433374648797,28970661.23531544
Squeezed Vacuum,18.60043571721452,35840317.962802306
Squeezed Vacuum,18.700438059780115,51703947.56662942
Squeezed Vacuum,18.80044040234584,17621286.571106594
Squeezed Vacuum,18.90044274491156,27897806.16597528
Squeezed Vacuum,19.000445087477157,984139598.6394687
Squeezed Vacuum,19.10044743004288,24567816.126924243
Squeezed Vacuum,19.200449772608476,36067670.67834003
Squeezed Vacuum,19.3004521151742,12684100.810146654
Squeezed Vacuum,19.400454457739794,7604745.281752831
Squeezed Vacuum,19.500456800305518,13432487.6621161
Squeezed Vacuum,19.600459142871237,6254436.393475165
Squeezed Vacuum,19.700461485436836,7564931.910068911
Squeezed Vacuum,19.800463828002556,4087203.4392528534
Squeezed Vacuum,19.900466170568155,9553994.382980665
Squeezed Vacuum,20.000468513133875,8545360.665270887
Squeezed Vacuum,20.100470855699598,6830524.7643738855
Squeezed Vacuum,20.200473198265193,10394758.876002008
Squeezed Vacuum,20.300475540830917,3720935.3972815364
Squeezed Vacuum,20.400477883396512,11071422.721776757
Squeezed Vacuum,20.500480225962235,24263222.210973658
Squeezed Vacuum,20.600482568527834,15672579.680278251
Squeezed Vacuum,20.700484911093554,19379755.96385502
Squeezed Vacuum,20.800487253659277,20492189.95890727
Squeezed Vacuum,20.900489596224872,23123185.522896215
Squeezed Vacuum,21.000491938790596,726080795.9144782
Squeezed Vacuum,21.10049428135619,17965961.36628348
Squeezed Vacuum,21.200496623921914,28158043.841384344
Squeezed Vacuum,21.30049896648751,9133832.103855219
Squeezed Vacuum,21.400501309053233,5377770.592705192
Squeezed Vacuum,21.500503651618953,4336601.929738436
Squeezed Vacuum,21.60050599418455,6220800.372379644
Squeezed Vacuum,21.70050833675027,6050824.393213837
Squeezed Vacuum,21.80051067931587,5308243.079997097
Squeezed Vacuum,21.90051302188159,5003503.445113956
Squeezed Vacuum,22.00051536444719,6706559.27122729
Squeezed Vacuum,22.100517707012912,7958819.733764638
Squeezed Vacuum,22.200520049578632,7407970.579765405
Squeezed Vacuum,22.30052239214423,5401235.782958464
Squeezed Vacuum,22.40052473470995,8744703.961686708
Squeezed Vacuum,22.50052707727555,8082871.230562617
Squeezed Vacuum,22.60052941984127,7765211.396217578
Squeezed Vacuum,22.700531762406992,5784428.835156943
Squeezed Vacuum,22.800534104972588,10712023.024896994
Squeezed Vacuum,22.90053644753831,8793418.014671834
Squeezed Vacuum,23.000538790103906,263098936.15556982
Squeezed Vacuum,23.10054113266963,21020274.353675157
Squeezed Vacuum,23.200543475235225,8493675.299377635
Squeezed Vacuum,23.30054581780095,6802242.154864146
Squeezed Vacuum,23.400548160366668,2384929.6786978706
Squeezed Vacuum,23.500550502932267,2743316.8136739153
Squeezed Vacuum,23.60055284549799,5837028.771293069
Squeezed Vacuum,23.700555188063586,4844989.715415596
Squeezed Vacuum,23.80055753062931,3664060.357309742
Squeezed Vacuum,23.900559873194904,4650765.084421769
Squeezed Vacuum,24.000562215760628,6309201.966459226
Squeezed Vacuum,24.100564558326347,5855792.354297963
Squeezed Vacuum,24.200566900891946,4931371.596700063
Squeezed Vacuum,24.300569243457666,3945414.686523398
Squeezed Vacuum,24.400571586023265,5794545.152145119
Squeezed Vacuum,24.500573928588985,3510627.403560826
Squeezed Vacuum,24.600576271154708,2915698.6242874623
Squeezed Vacuum,24.700578613720303,6828663.0601921845
Squeezed Vacuum,24.800580956286026,5910416.211791518
Squeezed Vacuum,24.900583298851622,7543795.220081986
Squeezed Vacuum,25.000585641417345,851241794.7430316
Squeezed Vacuum,25.10058798398294,7588293.383887697
Squeezed Vacuum,25.200590326548664,9521233.057576047
Squeezed Vacuum,25.300592669114387,5425611.76383807
Squeezed Vacuum,25.400595011679982,4272802.007736156
Squeezed Vacuum,25.500597354245706,4172649.9797821753
Squeezed Vacuum,25.6005996968113,4353881.403153139
Squeezed Vacuum,25.700602039377024,2751987.786387824
Squeezed Vacuum,25.80060438194262,2723003.872029789
Squeezed Vacuum,25.900606724508343,3063158.119187571
Squeezed Vacuum,26.000609067074063,2805326.5913216462
Squeezed Vacuum,26.10061140963966,4549616.756470538
Squeezed Vacuum,26.20061375220538,6274046.151991341
Squeezed Vacuum,26.30061609477098,6222124.548600898
Squeezed Vacuum,26.4006184373367,3315438.4970145286
Squeezed Vacuum,26.500620779902423,2049308.9091354015
Squeezed Vacuum,26.60062312246802,1617476.2768205511
Squeezed Vacuum,26.700625465033742,4309820.779033041
Squeezed Vacuum,26.800627807599337,6705644.424103964
Squeezed Vacuum,26.90063015016506,6600841.770273335
Squeezed Vacuum,27.00063249273066,629262876.510877
Squeezed Vacuum,27.10063483529638,15422461.361650713
Squeezed Vacuum,27.200637177862102,6226687.252183646
Squeezed Vacuum,27.300639520427698,5216379.21012263
Squeezed Vacuum,27.40064186299342,5584540.595423644
Squeezed Vacuum,27.500644205559016,3910916.426906967
Squeezed Vacuum,27.60064654812474,3503053.348109496
Squeezed Vacuum,27.700648890690335,2306185.4620864238
Squeezed Vacuum,27.80065123325606,2152229.93879523
Squeezed Vacuum,27.900653575821778,1842121.8869364392
Squeezed Vacuum,28.000655918387377,2058176.8276912007
Squeezed Vacuum,28.100658260953097,1213545.874752637
Squeezed Vacuum,28.200660603518696,2405627.3842424257
Squeezed Vacuum,28.300662946084415,3159463.298454991
Squeezed Vacuum,28.40066528865014,4272590.861620562
Squeezed Vacuum,28.500667631215737,5634835.129846278
Squeezed Vacuum,28.600669973781457,4341114.179805377
Squeezed Vacuum,28.700672316347056,5047775.176482635
Squeezed Vacuum,28.800674658912776,6192495.020154541
Squeezed Vacuum,28.900677001478375,8803914.99199612
Squeezed Vacuum,29.000679344044094,242071002.03189334
Squeezed Vacuum,29.100681686609818,14933982.334955046
Squeezed Vacuum,29.200684029175413,3775455.0675131637
Squeezed Vacuum,29.300686371741136,2331960.2545583663
Squeezed Vacuum,29.40068871430673,3711707.4094646997
Squeezed Vacuum,29.500691056872455,3645422.438237282
Squeezed Vacuum,29.60069339943805,5371152.080644674
Squeezed Vacuum,29.700695742003774,4671074.297472695
Squeezed Vacuum,29.800698084569497,3870290.353242367
Squeezed Vacuum,29.900700427135092,3282149.8093141573
Squeezed Vacuum,30.000702769700816,2738939.09519086
Squeezed Vacuum,30.10070511226641,1893690.8682135313
Squeezed Vacuum,30.200707454832134,2162936.663503319
Squeezed Vacuum,30.30070979739773,2595651.2047314593
Squeezed Vacuum,30.400712139963453,3048596.046879317
Squeezed Vacuum,30.500714482529172,1868191.4548714818
Squeezed Vacuum,30.60071682509477,2068630.0344471023
Squeezed Vacuum,30.70071916766049,2597011.2996935914
Squeezed Vacuum,30.80072151022609,6021114.607476212
Squeezed Vacuum,30.90072385279181,5871673.826120829
Squeezed Vacuum,31.000726195357533,308409363.45342135
Squeezed Vacuum,31.10072853792313,13073973.321146453
Squeezed Vacuum,31.20073088048885,6283548.80839799
Squeezed Vacuum,31.300733223054447,1485879.8988333794
Squeezed Vacuum,31.40073556562017,1970655.3941804331
Squeezed Vacuum,31.500737908185766,1473119.0260779965
Squeezed Vacuum,31.60074025075149,2152569.858219617
Squeezed Vacuum,31.700742593317212,1978789.1855572194
Squeezed Vacuum,31.800744935882808,1639901.316450763
Squeezed Vacuum,31.90074727844853,1699353.707306283
Squeezed Vacuum,32.00074962101413,1533157.2950374386
Squeezed Vacuum,32.100751963579846,1492889.6310362872
Squeezed Vacuum,32.20075430614545,1102272.058730678
Squeezed Vacuum,32.300756648711165,1600069.31714465
Squeezed Vacuum,32.40075899127689,3528284.1428253055
Squeezed Vacuum,32.50076133384248,2894862.5387930362
Squeezed Vacuum,32.60076367640821,1600886.7111078366
Squeezed Vacuum,32.7007660189738,4994303.1669802135
Squeezed Vacuum,32.800768361539525,4279665.879616171
Squeezed Vacuum,32.90077070410525,5912070.6468635
Squeezed Vacuum,33.000773046670844,327258608.88297546
Squeezed Vacuum,33.10077538923657,5557574.029951165
Squeezed Vacuum,33.20077773180216,4775040.957391699
Squeezed Vacuum,33.300780074367886,2278263.5778855695
Squeezed Vacuum,33.40078241693348,1695521.0584870002
Squeezed Vacuum,33.500784759499204,1135294.5934108857
Squeezed Vacuum,33.60078710206493,659272.3388480342
Squeezed Vacuum,33.70078944463052,861242.1209796201
Squeezed Vacuum,33.800791787196246,1255430.1617901328
Squeezed Vacuum,33.90079412976184,1710486.7328384486
Squeezed Vacuum,34.000796472327565,2202901.222929563
Squeezed Vacuum,34.10079881489316,2272011.416798746
Squeezed Vacuum,34.20080115745888,2068439.9552126753
Squeezed Vacuum,34.30080350002461,2596228.2324717287
Squeezed Vacuum,34.4008058425902,1785947.0544351272
Squeezed Vacuum,34.500808185155925,3711615.5072484366
Squeezed Vacuum,34.60081052772152,3977957.1260380247
Squeezed Vacuum,34.700812870287244,5725014.458690634
Squeezed Vacuum,34.80081521285297,6552331.401388618
Squeezed Vacuum,34.90081755541856,8613582.215609182
Squeezed Vacuum,35.000819897984286,1474154415.368233
Squeezed Vacuum,35.10082224054988,8554261.47463195
Squeezed Vacuum,35.200824583115605,6719927.48461345
Squeezed Vacuum,35.3008269256812,1808125.3005841281
Squeezed Vacuum,35.40082926824692,1710108.3520281874
Squeezed Vacuum,35.50083161081264,1483501.271569067
Squeezed Vacuum,35.60083395337824,588871.4301094447
Squeezed Vacuum,35.70083629594396,525143.9681601148
Squeezed Vacuum,35.80083863850956,986803.3801268269
Squeezed Vacuum,35.90084098107528,1566958.823125049
Squeezed Vacuum,36.00084332364088,1331887.2070634437
Squeezed Vacuum,36.100845666206595,2461590.223552574
Squeezed Vacuum,36.20084800877232,2169805.5641932776
Squeezed Vacuum,36.300850351337914,2334902.186466134
Squeezed Vacuum,36.40085269390364,1998554.2843224066
Squeezed Vacuum,36.50085503646924,2068125.7617263575
Squeezed Vacuum,36.600857379034956,3457105.0212096563
Squeezed Vacuum,36.70085972160068,6042397.519361783
Squeezed Vacuum,36.800862064166274,8544010.72115646
Squeezed Vacuum,36.900864406732,6964722.10616736
Squeezed Vacuum,37.00086674929759,988150964.7474388
Squeezed Vacuum,37.100869091863316,3920980.447922661
Squeezed Vacuum,37.20087143442891,3051822.470382535
Squeezed Vacuum,37.300873776994635,1550970.8410975018
Squeezed Vacuum,37.40087611956036,1186899.725985145
Squeezed Vacuum,37.500878462125954,911499.828488673
Squeezed Vacuum,37.60088080469168,1097427.1153803589
Squeezed Vacuum,37.70088314725727,741811.4108304674
Squeezed Vacuum,37.800885489822996,1121510.7804114567
Squeezed Vacuum,37.90088783238859,963709.6145839302
Squeezed Vacuum,38.000890174954314,1057900.5107395013
Squeezed Vacuum,38.10089251752004,1360083.2284774338
Squeezed Vacuum,38.20089486008563,1215302.0289492973
Squeezed Vacuum,38.300897202651356,792366.3509201255
Squeezed Vacuum,38.40089954521695,1765654.2971283295
Squeezed Vacuum,38.500901887782675,1736359.4807972487
Squeezed Vacuum,38.60090423034827,1070302.322770995
Squeezed Vacuum,38.70090657291399,2205627.4159297156
Squeezed Vacuum,38.80090891547972,3825073.5819572145
Squeezed Vacuum,38.90091125804531,3104095.597283644
Squeezed Vacuum,39.000913600611035,693494122.2846098
Squeezed Vacuum,39.10091594317663,11325270.124078574
Squeezed Vacuum,39.200918285742354,3706700.541095704
Squeezed Vacuum,39.30092062830808,2170097.2203337005
Squeezed Vacuum,39.40092297087367,1628369.2101802933
Squeezed Vacuum,39.500925313439396,1686302.9407349767
Squeezed Vacuum,39.60092765600499,1139540.0399713512
Squeezed Vacuum,39.700929998570714,1088861.3196003311
Squeezed Vacuum,39.80093234113631,1368530.0542553174
Squeezed Vacuum,39.90093468370203,1353811.5007627432
Squeezed Vacuum,40.00093702626775,1980384.0200224237
Squeezed Vacuum,40.10093936883335,1773958.5812511223
Squeezed Vacuum,40.20094171139907,1400904.721280972
Squeezed Vacuum,40.30094405396467,2400348.921717257
Squeezed Vacuum,40.40094639653039,2968734.7770894547
Squeezed Vacuum,40.50094873909599,1777160.8587220027
Squeezed Vacuum,40.600951081661705,1832565.424068541
Squeezed Vacuum,40.70095342422743,2374114.163317358
Squeezed Vacuum,40.800955766793024,1882197.4595790065
Squeezed Vacuum,40.90095810935875,4366023.600439351
Squeezed Vacuum,41.00096045192434,1171980337.418856
Squeezed Vacuum,41.100962794490066,20503810.17075444
Squeezed Vacuum,41.20096513705579,3501901.5503360652
Squeezed Vacuum,41.300967479621384,1865399.4635060567
Squeezed Vacuum,41.40096982218711,942289.2715807478
Squeezed Vacuum,41.5009721647527,970702.1389333738
Squeezed Vacuum,41.600974507318426,337162.4633378321
Squeezed Vacuum,41.70097684988402,723002.9496081665
Squeezed Vacuum,41.800979192449745,743503.30430614
Squeezed Vacuum,41.90098153501547,855714.2242718838
Squeezed Vacuum,42.00098387758106,1353585.779877925
Squeezed Vacuum,42.10098622014679,1308163.300869501
Squeezed Vacuum,42.20098856271238,1102170.288988651
Squeezed Vacuum,42.300990905278105,1102037.510027218
Squeezed Vacuum,42.4009932478437,2818469.4789576354
Squeezed Vacuum,42.500995590409424,1207907.9721853998
Squeezed Vacuum,42.60099793297515,1192762.1848257799
Squeezed Vacuum,42.70100027554074,1408325.4558099944
Squeezed Vacuum,42.801002618106466,3482326.0463660327
Squeezed Vacuum,42.90100496067206,5115047.655864828
Squeezed Vacuum,43.001007303237785,531005604.03022945
Squeezed Vacuum,43.10100964580351,20120462.643515624
Squeezed Vacuum,43.2010119883691,3293240.8831933234
Squeezed Vacuum,43.30101433093483,1505459.7951772383
Squeezed Vacuum,43.40101667350042,879246.2571657997
Squeezed Vacuum,43.501019016066145,814030.974061429
Squeezed Vacuum,43.60102135863174,453982.43251076655
Squeezed Vacuum,43.701023701197464,535485.39972153
Squeezed Vacuum,43.80102604376318,610721.5062763141
Squeezed Vacuum,43.90102838632878,568989.4453871753
Squeezed Vacuum,44.0010307288945,615665.604434537
Squeezed Vacuum,44.1010330714601,421241.9381289555
Squeezed Vacuum,44.201035414025824,577489.5850255409
Squeezed Vacuum,44.30103775659142,557603.6797312459
Squeezed Vacuum,44.40104009915714,1034656.9076215241
Squeezed Vacuum,44.50104244172286,1366331.076327738
Squeezed Vacuum,44.60104478428846,1087639.424987324
Squeezed Vacuum,44.70104712685418,2882631.00241609
Squeezed Vacuum,44.80104946941978,5375210.575798799
Squeezed Vacuum,44.901051811985496,6394671.282821421
Squeezed Vacuum,45.00105415455122,314740332.80483085
Squeezed Vacuum,45.101056497116815,12189139.516917748
Squeezed Vacuum,45.20105883968254,2086233.5355427724
Squeezed Vacuum,45.301061182248134,573173.3330088452
Squeezed Vacuum,45.40106352481386,446781.3819772453
Squeezed Vacuum,45.50106586737945,502613.0507506087
Squeezed Vacuum,45.601068209945176,557236.8152998583
Squeezed Vacuum,45.7010705525109,529752.585967817
Squeezed Vacuum,45.801072895076494,460159.2375203736
Squeezed Vacuum,45.90107523764222,582826.2540684311
Squeezed Vacuum,46.00107758020781,1036943.0018002248
Squeezed Vacuum,46.101079922773536,621661.9881828665
Squeezed Vacuum,46.20108226533913,293397.01731981884
Squeezed Vacuum,46.301084607904855,504707.4672749409
Squeezed Vacuum,46.40108695047058,485639.4459834701
Squeezed Vacuum,46.50108929303617,1217465.9273924718
Squeezed Vacuum,46.6010916356019,1487372.7324605258
Squeezed Vacuum,46.70109397816749,3115830.4353940072
Squeezed Vacuum,46.801096320733215,3442915.8150248863
Squeezed Vacuum,46.90109866329881,3751056.823369721
Squeezed Vacuum,47.001101005864534,239979669.6885121
Squeezed Vacuum,47.10110334843026,3546271.387008841
Squeezed Vacuum,47.20110569099585,1188924.0443766038
Squeezed Vacuum,47.301108033561576,590766.8568460587
Squeezed Vacuum,47.40111037612717,364391.84641906875
Squeezed Vacuum,47.501112718692895,339432.7873515944
Squeezed Vacuum,47.60111506125862,420994.7207234633
Squeezed Vacuum,47.70111740382421,573729.9691156487
Squeezed Vacuum,47.801119746389936,392264.8895620644
Squeezed Vacuum,47.90112208895553,330805.53708029864
Squeezed Vacuum,48.001124431521255,409258.6633291572
Squeezed Vacuum,48.10112677408685,557489.6939120522
Squeezed Vacuum,48.201129116652574,496974.7114081502
Squeezed Vacuum,48.30113145921829,388130.18527055817
Squeezed Vacuum,48.40113380178389,681109.6027259082
Squeezed Vacuum,48.50113614434961,822870.5621951895
Squeezed Vacuum,48.60113848691521,1168567.7486103766
Squeezed Vacuum,48.70114082948093,1109445.2785003597
Squeezed Vacuum,48.80114317204653,1635740.185482746
Squeezed Vacuum,48.901145514612246,2898102.101562356
Squeezed Vacuum,49.00114785717797,293696756.9945622
Squeezed Vacuum,49.10115019974357,3612951.555334165
Squeezed Vacuum,49.20115254230929,850947.707335026
Squeezed Vacuum,49.30115488487489,395799.28567273024
Squeezed Vacuum,49.401157227440606,323598.524749871
Squeezed Vacuum,49.50115957000633,379266.6727378225
Squeezed Vacuum,49.601161912571925,374563.4920108662
Squeezed Vacuum,49.70116425513765,587624.5477190042
Squeezed Vacuum,49.801166597703244,304050.6612129061
Squeezed Vacuum,49.90116894026897,289790.84867362276
Squeezed Vacuum,50.00117128283456,308817.8208104003
Squeezed Vacuum,50.101173625400286,311339.8320546141
Squeezed Vacuum,50.20117596796601,463994.806820103
Squeezed Vacuum,50.301178310531604,446926.5953843065
Squeezed Vacuum,50.40118065309733,496620.61286710587
Squeezed Vacuum,50.50118299566292,541052.4718868596
Squeezed Vacuum,50.601185338228646,795533.1268259233
Squeezed Vacuum,50.70118768079424,768948.1140915797
Squeezed Vacuum,50.801190023359965,693064.4861073229
Squeezed Vacuum,50.90119236592569,927505.7047530345
Squeezed Vacuum,51.00119470849128,205456297.0366694
Squeezed Vacuum,51.10119705105701,683891.4206556547
Squeezed Vacuum,51.2011993936226,620691.03378508
Squeezed Vacuum,51.301201736188325,318082.0881616237
Squeezed Vacuum,51.40120407875405,175542.7105774549
Squeezed Vacuum,51.501206421319644,158199.35632576226
Squeezed Vacuum,51.60120876388537,179329.62170083114
Squeezed Vacuum,51.70121110645096,270270.16965819814
Squeezed Vacuum,51.801213449016686,216730.74122863737
Squeezed Vacuum,51.90121579158228,269384.0626139931
Squeezed Vacuum,52.001218134148004,205282.8466757001
Squeezed Vacuum,52.10122047671373,141427.3028028601
Squeezed Vacuum,52.20122281927932,327482.10001907044
Squeezed Vacuum,52.301225161845046,378420.51521956787
Squeezed Vacuum,52.40122750441064,435249.3962687317
Squeezed Vacuum,52.501229846976365,308924.42645842116
Squeezed Vacuum,52.60123218954196,421699.2425092602
Squeezed Vacuum,52.701234532107684,657842.0189092307
Squeezed Vacuum,52.8012368746734,951682.8782370071
Squeezed Vacuum,52.901239217239,1012160.55646913
Squeezed Vacuum,53.00124155980472,161666453.6508922
Squeezed Vacuum,53.10124390237032,786402.784761484
Squeezed Vacuum,53.20124624493604,556557.5730858658
Squeezed Vacuum,53.30124858750176,205083.80906502588
Squeezed Vacuum,53.401250930067356,193318.63093367693
Squeezed Vacuum,53.50125327263308,163784.45376404727
Squeezed Vacuum,53.601255615198674,216183.97392263642
Squeezed Vacuum,53.7012579577644,232264.37606106288
Squeezed Vacuum,53.80126030033,167332.27008549205
Squeezed Vacuum,53.901262642895716,261667.603139943
Squeezed Vacuum,54.00126498546144,324670.11461257644
Squeezed Vacuum,54.101267328027035,247451.03048732935
Squeezed Vacuum,54.20126967059276,192439.12114854268
Squeezed Vacuum,54.30127201315835,247191.67149138532
Squeezed Vacuum,54.40127435572408,393400.31646905706
Squeezed Vacuum,54.50127669828967,163861.86586592888
Squeezed Vacuum,54.601279040855395,225947.94551024988
Squeezed Vacuum,54.70128138342112,344950.785564001
Squeezed Vacuum,54.801283725986714,709885.7101023237
Squeezed Vacuum,54.90128606855244,394456.9360688126
Squeezed Vacuum,55.00128841111803,179652113.54338562
Squeezed Vacuum,55.101290753683756,842985.0641588856
Squeezed Vacuum,55.20129309624935,364004.61107994575
Squeezed Vacuum,55.301295438815075,201217.8034057148
Squeezed Vacuum,55.4012977813808,113363.81224667506
Squeezed Vacuum,55.50130012394639,173034.88650913181
Squeezed Vacuum,55.60130246651212,153570.52761617742
Squeezed Vacuum,55.70130480907771,155023.43378835174
Squeezed Vacuum,55.801307151643435,133624.15972183202
Squeezed Vacuum,55.90130949420916,207667.2661446225
Squeezed Vacuum,56.001311836774754,241298.36015527058
Squeezed Vacuum,56.10131417934048,239321.5813709625
Squeezed Vacuum,56.20131652190607,176347.20822353548
Squeezed Vacuum,56.301318864471796,209162.93992939813
Squeezed Vacuum,56.40132120703739,378581.5028663302
Squeezed Vacuum,56.501323549603114,216730.33413963186
Squeezed Vacuum,56.60132589216883,264226.00157261186
Squeezed Vacuum,56.70132823473443,242515.933522746
Squeezed Vacuum,56.801330577300156,584504.133970771
Squeezed Vacuum,56.90133291986575,590960.9171728935
Squeezed Vacuum,57.001335262431475,156967628.3604474
Squeezed Vacuum,57.10133760499707,1181379.9925329976
Squeezed Vacuum,57.20133994756279,344887.72802319523
Squeezed Vacuum,57.30134229012851,158633.13369132133
Squeezed Vacuum,57.40134463269411,103704.33880611473
Squeezed Vacuum,57.50134697525983,165093.3047967955
Squeezed Vacuum,57.60134931782543,142022.75248364458
Squeezed Vacuum,57.70135166039115,137169.81334607195
Squeezed Vacuum,57.80135400295687,106994.83437693394
Squeezed Vacuum,57.901356345522466,163631.60375668632
Squeezed Vacuum,58.00135868808819,170500.35612459763
Squeezed Vacuum,58.101361030653784,142592.8872777401
Squeezed Vacuum,58.20136337321951,112466.7006297453
Squeezed Vacuum,58.3013657157851,218939.95848887498
Squeezed Vacuum,58.401368058350826,213780.4744440547
Squeezed Vacuum,58.50137040091655,165530.0835785624
Squeezed Vacuum,58.601372743482145,178039.4888786727
Squeezed Vacuum,58.70137508604787,252339.77480640827
Squeezed Vacuum,58.80137742861346,576203.423702331
Squeezed Vacuum,58.90137977117919,651133.5377640071
Squeezed Vacuum,59.00138211374478,55700852.227884226
Squeezed Vacuum,59.101384456310505,785704.1990410932
Squeezed Vacuum,59.20138679887623,308007.9845201638
Squeezed Vacuum,59.301389141441824,128099.61662337049
Squeezed Vacuum,59.40139148400755,101695.81439659803
Squeezed Vacuum,59.50139382657314,116973.32336937272
Squeezed Vacuum,59.601396169138866,139856.83864689496
Squeezed Vacuum,59.70139851170459,153866.98343367391
Squeezed Vacuum,59.801400854270184,92072.42375515054
Squeezed Vacuum,59.90140319683591,100521.50105834576
Squeezed Vacuum,60.0014055394015,118221.18566665507
Squeezed Vacuum,60.101407881967226,107348.71379417571
Squeezed Vacuum,60.20141022453282,108844.25101564659
Squeezed Vacuum,60.301412567098545,309009.3581920695
Squeezed Vacuum,60.40141490966427,207778.885934233
Squeezed Vacuum,60.501417252229864,137197.25100031623
Squeezed Vacuum,60.60141959479559,159098.543128284
Squeezed Vacuum,60.70142193736118,292743.64800580154
Squeezed Vacuum,60.801424279926906,479445.70015966287
Squeezed Vacuum,60.9014266224925,1008846.2323169746
Squeezed Vacuum,61.001428965058224,83975506.71370147
Squeezed Vacuum,61.10143130762394,405206.41646606213
Squeezed Vacuum,61.20143365018954,173093.88376978875
Squeezed Vacuum,61.30143599275526,99733.24383504543
Squeezed Vacuum,61.40143833532086,97963.27517771164
Squeezed Vacuum,61.50144067788658,98017.83838023343
Squeezed Vacuum,61.6014430204523,118229.71581280783
Squeezed Vacuum,61.7014453630179,129852.23826487981
Squeezed Vacuum,61.80144770558362,92921.01284238788
Squeezed Vacuum,61.90145004814922,110595.28811699335
Squeezed Vacuum,62.00145239071494,114712.42631457244
Squeezed Vacuum,62.10145473328054,109370.15546295082
Squeezed Vacuum,62.20145707584626,101996.18358811158
Squeezed Vacuum,62.30145941841198,288436.1487592084
Squeezed Vacuum,62.401461760977575,197843.48010388622
Squeezed Vacuum,62.5014641035433,103076.51248400989
Squeezed Vacuum,62.601466446108894,109173.1628876451
Squeezed Vacuum,62.70146878867462,264734.43872786185
Squeezed Vacuum,62.80147113124021,364328.32731023966
Squeezed Vacuum,62.901473473805936,643964.6647623607
Squeezed Vacuum,63.00147581637166,120788647.74708398
Squeezed Vacuum,63.101478158937255,566216.219710676
Squeezed Vacuum,63.20148050150298,149705.39128910503
Squeezed Vacuum,63.30148284406857,100829.98849276688
Squeezed Vacuum,63.4014851866343,90774.4725512967
Squeezed Vacuum,63.50148752919989,78200.80305769865
Squeezed Vacuum,63.601489871765615,96062.88893229135
Squeezed Vacuum,63.70149221433134,92081.06040699515
Squeezed Vacuum,63.801494556896934,99566.77306844472
Squeezed Vacuum,63.90149689946266,103117.6972987933
Squeezed Vacuum,64.00149924202826,99557.77095875307
Squeezed Vacuum,64.10150158459398,89206.30042218427
Squeezed Vacuum,64.20150392715969,93621.99123531113
Squeezed Vacuum,64.3015062697253,268320.28603855736
Squeezed Vacuum,64.40150861229101,171971.81832490917
Squeezed Vacuum,64.50151095485661,118909.8459740672
Squeezed Vacuum,64.60151329742233,108679.9195820483
Squeezed Vacuum,64.70151563998793,220761.56101619193
Squeezed Vacuum,64.80151798255365,425080.363686421
Squeezed Vacuum,64.90152032511938,564261.9548065545
Squeezed Vacuum,65.00152266768497,107551494.23026615
Squeezed Vacuum,65.1015250102507,919495.6385254113
Squeezed Vacuum,65.20152735281629,267711.9387309375
Squeezed Vacuum,65.30152969538202,98067.6143834669
Squeezed Vacuum,65.4015320379476,67149.49945426319
Squeezed Vacuum,65.50153438051333,56016.49359267012
Squeezed Vacuum,65.60153672307905,76887.75150016735
Squeezed Vacuum,65.70153906564465,58574.82105013801
Squeezed Vacuum,65.80154140821037,62834.87132835596
Squeezed Vacuum,65.90154375077597,73521.04149798106
Squeezed Vacuum,66.00154609334169,88885.38139808805
Squeezed Vacuum,66.10154843590742,82530.63040879853
Squeezed Vacuum,66.201550778473,91487.85538357266
Squeezed Vacuum,66.30155312103874,172465.257362289
Squeezed Vacuum,66.40155546360432,128163.44029599229
Squeezed Vacuum,66.50155780617006,123886.16900982845
Squeezed Vacuum,66.60156014873564,93105.31650694566
Squeezed Vacuum,66.70156249130137,132378.2319222597
Squeezed Vacuum,66.80156483386709,356684.0102554852
Squeezed Vacuum,66.90156717643269,404554.0889516296
Squeezed Vacuum,67.00156951899841,69270694.2355819
Squeezed Vacuum,67.10157186156401,694053.18066602
Squeezed Vacuum,67.20157420412973,305156.1632814972
Squeezed Vacuum,67.30157654669533,79492.72120841373
Squeezed Vacuum,67.40157888926105,56671.699103312
Squeezed Vacuum,67.50158123182676,49666.02258033631
Squeezed Vacuum,67.60158357439236,57497.96879983064
Squeezed Vacuum,67.70158591695808,54198.85846795601
Squeezed Vacuum,67.80158825952368,53320.17783273483
Squeezed Vacuum,67.90159060208941,57954.64489190966
Squeezed Vacuum,68.00159294465513,57122.489422263396
Squeezed Vacuum,68.10159528722073,68398.98484368085
Squeezed Vacuum,68.20159762978645,76804.1627746397
Squeezed Vacuum,68.30159997235205,122599.2827550726
Squeezed Vacuum,68.40160231491777,88416.79465804194
Squeezed Vacuum,68.50160465748337,117430.49433581972
Squeezed Vacuum,68.60160700004909,94690.34556460903
Squeezed Vacuum,68.7016093426148,132010.0387058751
Squeezed Vacuum,68.8016116851804,387310.72871984204
Squeezed Vacuum,68.90161402774612,486890.3440726444
Squeezed Vacuum,69.00161637031172,46756347.11943444
Squeezed Vacuum,69.10161871287744,439402.24436622404
Squeezed Vacuum,69.20162105544304,283434.58601793466
Squeezed Vacuum,69.30162339800876,83048.08363350319
Squeezed Vacuum,69.40162574057449,63677.54812206442
Squeezed Vacuum,69.50162808314008,58818.87013195191
Squeezed Vacuum,69.6016304257058,53799.890726987425
Squeezed Vacuum,69.7016327682714,46209.5003301299
Squeezed Vacuum,69.80163511083713,41904.05227233938
Squeezed Vacuum,69.90163745340284,45591.292829866354
Squeezed Vacuum,70.00163979596844,50650.89911190974
Squeezed Vacuum,70.10164213853416,64881.67535472637
Squeezed Vacuum,70.20164448109976,62018.34972513657
Squeezed Vacuum,70.30164682366548,94375.28469014341
Squeezed Vacuum,70.40164916623108,59896.4201974419
Squeezed Vacuum,70.5016515087968,104198.25526354507
Squeezed Vacuum,70.60165385136253,99869.94259004592
Squeezed Vacuum,70.70165619392812,162057.3400685761
Squeezed Vacuum,70.80165853649385,327866.7070926469
Squeezed Vacuum,70.90166087905943,497163.5123831724
Squeezed Vacuum,71.00166322162517,37471618.23637743
Squeezed Vacuum,71.10166556419075,281012.95374578197
Squeezed Vacuum,71.20166790675648,199590.30166155726
Squeezed Vacuum,71.3016702493222,67961.07435647555
Squeezed Vacuum,71.4016725918878,57668.02891936097
Squeezed Vacuum,71.50167493445352,57951.007076509864
Squeezed Vacuum,71.60167727701912,54828.336922375325
Squeezed Vacuum,71.70167961958484,49267.38344032744
Squeezed Vacuum,71.80168196215044,47199.67954134571
Squeezed Vacuum,71.90168430471616,45417.53608525536
Squeezed Vacuum,72.00168664728187,52649.61049936765
Squeezed Vacuum,72.10168898984747,61702.43471064885
Squeezed Vacuum,72.20169133241319,58870.8792523443
Squeezed Vacuum,72.3016936749788,62679.452896572926
Squeezed Vacuum,72.40169601754451,45885.254475449554
Squeezed Vacuum,72.50169836011024,79834.18787869236
Squeezed Vacuum,72.60170070267583,69865.0650250713
Squeezed Vacuum,72.70170304524156,105808.31239270885
Squeezed Vacuum,72.80170538780716,211267.79930540815
Squeezed Vacuum,72.90170773037288,450212.8120120217
Squeezed Vacuum,73.00171007293848,28281595.13524173
Squeezed Vacuum,73.1017124155042,407883.8679035377
Squeezed Vacuum,73.20171475806991,156080.8701692163
Squeezed Vacuum,73.30171710063551,63213.763760926246
Squeezed Vacuum,73.40171944320123,51585.59297856387
Squeezed Vacuum,73.50172178576683,51691.72489231108
Squeezed Vacuum,73.60172412833255,55073.492794961945
Squeezed Vacuum,73.70172647089815,50505.18262622966
Squeezed Vacuum,73.80172881346387,47673.52909727813
Squeezed Vacuum,73.9017311560296,46510.54024337509
Squeezed Vacuum,74.00173349859519,50075.60050392458
Squeezed Vacuum,74.10173584116092,50937.5576291758
Squeezed Vacuum,74.2017381837265,59306.818729385166
Squeezed Vacuum,74.30174052629224,63543.092069251616
Squeezed Vacuum,74.40174286885795,39532.99519575518
Squeezed Vacuum,74.50174521142355,58233.284817575106
Squeezed Vacuum,74.60174755398927,52208.74161852513
Squeezed Vacuum,74.70174989655487,69547.56160532955
Squeezed Vacuum,74.80175223912059,172251.11136591661
Squeezed Vacuum,74.90175458168619,421488.5779265776
Squeezed Vacuum,75.00175692425191,20310072.354750797
Squeezed Vacuum,75.10175926681764,544645.101372963
Squeezed Vacuum,75.20176160938323,147247.54535931273
Squeezed Vacuum,75.30176395194896,57170.080809339306
Squeezed Vacuum,75.40176629451454,41402.226969269235
Squeezed Vacuum,75.50176863708027,43216.400344717076
Squeezed Vacuum,75.60177097964586,49899.311754378374
Squeezed Vacuum,75.7017733222116,52373.21477534739
Squeezed Vacuum,75.80177566477731,51295.515145827216
Squeezed Vacuum,75.90177800734291,50031.316458353904
Squeezed Vacuum,76.00178034990863,43532.73243349297
Squeezed Vacuum,76.10178269247423,37923.95999318355
Squeezed Vacuum,76.20178503503995,52544.47999351378
Squeezed Vacuum,76.30178737760566,76397.51797788743
Squeezed Vacuum,76.40178972017127,39387.90903973401
Squeezed Vacuum,76.50179206273698,42784.666313266665
Squeezed Vacuum,76.60179440530258,44852.19562217806
Squeezed Vacuum,76.7017967478683,60165.21680598944
Squeezed Vacuum,76.8017990904339,139928.4709399952
Squeezed Vacuum,76.90180143299962,362737.985615632
Squeezed Vacuum,77.00180377556535,14892752.268409865
Squeezed Vacuum,77.10180611813094,531690.1503418898
Squeezed Vacuum,77.20180846069667,153706.35701742288
Squeezed Vacuum,77.30181080326226,63413.7907489138
Squeezed Vacuum,77.40181314582799,39862.42232268365
Squeezed Vacuum,77.50181548839358,39697.781042793635
Squeezed Vacuum,77.6018178309593,46321.43776552159
Squeezed Vacuum,77.70182017352502,50592.307486106845
Squeezed Vacuum,77.80182251609062,54906.7866623684
Squeezed Vacuum,77.90182485865634,60083.59689025714
Squeezed Vacuum,78.00182720122194,49259.455129869406
Squeezed Vacuum,78.10182954378766,36353.85161689551
Squeezed Vacuum,78.20183188635326,44688.46505044901
Squeezed Vacuum,78.30183422891898,73323.42394350849
Squeezed Vacuum,78.40183657148471,41852.3274784933
Squeezed Vacuum,78.5018389140503,41059.880093905434
Squeezed Vacuum,78.60184125661603,45183.65304892731
Squeezed Vacuum,78.70184359918161,67971.26119314654
Squeezed Vacuum,78.80184594174735,135957.98648907762
Squeezed Vacuum,78.90184828431306,348214.33640402724
Squeezed Vacuum,79.00185062687866,12549502.733838655
Squeezed Vacuum,79.10185296944438,448463.4875823244
Squeezed Vacuum,79.20185531200998,139474.16992528024
Squeezed Vacuum,79.3018576545757,68065.03766964105
Squeezed Vacuum,79.4018599971413,43596.19412795539
Squeezed Vacuum,79.50186233970702,36715.073644817174
Squeezed Vacuum,79.60186468227275,41534.01392898456
Squeezed Vacuum,79.70186702483834,42408.307428960135
Squeezed Vacuum,79.80186936740407,52914.89416070579
Squeezed Vacuum,79.90187170996965,65949.15352630538
Squeezed Vacuum,80.00187405253538,58949.70202555448
Squeezed Vacuum,80.10187639510097,42102.33542692476
Squeezed Vacuum,80.2018787376667,40590.717721866924
Squeezed Vacuum,80.30188108023242,59132.31984460171
Squeezed Vacuum,80.40188342279802,41288.02988949182
Squeezed Vacuum,80.50188576536374,44556.817750000926
Squeezed Vacuum,80.60188810792934,44353.48116594941
Squeezed Vacuum,80.70189045049506,69017.445298377
Squeezed Vacuum,80.80189279306077,129275.59170937844
Squeezed Vacuum,80.90189513562638,305845.5925861412
Squeezed Vacuum,81.00189747819209,11565516.083871039
Squeezed Vacuum,81.1018998207577,374804.1252639615
Squeezed Vacuum,81.20190216332341,116259.63158239242
Squeezed Vacuum,81.30190450588901,65136.60628012524
Squeezed Vacuum,81.40190684845473,46784.50598564701
Squeezed Vacuum,81.50190919102046,35709.030439155395
Squeezed Vacuum,81.60191153358605,36768.47066114723
Squeezed Vacuum,81.70191387615178,33474.97254937578
Squeezed Vacuum,81.80191621871737,43605.4547538105
Squeezed Vacuum,81.9019185612831,58144.64482010787
Squeezed Vacuum,82.00192090384868,58846.06444615529
Squeezed Vacuum,82.10192324641442,44615.8298775236
Squeezed Vacuum,82.20192558898013,39912.33528030275
Squeezed Vacuum,82.30192793154573,47450.36587951044
Squeezed Vacuum,82.40193027411145,38596.74605386951
Squeezed Vacuum,82.50193261667705,44708.02063302349
Squeezed Vacuum,82.60193495924277,44045.02212254063
Squeezed Vacuum,82.7019373018085,65748.34496060299
Squeezed Vacuum,82.80193964437409,124155.75411730436
Squeezed Vacuum,82.90194198693982,265410.57898252184
Squeezed Vacuum,83.0019443295054,10002916.267119022
Squeezed Vacuum,83.10194667207114,317165.53484021855
Squeezed Vacuum,83.20194901463672,95352.14726439574
Squeezed Vacuum,83.30195135720246,55436.50447266237
Squeezed Vacuum,83.40195369976817,43764.5211246276
Squeezed Vacuum,83.50195604233377,35411.96815587121
Squeezed Vacuum,83.60195838489949,33671.19884394787
Squeezed Vacuum,83.70196072746509,29493.74298305744
Squeezed Vacuum,83.80196307003081,35512.27253970331
Squeezed Vacuum,83.90196541259641,46781.20903525282
Squeezed Vacuum,84.00196775516213,52690.19400662733
Squeezed Vacuum,84.10197009772786,43882.45900848828
Squeezed Vacuum,84.20197244029345,40674.57447136508
Squeezed Vacuum,84.30197478285918,41636.49105936492
Squeezed Vacuum,84.40197712542476,37321.55933757045
Squeezed Vacuum,84.5019794679905,41638.074970019785
Squeezed Vacuum,84.60198181055621,43011.48782317175
Squeezed Vacuum,84.70198415312181,60333.067784874904
Squeezed Vacuum,84.80198649568753,121748.16345507167
Squeezed Vacuum,84.90198883825313,244779.73967745085
Squeezed Vacuum,85.00199118081885,7802901.48147849
Squeezed Vacuum,85.10199352338445,270067.57763539895
Squeezed Vacuum,85.20199586595017,81821.60247318739
Squeezed Vacuum,85.30199820851588,47812.79864127099
Squeezed Vacuum,85.40200055108149,39038.87548892397
Squeezed Vacuum,85.5020028936472,34653.076705051884
Squeezed Vacuum,85.6020052362128,31378.166980979793
Squeezed Vacuum,85.70200757877852,28052.25499574939
Squeezed Vacuum,85.80200992134412,31245.6600339683
Squeezed Vacuum,85.90201226390984,37582.26962453266
Squeezed Vacuum,86.00201460647557,43618.59665342324
Squeezed Vacuum,86.10201694904116,39301.49381945212
Squeezed Vacuum,86.20201929160689,38526.28762702917
Squeezed Vacuum,86.30202163417248,37710.33162069082
Squeezed Vacuum,86.4020239767382,37137.68133164448
Squeezed Vacuum,86.5020263193038,39424.60320387511
Squeezed Vacuum,86.60202866186953,40378.511519658
Squeezed Vacuum,86.70203100443524,53879.33528768821
Squeezed Vacuum,86.80203334700084,118353.35849994465
Squeezed Vacuum,86.90203568956656,229775.3650377907
Squeezed Vacuum,87.00203803213216,5715509.665153044
Squeezed Vacuum,87.10204037469788,241880.06640612794
Squeezed Vacuum,87.20204271726361,74077.96163377374
Squeezed Vacuum,87.3020450598292,43402.76219301195
Squeezed Vacuum,87.40204740239493,35352.657350621965
Squeezed Vacuum,87.50204974496052,33115.54902482976
Squeezed Vacuum,87.60205208752625,28911.929797205936
Squeezed Vacuum,87.70205443009183,26248.345300029763
Squeezed Vacuum,87.80205677265756,29242.169204834612
Squeezed Vacuum,87.90205911522328,32466.98478721039
Squeezed Vacuum,88.00206145778888,36240.97100165313
Squeezed Vacuum,88.1020638003546,34973.14494342469
Squeezed Vacuum,88.2020661429202,35807.22702235269
Squeezed Vacuum,88.30206848548592,35441.0005228006
Squeezed Vacuum,88.40207082805152,37626.17918141731
Squeezed Vacuum,88.50207317061724,39787.305323501314
Squeezed Vacuum,88.60207551318297,38470.740752513215
Squeezed Vacuum,88.70207785574856,48461.301392480134
Squeezed Vacuum,88.80208019831429,109755.71794476213
Squeezed Vacuum,88.90208254087987,214359.30929262858
Squeezed Vacuum,89.0020848834456,4070404.9115545563
Squeezed Vacuum,89.10208722601132,229791.6828206208
Squeezed Vacuum,89.20208956857692,70060.96765240925
Squeezed Vacuum,89.30209191114264,40183.67287359686
Squeezed Vacuum,89.40209425370824,32130.583450013455
Squeezed Vacuum,89.50209659627396,30482.85543411529
Squeezed Vacuum,89.60209893883956,26592.863613034162
Squeezed Vacuum,89.70210128140528,24369.61243600829
Squeezed Vacuum,89.80210362397099,27590.22450570245
Squeezed Vacuum,89.9021059665366,30008.92441548898
Squeezed Vacuum,90.00210830910231,31312.041496049223
Squeezed Vacuum,90.10211065166791,31699.44137041878
Squeezed Vacuum,90.20211299423363,32586.23438960958
Squeezed Vacuum,90.30211533679923,33034.790318780535
Squeezed Vacuum,90.40211767936495,36196.38492306512
Squeezed Vacuum,90.50212002193068,39505.4230674967
Squeezed Vacuum,90.60212236449627,37193.32904570418
Squeezed Vacuum,90.702124707062,44096.69423025949
Squeezed Vacuum,90.80212704962759,93529.59893862363
Squeezed Vacuum,90.90212939219332,195220.88444931488
Squeezed Vacuum,91.00213173475903,2820266.146951336
Squeezed Vacuum,91.10213407732464,216634.9487801338
Squeezed Vacuum,91.20213641989035,67517.20569062432
Squeezed Vacuum,91.30213876245595,38407.30686868107
Squeezed Vacuum,91.40214110502167,29898.431558094333
Squeezed Vacuum,91.50214344758727,27770.555317137107
Squeezed Vacuum,91.60214579015299,24996.002614051486
Squeezed Vacuum,91.70214813271872,23653.640378761545
Squeezed Vacuum,91.80215047528431,26104.243494990646
Squeezed Vacuum,91.90215281785004,28860.794851104154
Squeezed Vacuum,92.00215516041563,28486.378006894905
Squeezed Vacuum,92.10215750298136,29606.63151681892
Squeezed Vacuum,92.20215984554694,29616.26616545633
Squeezed Vacuum,92.30216218811267,30122.08159674551
Squeezed Vacuum,92.40216453067839,33116.75619408126
Squeezed Vacuum,92.502166873244,37180.37995990557
Squeezed Vacuum,92.60216921580971,36078.98122298372
Squeezed Vacuum,92.70217155837531,40907.44467651899
Squeezed Vacuum,92.80217390094103,76679.65120825938
Squeezed Vacuum,92.90217624350674,176727.01481625927
Squeezed Vacuum,93.00217858607235,1924216.733356504
Squeezed Vacuum,93.10218092863808,195283.27820396164
Squeezed Vacuum,93.20218327120367,64051.87985688196
Squeezed Vacuum,93.3021856137694,37838.97817077688
Squeezed Vacuum,93.40218795633498,28765.103096889583
Squeezed Vacuum,93.50219029890071,25522.731466043573
Squeezed Vacuum,93.60219264146643,23603.752589102067
Squeezed Vacuum,93.70219498403203,23181.907669042488
Squeezed Vacuum,93.80219732659775,24250.566326820564
Squeezed Vacuum,93.90219966916335,27108.67454332132
Squeezed Vacuum,94.00220201172907,26178.978294738852
Squeezed Vacuum,94.10220435429467,27690.28618313904
Squeezed Vacuum,94.20220669686039,27022.063644343343
Squeezed Vacuum,94.3022090394261,27248.20710260751
Squeezed Vacuum,94.4022113819917,29638.788966160155
Squeezed Vacuum,94.50221372455742,33700.31126109175
Squeezed Vacuum,94.60221606712302,34244.85649648204
Squeezed Vacuum,94.70221840968874,38778.16795334636
Squeezed Vacuum,94.80222075225434,65478.62496605743
Squeezed Vacuum,94.90222309482006,162675.2240367792
Squeezed Vacuum,95.00222543738579,1341327.1534031313
Squeezed Vacuum,95.10222777995138,167653.14104516912
Squeezed Vacuum,95.20223012251711,57937.58226734315
Squeezed Vacuum,95.3022324650827,36250.06003550581
Squeezed Vacuum,95.40223480764843,27297.033386651183
Squeezed Vacuum,95.50223715021414,23286.378738645086
Squeezed Vacuum,95.60223949277974,21664.18290274959
Squeezed Vacuum,95.70224183534546,21986.644649716924
Squeezed Vacuum,95.80224417791106,22023.85318680711
Squeezed Vacuum,95.90224652047678,24518.99137957562
Squeezed Vacuum,96.00224886304238,23892.017336688205
Squeezed Vacuum,96.1022512056081,25781.60171458906
Squeezed Vacuum,96.20225354817383,24990.793605109822
Squeezed Vacuum,96.30225589073942,25244.686952884076
Squeezed Vacuum,96.40225823330515,27034.509648940664
Squeezed Vacuum,96.50226057587074,30349.83940826425
Squeezed Vacuum,96.60226291843647,31618.609332097647
Squeezed Vacuum,96.70226526100205,36639.49648566332
Squeezed Vacuum,96.80226760356778,58030.56766433058
Squeezed Vacuum,96.9022699461335,144322.25984586496
Squeezed Vacuum,97.0022722886991,959087.02005404
Squeezed Vacuum,97.10227463126482,135392.4895859005
Squeezed Vacuum,97.20227697383042,48924.05240014737
Squeezed Vacuum,97.30227931639614,32214.278784557093
Squeezed Vacuum,97.40228165896185,24403.132734477353
Squeezed Vacuum,97.50228400152746,20729.54852178464
Squeezed Vacuum,97.60228634409317,19220.359694844683
Squeezed Vacuum,97.70228868665878,19780.1856182223
Squeezed Vacuum,97.80229102922449,19544.504604276473
Squeezed Vacuum,97.9022933717901,21450.618637399857
Squeezed Vacuum,98.00229571435582,21532.801718119663
Squeezed Vacuum,98.10229805692154,23541.926807887354
Squeezed Vacuum,98.20230039948714,23003.793505471007
Squeezed Vacuum,98.30230274205286,23622.137453671887
Squeezed Vacuum,98.40230508461846,25169.502862262387
Squeezed Vacuum,98.50230742718418,27629.260939615342
Squeezed Vacuum,98.60230976974978,29110.43393030125
Squeezed Vacuum,98.7023121123155,34714.55904593256
Squeezed Vacuum,98.80231445488121,52207.16339130036
Squeezed Vacuum,98.90231679744682,123025.14444587867
Squeezed Vacuum,99.00231914001253,695425.6976721451
Squeezed Vacuum,99.10232148257813,106792.64990336177
Squeezed Vacuum,99.20232382514385,40372.78849959699
Squeezed Vacuum,99.30232616770958,27158.983486116947
Squeezed Vacuum,99.40232851027517,20931.025510702966
Squeezed Vacuum,99.5023308528409,18194.201738919346
Squeezed Vacuum,99.60233319540649,16987.91856284224
Squeezed Vacuum,99.70233553797222,17299.804410645404
Squeezed Vacuum,99.8023378805378,17227.31939800136
Squeezed Vacuum,99.90234022310354,18621.390710156873
Squeezed Vacuum,100.00234256566925,19278.61310966303
Squeezed Vacuum,100.10234490823485,21114.963321013165
Squeezed Vacuum,100.20234725080057,20840.696886514408
Squeezed Vacuum,100.30234959336617,21973.361126322383
Squeezed Vacuum,100.40235193593189,23483.89828776544
Squeezed Vacuum,100.50235427849749,25482.231631225106
Squeezed Vacuum,100.60235662106321,27160.80502832058
Squeezed Vacuum,100.70235896362894,32921.747461043604
Squeezed Vacuum,100.80236130619453,47011.143025339894
Squeezed Vacuum,100.90236364876026,105426.70922665161
Squeezed Vacuum,101.00236599132585,519083.90871333034
Squeezed Vacuum,101.10236833389158,88441.8706288989
Squeezed Vacuum,101.20237067645729,34365.89198843228
Squeezed Vacuum,101.3023730190229,22863.88483821634
Squeezed Vacuum,101.40237536158861,17934.379706844004
Squeezed Vacuum,101.50237770415421,16045.860390282282
Squeezed Vacuum,101.60238004671993,15181.699258881084
Squeezed Vacuum,101.70238238928553,15161.15415133897
Squeezed Vacuum,101.80238473185125,15230.16343913074
Squeezed Vacuum,101.90238707441696,16273.319366595553
Squeezed Vacuum,102.00238941698257,17176.11240443547
Squeezed Vacuum,102.10239175954828,18617.240315983363
Squeezed Vacuum,102.20239410211389,18653.341519875627
Squeezed Vacuum,102.3023964446796,20129.37508741584
Squeezed Vacuum,102.4023987872452,21691.340060595023
Squeezed Vacuum,102.50240112981092,23488.207159952548
Squeezed Vacuum,102.60240347237665,25484.304684876453
Squeezed Vacuum,102.70240581494225,30696.52924506473
Squeezed Vacuum,102.80240815750797,41843.25393286088
Squeezed Vacuum,102.90241050007357,90694.43266923039
Squeezed Vacuum,103.00241284263929,391344.90441774443
Squeezed Vacuum,103.10241518520489,74124.06138699563
Squeezed Vacuum,103.2024175277706,29343.09191924771
Squeezed Vacuum,103.30241987033632,19342.949043843942
Squeezed Vacuum,103.40242221290193,15538.326548177494
Squeezed Vacuum,103.50242455546764,14228.929957195696
Squeezed Vacuum,103.60242689803324,13674.438614561452
Squeezed Vacuum,103.70242924059896,13431.365583270275
Squeezed Vacuum,103.80243158316469,13550.164166932154
Squeezed Vacuum,103.90243392573028,14319.623814406512
Squeezed Vacuum,104.00243626829601,15246.71864754914
Squeezed Vacuum,104.1024386108616,16220.985295503979
Squeezed Vacuum,104.20244095342733,16662.050821237986
Squeezed Vacuum,104.30244329599292,18167.551473792573
Squeezed Vacuum,104.40244563855865,19678.124497331744
Squeezed Vacuum,104.50244798112436,21291.79506319363
Squeezed Vacuum,104.60245032368996,23447.470617347244
Squeezed Vacuum,104.70245266625568,27686.26388075344
Squeezed Vacuum,104.80245500882128,36487.79464600842
Squeezed Vacuum,104.902457351387,76343.85864005852
Squeezed Vacuum,105.0024596939526,282375.2667713883
Squeezed Vacuum,105.10246203651832,59105.36895578355
Squeezed Vacuum,105.20246437908405,24484.300637501565
Squeezed Vacuum,105.30246672164964,16402.974213010784
Squeezed Vacuum,105.40246906421537,13640.956722154839
Squeezed Vacuum,105.50247140678096,12684.528786666171
Squeezed Vacuum,105.60247374934669,12384.00605476867
Squeezed Vacuum,105.7024760919124,12040.950109716021
Squeezed Vacuum,105.802478434478,12177.649410071157
Squeezed Vacuum,105.90248077704372,12749.445560038195
Squeezed Vacuum,106.00248311960932,13568.179802358398
Squeezed Vacuum,106.10248546217504,14213.82713072325
Squeezed Vacuum,106.20248780474064,14964.427106653382
Squeezed Vacuum,106.30249014730636,16280.297613280898
Squeezed Vacuum,106.40249248987207,17572.933574255327
Squeezed Vacuum,106.50249483243768,18983.46564207618
Squeezed Vacuum,106.60249717500339,21094.409647577744
Squeezed Vacuum,106.702499517569,24465.76386668843
Squeezed Vacuum,106.80250186013471,31901.753804115775
Squeezed Vacuum,106.90250420270031,63845.82652676278
Squeezed Vacuum,107.00250654526603,193773.01233716248
Squeezed Vacuum,107.10250888783176,46407.877980121
Squeezed Vacuum,107.20251123039735,20416.209251007484
Squeezed Vacuum,107.30251357296308,14092.19770693784
Squeezed Vacuum,107.40251591552867,12112.441727086301
Squeezed Vacuum,107.5025182580944,11387.601336601032
Squeezed Vacuum,107.60252060066011,11200.233222247509
Squeezed Vacuum,107.70252294322572,10838.774005211431
Squeezed Vacuum,107.80252528579143,10977.097144616682
Squeezed Vacuum,107.90252762835703,11396.403883135392
Squeezed Vacuum,108.00252997092275,12040.687912207228
Squeezed Vacuum,108.10253231348835,12515.446455622836
Squeezed Vacuum,108.20253465605407,13397.274439420617
Squeezed Vacuum,108.3025369986198,14458.186396131538
Squeezed Vacuum,108.40253934118539,15551.679715005834
Squeezed Vacuum,108.50254168375112,16775.36180501981
Squeezed Vacuum,108.6025440263167,18792.885944748545
Squeezed Vacuum,108.70254636888244,21598.020563546517
Squeezed Vacuum,108.80254871144803,28482.933155714632
Squeezed Vacuum,108.90255105401376,54103.44057342412
Squeezed Vacuum,109.00255339657947,131921.6984637466
Squeezed Vacuum,109.10255573914507,37203.82284055307
Squeezed Vacuum,109.20255808171079,17033.939979755087
Squeezed Vacuum,109.3025604242764,12153.392343738698
Squeezed Vacuum,109.40256276684211,10723.280759892059
Squeezed Vacuum,109.50256510940784,10180.051889263303
Squeezed Vacuum,109.60256745197343,9977.754999792884
Squeezed Vacuum,109.70256979453916,9644.769574970835
Squeezed Vacuum,109.80257213710475,9779.668198802181
Squeezed Vacuum,109.90257447967048,10062.620264807585
Squeezed Vacuum,110.00257682223607,10549.257829974025
Squeezed Vacuum,110.1025791648018,10952.253035457923
Squeezed Vacuum,110.20258150736751,11855.101235328142
Squeezed Vacuum,110.30258384993311,12725.178815231922
Squeezed Vacuum,110.40258619249883,13729.099949251044
Squeezed Vacuum,110.50258853506443,14815.98354771875
Squeezed Vacuum,110.60259087763015,16685.490949012146
Squeezed Vacuum,110.70259322019575,19119.46103016221
Squeezed Vacuum,110.80259556276147,25491.920307723227
Squeezed Vacuum,110.90259790532718,45717.07675183296
Squeezed Vacuum,111.00260024789279,91507.29283112979
Squeezed Vacuum,111.1026025904585,29446.965969250305
Squeezed Vacuum,111.2026049330241,13914.909488413186
Squeezed Vacuum,111.30260727558982,10401.896170928918
Squeezed Vacuum,111.40260961815542,9414.656311738245
Squeezed Vacuum,111.50261196072114,9005.173649124548
Squeezed Vacuum,111.60261430328687,8750.150990208142
Squeezed Vacuum,111.70261664585246,8487.519889792304
Squeezed Vacuum,111.80261898841819,8618.206674755515
Squeezed Vacuum,111.90262133098378,8827.5587181999
Squeezed Vacuum,112.00262367354951,9220.204964436674
Squeezed Vacuum,112.10262601611522,9631.428886621165
Squeezed Vacuum,112.20262835868083,10490.469658313006
Squeezed Vacuum,112.30263070124654,11262.895857186655
Squeezed Vacuum,112.40263304381214,12193.550023881264
Squeezed Vacuum,112.50263538637786,13181.533490043927
Squeezed Vacuum,112.60263772894346,14800.32540746131
Squeezed Vacuum,112.70264007150918,16968.717219694987
Squeezed Vacuum,112.80264241407491,22580.895869810007
Squeezed Vacuum,112.9026447566405,38375.06571338105
Squeezed Vacuum,113.00264709920623,65526.41344209407
Squeezed Vacuum,113.10264944177182,22916.61473073618
Squeezed Vacuum,113.20265178433755,11374.441770492478
Squeezed Vacuum,113.30265412690314,8986.435717790007
Squeezed Vacuum,113.40265646946887,8294.0605141085
Squeezed Vacuum,113.50265881203458,7959.6939547265565
Squeezed Vacuum,113.60266115460018,7686.326252393829
Squeezed Vacuum,113.7026634971659,7532.975740876881
Squeezed Vacuum,113.8026658397315,7661.935207298462
Squeezed Vacuum,113.90266818229722,7884.516509684423
Squeezed Vacuum,114.00267052486295,8226.350264327217
Squeezed Vacuum,114.10267286742854,8676.406938496013
Squeezed Vacuum,114.20267520999427,9419.809105791584
Squeezed Vacuum,114.30267755255986,10123.802720959513
Squeezed Vacuum,114.40267989512559,10920.283986045577
Squeezed Vacuum,114.50268223769118,11811.639576399968
Squeezed Vacuum,114.6026845802569,13132.020828882763
Squeezed Vacuum,114.70268692282262,15091.362097919913
Squeezed Vacuum,114.80268926538822,19880.26883331984
Squeezed Vacuum,114.90269160795394,32473.065743788382
Squeezed Vacuum,115.00269395051954,49355.729804985494
Squeezed Vacuum,115.10269629308526,18253.127268413424
Squeezed Vacuum,115.20269863565086,9619.46434748284
Squeezed Vacuum,115.30270097821658,7919.37486151096
Squeezed Vacuum,115.4027033207823,7367.952826269107
Squeezed Vacuum,115.5027056633479,7090.61416346797
Squeezed Vacuum,115.60270800591361,6861.462679079548
Squeezed Vacuum,115.70271034847921,6826.173073677509
Squeezed Vacuum,115.80271269104493,6958.311340593861
Squeezed Vacuum,115.90271503361066,7212.846947359544
Squeezed Vacuum,116.00271737617625,7496.136537447494
Squeezed Vacuum,116.10271971874198,7929.640809271851
Squeezed Vacuum,116.20272206130757,8498.424978107585
Squeezed Vacuum,116.3027244038733,9108.977237928442
Squeezed Vacuum,116.40272674643889,9740.013026755238
Squeezed Vacuum,116.50272908900462,10526.847371406899
Squeezed Vacuum,116.60273143157033,11586.6986691016
Squeezed Vacuum,116.70273377413594,13336.258733830658
Squeezed Vacuum,116.80273611670165,17316.57013981407
Squeezed Vacuum,116.90273845926725,27427.83902634766
Squeezed Vacuum,117.00274080183297,38479.81313928895
Squeezed Vacuum,117.10274314439857,14825.627567965013
Squeezed Vacuum,117.20274548696429,8292.956751740636
Squeezed Vacuum,117.30274782953002,7010.289243830282
Squeezed Vacuum,117.40275017209561,6569.508742218741
Squeezed Vacuum,117.50275251466134,6373.489693484888
Squeezed Vacuum,117.60275485722693,6234.210125746205
Squeezed Vacuum,117.70275719979266,6285.210411129149
Squeezed Vacuum,117.80275954235837,6419.323764251924
Squeezed Vacuum,117.90276188492398,6655.834936870173
Squeezed Vacuum,118.00276422748969,6861.709151737844
Squeezed Vacuum,118.1027665700553,7205.408019130034
Squeezed Vacuum,118.20276891262101,7602.7487085368375
Squeezed Vacuum,118.30277125518661,8103.770453456253
Squeezed Vacuum,118.40277359775233,8599.890576228954
Squeezed Vacuum,118.50277594031806,9290.670661261287
Squeezed Vacuum,118.60277828288365,10165.780227129513
Squeezed Vacuum,118.70278062544938,11695.53805560167
Squeezed Vacuum,118.80278296801497,14898.908280519094
Squeezed Vacuum,118.9027853105807,22854.899871370948
Squeezed Vacuum,119.00278765314629,30382.856445600468
Squeezed Vacuum,119.10278999571202,12079.899973511534
Squeezed Vacuum,119.20279233827773,7185.416715513379
Squeezed Vacuum,119.30279468084333,6225.561407008108
Squeezed Vacuum,119.40279702340905,5920.707454372274
Squeezed Vacuum,119.50279936597465,5809.062940149015
Squeezed Vacuum,119.60280170854037,5757.357957055054
Squeezed Vacuum,119.70280405110597,5840.890748889097
Squeezed Vacuum,119.80280639367169,5964.515076808253
Squeezed Vacuum,119.9028087362374,6135.577829028634
Squeezed Vacuum,120.002811078803,6273.5633205845925
Squeezed Vacuum,120.10281342136872,6510.061874606583
Squeezed Vacuum,120.20281576393432,6792.450490129661
Squeezed Vacuum,120.30281810650004,7195.303480755118
Squeezed Vacuum,120.40282044906577,7609.483960637953
Squeezed Vacuum,120.50282279163136,8218.027855675417
Squeezed Vacuum,120.60282513419709,8971.461885059713
Squeezed Vacuum,120.70282747676268,10292.196606167561
Squeezed Vacuum,120.80282981932841,12832.752085676551
Squeezed Vacuum,120.902832161894,19083.123870715248
Squeezed Vacuum,121.00283450445973,24690.538844997038
Squeezed Vacuum,121.10283684702544,10126.109988600545
Squeezed Vacuum,121.20283918959105,6369.513572615683
Squeezed Vacuum,121.30284153215676,5642.313089250751
Squeezed Vacuum,121.40284387472236,5450.175295047575
Squeezed Vacuum,121.50284621728808,5389.206869957189
Squeezed Vacuum,121.60284855985368,5389.2146951038985
Squeezed Vacuum,121.7028509024194,5462.520615417288
Squeezed Vacuum,121.80285324498513,5561.264787965488
Squeezed Vacuum,121.90285558755072,5661.325268039345
Squeezed Vacuum,122.00285793011645,5757.055061473671
Squeezed Vacuum,122.10286027268204,5912.202749415203
Squeezed Vacuum,122.20286261524777,6130.998699258733
Squeezed Vacuum,122.30286495781348,6449.9037293021065
Squeezed Vacuum,122.40286730037909,6811.6567312705
Squeezed Vacuum,122.5028696429448,7330.22703174151
Squeezed Vacuum,122.6028719855104,7982.2666557908515
Squeezed Vacuum,122.70287432807612,9089.867379711217
Squeezed Vacuum,122.80287667064172,11105.663825464295
Squeezed Vacuum,122.90287901320744,16085.214512842307
Squeezed Vacuum,123.00288135577316,20584.921568968126
Squeezed Vacuum,123.10288369833876,8772.216612044249
Squeezed Vacuum,123.20288604090449,5787.991584452427
Squeezed Vacuum,123.30288838347008,5220.593657090926
Squeezed Vacuum,123.4028907260358,5094.323627723159
Squeezed Vacuum,123.5028930686014,5055.960191253196
Squeezed Vacuum,123.60289541116713,5074.915802229249
Squeezed Vacuum,123.70289775373284,5123.720968583176
Squeezed Vacuum,123.80290009629844,5192.9559098195
Squeezed Vacuum,123.90290243886416,5245.482217077957
Squeezed Vacuum,124.00290478142976,5316.577167743428
Squeezed Vacuum,124.10290712399548,5419.916861403135
Squeezed Vacuum,124.2029094665612,5596.072617099588
Squeezed Vacuum,124.3029118091268,5840.295089063668
Squeezed Vacuum,124.40291415169251,6150.496254951664
Squeezed Vacuum,124.50291649425812,6561.615720867052
Squeezed Vacuum,124.60291883682383,7107.475646722518
Squeezed Vacuum,124.70292117938943,7987.932328146117
Squeezed Vacuum,124.80292352195515,9583.18522178289
Squeezed Vacuum,124.90292586452088,13510.36097210409
Squeezed Vacuum,125.00292820708647,16986.519845011437
Squeezed Vacuum,125.1029305496522,7645.596606437885
Squeezed Vacuum,125.20293289221779,5304.538193460417
Squeezed Vacuum,125.30293523478352,4873.051767936562
Squeezed Vacuum,125.4029375773491,4785.779765774653
Squeezed Vacuum,125.50293991991484,4763.857061828292
Squeezed Vacuum,125.60294226248055,4785.24862935663
Squeezed Vacuum,125.70294460504616,4814.80427118175
Squeezed Vacuum,125.80294694761187,4860.029904543422
Squeezed Vacuum,125.90294929017747,4890.624202926357
Squeezed Vacuum,126.00295163274319,4945.01608122534
Squeezed Vacuum,126.10295397530892,5018.154996397423
Squeezed Vacuum,126.20295631787451,5158.149111108121
Squeezed Vacuum,126.30295866044024,5340.745125977459
Squeezed Vacuum,126.40296100300583,5593.336836476667
Squeezed Vacuum,126.50296334557156,5901.2872118602145
Squeezed Vacuum,126.60296568813715,6345.810870902953
Squeezed Vacuum,126.70296803070288,7021.92826752707
Squeezed Vacuum,126.8029703732686,8293.76294695244
Squeezed Vacuum,126.9029727158342,11328.271687762472
Squeezed Vacuum,127.00297505839991,13828.99121182783
Squeezed Vacuum,127.10297740096551,6739.300783180509
Squeezed Vacuum,127.20297974353123,4915.052691237773
Squeezed Vacuum,127.30298208609683,4587.84731840306
Squeezed Vacuum,127.40298442866255,4522.35928116808
Squeezed Vacuum,127.50298677122827,4513.004272271713
Squeezed Vacuum,127.60298911379387,4528.763886425977
Squeezed Vacuum,127.70299145635958,4547.68066050997
Squeezed Vacuum,127.80299379892519,4576.480760003772
Squeezed Vacuum,127.90299614149092,4599.577853727434
Squeezed Vacuum,128.00299848405652,4641.366280332569
Squeezed Vacuum,128.10300082662224,4698.0371237510135
Squeezed Vacuum,128.20300316918795,4805.1903277846395
Squeezed Vacuum,128.30300551175355,4940.777433650771
Squeezed Vacuum,128.40300785431927,5135.082109856486
Squeezed Vacuum,128.50301019688487,5366.0164618210365
Squeezed Vacuum,128.6030125394506,5724.807165285104
Squeezed Vacuum,128.7030148820163,6251.052324662698
Squeezed Vacuum,128.8030172245819,7283.84112426197
Squeezed Vacuum,128.90301956714762,9624.90766592783
Squeezed Vacuum,129.00302190971323,11403.760783722295
Squeezed Vacuum,129.10302425227894,6109.770097429429
Squeezed Vacuum,129.20302659484454,4639.233945947476
Squeezed Vacuum,129.30302893741026,4369.638540285859
Squeezed Vacuum,129.40303127997598,4311.119948013239
Squeezed Vacuum,129.50303362254158,4304.9645673506175
Squeezed Vacuum,129.6030359651073,4311.598447464511
Squeezed Vacuum,129.7030383076729,4324.4137369701075
Squeezed Vacuum,129.80304065023861,4341.692737697187
Squeezed Vacuum,129.90304299280422,4361.526166792747
Squeezed Vacuum,130.00304533536993,4392.390683385056
Squeezed Vacuum,130.10304767793568,4437.7204921185885
Squeezed Vacuum,130.20305002050125,4513.163118901263
Squeezed Vacuum,130.303052363067,4612.18363606701
Squeezed Vacuum,130.40305470563257,4753.564904148025
Squeezed Vacuum,130.50305704819831,4933.628635925755
Squeezed Vacuum,130.60305939076403,5217.814954482427
Squeezed Vacuum,130.70306173332963,5639.924383618165
Squeezed Vacuum,130.80306407589535,6474.487654747603
Squeezed Vacuum,130.90306641846095,8281.666365610821
Squeezed Vacuum,131.00306876102667,9554.159556635694
Squeezed Vacuum,131.10307110359227,5615.879717962674
Squeezed Vacuum,131.203073446158,4421.991359295004
Squeezed Vacuum,131.3030757887237,4186.835190720032
Squeezed Vacuum,131.4030781312893,4131.258983439456
Squeezed Vacuum,131.50308047385502,4121.713308230822
Squeezed Vacuum,131.60308281642062,4120.937853787918
Squeezed Vacuum,131.70308515898634,4128.789388440644
Squeezed Vacuum,131.80308750155194,4138.024744231932
Squeezed Vacuum,131.90308984411766,4154.477578136662
Squeezed Vacuum,132.00309218668338,4175.564326308147
Squeezed Vacuum,132.10309452924898,4209.858593613228
Squeezed Vacuum,132.2030968718147,4257.6545328278435
Squeezed Vacuum,132.3030992143803,4328.8808268516605
Squeezed Vacuum,132.403101556946,4428.555114674854
Squeezed Vacuum,132.50310389951173,4572.860015511295
Squeezed Vacuum,132.60310624207733,4790.513372354193
Squeezed Vacuum,132.70310858464305,5132.907240075771
Squeezed Vacuum,132.80311092720865,5784.277225715137
Squeezed Vacuum,132.90311326977437,7152.000664320597
Squeezed Vacuum,133.00311561233997,8011.307993946657
Squeezed Vacuum,133.10311795490568,5153.557670085733
Squeezed Vacuum,133.20312029747143,4220.078379134109
Squeezed Vacuum,133.303122640037,4015.9811692173776
Squeezed Vacuum,133.40312498260275,3964.739936163794
Squeezed Vacuum,133.50312732516832,3950.4708582828675
Squeezed Vacuum,133.60312966773407,3945.8561757208968
Squeezed Vacuum,133.70313201029964,3949.059341463208
Squeezed Vacuum,133.80313435286538,3953.9054871917747
Squeezed Vacuum,133.9031366954311,3966.331987889295
Squeezed Vacuum,134.0031390379967,3980.1173410728757
Squeezed Vacuum,134.10314138056242,4004.0020417040673
Squeezed Vacuum,134.20314372312802,4033.4996538088726
Squeezed Vacuum,134.30314606569374,4085.160951865236
Squeezed Vacuum,134.40314840825945,4156.360699195929
Squeezed Vacuum,134.50315075082506,4270.670021711966
Squeezed Vacuum,134.60315309339077,4433.892304991996
Squeezed Vacuum,134.70315543595638,4708.756594478695
Squeezed Vacuum,134.8031577785221,5199.739771454836
Squeezed Vacuum,134.9031601210877,6205.820664945477
Squeezed Vacuum,135.0031624636534,6734.9557876964145
Squeezed Vacuum,135.10316480621913,4751.237468906568
Squeezed Vacuum,135.20316714878473,4038.711804162154
Squeezed Vacuum,135.30316949135045,3860.810965002011
Squeezed Vacuum,135.40317183391605,3811.5808570292593
Squeezed Vacuum,135.50317417648176,3792.9593408281285
Squeezed Vacuum,135.60317651904737,3786.03786542474
Squeezed Vacuum,135.70317886161308,3785.467449021512
Squeezed Vacuum,135.80318120417883,3788.3361052546893
Squeezed Vacuum,135.9031835467444,3796.482923990359
Squeezed Vacuum,136.00318588931015,3805.67449904767
Squeezed Vacuum,136.10318823187572,3821.128028703451
Squeezed Vacuum,136.20319057444146,3841.183559098171
Squeezed Vacuum,136.30319291700704,3878.1728158412247
Squeezed Vacuum,136.40319525957278,3930.062338392526
Squeezed Vacuum,136.5031976021385,4015.9317460274992
Squeezed Vacuum,136.6031999447041,4138.204049164294
Squeezed Vacuum,136.70320228726982,4351.791930339812
Squeezed Vacuum,136.80320462983542,4715.669055678967
Squeezed Vacuum,136.90320697240114,5439.750654907876
Squeezed Vacuum,137.00320931496685,5749.14825049705
Squeezed Vacuum,137.10321165753246,4425.353151730142
Squeezed Vacuum,137.20321400009817,3878.6637368341285
Squeezed Vacuum,137.30321634266377,3722.5820635805535
Squeezed Vacuum,137.4032186852295,3672.0762650612664
Squeezed Vacuum,137.5032210277951,3650.0560235337916
Squeezed Vacuum,137.6032233703608,3640.8263930229346
Squeezed Vacuum,137.70322571292652,3637.536647879619
Squeezed Vacuum,137.80322805549213,3638.803046246645
Squeezed Vacuum,137.90323039805784,3642.9155476783985
Squeezed Vacuum,138.00323274062345,3649.069048399392
Squeezed Vacuum,138.10323508318916,3658.2830400992275
Squeezed Vacuum,138.20323742575476,3673.1883665001596
Squeezed Vacuum,138.30323976832048,3697.8525803479456
Squeezed Vacuum,138.4032421108862,3735.594518673919
Squeezed Vacuum,138.5032444534518,3795.966406513567
Squeezed Vacuum,138.60324679601752,3888.101225640718
Squeezed Vacuum,138.70324913858312,4046.4787885102814
Squeezed Vacuum,138.80325148114883,4316.12520852602
Squeezed Vacuum,138.90325382371458,4827.925940499389
Squeezed Vacuum,139.00325616628015,5011.976911768224
Squeezed Vacuum,139.1032585088459,4145.409457153811
Squeezed Vacuum,139.20326085141147,3727.0282523768506
Squeezed Vacuum,139.30326319397722,3592.7963387709683
Squeezed Vacuum,139.4032655365428,3540.9156560658394
Squeezed Vacuum,139.50326787910853,3517.297110508251
Squeezed Vacuum,139.60327022167425,3505.6924059072844
Squeezed Vacuum,139.70327256423985,3500.5706529648523
Squeezed Vacuum,139.80327490680557,3499.774253078192
Squeezed Vacuum,139.90327724937117,3500.851262962803
Squeezed Vacuum,140.0032795919369,3504.5649786723247
Squeezed Vacuum,140.1032819345025,3509.821933146046
Squeezed Vacuum,140.2032842770682,3520.858142520046
Squeezed Vacuum,140.30328661963392,3536.5348815891844
Squeezed Vacuum,140.40328896219953,3564.1791631372726
Squeezed Vacuum,140.50329130476524,3605.7488509016816
Squeezed Vacuum,140.60329364733084,3675.8609198744684
Squeezed Vacuum,140.70329598989656,3790.095990633482
Squeezed Vacuum,140.80329833246228,3992.590156291262
Squeezed Vacuum,140.90330067502788,4348.595252539683
Squeezed Vacuum,141.0033030175936,4461.412721536895
Squeezed Vacuum,141.1033053601592,3896.856235419294
Squeezed Vacuum,141.2033077027249,3582.3422098854694
Squeezed Vacuum,141.30331004529052,3468.231724433548
Squeezed Vacuum,141.40331238785623,3416.8658695213503
Squeezed Vacuum,141.50331473042195,3392.6250069541143
Squeezed Vacuum,141.60331707298755,3378.8505697826395
Squeezed Vacuum,141.70331941555327,3372.238874140714
Squeezed Vacuum,141.80332175811887,3369.1996756841722
Squeezed Vacuum,141.90332410068459,3368.447848196495
Squeezed Vacuum,142.0033264432502,3370.0490910785843
Squeezed Vacuum,142.1033287858159,3373.3257690786886
Squeezed Vacuum,142.20333112838165,3381.0164976897427
Squeezed Vacuum,142.30333347094722,3391.8828990745988
Squeezed Vacuum,142.40333581351297,3412.501378603018
Squeezed Vacuum,142.50333815607854,3442.739861864935
Squeezed Vacuum,142.6033404986443,3496.145451567602
Squeezed Vacuum,142.70334284121,3579.9725364143765
Squeezed Vacuum,142.8033451837756,3733.970397887182
Squeezed Vacuum,142.90334752634132,3980.7393586998774
Squeezed Vacuum,143.00334986890692,4051.2276325087496
Squeezed Vacuum,143.10335221147264,3683.3338918416616
Squeezed Vacuum,143.20335455403824,3449.9794524094314
Squeezed Vacuum,143.30335689660396,3351.599985881674
Squeezed Vacuum,143.40335923916967,3302.862307820208
Squeezed Vacuum,143.50336158173528,3277.62905627067
Squeezed Vacuum,143.603363924301,3262.078212299806
Squeezed Vacuum,143.7033662668666,3253.479453114518
Squeezed Vacuum,143.8033686094323,3248.2735456871096
Squeezed Vacuum,143.9033709519979,3245.947939973332
Squeezed Vacuum,144.00337329456363,3245.594669589139
Squeezed Vacuum,144.10337563712935,3247.544567561474
Squeezed Vacuum,144.20337797969495,3252.337950343916
Squeezed Vacuum,144.30338032226067,3260.796946354431
Squeezed Vacuum,144.40338266482627,3275.8880533790352
Squeezed Vacuum,144.50338500739198,3299.24818415774
Squeezed Vacuum,144.6033873499576,3339.029050363868
Squeezed Vacuum,144.7033896925233,3402.832261977573
Squeezed Vacuum,144.80339203508902,3518.9046946909084
Squeezed Vacuum,144.90339437765462,3691.557373384339
Squeezed Vacuum,145.00339672022034,3738.2330884424064
Squeezed Vacuum,145.10339906278594,3499.40751119208
Squeezed Vacuum,145.20340140535166,3327.9404086024742
Squeezed Vacuum,145.3034037479174,3243.6276074343073
Squeezed Vacuum,145.403406090483,3199.4752745277474
Squeezed Vacuum,145.50340843304872,3173.2981763526054
Squeezed Vacuum,145.60341077561432,3156.333603309853
Squeezed Vacuum,145.70341311818004,3145.048560895062
Squeezed Vacuum,145.80341546074564,3137.487849884768
Squeezed Vacuum,145.90341780331136,3132.873619713758
Squeezed Vacuum,146.00342014587707,3130.3481447794225
Squeezed Vacuum,146.10342248844267,3130.4459266583394
Squeezed Vacuum,146.2034248310084,3132.712606027012
Squeezed Vacuum,146.303427173574,3138.97009280379
Squeezed Vacuum,146.4034295161397,3149.3697393186385
Squeezed Vacuum,146.5034318587053,3167.349729981257
Squeezed Vacuum,146.60343420127103,3196.0282142109445
Squeezed Vacuum,146.70343654383674,3245.189389762149
Squeezed Vacuum,146.80343888640235,3330.1137656779406
Squeezed Vacuum,146.90344122896806,3452.3574645603658
Squeezed Vacuum,147.00344357153367,3486.4460419691763
Squeezed Vacuum,147.10344591409938,3334.5416689555664
Squeezed Vacuum,147.2034482566651,3211.2852942467184
Squeezed Vacuum,147.3034505992307,3142.519888569391
Squeezed Vacuum,147.40345294179642,3104.482008690783
Squeezed Vacuum,147.50345528436202,3078.797796101368
Squeezed Vacuum,147.60345762692774,3060.9670605368788
Squeezed Vacuum,147.70345996949334,3047.0268669366064
Squeezed Vacuum,147.80346231205905,3036.8006535137947
Squeezed Vacuum,147.9034646546248,3029.1078350615744
Squeezed Vacuum,148.00346699719037,3023.937542460532
Squeezed Vacuum,148.10346933975612,3021.3797184939344
Squeezed Vacuum,148.2034716823217,3021.211580835006
Squeezed Vacuum,148.30347402488744,3024.720663794749
Squeezed Vacuum,148.403476367453,3031.369362815482
Squeezed Vacuum,148.50347871001875,3044.411812432503
Squeezed Vacuum,148.60348105258447,3064.8406581452773
Squeezed Vacuum,148.70348339515007,3101.8559296835433
Squeezed Vacuum,148.8034857377158,3162.378027812368
Squeezed Vacuum,148.9034880802814,3249.460449441016
Squeezed Vacuum,149.0034904228471,3276.426825386873
Squeezed Vacuum,149.10349276541282,3183.8441693892923
Squeezed Vacuum,149.20349510797843,3098.1645730165537
Squeezed Vacuum,149.30349745054414,3046.0247573041206
Squeezed Vacuum,149.40349979310975,3014.997830362887
Squeezed Vacuum,149.50350213567546,2992.1870927212276
Squeezed Vacuum,149.60350447824106,2974.6351318938327
Squeezed Vacuum,149.70350682080678,2959.3502696203404
Squeezed Vacuum,149.8035091633725,2946.6899661041984
Squeezed Vacuum,149.9035115059381,2935.9107172223394
Squeezed Vacuum,150.00351384850381,2927.6661167121774
Squeezed Vacuum,150.10351619106942,2921.817229464896
Squeezed Vacuum,150.20351853363513,2918.8759328358083
Squeezed Vacuum,150.30352087620074,2919.02887897784
Squeezed Vacuum,150.40352321876645,2922.5101528882465
Squeezed Vacuum,150.50352556133217,2930.8707526829967
Squeezed Vacuum,150.60352790389777,2945.329405247675
Squeezed Vacuum,150.7035302464635,2971.7820245877606
Squeezed Vacuum,150.8035325890291,3014.591399378984
Squeezed Vacuum,150.9035349315948,3076.158948839892
Squeezed Vacuum,151.00353727416055,3098.5798224739583
Squeezed Vacuum,151.10353961672612,3045.564182963925
Squeezed Vacuum,151.20354195929187,2988.00265755598
Squeezed Vacuum,151.30354430185744,2951.2362562446083
Squeezed Vacuum,151.4035466444232,2927.623182331783
